image_id,parent_id,split,condition,degradation_type,degradation_level,is_synthetic,laplacian_variance,mean_brightness,brightness_std,contrast,entropy,saturation_ratio,dark_pixel_ratio,noise_estimate,edge_density,gradient_magnitude,color_statistics,laplacian_variance_r0c0,mean_brightness_r0c0,saturation_ratio_r0c0,edge_density_r0c0,laplacian_variance_r0c1,mean_brightness_r0c1,saturation_ratio_r0c1,edge_density_r0c1,laplacian_variance_r0c2,mean_brightness_r0c2,saturation_ratio_r0c2,edge_density_r0c2,laplacian_variance_r1c0,mean_brightness_r1c0,saturation_ratio_r1c0,edge_density_r1c0,laplacian_variance_r1c1,mean_brightness_r1c1,saturation_ratio_r1c1,edge_density_r1c1,laplacian_variance_r1c2,mean_brightness_r1c2,saturation_ratio_r1c2,edge_density_r1c2,laplacian_variance_r2c0,mean_brightness_r2c0,saturation_ratio_r2c0,edge_density_r2c0,laplacian_variance_r2c1,mean_brightness_r2c1,saturation_ratio_r2c1,edge_density_r2c1,laplacian_variance_r2c2,mean_brightness_r2c2,saturation_ratio_r2c2,edge_density_r2c2,pred_health,n_ref,tp,fp,proxy_recall
GOPR0400_frame_000216_rain,GOPR0400_frame_000216_ref,train,rain,real_rain,0,0,637.653166,0.430581,0.322241,0.882353,7.34713,0.015809,0.051783,1.616512,0.049934,38.415104,14.095631,679.9408,0.816493,1e-05,0.06341,732.793002,0.86945,0.140945,0.051483,1424.351609,0.233673,0.001151,0.107445,1035.408958,0.3097,0.0,0.083402,1304.415574,0.659347,0.0,0.098244,374.668208,0.144544,0.0,0.023205,58.185171,0.233228,0.0,0.008588,147.932171,0.399212,6.8e-05,0.011553,17.19233,0.209744,0.0,0.001454,0.9700507,1,1,0,1.0
GOPR0400_frame_000224_rain,GOPR0400_frame_000224_ref,train,rain,real_rain,0,0,224.114862,0.486574,0.281398,0.737255,7.280871,3e-06,0.027593,1.005981,0.026604,23.015295,10.644641,16.446828,0.795878,0.0,0.001496,2.207553,0.826286,0.0,0.0,473.494699,0.60021,0.0,0.055435,609.320745,0.387922,0.0,0.079607,329.908953,0.632478,2.9e-05,0.040427,363.367116,0.309697,0.0,0.035109,48.575825,0.241889,0.0,0.003081,119.736241,0.383562,0.0,0.01371,61.357054,0.201166,0.0,0.009797,0.9760752,1,1,0,1.0
GOPR0400_frame_000228_rain,GOPR0400_frame_000228_ref,train,rain,real_rain,0,0,146.797695,0.52835,0.261599,0.690196,7.139759,4e-05,0.003204,0.746451,0.019971,19.272934,11.135773,98.061013,0.753041,0.0,0.014427,1.703903,0.83266,0.0,0.0,11.533528,0.802996,0.0,0.001844,502.897415,0.326077,0.0,0.072017,296.714283,0.604374,0.0,0.041354,249.922966,0.495808,0.0,0.035578,55.93915,0.240802,0.000362,0.005037,73.220996,0.381285,0.0,0.007367,35.938019,0.317486,0.0,0.001522,0.94418466,4,3,0,0.75
GOPR0400_frame_000248_rain,GOPR0400_frame_000248_ref,train,rain,real_rain,0,0,211.537042,0.455827,0.298345,0.819608,7.496223,1.2e-05,0.049902,1.031118,0.026583,23.25502,11.144543,8.58882,0.757768,0.0,0.0,322.945951,0.847827,0.0,0.034543,378.392027,0.692423,0.0,0.051854,347.918428,0.426158,0.000108,0.052445,469.933132,0.444183,0.0,0.058938,264.02921,0.164976,0.0,0.036436,41.078432,0.227182,0.0,0.001536,46.866334,0.326505,0.0,0.002264,32.916333,0.215523,0.0,0.000361,0.9830349,1,1,0,1.0
GOPR0400_frame_000252_rain,GOPR0400_frame_000252_ref,train,rain,real_rain,0,0,213.265682,0.486195,0.320328,0.823529,7.281383,0.0,0.02947,0.88089,0.021533,21.186722,10.563007,4.659252,0.840064,0.0,0.0,2.028578,0.906945,0.0,0.0,227.637496,0.75611,0.0,0.02984,629.784546,0.423818,0.0,0.068975,614.859341,0.53641,0.0,0.062754,296.676708,0.204189,0.0,0.024434,41.560495,0.222678,0.0,0.000998,83.27993,0.327875,0.0,0.00604,20.154069,0.15773,0.0,0.0,0.95141965,1,0,1,0.0
GOPR0400_frame_000256_rain,GOPR0400_frame_000256_ref,train,rain,real_rain,0,0,218.432996,0.354855,0.309318,0.823529,7.040358,0.0,0.066828,0.916623,0.022267,22.99337,8.893576,272.248306,0.173899,0.0,0.020481,48.433437,0.497436,0.0,0.00444,102.184294,0.641704,0.0,0.013407,684.493326,0.165005,0.0,0.065385,406.76995,0.651101,0.0,0.043033,261.450685,0.460517,0.0,0.03547,33.185444,0.158003,0.0,0.002983,129.483234,0.333394,0.0,0.013778,36.281303,0.111309,0.0,0.001142,0.9645268,0,0,0,
GOPR0400_frame_000261_rain,GOPR0400_frame_000261_ref,train,rain,real_rain,0,0,178.222603,0.491932,0.286907,0.772549,7.543557,0.0,0.018605,0.926074,0.017639,21.959099,11.166169,16.040757,0.703755,0.0,0.00046,172.292514,0.846611,0.0,0.012237,224.793427,0.791331,0.0,0.015008,40.370921,0.490633,0.0,0.003443,382.408018,0.48114,0.0,0.041823,483.710227,0.351559,0.0,0.050078,58.693129,0.173242,0.0,0.003218,110.979717,0.325927,0.0,0.011329,126.099175,0.262937,0.0,0.019721,0.99066186,0,0,2,
GOPR0400_frame_000266_rain,GOPR0400_frame_000266_ref,train,rain,real_rain,0,0,132.314781,0.562899,0.275063,0.745098,7.333993,1e-06,0.008689,0.697369,0.014666,16.505972,11.9831,52.240972,0.821171,0.0,0.00359,7.745072,0.875099,0.0,0.000283,2.946263,0.815831,0.0,0.0,90.41337,0.567186,0.0,0.016706,419.643144,0.62232,1e-05,0.044155,436.834972,0.585538,0.0,0.050234,44.029294,0.248171,0.0,0.00401,101.945946,0.335274,0.0,0.011641,36.069464,0.195376,0.0,0.000468,0.92018527,1,1,1,1.0
GOPR0400_frame_000272_rain,GOPR0400_frame_000272_ref,train,rain,real_rain,0,0,185.639367,0.516841,0.256852,0.705882,7.33194,1e-06,0.006176,0.845749,0.028916,25.163149,12.764829,32.602336,0.778449,0.0,0.005849,105.583169,0.798852,0.0,0.014578,28.462481,0.786376,0.0,0.005113,161.916454,0.525082,1e-05,0.031162,347.431233,0.337594,0.0,0.040788,472.45526,0.525688,0.0,0.068735,101.891197,0.30301,0.0,0.013028,225.76205,0.256728,0.0,0.047395,205.362769,0.339925,0.0,0.031772,0.9525864,3,3,1,1.0
GOPR0400_frame_000280_rain,GOPR0400_frame_000280_ref,train,rain,real_rain,0,0,507.711443,0.387843,0.302301,0.866667,7.451886,2e-06,0.077894,1.628784,0.05342,38.346046,10.9798,1920.496658,0.326912,2e-05,0.145921,10.646289,0.914473,0.0,0.001347,980.021818,0.618216,0.0,0.139764,853.885662,0.175079,0.0,0.091363,358.016735,0.511864,0.0,0.040798,282.397172,0.229059,0.0,0.040164,41.007365,0.172443,0.0,0.008646,109.345639,0.339387,0.0,0.010148,31.761766,0.202012,0.0,0.001512,0.9553429,0,0,1,
GOPR0400_frame_000298_rain,GOPR0400_frame_000298_ref,train,rain,real_rain,0,0,220.379626,0.394862,0.324913,0.882353,7.305064,5.5e-05,0.109826,1.005413,0.021706,22.371799,8.514759,372.869038,0.207389,1e-05,0.025088,88.659731,0.894877,0.0,0.007689,70.236259,0.863857,0.0,0.01129,44.749227,0.08876,0.0,0.001986,510.336663,0.448339,8.8e-05,0.048653,654.785117,0.382203,0.0,0.072356,35.774442,0.124035,0.0,0.004079,174.953315,0.313662,0.0004,0.018491,39.717357,0.228849,0.0,0.004723,0.87378556,2,2,1,1.0
GOPR0400_frame_000328_rain,GOPR0400_frame_000328_ref,train,rain,real_rain,0,0,345.092489,0.47866,0.302045,0.835294,7.375539,2.4e-05,0.041267,1.113048,0.04836,34.419914,15.561061,24.848943,0.889095,0.0,0.003893,154.452722,0.884811,0.0,0.01854,508.840661,0.603325,0.0,0.068296,728.461184,0.464508,0.0,0.089397,1104.994631,0.384287,0.0,0.147336,299.425153,0.284109,0.0,0.056567,137.816488,0.313341,0.000215,0.026242,109.481653,0.315057,0.0,0.016159,56.118079,0.169947,0.0,0.006187,0.9669236,3,3,0,1.0
GOPR0400_frame_000337_rain,GOPR0400_frame_000337_ref,train,rain,real_rain,0,0,466.767007,0.378836,0.284233,0.87451,7.476355,0.001038,0.071688,1.364342,0.047026,35.07489,7.116715,948.471103,0.507601,0.000127,0.072105,512.555346,0.795322,0.004655,0.037471,849.186122,0.305922,0.000947,0.065281,580.379124,0.38113,0.0,0.080507,724.54357,0.563453,0.0,0.077274,220.798428,0.153741,0.0,0.042496,80.122734,0.23152,0.0,0.012979,293.497259,0.340316,0.00361,0.029206,23.340443,0.130482,0.0,0.002274,0.9593191,5,5,0,1.0
GOPR0400_frame_000350_rain,GOPR0400_frame_000350_ref,train,rain,real_rain,0,0,301.487538,0.473697,0.278723,0.807843,7.526024,0.000246,0.020843,0.975146,0.041025,30.336788,11.229251,360.878058,0.642452,0.000352,0.038781,269.024782,0.901052,0.0,0.017145,180.397118,0.656149,3.9e-05,0.02459,538.029889,0.374224,0.0,0.075235,818.456468,0.532992,0.000566,0.10163,216.990585,0.4092,0.001259,0.059377,107.018426,0.167925,0.0,0.017664,178.669829,0.33123,0.0,0.024151,59.078931,0.247497,0.0,0.008206,0.98294085,1,1,0,1.0
GOPR0400_frame_000370_rain,GOPR0400_frame_000370_ref,train,rain,real_rain,0,0,416.338077,0.47966,0.285385,0.784314,7.436642,0.000321,0.01232,1.082293,0.04904,34.527554,13.285073,594.066338,0.798513,1e-05,0.043124,345.737518,0.889284,0.000185,0.022941,196.213803,0.645933,0.0,0.02256,889.867193,0.38383,0.0,0.120305,1010.420549,0.524706,1e-05,0.109807,415.641803,0.361132,0.002683,0.074561,109.605128,0.211238,0.0,0.019797,143.205521,0.290934,0.0,0.018208,62.696852,0.211261,0.0,0.007611,0.9836835,3,3,0,1.0
GOPR0400_frame_000405_rain,GOPR0400_frame_000405_ref,train,rain,real_rain,0,0,640.707547,0.465093,0.308097,0.823529,7.395307,8.9e-05,0.007452,1.593563,0.054845,39.808182,10.065486,2638.485712,0.456931,0.0,0.187833,557.428524,0.856634,0.0008,0.039188,218.42133,0.831152,0.0,0.028923,958.314045,0.211316,0.0,0.085739,874.993992,0.467996,0.0,0.067086,160.140864,0.547904,0.0,0.032963,55.632059,0.183371,0.0,0.007727,275.955764,0.304667,0.0,0.037656,56.896742,0.32459,0.0,0.004469,0.9808576,5,5,1,1.0
GOPR0400_frame_000431_rain,GOPR0400_frame_000431_ref,train,rain,real_rain,0,0,421.908252,0.392891,0.322186,0.866667,7.254719,0.012925,0.048719,1.322261,0.042161,33.161633,7.678194,466.783923,0.828991,0.000372,0.034869,668.273928,0.769757,0.101805,0.048234,778.605241,0.394921,0.014022,0.063476,639.525926,0.356595,0.0,0.093369,621.379703,0.399635,2.9e-05,0.058636,345.531971,0.189009,0.0,0.036329,111.132537,0.182985,0.0,0.020325,164.537071,0.28057,1e-05,0.021799,18.504762,0.134003,0.0,0.001337,0.94283235,0,0,0,
GOPR0400_frame_000436_rain,GOPR0400_frame_000436_ref,train,rain,real_rain,0,0,503.065328,0.388945,0.340855,0.933333,7.248998,0.065653,0.132704,1.476596,0.046509,35.656826,7.748604,345.947455,0.881739,0.122653,0.028883,772.731662,0.893141,0.466794,0.05323,1529.978424,0.190096,0.000615,0.094994,390.762,0.292775,0.000196,0.051183,737.21262,0.474628,4.9e-05,0.079655,220.737907,0.12403,0.0,0.030777,162.989492,0.200321,0.000401,0.022398,301.702618,0.319801,0.0,0.045697,78.731522,0.124465,0.0,0.0101,0.9409231,2,2,0,1.0
GOPR0400_frame_000443_rain,GOPR0400_frame_000443_ref,train,rain,real_rain,0,0,388.173082,0.374722,0.332721,0.87451,7.063955,0.017811,0.076072,1.253984,0.034926,31.363033,8.910341,998.806603,0.230947,0.016461,0.068642,389.547119,0.908992,0.143755,0.035324,437.484655,0.828493,0.0,0.035412,178.642182,0.129022,0.0,0.014212,549.841791,0.466187,0.0,0.045248,587.016423,0.253247,0.0,0.060578,63.794319,0.132107,0.0,0.012833,244.51374,0.279045,0.0,0.035705,55.956215,0.14298,0.0,0.005211,0.9676937,1,1,1,1.0
GOPR0400_frame_000454_rain,GOPR0400_frame_000454_ref,train,rain,real_rain,0,0,373.151784,0.379459,0.31583,0.858824,7.260098,0.009468,0.058134,1.227718,0.03711,32.075722,7.770953,749.026725,0.647415,1e-05,0.066794,315.430135,0.900006,0.077498,0.029059,685.586568,0.382982,0.007582,0.060587,333.032356,0.245506,0.0,0.035798,778.810294,0.520297,0.0,0.069438,168.248562,0.13137,0.0,0.018345,72.1245,0.193366,0.0,0.014221,252.617852,0.288421,5.9e-05,0.035597,22.984493,0.105647,0.0,0.002225,0.95582676,4,3,5,0.75
GOPR0400_frame_000459_rain,GOPR0400_frame_000459_ref,train,rain,real_rain,0,0,264.052739,0.397465,0.3241,0.870588,7.303017,0.003481,0.069013,1.076544,0.03282,27.978632,10.794737,444.042003,0.599286,2e-05,0.042791,260.287539,0.878982,0.028259,0.029176,406.865048,0.602239,0.000703,0.036602,311.890998,0.224688,0.0,0.05357,394.003225,0.51325,0.0,0.058577,90.636879,0.133775,0.0,0.008304,84.131898,0.17961,0.0,0.016099,377.806977,0.336496,0.002322,0.044965,15.209923,0.108416,0.0,0.000498,0.94489664,6,6,1,1.0
GOPR0400_frame_000479_rain,GOPR0400_frame_000479_ref,train,rain,real_rain,0,0,253.338498,0.327423,0.259257,0.780392,7.351125,0.0,0.100008,1.187012,0.028254,28.096663,8.446962,379.121342,0.426305,0.0,0.041217,199.039708,0.548191,0.0,0.022629,230.044843,0.511181,0.0,0.024229,280.383899,0.149525,0.0,0.022134,565.018497,0.502009,0.0,0.062988,259.013423,0.24081,0.0,0.036192,56.56767,0.145613,0.0,0.004147,262.713192,0.293654,0.0,0.034202,57.950117,0.12891,0.0,0.004274,0.9356196,3,3,2,1.0
GOPR0400_frame_000494_rain,GOPR0400_frame_000494_ref,train,rain,real_rain,0,0,185.139053,0.440283,0.308065,0.835294,7.385506,4e-06,0.072547,0.826863,0.028032,23.130026,10.624576,323.918718,0.627921,0.0,0.040141,108.932592,0.88085,3.9e-05,0.01613,60.067934,0.696661,0.0,0.017359,559.781236,0.306139,0.0,0.084507,288.473727,0.559402,0.0,0.038173,139.198395,0.364609,0.0,0.026815,45.996544,0.158346,0.0,0.006896,130.187627,0.232365,0.0,0.020667,17.302192,0.135715,0.0,0.000117,0.9695734,4,4,5,1.0
GOPR0400_frame_000504_rain,GOPR0400_frame_000504_ref,train,rain,real_rain,0,0,242.115032,0.363663,0.31492,0.870588,7.371816,1.4e-05,0.141287,0.975446,0.032629,25.784838,6.660827,327.686165,0.376965,1e-05,0.03082,347.630096,0.880807,0.000117,0.0363,325.137066,0.611095,0.0,0.07219,229.223187,0.116167,0.0,0.021655,584.746159,0.526301,0.0,0.065018,157.826005,0.181323,0.0,0.035909,41.335984,0.138248,0.0,0.002944,147.371552,0.306117,0.0,0.02377,30.097671,0.134872,0.0,0.002274,0.93877435,1,1,2,1.0
GOPR0400_frame_000514_rain,GOPR0400_frame_000514_ref,train,rain,real_rain,0,0,302.047792,0.38676,0.331248,0.866667,7.069717,0.000194,0.068341,1.115361,0.032069,26.796413,7.464989,553.109628,0.58787,8.8e-05,0.046811,191.881128,0.909306,0.001659,0.020931,559.181091,0.581802,0.0,0.064891,180.731738,0.16824,0.0,0.019239,757.118677,0.478307,0.0,0.081021,210.938918,0.152026,0.0,0.017486,38.947915,0.173911,0.0,0.004323,216.376219,0.306725,0.0,0.032279,20.005085,0.122115,0.0,0.000625,0.9146623,2,2,2,1.0
GOPR0400_frame_000524_rain,GOPR0400_frame_000524_ref,train,rain,real_rain,0,0,304.925862,0.373688,0.331814,0.960784,7.02721,0.139048,0.177424,1.13054,0.033947,28.611193,16.344677,259.289187,0.749905,0.536317,0.039309,518.641577,0.770532,0.645277,0.031694,125.70962,0.0793,0.0,0.010783,478.047006,0.445194,0.000127,0.071146,800.799954,0.550278,0.069975,0.078445,86.150935,0.075535,2e-05,0.005142,146.871203,0.226897,0.0,0.023464,311.092154,0.359035,0.0,0.040964,28.747039,0.107221,0.0,0.002615,0.94246525,6,5,4,0.8333
GOPR0400_frame_000545_rain,GOPR0400_frame_000545_ref,train,rain,real_rain,0,0,409.132165,0.55308,0.293344,0.792157,6.525383,0.234502,0.000188,1.386145,0.058881,40.858906,11.79154,281.601667,0.773854,0.586894,0.039486,652.332489,0.914844,0.791774,0.052157,544.953544,0.870788,0.576151,0.089979,299.037353,0.381122,0.0,0.056309,988.173289,0.477334,0.047756,0.130386,475.011443,0.549523,0.10767,0.084212,132.872839,0.300195,0.0,0.022623,166.832934,0.385947,0.0,0.02784,165.730205,0.323639,0.0,0.024883,0.95686305,3,3,2,1.0
GOPR0400_frame_000550_rain,GOPR0400_frame_000550_ref,train,rain,real_rain,0,0,927.060619,0.346232,0.273611,0.909804,7.159878,0.08949,0.040073,2.183754,0.077447,55.464973,9.342306,2152.898445,0.324762,0.026761,0.148856,1826.591878,0.790535,0.609875,0.113339,824.412972,0.186765,0.000937,0.069867,318.706472,0.185368,1e-05,0.04285,1668.981754,0.514642,0.166159,0.125839,1082.529125,0.307569,0.001103,0.117272,76.801614,0.193551,0.0,0.013312,299.984133,0.376591,0.0,0.041725,127.675713,0.235519,0.0,0.021975,0.9979392,3,1,4,0.3333
GOPR0400_frame_000570_rain,GOPR0400_frame_000570_ref,train,rain,real_rain,0,0,902.21459,0.410332,0.278557,0.901961,7.431449,0.087979,0.035428,2.211212,0.084074,58.92403,15.31497,825.24136,0.596891,0.239554,0.104636,1781.322596,0.38771,0.133792,0.124893,2430.150397,0.558475,0.168052,0.177713,505.960038,0.407328,0.000988,0.085211,1314.639537,0.431097,0.130025,0.102722,930.065085,0.532394,0.11934,0.109368,104.335923,0.235783,0.0,0.016647,193.377956,0.344408,0.0,0.026532,65.766626,0.198924,0.0,0.006918,0.99033856,1,1,1,1.0
GOPR0400_frame_000575_rain,GOPR0400_frame_000575_ref,train,rain,real_rain,0,0,262.218996,0.514416,0.284674,0.807843,7.414232,0.03033,0.000116,1.019698,0.037828,28.700117,11.372723,597.385166,0.76662,0.002602,0.073973,178.369315,0.942521,0.269838,0.018218,271.669311,0.568422,0.000215,0.055299,352.698931,0.245783,0.0,0.054998,527.02898,0.640955,0.000107,0.062344,201.69011,0.503287,0.0,0.038085,32.009478,0.24129,0.0,0.003208,123.786045,0.419576,0.0,0.013115,90.016161,0.30061,0.0,0.019067,0.9646618,1,1,2,1.0
GOPR0400_frame_000580_rain,GOPR0400_frame_000580_ref,train,rain,real_rain,0,0,236.844822,0.436879,0.26192,0.780392,7.464569,0.0,0.01876,1.093714,0.033789,26.979954,8.540334,583.244383,0.581172,0.0,0.051555,86.23993,0.867566,0.0,0.007192,182.48522,0.518926,0.0,0.039295,440.754001,0.293251,0.0,0.066168,459.481606,0.5789,0.0,0.074024,156.914751,0.35608,0.0,0.036544,61.078522,0.226182,0.0,0.007003,132.500324,0.350011,0.0,0.017096,43.095199,0.159326,0.0,0.00402,0.9366277,0,0,1,
GOPR0400_frame_000585_rain,GOPR0400_frame_000585_ref,train,rain,real_rain,0,0,346.712844,0.475816,0.294671,0.764706,7.209294,1e-06,0.006935,1.186915,0.033039,28.671858,10.383484,752.349141,0.649026,0.0,0.058588,102.233021,0.874032,0.0,0.008548,435.625254,0.821603,0.0,0.023068,276.991285,0.314745,0.0,0.042097,587.579628,0.566532,1e-05,0.069506,740.49034,0.31072,0.0,0.062041,54.787717,0.228876,0.0,0.009018,135.747217,0.33873,0.0,0.017516,46.83783,0.17753,0.0,0.005894,0.960791,1,1,0,1.0
GOPR0400_frame_000597_rain,GOPR0400_frame_000597_ref,train,rain,real_rain,0,0,350.715688,0.477817,0.26589,0.729412,7.376091,0.0,0.004591,1.21471,0.037198,29.164854,10.870573,431.686903,0.832498,0.0,0.028746,296.121789,0.827035,0.0,0.022775,668.766955,0.573257,0.0,0.056362,439.469032,0.482983,0.0,0.069552,757.724001,0.457551,0.0,0.078698,300.030765,0.286998,0.0,0.051883,125.006612,0.305499,0.0,0.015953,102.0581,0.320761,0.0,0.006167,48.128142,0.21421,0.0,0.002479,0.96918434,2,2,2,1.0
GOPR0400_frame_000622_rain,GOPR0400_frame_000622_ref,train,rain,real_rain,0,0,464.139884,0.287605,0.217148,0.635294,7.098805,0.023989,0.030189,1.359125,0.055881,41.914684,13.181562,25.86908,0.10989,0.0,0.0,26.690476,0.114398,0.0,0.0,29.953565,0.127212,0.0,0.001649,875.867181,0.334858,0.001017,0.10222,1294.466859,0.398293,0.045014,0.137617,995.779843,0.579677,0.169662,0.111524,137.557449,0.193755,0.0,0.022418,285.848482,0.331185,3.9e-05,0.043491,540.58004,0.398646,0.0,0.081499,0.9616142,5,5,0,1.0
GOPR0400_frame_000636_rain,GOPR0400_frame_000636_ref,train,rain,real_rain,0,0,275.136421,0.335503,0.213352,0.701961,7.51497,2.7e-05,0.044091,1.204161,0.033824,29.696844,6.926251,556.47816,0.578493,6.8e-05,0.038459,232.011776,0.48663,0.000176,0.034836,738.659875,0.365218,0.0,0.085578,118.455553,0.197798,0.0,0.010857,264.181986,0.330124,0.0,0.046985,272.937304,0.306988,0.0,0.053571,29.963814,0.120191,0.0,0.000225,185.138495,0.331071,0.0,0.019184,91.680421,0.302755,0.0,0.012802,0.95656556,3,3,1,1.0
GOPR0400_frame_000642_rain,GOPR0400_frame_000642_ref,train,rain,real_rain,0,0,420.361519,0.502659,0.315161,0.843137,7.208176,0.071797,0.008175,1.205572,0.057805,38.741367,14.724524,633.961282,0.847918,0.046899,0.051428,279.207115,0.843133,0.513437,0.03268,173.14664,0.895497,0.084982,0.015642,943.907275,0.414042,0.000235,0.128267,641.756489,0.382386,2e-05,0.107953,645.647367,0.399537,0.0,0.115945,133.119113,0.279008,0.000127,0.022173,227.830099,0.2542,7.8e-05,0.030123,132.056604,0.208289,0.0,0.013856,0.974854,14,12,2,0.8571
GOPR0400_frame_000662_rain,GOPR0400_frame_000662_ref,train,rain,real_rain,0,0,257.07485,0.42549,0.282035,0.843137,7.27919,0.046113,0.004704,1.014778,0.038464,28.795567,17.648277,449.079441,0.619273,0.037089,0.069679,235.440803,0.92244,0.349698,0.028689,153.622472,0.457497,0.024522,0.026239,325.412327,0.347712,0.0,0.074032,625.416536,0.466885,0.0,0.069096,67.546335,0.280104,0.0,0.01611,98.875156,0.248672,0.000284,0.019885,348.220156,0.325699,0.003191,0.038027,24.199823,0.160982,0.0,0.001405,0.9740594,5,4,3,0.8
GOPR0400_frame_000668_rain,GOPR0400_frame_000668_ref,train,rain,real_rain,0,0,292.964441,0.304243,0.278272,0.913725,6.892278,0.065475,0.071174,1.024951,0.032493,29.077955,17.853058,947.856643,0.686198,0.205086,0.085329,590.519208,0.678073,0.378142,0.061349,136.04888,0.214712,0.001044,0.021068,283.221311,0.186218,0.0,0.028384,136.777152,0.184415,0.0,0.023546,30.367183,0.149344,0.0,0.004928,215.519033,0.246688,0.002122,0.035368,296.306236,0.271207,0.002908,0.028884,14.177101,0.121813,0.0,0.000585,0.9641241,4,4,3,1.0
GOPR0400_frame_000674_rain,GOPR0400_frame_000674_ref,train,rain,real_rain,0,0,304.353781,0.525947,0.300106,0.835294,6.983112,0.167467,0.000388,1.155275,0.041252,34.348801,15.527512,61.58467,0.906344,0.386727,0.010221,20.29435,0.989741,0.947619,0.003825,594.122618,0.395705,0.099005,0.077264,395.301546,0.501292,0.0,0.076986,588.273171,0.584256,0.072219,0.067106,612.280219,0.301615,0.001366,0.072512,230.52396,0.372084,0.0,0.037735,186.991486,0.389159,0.0,0.015105,59.506889,0.293796,0.0,0.008167,0.95950276,3,3,0,1.0
GOPR0400_frame_000678_rain,GOPR0400_frame_000678_ref,train,rain,real_rain,0,0,551.558159,0.276106,0.243607,0.87451,7.153025,0.008477,0.128589,1.501407,0.057951,43.304192,11.058889,439.877264,0.488374,0.033519,0.05314,2395.353269,0.532094,0.04232,0.206216,332.029331,0.153723,0.0,0.056138,391.416503,0.247154,0.0,0.069053,1123.262203,0.364005,0.000224,0.089774,74.469169,0.106047,0.0,0.01533,101.538782,0.205431,0.000245,0.015679,86.414145,0.262436,0.0,0.012315,29.438787,0.125949,0.0,0.002039,0.9681198,2,2,0,1.0
GOPR0400_frame_000683_rain,GOPR0400_frame_000683_ref,train,rain,real_rain,0,0,230.344217,0.39165,0.27112,0.87451,6.838289,0.10838,0.005599,1.149381,0.037397,28.018314,14.453985,612.363578,0.40036,0.082306,0.09375,137.015506,0.952595,0.855221,0.016159,157.863755,0.25736,0.001483,0.028952,270.824758,0.307611,0.0,0.068975,529.009878,0.571532,0.035831,0.064335,121.017408,0.212257,0.0,0.025761,79.900022,0.235457,0.0,0.015023,157.307577,0.402861,1e-05,0.016276,23.483447,0.184274,0.0,0.003932,0.94605565,3,3,1,1.0
GOPR0400_frame_000693_rain,GOPR0400_frame_000693_ref,train,rain,real_rain,0,0,222.200325,0.410667,0.324792,0.854902,7.297085,0.000114,0.094737,0.865623,0.025748,23.417006,9.835466,258.186547,0.247799,0.000401,0.019219,206.734472,0.904388,0.000449,0.013651,179.666397,0.834586,0.0,0.023897,24.12944,0.09569,0.0,0.003286,445.609603,0.527265,0.0,0.032709,481.288905,0.396498,0.0,0.066979,55.03215,0.131629,0.0,0.012451,192.556142,0.319218,0.000176,0.021741,173.744557,0.237155,0.0,0.036622,0.9420032,4,3,0,0.75
GOPR0400_frame_000698_rain,GOPR0400_frame_000698_ref,train,rain,real_rain,0,0,239.191661,0.376289,0.303691,0.815686,6.981278,1.6e-05,0.018404,0.93277,0.023634,23.314222,12.99869,834.261746,0.509504,0.0,0.058353,106.401298,0.885582,0.0,0.011163,226.333393,0.417198,0.0,0.034846,332.078803,0.147893,0.0,0.025284,329.397965,0.577369,0.0,0.03187,109.748696,0.18808,0.0,0.01531,52.772281,0.149728,0.0,0.011199,160.592164,0.349683,0.000146,0.022853,13.104069,0.160811,0.0,0.000498,0.94426405,1,1,2,1.0
GOPR0400_frame_000702_rain,GOPR0400_frame_000702_ref,train,rain,real_rain,0,0,157.772235,0.426647,0.292069,0.792157,7.149465,1.7e-05,0.015765,0.83928,0.024043,20.397503,14.627007,182.880455,0.672867,0.0,0.036825,86.536485,0.883259,0.0,0.009387,258.264466,0.44633,0.0,0.03389,190.934183,0.318883,0.0,0.04419,339.24844,0.599393,0.0,0.038554,182.433468,0.216122,0.0,0.024288,37.319699,0.188613,0.0,0.007561,117.781636,0.345673,0.000156,0.01976,28.021737,0.16845,0.0,0.000556,0.95382506,1,1,3,1.0
GOPR0400_frame_000706_rain,GOPR0400_frame_000706_ref,train,rain,real_rain,0,0,227.002934,0.458899,0.297812,0.823529,7.373128,0.0,0.059796,1.017979,0.030165,23.722733,10.462109,346.765933,0.688055,0.0,0.028482,70.660415,0.872972,0.0,0.008948,468.636632,0.617772,0.0,0.050986,346.5098,0.31783,0.0,0.055966,335.99687,0.627732,0.0,0.049268,245.494524,0.309378,0.0,0.04193,76.954279,0.231194,0.0,0.01563,115.328825,0.363163,0.0,0.013515,49.446145,0.10167,0.0,0.004547,0.977737,2,2,0,1.0
GOPR0400_frame_000711_rain,GOPR0400_frame_000711_ref,train,rain,real_rain,0,0,250.969509,0.443376,0.287071,0.780392,7.254224,4.3e-05,0.02168,1.048872,0.032942,27.49663,8.481184,142.345852,0.804876,0.0,0.01653,268.69377,0.821225,0.0,0.028679,307.670598,0.391296,0.0,0.033197,550.420983,0.364445,0.0,0.086639,436.557108,0.50422,1e-05,0.054489,254.837885,0.284195,0.0,0.033811,111.956261,0.254432,7.8e-05,0.019963,149.412129,0.370939,0.000302,0.014471,58.041907,0.194978,0.0,0.005406,0.93089795,4,3,5,0.75
GOPR0400_frame_000716_rain,GOPR0400_frame_000716_ref,train,rain,real_rain,0,0,297.526807,0.434689,0.285035,0.788235,7.278201,3.4e-05,0.021326,1.110786,0.037148,29.347422,14.711188,588.099662,0.77018,0.0,0.057746,54.121328,0.870208,0.0,0.006909,409.355545,0.356424,0.0,0.067155,688.429631,0.27905,0.000147,0.071029,479.052691,0.547683,2e-05,0.056548,209.210421,0.286119,0.0,0.040925,128.41474,0.257728,0.000137,0.024932,90.677966,0.38775,0.0,0.006801,45.316712,0.15707,0.0,0.001249,0.96673656,2,2,5,1.0
GOPR0400_frame_000727_rain,GOPR0400_frame_000727_ref,train,rain,real_rain,0,0,202.828454,0.445583,0.315687,0.831373,7.298855,0.0,0.085729,0.915012,0.027776,23.164347,10.745548,17.527904,0.870719,0.0,0.00267,44.782024,0.851667,0.0,0.008958,110.901841,0.424297,0.0,0.016032,623.582506,0.479364,0.0,0.080145,477.907577,0.614325,0.0,0.067281,289.110478,0.281031,0.0,0.043043,78.220804,0.146845,0.0,0.007971,148.790394,0.237541,0.0,0.013017,45.491276,0.10483,0.0,0.009192,0.95365703,3,3,3,1.0
GOPR0400_frame_000747_rain,GOPR0400_frame_000747_ref,train,rain,real_rain,0,0,356.815943,0.493036,0.269096,0.72549,7.376054,1e-06,0.011424,1.17743,0.046573,34.278442,10.955111,169.248659,0.83416,0.0,0.012803,378.0074,0.742253,0.0,0.031226,246.059046,0.677101,0.0,0.034758,830.20856,0.352005,0.0,0.094982,559.69437,0.647152,0.0,0.074024,616.283101,0.329973,0.0,0.119721,118.670373,0.236948,0.0,0.009282,174.619205,0.382388,1e-05,0.020101,129.488698,0.235217,0.0,0.018208,0.9727128,1,1,1,1.0
GOPR0400_frame_000783_rain,GOPR0400_frame_000783_ref,train,rain,real_rain,0,0,364.49355,0.517387,0.255196,0.698039,7.415074,0.0,0.001109,1.055594,0.046452,32.422085,9.763396,482.177925,0.824695,0.0,0.039877,403.439195,0.734929,0.0,0.049093,213.874814,0.685584,0.0,0.046897,958.028557,0.501612,0.0,0.105644,517.468916,0.650461,0.0,0.058733,427.865883,0.362605,0.0,0.07581,94.600153,0.312923,0.0,0.0125,133.950332,0.371003,0.0,0.017555,72.047022,0.212876,0.0,0.009416,0.96236515,2,2,2,1.0
GOPR0400_frame_000803_rain,GOPR0400_frame_000803_ref,train,rain,real_rain,0,0,302.313175,0.48083,0.281292,0.741176,7.307261,0.0,0.015701,0.95295,0.043997,32.293736,11.139887,381.757119,0.82196,0.0,0.044904,393.293014,0.803365,0.0,0.048712,289.303344,0.673003,0.0,0.052274,479.609735,0.439798,0.0,0.075919,514.979557,0.580903,0.0,0.069223,182.732764,0.23038,0.0,0.032787,143.163414,0.268603,0.0,0.023142,247.810388,0.329573,0.0,0.028113,98.752928,0.180089,0.0,0.018452,0.94826007,5,5,3,1.0
GOPR0400_frame_000811_rain,GOPR0400_frame_000811_ref,train,rain,real_rain,0,0,215.080627,0.463983,0.323247,0.831373,7.344853,0.0,0.052216,0.85773,0.02838,24.073412,12.517836,134.899834,0.837519,0.0,0.009605,76.965834,0.893586,0.0,0.004137,113.499316,0.728147,0.0,0.028288,607.389688,0.229274,0.0,0.073758,601.370013,0.441777,0.0,0.066754,204.839516,0.547537,0.0,0.046507,96.064311,0.163674,0.0,0.016823,81.137974,0.182312,0.0,0.006489,27.456796,0.151643,0.0,0.001737,0.95719206,5,4,0,0.8
GOPR0400_frame_000829_rain,GOPR0400_frame_000829_ref,train,rain,real_rain,0,0,446.877839,0.290743,0.249832,0.909804,6.728871,0.072386,0.041049,1.487937,0.042579,35.860962,11.81324,778.598049,0.375177,0.183431,0.061414,435.456857,0.476362,0.296155,0.04556,335.108619,0.148553,0.00079,0.037754,1015.4959,0.37317,0.047105,0.113038,730.369185,0.416601,0.123741,0.058421,446.114751,0.165386,0.000283,0.031714,105.036663,0.242852,0.0,0.015816,181.405314,0.268484,0.0,0.016345,27.298311,0.150376,0.0,0.002732,0.98096126,2,1,1,0.5
GOPR0400_frame_000836_rain,GOPR0400_frame_000836_ref,train,rain,real_rain,0,0,340.758937,0.516497,0.323182,0.870588,7.222957,0.111161,0.015215,1.183126,0.04723,35.287697,11.138155,248.552685,0.964588,0.328267,0.025734,154.153911,0.935864,0.387246,0.016579,436.033819,0.651737,0.284446,0.051522,630.460554,0.529502,0.000352,0.085495,885.181699,0.474777,0.000127,0.12984,237.802482,0.259881,0.0,0.053347,248.745902,0.389433,0.0,0.030086,197.91202,0.304722,0.0,0.024649,43.457837,0.138751,0.0,0.004859,0.97574955,4,4,1,1.0
GOPR0400_frame_000856_rain,GOPR0400_frame_000856_ref,train,rain,real_rain,0,0,393.87981,0.487252,0.261921,0.717647,7.270922,8e-06,0.003553,1.253477,0.045941,36.182133,13.977254,537.151291,0.829896,0.0,0.038312,382.826678,0.815051,6.8e-05,0.025995,149.401151,0.578842,0.0,0.034446,847.528558,0.43534,0.0,0.103599,937.121647,0.48257,0.0,0.094048,207.080383,0.314732,0.0,0.043043,180.932502,0.356804,0.0,0.029,225.14303,0.350218,0.0,0.023722,83.91636,0.22219,0.0,0.017613,0.975198,5,5,4,1.0
GOPR0400_frame_000876_rain,GOPR0400_frame_000876_ref,train,rain,real_rain,0,0,253.09669,0.429484,0.30651,0.803922,7.161264,2e-06,0.00109,0.882271,0.031797,28.243725,8.144292,556.575823,0.848451,1e-05,0.044513,403.39353,0.784395,1e-05,0.057582,128.024269,0.729788,0.0,0.03025,541.301007,0.39009,0.0,0.077093,278.265235,0.22082,0.0,0.025137,144.560822,0.18698,0.0,0.022307,102.188213,0.300946,0.0,0.009331,101.953532,0.226661,0.0,0.009621,36.07218,0.177817,0.0,0.006938,0.91975135,1,1,0,1.0
GOPR0400_frame_000896_rain,GOPR0400_frame_000896_ref,train,rain,real_rain,0,0,338.71078,0.472032,0.306187,0.792157,7.351024,1.8e-05,0.019124,1.086266,0.033308,28.547827,14.764402,708.315457,0.697065,0.0,0.045706,272.963363,0.835494,0.0,0.018482,143.158968,0.878974,0.0,0.020384,628.414221,0.248783,2e-05,0.056896,642.58072,0.461031,0.000127,0.065623,321.772637,0.394049,0.0,0.049005,63.889809,0.189388,0.0,0.008245,193.151086,0.295795,2e-05,0.020726,86.05105,0.247051,0.0,0.012754,0.9740556,2,2,0,1.0
GOPR0400_frame_000914_rain,GOPR0400_frame_000914_ref,train,rain,real_rain,0,0,410.50302,0.350163,0.2124,0.709804,7.173021,5e-06,0.00363,1.303147,0.062971,42.524593,16.667057,363.221842,0.52909,0.0,0.038791,497.406942,0.451254,0.0,0.062227,409.654467,0.30022,0.0,0.063983,639.030744,0.448948,4.9e-05,0.130507,960.417244,0.312691,0.0,0.153532,669.799682,0.361201,0.0,0.082309,66.829264,0.268824,0.0,0.016011,73.909414,0.249098,0.0,0.010792,44.048501,0.230601,0.0,0.004889,0.9952947,1,1,1,1.0
GOPR0400_frame_000922_rain,GOPR0400_frame_000922_ref,train,rain,real_rain,0,0,325.108041,0.529899,0.293574,0.756863,7.304496,0.0,0.002362,0.984335,0.040038,30.63855,13.790398,122.404899,0.900728,0.0,0.016481,68.69873,0.852765,0.0,0.016413,173.293369,0.780953,0.0,0.023146,886.887245,0.618692,0.0,0.107385,742.355294,0.446305,0.0,0.070931,582.156203,0.346516,0.0,0.072297,129.129026,0.314684,0.0,0.018417,160.981638,0.275733,0.0,0.022853,73.811041,0.233289,0.0,0.009329,0.9568029,1,1,3,1.0
GOPR0400_frame_000935_rain,GOPR0400_frame_000935_ref,train,rain,real_rain,0,0,288.575914,0.459793,0.312093,0.87451,7.501706,4e-05,0.054498,1.153113,0.033181,28.045771,9.336209,475.768964,0.819163,0.000117,0.044053,28.485088,0.92932,0.000215,0.003474,49.751663,0.511496,2.9e-05,0.005562,705.920261,0.394232,0.0,0.090659,654.719597,0.430964,0.0,0.057631,335.302377,0.28477,0.0,0.05686,91.271122,0.275813,0.0,0.0098,104.438521,0.258731,0.0,0.011622,161.460667,0.233908,0.0,0.016852,0.9660519,2,2,1,1.0
GOPR0400_frame_000940_rain,GOPR0400_frame_000940_ref,train,rain,real_rain,0,0,478.133952,0.380813,0.269199,0.815686,7.285405,0.000231,0.013319,1.545626,0.048085,37.613907,11.54921,580.450389,0.814477,2.9e-05,0.048112,1505.797536,0.639372,0.002049,0.113642,689.814172,0.287081,0.0,0.06089,668.922735,0.303723,0.0,0.095843,621.167006,0.409231,0.0,0.074454,102.949032,0.262961,0.0,0.019389,53.857042,0.234892,0.0,0.006856,83.384482,0.306308,0.0,0.010675,16.995562,0.169761,0.0,0.000898,0.9775886,0,0,0,
GOPR0400_frame_000945_rain,GOPR0400_frame_000945_ref,train,rain,real_rain,0,0,440.062328,0.452949,0.285511,0.819608,7.395388,0.02077,0.002844,1.631773,0.058388,39.337627,12.840059,514.873745,0.801836,0.001213,0.047408,623.38513,0.87594,0.184046,0.091325,923.98218,0.451229,0.001532,0.122521,516.547902,0.376623,0.0,0.088165,931.055014,0.468408,0.0,0.103747,192.432586,0.277684,0.0,0.030367,106.602214,0.274239,0.0,0.020501,134.224036,0.343236,0.0,0.016286,32.792567,0.207566,0.0,0.002996,0.9823009,0,0,0,
GOPR0400_frame_000950_rain,GOPR0400_frame_000950_ref,train,rain,real_rain,0,0,658.798629,0.391853,0.304972,0.941176,7.405718,0.085375,0.099256,2.04634,0.080418,50.593899,13.657502,948.821768,0.767124,0.250147,0.121498,1329.596479,0.744223,0.509251,0.111202,1372.539981,0.216252,0.005006,0.129157,816.22626,0.388764,0.002954,0.129118,792.002352,0.490223,0.001015,0.104186,331.463311,0.191717,0.0,0.070277,133.124613,0.270797,0.0,0.023054,195.94649,0.349005,0.0,0.029469,36.400458,0.109159,0.0,0.002596,0.9530681,2,2,2,1.0
GOPR0400_frame_000960_rain,GOPR0400_frame_000960_ref,train,rain,real_rain,0,0,350.87648,0.478082,0.288748,0.780392,7.221454,0.000123,0.000163,1.337605,0.047804,32.805244,16.093384,671.659297,0.723175,0.0,0.078091,227.895073,0.902081,0.001103,0.022726,143.913533,0.755837,0.0,0.028396,392.940085,0.269616,0.0,0.065434,970.618498,0.438229,0.0,0.098897,394.038612,0.400731,0.0,0.06896,71.655358,0.24646,0.0,0.014026,232.61432,0.336324,0.0,0.038222,66.359151,0.229832,0.0,0.013144,0.96489924,1,0,1,0.0
GOPR0400_frame_000969_rain,GOPR0400_frame_000969_ref,train,rain,real_rain,0,0,823.895354,0.353451,0.254523,0.878431,7.353321,0.047597,0.023943,2.310971,0.080138,54.258247,11.034293,2711.099881,0.645655,0.11741,0.250724,1752.65502,0.473832,0.218921,0.133392,649.586428,0.251294,0.001415,0.071614,605.015528,0.329934,0.003609,0.082032,1193.889531,0.480774,0.086963,0.105289,216.506976,0.231457,0.0,0.036446,112.330006,0.243171,0.0,0.017928,177.63173,0.360929,0.0,0.021507,22.492122,0.164386,0.0,0.000293,1.0,0,0,1,
GOPR0400_frame_000989_rain,GOPR0400_frame_000989_ref,train,rain,real_rain,0,0,265.490395,0.506328,0.233288,0.647059,7.179777,3.3e-05,0.000284,1.007731,0.039484,30.559317,13.165666,400.69419,0.710088,0.0,0.031817,251.388387,0.783513,6.8e-05,0.025059,212.444034,0.6862,0.0,0.02984,171.297853,0.338798,0.0,0.031475,642.254475,0.579891,0.0,0.097395,279.330314,0.424927,0.000224,0.064881,165.538202,0.300357,0.0,0.034204,140.420228,0.403474,0.0,0.014549,137.250517,0.329308,0.0,0.021829,0.9628665,2,2,1,1.0
GOPR0400_frame_000998_rain,GOPR0400_frame_000998_ref,train,rain,real_rain,0,0,297.818366,0.466532,0.236414,0.709804,7.317096,0.0,0.000945,1.172337,0.042985,31.759171,16.078722,832.37076,0.567181,0.0,0.094591,45.818025,0.871885,0.0,0.005396,155.192037,0.461911,0.0,0.032914,560.72668,0.367565,0.0,0.08394,675.995783,0.614898,0.0,0.103669,179.034622,0.416295,0.0,0.0355,83.613128,0.284056,0.0,0.011649,97.762915,0.365956,0.0,0.010656,62.752432,0.248619,0.0,0.006772,0.96253705,2,1,2,0.5
GOPR0400_frame_001003_rain,GOPR0400_frame_001003_ref,train,rain,real_rain,0,0,272.06563,0.476306,0.259173,0.741176,7.41902,3e-06,0.000435,1.148318,0.048599,32.498806,11.228148,786.800832,0.536491,0.0,0.122379,9.559133,0.867323,0.0,0.000868,185.583968,0.723384,0.0,0.03224,353.139219,0.456557,0.0,0.081446,529.775352,0.574758,2.9e-05,0.092535,383.914949,0.309642,0.0,0.071331,69.120625,0.275451,0.0,0.010153,67.580367,0.340655,0.0,0.007787,73.88435,0.202117,0.0,0.0141,0.9691399,3,3,0,1.0
GOPR0400_frame_001009_rain,GOPR0400_frame_001009_ref,train,rain,real_rain,0,0,210.581925,0.463086,0.240478,0.72549,7.458685,7e-06,0.003364,1.006611,0.034486,26.810814,11.916676,628.16586,0.632767,0.0,0.098181,45.607855,0.874427,0.0,0.003806,168.291041,0.468458,0.0,0.036993,395.937126,0.477346,0.0,0.069748,333.612916,0.558134,0.0,0.04477,132.177585,0.318172,0.0,0.028981,54.371933,0.245438,0.0,0.005937,103.956736,0.370288,5.9e-05,0.010734,43.310011,0.222665,0.0,0.007114,0.9872565,1,1,1,1.0
GOPR0400_frame_001015_rain,GOPR0400_frame_001015_ref,train,rain,real_rain,0,0,192.602975,0.479932,0.246576,0.690196,7.178065,5.9e-05,0.000522,0.879044,0.033547,26.849319,9.78586,358.948578,0.682976,0.0,0.04196,16.215824,0.862839,0.0,0.001366,73.906606,0.614994,0.0,0.01208,430.736807,0.347001,0.0,0.098269,356.01476,0.56973,0.000117,0.049541,234.414553,0.386698,0.0,0.045677,98.726069,0.234272,0.0,0.020344,112.834319,0.34144,0.00041,0.015769,64.742377,0.279023,0.0,0.013378,0.9440151,1,1,2,1.0
GOPR0400_frame_001022_rain,GOPR0400_frame_001022_ref,train,rain,real_rain,0,0,373.366083,0.516817,0.267412,0.756863,7.37992,4e-06,0.009743,1.250221,0.055889,37.098976,15.729689,350.583031,0.807856,0.0,0.042205,338.672467,0.870922,0.0,0.034543,573.174634,0.618123,0.0,0.078298,642.068813,0.495386,0.0,0.113361,672.510129,0.549942,0.0,0.095989,343.905181,0.424107,0.0,0.074044,171.389477,0.326417,2.9e-05,0.024306,191.764065,0.337683,1e-05,0.023527,90.362336,0.221099,0.0,0.011436,0.9710722,0,0,4,
GOPR0400_frame_001028_rain,GOPR0400_frame_001028_ref,train,rain,real_rain,0,0,386.255278,0.444868,0.265923,0.815686,7.518455,0.0,0.04307,1.403647,0.048175,32.775337,19.215721,843.761403,0.552205,0.0,0.081074,293.576688,0.882686,0.0,0.021721,424.71153,0.439853,0.0,0.06292,555.08694,0.448046,0.0,0.082248,694.241115,0.606858,0.0,0.085636,361.860109,0.310524,0.0,0.059699,74.634862,0.277957,0.0,0.007864,170.261943,0.354547,0.0,0.022463,69.546078,0.131008,0.0,0.007338,0.9753012,0,0,1,
GOPR0400_frame_001044_rain,GOPR0400_frame_001044_ref,train,rain,real_rain,0,0,406.622003,0.388488,0.285445,0.839216,7.348732,8.8e-05,0.029309,1.342535,0.049476,34.858418,17.399754,599.57028,0.532808,0.0,0.074491,396.130354,0.867054,0.000712,0.031977,794.412148,0.540569,0.0,0.097824,173.591223,0.313319,0.0,0.030673,884.37867,0.355175,0.0,0.072004,585.115838,0.300914,0.0,0.098536,46.626398,0.186062,0.0,0.00939,130.780659,0.253511,7.8e-05,0.019379,59.739256,0.146668,0.0,0.009055,0.9601701,1,0,2,0.0
GOPR0400_frame_001049_rain,GOPR0400_frame_001049_ref,train,rain,real_rain,0,0,418.184543,0.429909,0.301616,0.862745,7.314815,0.054123,0.018746,1.45973,0.050447,37.153061,15.630881,1139.844079,0.647397,0.037255,0.109263,192.11532,0.925324,0.379703,0.023995,765.443504,0.467321,0.069165,0.092184,394.315747,0.276707,0.000127,0.063957,792.506159,0.547623,0.000283,0.079616,176.001189,0.291182,0.0,0.039256,63.057016,0.177253,0.0,0.010045,178.181423,0.333955,0.000283,0.021936,71.31166,0.201981,0.0,0.011114,0.9759368,2,2,4,1.0
GOPR0400_frame_001054_rain,GOPR0400_frame_001054_ref,train,rain,real_rain,0,0,293.574878,0.353159,0.306576,0.909804,7.327817,0.002019,0.17205,1.199601,0.039339,29.920713,9.373045,725.505622,0.655881,0.001272,0.085974,267.319891,0.809667,0.015183,0.029908,152.669307,0.096079,1e-05,0.013134,636.228106,0.379329,0.0,0.114681,501.228044,0.488288,0.000166,0.06088,17.205629,0.074496,0.0,0.000176,120.192782,0.247421,0.0,0.027299,219.849814,0.312814,0.001532,0.018833,16.765991,0.114977,0.0,0.000956,0.9978436,0,0,4,
GOPR0402_frame_000485_rain,GOPR0402_frame_000485_ref,train,rain,real_rain,0,0,673.433038,0.491513,0.309524,0.823529,7.375811,4.2e-05,0.035204,1.657758,0.059979,43.140224,11.424389,1381.520499,0.68518,2e-05,0.084654,703.74003,0.863458,0.0,0.044779,112.141654,0.819154,0.0,0.016306,1285.011931,0.239724,0.0,0.087823,1535.951913,0.518839,0.0,0.126015,378.48997,0.49859,0.0,0.068618,114.755989,0.183641,0.000274,0.012803,357.153593,0.317334,8.8e-05,0.05807,209.796202,0.296842,0.0,0.039686,0.97859776,3,3,0,1.0
GOPR0402_frame_000491_rain,GOPR0402_frame_000491_ref,train,rain,real_rain,0,0,976.111868,0.369547,0.296274,0.835294,7.302491,1e-05,0.104881,2.384948,0.080368,55.17807,11.788317,2584.722227,0.477674,0.0,0.202631,747.571094,0.836429,0.0,0.043121,1331.539031,0.398849,0.0,0.114832,1033.613421,0.193432,0.0,0.086336,1745.803997,0.505755,0.0,0.106967,892.048664,0.282345,0.0,0.103893,73.199059,0.168381,0.0,0.009478,334.658273,0.291896,8.8e-05,0.047892,80.090865,0.170527,0.0,0.007075,0.96828705,0,0,4,
GOPR0402_frame_000496_rain,GOPR0402_frame_000496_ref,train,rain,real_rain,0,0,876.791414,0.395696,0.292686,0.847059,7.482666,0.0,0.100739,2.249619,0.077505,52.601398,9.55695,1604.872852,0.417789,0.0,0.138302,883.543529,0.828924,0.0,0.06816,1653.611681,0.569111,0.0,0.157836,686.641918,0.222846,0.0,0.060456,2016.711147,0.481859,0.0,0.124434,653.450157,0.377484,0.0,0.089764,51.269496,0.169278,0.0,0.003991,176.900792,0.263269,0.0,0.026532,192.835012,0.229817,0.0,0.027137,0.8415184,2,2,0,1.0
GOPR0402_frame_000506_rain,GOPR0402_frame_000506_ref,train,rain,real_rain,0,0,914.119572,0.448951,0.331739,0.886275,7.327146,0.001341,0.061146,2.069235,0.070072,51.404526,9.52865,550.220521,0.77971,0.005125,0.052866,890.834109,0.874914,0.00565,0.048029,1668.482832,0.591701,0.000937,0.117008,2080.659361,0.394577,0.0,0.148738,1786.801187,0.406098,0.000234,0.1008,782.282308,0.334454,0.0,0.085178,142.084411,0.229863,0.0,0.027318,313.298492,0.248204,0.000127,0.043794,57.798964,0.181175,0.0,0.00566,0.9686276,1,1,2,1.0
GOPR0402_frame_000511_rain,GOPR0402_frame_000511_ref,train,rain,real_rain,0,0,1428.58369,0.305054,0.290036,0.905882,7.103107,0.002021,0.129952,2.89419,0.092964,71.382896,10.998656,3054.267089,0.463496,0.00579,0.182854,1753.338689,0.716495,0.011017,0.097004,2578.526788,0.296769,0.000722,0.175927,1382.028446,0.211525,0.0,0.099306,2252.169068,0.293191,0.000664,0.111875,1504.225821,0.220047,0.0,0.099824,77.601672,0.171423,0.0,0.013889,196.156391,0.211261,0.0,0.030562,134.205298,0.161123,0.0,0.024073,0.94988984,2,1,1,0.5
GOPR0402_frame_000516_rain,GOPR0402_frame_000516_ref,train,rain,real_rain,0,0,1371.121727,0.369715,0.313663,0.917647,6.969125,0.123588,0.058142,2.696585,0.086258,67.292061,11.967982,2072.003453,0.536674,0.352748,0.115571,2020.933392,0.703219,0.54033,0.102898,3035.378969,0.317284,0.009387,0.175312,931.250046,0.396374,0.069826,0.095237,2042.526459,0.381847,0.136544,0.097053,1767.526008,0.338042,0.003542,0.118638,132.283912,0.22765,0.0,0.024051,312.921352,0.260641,3.9e-05,0.033616,90.297499,0.165824,0.0,0.012051,0.9594404,0,0,0,
GOPR0402_frame_000521_rain,GOPR0402_frame_000521_ref,train,rain,real_rain,0,0,1152.873167,0.310867,0.322276,0.941176,7.034332,0.060064,0.219171,2.388526,0.075295,58.437531,10.617439,2374.028785,0.177427,0.002113,0.126956,2120.030059,0.78751,0.484973,0.103464,1888.689441,0.669784,0.03267,0.152869,1445.372751,0.158238,0.000127,0.1049,1889.697373,0.392594,0.02015,0.098244,271.31942,0.10213,0.0,0.036085,85.235429,0.142864,0.0,0.011678,328.297681,0.262868,0.000127,0.040662,26.032112,0.103323,0.0,0.000254,0.9792988,0,0,3,
GOPR0402_frame_000531_rain,GOPR0402_frame_000531_ref,train,rain,real_rain,0,0,568.929689,0.486754,0.281143,0.792157,7.467628,1e-06,0.044513,1.533459,0.061263,42.144581,14.310209,85.945988,0.845136,0.0,0.010123,469.64535,0.829456,0.0,0.039403,1633.736038,0.350097,0.0,0.148078,381.305711,0.532856,0.0,0.052455,1246.960933,0.639296,0.0,0.089374,720.676594,0.315547,0.0,0.107572,105.528897,0.272879,0.0,0.019562,370.745922,0.349769,1e-05,0.061466,138.888182,0.246199,0.0,0.020931,0.98607785,4,4,6,1.0
GOPR0402_frame_000536_rain,GOPR0402_frame_000536_ref,train,rain,real_rain,0,0,612.180923,0.472897,0.28246,0.764706,7.356989,0.0,0.057445,1.611405,0.061315,43.483063,9.899819,216.066633,0.76692,0.0,0.028042,393.072891,0.806303,0.0,0.030406,1457.053598,0.559097,0.0,0.111349,607.97763,0.377024,0.0,0.074384,1333.82217,0.595268,0.0,0.102488,911.960198,0.38299,0.0,0.089237,113.365668,0.190621,0.0,0.018496,375.133585,0.304806,0.0,0.062285,129.309133,0.272851,0.0,0.033694,0.9697525,7,6,4,0.8571
GOPR0402_frame_000541_rain,GOPR0402_frame_000541_ref,train,rain,real_rain,0,0,650.774296,0.454041,0.291079,0.784314,7.345319,0.0,0.094357,1.684819,0.065598,44.167343,12.062792,275.955637,0.786228,0.0,0.022574,570.269092,0.781377,0.0,0.037295,1347.143604,0.615174,0.0,0.1262,794.180173,0.404531,0.0,0.083793,1286.28587,0.528449,0.0,0.090662,923.754414,0.284793,0.0,0.104899,122.262455,0.229127,0.0,0.020031,417.340267,0.297983,0.0,0.06655,162.288422,0.158839,0.0,0.035353,0.96426266,6,6,3,1.0
GOPR0402_frame_000546_rain,GOPR0402_frame_000546_ref,train,rain,real_rain,0,0,559.125982,0.480317,0.282424,0.752941,7.311951,1e-06,0.044995,1.529422,0.060405,40.934647,10.87963,158.455328,0.784257,0.0,0.018955,104.562177,0.833607,0.0,0.009865,1456.930952,0.589728,0.0,0.127176,633.940616,0.385563,0.0,0.090767,985.118952,0.602098,0.0,0.077215,947.657055,0.369651,0.0,0.086846,144.21028,0.223973,0.0,0.028541,402.013961,0.301085,1e-05,0.063095,213.860539,0.232784,0.0,0.03991,0.9520899,3,2,4,0.6667
GOPR0402_frame_000551_rain,GOPR0402_frame_000551_ref,train,rain,real_rain,0,0,473.272486,0.469725,0.299411,0.792157,7.301274,2e-06,0.092522,1.322878,0.052703,35.751175,9.778302,236.215977,0.794535,0.0,0.021841,89.998477,0.840801,0.0,0.009329,732.710214,0.53428,0.0,0.065681,1038.552758,0.3327,0.0,0.118114,985.177262,0.51574,0.0,0.074805,471.650312,0.43236,0.0,0.055425,85.319731,0.19419,0.0,0.01516,415.729734,0.292989,2e-05,0.06089,216.503021,0.289723,0.0,0.051405,0.96026295,4,4,3,1.0
GOPR0402_frame_000556_rain,GOPR0402_frame_000556_ref,train,rain,real_rain,0,0,629.547588,0.513739,0.301115,0.815686,7.479667,0.000116,0.04945,1.656386,0.06459,43.423584,10.310937,650.739142,0.781258,0.0,0.054313,113.168059,0.886609,0.0,0.012393,812.229457,0.686966,0.0,0.087188,1000.290228,0.459761,0.0,0.084546,1414.14269,0.519562,0.0,0.107319,802.321264,0.43035,0.0,0.084631,130.439453,0.198855,0.000274,0.021811,586.822248,0.362436,0.000771,0.090564,189.997431,0.297617,0.0,0.036622,0.9806552,8,7,1,0.875
GOPR0402_frame_000561_rain,GOPR0402_frame_000561_ref,train,rain,real_rain,0,0,408.079538,0.536632,0.290895,0.788235,7.384288,0.0,0.038224,1.230636,0.04916,32.805382,13.774876,205.95041,0.842197,0.0,0.01606,88.704274,0.878591,0.0,0.008919,951.517751,0.496028,0.0,0.100361,476.202291,0.560001,0.0,0.06561,358.97414,0.729676,0.0,0.034563,774.375726,0.384833,0.0,0.088378,243.870729,0.265297,0.0,0.044337,383.648241,0.404356,0.0,0.053757,198.657436,0.268847,0.0,0.027088,0.964706,0,0,3,
GOPR0402_frame_000567_rain,GOPR0402_frame_000567_ref,train,rain,real_rain,0,0,272.932129,0.484761,0.266439,0.705882,7.173846,9e-06,0.026926,0.982202,0.040507,26.845074,10.620659,529.982541,0.604496,0.0,0.0585,157.8149,0.804192,0.0,0.022717,100.757601,0.767823,0.0,0.014705,497.829743,0.379541,0.0,0.081005,285.883535,0.626066,4.9e-05,0.038564,304.795131,0.40474,0.0,0.039364,179.496902,0.271103,0.0,0.037275,269.620244,0.309498,2.9e-05,0.045921,138.317864,0.194926,0.0,0.024561,0.9616982,1,1,3,1.0
GOPR0402_frame_000587_rain,GOPR0402_frame_000587_ref,train,rain,real_rain,0,0,378.528895,0.485073,0.263906,0.705882,7.149789,2e-05,0.020902,1.057517,0.046598,30.19717,17.922188,396.103834,0.767152,0.0,0.026135,141.52133,0.817134,0.0,0.009221,271.974687,0.670874,0.0,0.023195,966.080709,0.361585,0.0,0.116217,478.837874,0.61676,0.0,0.05524,368.431646,0.300962,0.000137,0.044487,247.072101,0.275817,0.0,0.047653,391.583133,0.309652,3.9e-05,0.064052,157.46425,0.2456,0.0,0.028708,0.9602663,3,2,1,0.6667
GOPR0402_frame_000598_rain,GOPR0402_frame_000598_ref,train,rain,real_rain,0,0,292.206146,0.463936,0.283095,0.768627,7.340203,2e-06,0.065474,1.080719,0.039379,28.656322,10.541168,165.099002,0.779046,0.0,0.015053,76.191506,0.832213,0.0,0.006528,318.782889,0.532535,0.0,0.042272,490.300682,0.516515,0.0,0.057766,666.462481,0.571237,0.0,0.064686,255.139429,0.290018,0.0,0.047121,231.07916,0.236538,0.0,0.046107,342.588141,0.275043,2e-05,0.054547,103.327643,0.142604,0.0,0.018823,0.9938821,2,2,1,1.0
GOPR0402_frame_000605_rain,GOPR0402_frame_000605_ref,train,rain,real_rain,0,0,428.633916,0.485901,0.280124,0.752941,7.244846,2.3e-05,0.043315,1.28727,0.052178,35.915737,13.696878,135.334804,0.732816,0.0,0.018515,154.918294,0.813177,0.0,0.014852,606.200701,0.693583,0.0,0.055201,334.730256,0.371173,0.0,0.055908,868.035186,0.572671,0.0,0.086836,1013.318508,0.406821,0.0,0.100966,165.410962,0.237279,3.9e-05,0.028834,392.522917,0.309521,0.000166,0.067291,209.782142,0.235794,0.0,0.038739,0.96977246,3,3,2,1.0
GOPR0402_frame_000612_rain,GOPR0402_frame_000612_ref,train,rain,real_rain,0,0,393.519367,0.531698,0.248707,0.694118,7.310717,4e-06,0.022476,1.149438,0.049264,35.314617,11.516525,145.289885,0.759297,0.0,0.014955,38.765397,0.8194,0.0,0.004781,978.150791,0.677879,0.0,0.080699,414.512069,0.457433,0.0,0.076614,334.322222,0.632865,0.0,0.042262,823.143203,0.565383,0.0,0.074444,269.07136,0.25611,1e-05,0.044034,364.974574,0.316828,2.9e-05,0.060802,189.340769,0.299802,0.0,0.042789,0.96448195,2,2,2,1.0
GOPR0402_frame_000632_rain,GOPR0402_frame_000632_ref,train,rain,real_rain,0,0,398.397679,0.52206,0.266175,0.709804,7.051725,6.4e-05,0.029411,1.190277,0.052969,34.212215,12.501316,271.627494,0.773042,0.0,0.014212,184.945111,0.805822,0.0,0.011027,154.94716,0.777533,0.0,0.012402,568.417999,0.430535,0.0,0.083558,559.554331,0.59218,0.0,0.059817,613.294433,0.563698,0.0,0.082358,340.440398,0.24488,0.000538,0.057883,465.231631,0.306213,3.9e-05,0.070872,438.508958,0.204361,0.0,0.082016,0.9678399,6,5,5,0.8333
GOPR0402_frame_000652_rain,GOPR0402_frame_000652_ref,train,rain,real_rain,0,0,345.19183,0.470636,0.315482,0.847059,7.317545,0.000114,0.04319,1.143494,0.049658,34.538898,9.606785,189.17364,0.901744,0.0,0.015591,202.205611,0.85456,0.0,0.021253,394.238748,0.425083,0.0,0.074551,427.047408,0.591857,0.0,0.06784,1053.06632,0.486118,0.0,0.120638,286.737479,0.272033,0.0,0.054196,317.973908,0.342374,0.001027,0.04688,208.911802,0.23219,0.0,0.03791,43.274937,0.130757,0.0,0.004938,0.9634937,7,6,4,0.8571
GOPR0402_frame_000661_rain,GOPR0402_frame_000661_ref,train,rain,real_rain,0,0,359.462226,0.51565,0.291118,0.745098,6.948241,0.0,0.022524,1.197813,0.046055,30.667765,10.160453,533.234629,0.793623,0.0,0.045031,15.047914,0.85022,0.0,0.000683,1.542145,0.824561,0.0,0.0,868.445231,0.439435,0.0,0.101037,840.300848,0.471422,0.0,0.080299,309.41483,0.514652,0.0,0.054586,195.463043,0.283488,0.0,0.039671,254.079757,0.245438,0.0,0.044711,226.821448,0.217937,0.0,0.045833,0.9613404,2,2,4,1.0
GOPR0402_frame_000668_rain,GOPR0402_frame_000668_ref,train,rain,real_rain,0,0,962.784669,0.458756,0.31683,0.839216,7.249752,3e-06,0.045752,2.258555,0.087517,54.61409,15.39959,642.265362,0.833449,2.9e-05,0.049824,576.532298,0.873331,0.0,0.032504,2497.337459,0.541639,0.0,0.196956,1263.47449,0.38416,0.0,0.145491,619.784023,0.389474,0.0,0.055416,2351.509511,0.400394,0.0,0.190574,258.312108,0.257332,0.0,0.04867,331.604932,0.253255,0.0,0.047209,155.334094,0.196005,0.0,0.020541,0.967296,11,11,0,1.0
GOPR0402_frame_000675_rain,GOPR0402_frame_000675_ref,train,rain,real_rain,0,0,769.90655,0.453064,0.321357,0.866667,7.396159,0.000917,0.034546,1.987077,0.080222,49.783089,10.334587,370.595745,0.91553,0.003052,0.027426,1911.024227,0.729826,0.00442,0.152352,1151.17517,0.605871,0.000761,0.125585,780.323604,0.423197,0.0,0.100704,1342.472436,0.389049,2e-05,0.108206,900.736581,0.334172,0.0,0.105747,173.985932,0.271242,0.0,0.037529,244.562554,0.233656,0.0,0.04595,85.758802,0.175623,0.0,0.01574,0.97755086,0,0,0,
GOPR0402_frame_000681_rain,GOPR0402_frame_000681_ref,train,rain,real_rain,0,0,664.870985,0.405862,0.319051,0.858824,7.256113,0.000182,0.054723,1.821945,0.070452,43.487652,12.077988,538.386335,0.877852,0.000939,0.04106,1770.507298,0.602707,0.000654,0.15442,1051.469645,0.590815,0.0,0.104469,936.90743,0.339507,0.0,0.114016,998.917129,0.407735,0.0,0.094936,328.940377,0.241952,0.0,0.058294,78.706575,0.209289,0.0,0.016608,250.518845,0.246109,4.9e-05,0.03831,49.5457,0.137279,0.0,0.010763,0.9555716,1,0,1,0.0
GOPR0402_frame_000687_rain,GOPR0402_frame_000687_ref,train,rain,real_rain,0,0,949.72463,0.413133,0.325607,0.886275,7.3128,0.000131,0.103837,2.27144,0.078369,48.797291,11.738718,1963.875627,0.781875,0.000734,0.126125,1214.640586,0.763095,0.000293,0.090408,1361.124715,0.606872,2e-05,0.100263,1857.178876,0.35303,0.0,0.150293,1308.273524,0.478398,0.0,0.107475,436.959691,0.160674,0.0,0.061329,97.699838,0.208406,0.0,0.017821,286.638918,0.263594,0.000137,0.041228,65.530073,0.102498,0.0,0.009085,0.9580374,0,0,3,
GOPR0402_frame_000699_rain,GOPR0402_frame_000699_ref,train,rain,real_rain,0,0,933.130227,0.369292,0.296326,0.854902,7.336905,1e-06,0.105584,2.251582,0.08055,56.424736,10.48826,1062.478516,0.691669,0.0,0.09466,1764.426129,0.682426,1e-05,0.091384,1748.019754,0.37789,0.0,0.164647,903.160945,0.353552,0.0,0.113371,1336.358422,0.406426,0.0,0.084319,1164.835014,0.147886,0.0,0.095726,137.568398,0.275069,0.0,0.026721,260.511943,0.254658,0.0,0.045989,49.427651,0.134553,0.0,0.005884,0.9244652,1,1,2,1.0
GOPR0402_frame_000705_rain,GOPR0402_frame_000705_ref,train,rain,real_rain,0,0,969.751419,0.371741,0.331738,0.92549,7.15824,0.045067,0.127425,2.173689,0.081213,58.430927,10.161434,486.622117,0.876646,0.147036,0.035035,1428.433538,0.679561,0.256226,0.082523,2242.76693,0.176595,0.001854,0.141296,1295.309868,0.427171,5.9e-05,0.117449,1952.340379,0.400456,0.000332,0.136514,614.471237,0.15368,0.0,0.094594,184.040895,0.21462,0.0,0.033862,348.34189,0.217449,0.000127,0.047229,198.268313,0.200437,0.0,0.040262,0.952441,0,0,1,
GOPR0402_frame_000712_rain,GOPR0402_frame_000712_ref,train,rain,real_rain,0,0,543.188193,0.46754,0.330044,0.831373,7.024789,0.0,0.056241,1.456374,0.049661,36.712395,13.396342,1066.484087,0.762981,0.0,0.088028,104.524393,0.899292,0.0,0.008997,6.1363,0.8578,0.0,0.004206,1316.145081,0.198051,0.0,0.099697,1482.868283,0.449769,0.0,0.107572,304.121693,0.376979,0.0,0.047024,104.585822,0.158093,0.0,0.014349,354.193003,0.275783,0.0,0.051073,165.557718,0.228449,0.0,0.024668,0.9662668,1,1,3,1.0
GOPR0402_frame_000718_rain,GOPR0402_frame_000718_ref,train,rain,real_rain,0,0,770.683304,0.397563,0.326662,0.866667,7.083146,2.1e-05,0.081835,1.783666,0.068261,45.808273,18.022655,2364.920364,0.665798,0.000166,0.137608,19.232597,0.930768,0.0,0.000742,1072.245443,0.312618,2e-05,0.093687,1623.649483,0.257517,0.0,0.134018,810.747609,0.572637,0.0,0.067555,403.582002,0.216858,0.0,0.061944,111.268524,0.170382,0.0,0.022105,427.655268,0.290895,0.0,0.065349,138.238142,0.160364,0.0,0.02864,0.9588811,5,5,3,1.0
GOPR0402_frame_000823_rain,GOPR0402_frame_000823_ref,train,rain,real_rain,0,0,378.866931,0.372268,0.339282,0.882353,6.924959,8.1e-05,0.140451,1.078101,0.039264,34.117653,12.007607,703.710122,0.168263,4.9e-05,0.085514,605.557817,0.780146,0.000644,0.053484,157.475364,0.887567,0.0,0.013183,171.020831,0.107697,0.0,0.025665,606.616026,0.506671,0.0,0.048087,725.864908,0.33158,0.0,0.056479,63.618192,0.139884,0.0,0.009908,280.681039,0.240266,3.9e-05,0.037861,117.188833,0.186692,0.0,0.01937,0.9391821,3,3,3,1.0
GOPR0402_frame_000832_rain,GOPR0402_frame_000832_ref,train,rain,real_rain,0,0,425.759207,0.304069,0.281813,0.913725,7.02578,0.012222,0.135924,1.23363,0.048478,35.057438,22.31214,876.684351,0.346295,0.005604,0.073239,773.10997,0.78531,0.103064,0.04397,164.631986,0.254271,0.0,0.04395,264.179452,0.183817,0.0,0.053101,806.904845,0.482188,0.001171,0.078493,218.46948,0.193314,0.0,0.043735,113.83139,0.136958,0.0,0.01652,548.572625,0.269728,8.8e-05,0.066189,75.365443,0.084169,0.0,0.014354,0.9756569,10,10,2,1.0
GOPR0402_frame_000841_rain,GOPR0402_frame_000841_ref,train,rain,real_rain,0,0,337.000367,0.427993,0.31139,0.882353,7.310666,0.000539,0.076604,1.124808,0.049952,35.953766,15.947643,365.505458,0.741014,4.9e-05,0.032952,152.441648,0.888966,0.000322,0.015457,492.39998,0.367763,0.0,0.085168,498.307471,0.340678,1e-05,0.086307,649.661294,0.592596,0.0,0.076522,265.935793,0.27558,0.0,0.048058,148.235224,0.209618,0.004421,0.030379,447.136869,0.279339,5.9e-05,0.065213,43.883054,0.156398,0.0,0.006733,0.97034127,5,5,4,1.0
GOPR0402_frame_000850_rain,GOPR0402_frame_000850_ref,train,rain,real_rain,0,0,574.154952,0.402235,0.316448,0.878431,7.26634,0.00026,0.077486,1.586925,0.072362,45.475838,17.920151,812.719589,0.298342,0.000293,0.125401,231.991493,0.881716,6.8e-05,0.018286,953.373686,0.659282,2.9e-05,0.070033,549.814453,0.206368,0.0,0.082962,916.445484,0.481088,2.9e-05,0.102791,657.720009,0.463568,0.0,0.100498,156.218417,0.181097,0.001213,0.030057,582.199254,0.251702,0.000712,0.072521,324.978852,0.195734,0.0,0.045502,0.9587728,13,13,4,1.0
GOPR0402_frame_000858_rain,GOPR0402_frame_000858_ref,train,rain,real_rain,0,0,385.814662,0.316596,0.274106,0.917647,7.124683,0.038211,0.119792,1.42325,0.049108,36.622826,17.935516,910.656258,0.263867,0.006886,0.088996,291.926084,0.838391,0.334768,0.033148,189.803082,0.254327,0.000283,0.038847,500.630249,0.208989,0.0,0.064339,743.226976,0.492113,0.001649,0.074688,157.780918,0.239825,0.0,0.032631,185.869479,0.194642,0.0,0.03615,458.971727,0.243079,5.9e-05,0.060265,52.974583,0.113473,0.0,0.010997,0.96269506,6,5,9,0.8333
GOPR0402_frame_000874_rain,GOPR0402_frame_000874_ref,train,rain,real_rain,0,0,472.566839,0.334707,0.273944,0.917647,7.134551,0.053521,0.085152,1.492388,0.051025,37.538296,11.865395,1210.473063,0.274098,0.002445,0.09864,433.611505,0.855835,0.474366,0.020941,128.737863,0.338949,0.000625,0.028776,722.494079,0.152912,5.9e-05,0.064965,829.216722,0.46333,0.0024,0.077762,194.74491,0.27024,0.0,0.044623,174.898976,0.180121,0.0,0.028306,521.408885,0.293658,0.001425,0.079079,62.810697,0.182295,0.0,0.012744,0.99073577,6,6,1,1.0
GOPR0402_frame_000883_rain,GOPR0402_frame_000883_ref,train,rain,real_rain,0,0,447.606775,0.472688,0.327121,0.85098,7.258641,1e-05,0.040378,1.17411,0.059226,39.211693,14.879539,772.297873,0.477473,0.0,0.106191,35.748227,0.929467,0.0,0.001015,230.935839,0.751428,0.0,0.030445,532.412324,0.257424,0.0,0.092948,813.266687,0.646296,0.0,0.089754,839.356538,0.511309,0.0,0.083987,67.534235,0.142989,0.0,0.007619,454.590531,0.295699,5.9e-05,0.06248,296.706078,0.240839,2.9e-05,0.056391,0.9684145,3,3,1,1.0
GOPR0402_frame_000892_rain,GOPR0402_frame_000892_ref,train,rain,real_rain,0,0,512.751018,0.365317,0.287008,0.866667,7.479394,2.6e-05,0.108904,1.573975,0.058685,40.092251,10.912627,1033.081061,0.355203,5.9e-05,0.102347,747.938329,0.822602,0.000176,0.057806,621.791022,0.376705,0.0,0.071458,515.122111,0.241776,0.0,0.059311,804.070797,0.578729,0.0,0.083285,219.546603,0.195357,0.0,0.031782,242.143098,0.247663,0.0,0.043496,364.332401,0.289633,0.0,0.060265,82.954677,0.179601,0.0,0.016511,0.9703896,4,3,2,0.75
GOPR0402_frame_000899_rain,GOPR0402_frame_000899_ref,train,rain,real_rain,0,0,636.04895,0.435702,0.32176,0.862745,7.251457,2.6e-05,0.069164,1.653578,0.070194,46.37619,12.217304,1604.40509,0.532112,0.000225,0.126819,130.457502,0.903656,1e-05,0.011397,899.544676,0.716922,0.0,0.094516,541.802775,0.275811,0.0,0.066725,982.388881,0.551115,0.0,0.128074,916.331055,0.176583,0.0,0.085812,201.185562,0.242846,0.0,0.032463,294.2504,0.314341,0.0,0.050078,187.925701,0.207329,0.0,0.03265,0.9593416,5,2,7,0.4
GOPR0402_frame_000905_rain,GOPR0402_frame_000905_ref,train,rain,real_rain,0,0,275.866196,0.442789,0.273025,0.792157,7.310471,0.0,0.03725,1.1323,0.048349,34.162216,9.905825,448.015216,0.674091,0.0,0.057218,56.29381,0.882649,0.0,0.003972,292.613374,0.359355,0.0,0.058363,514.758793,0.3208,0.0,0.092058,364.973858,0.616714,0.0,0.055991,261.233889,0.326792,0.0,0.051112,152.633459,0.199465,0.0,0.025675,262.625378,0.335487,0.0,0.048117,144.983502,0.269433,0.0,0.039159,0.9709604,3,2,4,0.6667
GOPR0402_frame_000917_rain,GOPR0402_frame_000917_ref,train,rain,real_rain,0,0,205.970797,0.461066,0.265536,0.752941,7.212323,0.0,0.015554,0.939644,0.0357,27.952612,13.200587,172.228258,0.789962,0.0,0.022154,185.060114,0.805908,0.0,0.02138,170.48982,0.305756,0.0,0.033411,343.837756,0.481583,0.0,0.055741,375.154373,0.646496,0.0,0.051932,157.926954,0.291766,0.0,0.033538,182.144706,0.29695,0.0,0.041178,199.283484,0.307251,0.0,0.038573,77.992895,0.224356,0.0,0.020238,0.954078,1,1,3,1.0
GOPR0402_frame_000937_rain,GOPR0402_frame_000937_ref,train,rain,real_rain,0,0,380.298076,0.534208,0.25982,0.721569,7.299264,0.0,0.021842,1.129419,0.049386,32.07357,15.534904,475.980252,0.831699,0.0,0.031817,87.621838,0.826738,0.0,0.007201,158.624092,0.705435,0.0,0.024356,472.350487,0.545915,0.0,0.051946,335.244774,0.618584,0.0,0.042486,657.316739,0.384295,0.0,0.093247,396.641903,0.31781,0.0,0.069982,372.537838,0.317365,0.0,0.059943,478.546554,0.260247,0.0,0.060236,0.9570902,1,1,4,1.0
GOPR0402_frame_000958_rain,GOPR0402_frame_000958_ref,train,rain,real_rain,0,0,382.02822,0.471687,0.255682,0.74902,7.559882,0.0,0.024408,1.241225,0.055574,33.693401,10.580275,413.731805,0.595277,0.0,0.0451,0.934143,0.847278,0.0,0.0,559.709059,0.565492,0.0,0.07179,501.907481,0.378437,0.0,0.079128,466.808106,0.649708,0.0,0.056879,537.728308,0.422721,0.0,0.077127,188.360074,0.216095,0.0,0.030468,517.818299,0.341556,0.0,0.078591,261.038983,0.228094,0.0,0.057162,0.977614,9,8,5,0.8889
GOPR0402_frame_000964_rain,GOPR0402_frame_000964_ref,train,rain,real_rain,0,0,372.400362,0.456334,0.268225,0.760784,7.503498,0.0,0.033676,1.238648,0.057972,35.489788,10.063883,440.355236,0.644501,0.0,0.054617,0.591393,0.8451,0.0,0.0,434.807277,0.484775,0.0,0.063486,651.636105,0.325244,0.0,0.10177,395.855157,0.675477,0.0,0.052215,530.80923,0.347469,0.0,0.096282,167.219027,0.226124,0.0,0.034331,453.268048,0.337967,0.0,0.067369,292.310734,0.21994,0.0,0.048585,0.9769612,7,6,4,0.8571
GOPR0402_frame_000969_rain,GOPR0402_frame_000969_ref,train,rain,real_rain,0,0,391.343092,0.497496,0.268399,0.737255,7.369559,5e-06,0.027255,1.265894,0.056352,35.919273,12.606722,159.491378,0.747041,0.0,0.021508,4.265426,0.840602,0.0,0.000429,262.280747,0.592394,0.0,0.04111,415.695748,0.57081,2e-05,0.054147,1145.624781,0.5171,2e-05,0.097131,638.600487,0.367321,0.0,0.115271,256.664623,0.290354,1e-05,0.047173,430.17193,0.308179,0.0,0.076971,224.633213,0.243937,0.0,0.050195,0.98310864,2,2,4,1.0
GOPR0402_frame_000984_rain,GOPR0402_frame_000984_ref,train,rain,real_rain,0,0,279.364951,0.473504,0.295177,0.866667,7.584193,0.0,0.10152,0.958055,0.038991,27.647346,9.722731,255.701543,0.311741,0.0,0.023572,138.148663,0.848881,0.0,0.016715,121.563712,0.845922,0.0,0.019945,199.502741,0.200429,0.0,0.030291,592.879324,0.630529,0.0,0.072034,422.403927,0.569525,0.0,0.060129,140.153689,0.240911,0.0,0.0241,401.503568,0.325859,0.0,0.05603,254.372959,0.286176,0.0,0.045902,0.93933326,1,1,2,1.0
GOPR0402_frame_000989_rain,GOPR0402_frame_000989_ref,train,rain,real_rain,0,0,274.916682,0.488203,0.271317,0.768627,7.41266,7e-06,0.024212,1.099715,0.046297,30.66046,12.226164,367.149348,0.778191,0.0,0.035299,114.730712,0.833999,0.0,0.013154,245.074992,0.614268,0.0,0.048488,473.295175,0.421961,0.0,0.090982,408.06512,0.60467,0.0,0.063183,317.880942,0.388034,0.0,0.069487,158.968966,0.261158,0.0,0.026125,309.124037,0.311593,5.9e-05,0.051239,90.27693,0.179949,0.0,0.015515,0.99670196,1,1,0,1.0
GOPR0402_frame_001014_rain,GOPR0402_frame_001014_ref,train,rain,real_rain,0,0,324.066361,0.490489,0.26071,0.737255,7.239604,0.0,0.030318,1.158157,0.048095,32.237286,15.030583,704.12723,0.663744,0.0,0.065014,85.873067,0.822685,0.0,0.008021,166.859951,0.630939,0.0,0.018443,452.482728,0.436399,0.0,0.061776,357.528431,0.608712,0.0,0.056323,389.044354,0.407059,0.0,0.062881,205.563868,0.279899,0.0,0.043721,381.878111,0.326858,0.0,0.068462,192.643642,0.237893,0.0,0.042877,0.9721256,0,0,2,
GOPR0402_frame_001022_rain,GOPR0402_frame_001022_ref,train,rain,real_rain,0,0,375.034059,0.471762,0.286145,0.772549,7.328629,0.0,0.045446,1.342687,0.054094,34.000164,10.915147,582.805262,0.698325,0.0,0.056358,52.739735,0.842809,0.0,0.004459,245.072302,0.576375,0.0,0.052586,919.727743,0.296517,0.0,0.134566,274.249045,0.704022,0.0,0.034719,701.307179,0.352358,0.0,0.100127,159.363497,0.216516,0.0,0.024257,364.334297,0.370295,0.0,0.06006,89.9474,0.188166,0.0,0.016618,0.96968776,1,1,1,1.0
GOPR0402_frame_001028_rain,GOPR0402_frame_001028_ref,train,rain,real_rain,0,0,256.080465,0.498995,0.276082,0.752941,7.212219,3e-06,0.059363,0.989756,0.037093,26.462889,11.240047,385.934724,0.688439,0.0,0.03304,24.701555,0.814051,0.0,0.001327,38.928864,0.781831,0.0,0.007465,439.997766,0.482976,0.0,0.067811,351.172576,0.66789,0.0,0.041813,435.793995,0.335866,0.0,0.06853,253.72152,0.274949,2.9e-05,0.04687,291.337154,0.333318,0.0,0.051317,93.255447,0.111517,0.0,0.012793,0.9682694,3,3,1,1.0
GOPR0402_frame_001034_rain,GOPR0402_frame_001034_ref,train,rain,real_rain,0,0,246.917428,0.53382,0.265007,0.709804,7.055645,2.1e-05,0.035084,0.969627,0.033569,24.666428,13.791597,291.364026,0.750755,0.0,0.019161,27.547668,0.798959,0.0,0.002205,1.842877,0.791493,0.0,0.0,487.477132,0.483875,0.0,0.065972,328.627735,0.628714,0.0,0.0387,322.377993,0.610129,0.0,0.050137,303.589444,0.246676,0.000186,0.053208,312.921375,0.305649,0.0,0.057592,157.259917,0.187845,0.0,0.013173,0.9462227,2,2,1,1.0
GOPR0402_frame_001040_rain,GOPR0402_frame_001040_ref,train,rain,real_rain,0,0,241.755547,0.497576,0.264512,0.694118,7.116513,2e-05,0.020798,0.998644,0.039052,27.874342,14.748924,117.963382,0.702286,0.0,0.023787,16.164276,0.794446,0.0,0.000898,21.010636,0.766695,0.0,0.004567,446.615864,0.503037,0.0,0.057023,490.883916,0.576741,0.0,0.06371,294.812519,0.408065,0.0,0.046829,314.443803,0.268805,0.000176,0.060407,296.383985,0.259334,0.0,0.055484,186.537139,0.198735,0.0,0.037763,0.962384,3,3,4,1.0
GOPR0402_frame_001048_rain,GOPR0402_frame_001048_ref,train,rain,real_rain,0,0,315.656657,0.452982,0.281469,0.745098,7.275029,1e-06,0.038498,1.21331,0.046534,32.490231,15.652195,76.055272,0.764092,0.0,0.00669,40.330236,0.815142,0.0,0.002049,755.012132,0.565857,0.0,0.105904,429.51339,0.49034,0.0,0.060661,541.752752,0.559268,0.0,0.065818,339.961249,0.184042,0.0,0.056245,217.908333,0.291389,1e-05,0.042889,342.397699,0.278889,0.0,0.063271,106.349928,0.128253,0.0,0.01331,0.9691809,3,2,2,0.6667
GOPR0402_frame_001056_rain,GOPR0402_frame_001056_ref,train,rain,real_rain,0,0,269.367129,0.48558,0.266014,0.709804,7.233842,3.7e-05,0.023677,1.027531,0.042489,31.997583,13.419129,511.347125,0.673713,0.0,0.078893,18.722157,0.806984,0.0,0.000595,69.882855,0.714697,0.0,0.012402,524.790207,0.388495,0.0,0.073905,430.333615,0.654775,0.0,0.050771,292.100787,0.335172,0.0,0.063808,114.385671,0.23802,0.0,0.020158,339.806341,0.342945,0.000332,0.051483,136.510979,0.215058,0.0,0.029303,0.96671045,0,0,1,
GP010400_frame_000001_rain,GP010400_frame_000001_ref,train,rain,real_rain,0,0,595.581471,0.309319,0.268678,0.866667,7.450288,0.000393,0.155025,1.817309,0.05092,40.284035,16.379078,252.715031,0.372468,0.0,0.021909,364.838397,0.781047,3.9e-05,0.023624,2506.581817,0.245883,0.000556,0.144614,259.426785,0.191748,0.0,0.036541,744.209501,0.414959,0.000273,0.087871,787.9899,0.155236,0.0,0.082231,99.611481,0.180162,0.0,0.020745,270.890379,0.303356,0.002664,0.028005,99.153683,0.138585,0.0,0.011066,0.9741187,1,1,3,1.0
GP010400_frame_000012_rain,GP010400_frame_000012_ref,train,rain,real_rain,0,0,274.99583,0.309583,0.309401,0.921569,7.043444,0.000787,0.185089,1.126268,0.031008,26.859932,11.77712,543.082673,0.559508,0.001223,0.054705,601.006573,0.840231,0.004528,0.054577,78.429361,0.068113,0.0,0.014988,374.291685,0.244188,0.0,0.053668,593.067379,0.431293,0.0,0.065232,65.689635,0.11479,0.0,0.013476,56.720992,0.176591,0.0,0.005966,140.785191,0.228535,0.001327,0.01251,29.165821,0.123116,0.0,0.003152,0.95698774,1,1,2,1.0
GP010400_frame_000022_rain,GP010400_frame_000022_ref,train,rain,real_rain,0,0,401.301956,0.303103,0.282388,0.92549,7.177109,0.035095,0.125335,1.502065,0.042484,34.166752,11.560821,1167.138447,0.370106,0.001301,0.128443,554.037949,0.867721,0.314032,0.05443,456.442606,0.128617,0.0,0.041852,442.604768,0.207246,0.0,0.052103,682.62491,0.466398,4.9e-05,0.065564,96.881973,0.097304,0.0,0.011105,34.414795,0.16023,0.0,0.000675,143.486185,0.301472,0.000234,0.017457,52.130568,0.128428,0.0,0.009621,0.975526,0,0,0,
GP010400_frame_000027_rain,GP010400_frame_000027_ref,train,rain,real_rain,0,0,409.688264,0.407384,0.337401,0.917647,7.389148,0.034481,0.11523,1.414118,0.045965,33.318684,11.504438,464.340477,0.869532,0.01071,0.052015,748.77122,0.894334,0.297034,0.05484,689.258351,0.146304,1e-05,0.062734,540.899935,0.338282,2.9e-05,0.082805,673.052838,0.624599,0.0,0.081284,206.481358,0.124889,0.0,0.029801,83.204136,0.188952,0.000303,0.009644,265.704723,0.375746,0.00203,0.03467,39.97364,0.104226,0.0,0.003318,0.96264255,2,2,0,1.0
GP010400_frame_000032_rain,GP010400_frame_000032_ref,train,rain,real_rain,0,0,273.941774,0.48379,0.28404,0.756863,7.374615,0.000436,0.008691,1.077713,0.040072,29.460445,12.830706,226.616233,0.789667,0.0,0.031367,51.425505,0.891494,1e-05,0.008089,160.083321,0.615317,0.0,0.039617,414.623229,0.329203,0.0,0.066549,738.621935,0.52222,0.0,0.09031,337.798036,0.387148,0.0,0.05646,180.925231,0.231947,0.001585,0.021401,230.99508,0.330735,0.002332,0.02502,135.5566,0.256147,0.0,0.020541,0.9819602,3,3,5,1.0
GP010400_frame_000037_rain,GP010400_frame_000037_ref,train,rain,real_rain,0,0,471.418811,0.320452,0.286197,0.913725,7.32401,0.010118,0.144441,1.592493,0.051505,38.418507,13.794607,509.117012,0.485662,0.020687,0.047359,1171.540086,0.802799,0.070092,0.096751,605.169652,0.236449,0.000215,0.086602,446.269651,0.214646,0.0,0.06743,1109.40558,0.459228,4.9e-05,0.100859,182.747605,0.147096,0.0,0.033772,74.031561,0.168818,0.0,0.009898,133.473735,0.278468,0.0,0.013837,35.356738,0.090687,0.0,0.005123,0.96765465,4,4,2,1.0
GP010400_frame_000042_rain,GP010400_frame_000042_ref,train,rain,real_rain,0,0,422.187057,0.425796,0.310366,0.866667,7.316722,0.039402,0.011444,1.482667,0.05438,36.419994,14.520593,1479.577631,0.723724,0.029069,0.167655,176.849464,0.944991,0.286036,0.021048,333.481205,0.409148,0.038769,0.062959,742.943079,0.250766,0.0,0.094738,468.479218,0.574015,0.0,0.046585,345.280039,0.2786,0.0,0.0625,39.354242,0.168495,0.0,0.003414,182.956888,0.324085,0.000537,0.022658,56.431653,0.158031,0.0,0.006421,0.9815157,1,1,3,1.0
GP010400_frame_000047_rain,GP010400_frame_000047_ref,train,rain,real_rain,0,0,410.33391,0.386265,0.312802,0.87451,7.358885,0.000635,0.085216,1.326939,0.043738,34.441948,12.477764,620.529249,0.768744,1e-05,0.067195,280.08831,0.901466,0.001561,0.033704,1369.693688,0.346478,5.9e-05,0.11693,406.533528,0.291379,0.0,0.069748,546.605099,0.448787,0.0,0.052849,153.687085,0.112236,0.0,0.015271,93.777347,0.208192,0.0,0.014965,222.525153,0.286918,0.004079,0.02137,15.716664,0.112441,0.0,0.00082,0.9477012,4,4,4,1.0
GP010400_frame_000052_rain,GP010400_frame_000052_ref,train,rain,real_rain,0,0,399.443119,0.424811,0.335284,0.890196,7.404071,0.007529,0.072265,1.337991,0.043082,30.074656,9.766019,1432.835557,0.636631,0.001653,0.164358,104.138953,0.933216,0.065827,0.012559,264.431564,0.791124,0.000146,0.022746,358.176696,0.211903,0.0,0.041363,590.008914,0.54354,5.9e-05,0.074522,556.219853,0.126405,0.0,0.036622,141.806575,0.205396,0.0,0.015982,114.673456,0.22973,2.9e-05,0.011602,54.564022,0.144841,0.0,0.006362,0.9745534,5,5,1,1.0
GP010400_frame_000059_rain,GP010400_frame_000059_ref,train,rain,real_rain,0,0,374.358791,0.488421,0.277288,0.756863,7.525139,4.1e-05,0.002748,1.084801,0.052606,34.334389,17.911119,920.891401,0.568621,0.0,0.085544,331.640795,0.853696,0.0,0.031889,83.607813,0.855291,0.0,0.011544,613.400772,0.443955,0.0,0.128746,711.562112,0.372129,0.0,0.100146,271.682288,0.524068,0.0,0.038037,109.784439,0.235337,0.0,0.0223,193.694179,0.255144,0.0,0.030113,149.495059,0.287038,0.000371,0.021253,0.9847909,4,4,0,1.0
GP010400_frame_000066_rain,GP010400_frame_000066_ref,train,rain,real_rain,0,0,384.965695,0.447531,0.288028,0.776471,7.430764,0.000163,0.020906,1.330686,0.049038,34.729671,9.783731,468.184301,0.803403,0.0,0.038439,127.280286,0.82459,0.000117,0.017896,699.356713,0.521764,0.0,0.095297,413.166235,0.329465,0.0,0.066764,562.150455,0.499273,0.0,0.095316,905.542177,0.292182,0.0,0.08023,96.642203,0.252066,0.0,0.016706,154.495464,0.322764,0.001347,0.021819,54.034762,0.182374,0.0,0.006674,0.9871946,2,2,1,1.0
GP010400_frame_000071_rain,GP010400_frame_000071_ref,train,rain,real_rain,0,0,352.333947,0.481939,0.303679,0.8,7.371559,2.6e-05,0.025394,1.0521,0.048547,33.664749,8.884627,720.22348,0.783319,0.0,0.058509,73.849902,0.856703,0.0,0.007309,87.414139,0.821166,0.0,0.010636,652.126953,0.311237,0.0,0.114671,709.892887,0.558608,3.9e-05,0.115974,561.634922,0.319642,1e-05,0.055113,217.871413,0.215352,0.0,0.047966,141.419784,0.303678,0.000185,0.017994,37.246838,0.16743,0.0,0.005826,0.9686379,0,0,2,
GP010400_frame_000081_rain,GP010400_frame_000081_ref,train,rain,real_rain,0,0,302.274236,0.369696,0.258911,0.823529,7.359686,0.00039,0.033091,1.220595,0.038678,29.44136,10.543308,924.619992,0.612822,0.0,0.105272,338.929886,0.631486,0.000166,0.045677,63.436588,0.285684,0.0,0.012412,451.622422,0.224281,0.0,0.066236,644.126383,0.57225,0.003337,0.071107,33.288967,0.28487,0.0,0.005172,86.519229,0.152631,0.0,0.019396,171.309017,0.342044,0.0,0.01814,12.658826,0.22092,0.0,0.0,0.9833594,0,0,0,
GP010400_frame_000087_rain,GP010400_frame_000087_ref,train,rain,real_rain,0,0,398.07714,0.460993,0.26464,0.752941,7.573875,6.3e-05,0.009524,1.220397,0.049102,38.384289,8.816475,925.19025,0.715168,0.0,0.076007,307.908998,0.804386,0.0,0.027352,377.055999,0.514362,0.0,0.070306,673.632872,0.378366,5.9e-05,0.080829,644.91039,0.586791,1e-05,0.094682,341.626032,0.344234,0.0,0.05687,174.105082,0.266761,0.000499,0.020833,136.680839,0.348249,0.0,0.010548,47.900448,0.190561,0.0,0.002313,0.9754743,1,1,2,1.0
GP010400_frame_000095_rain,GP010400_frame_000095_ref,train,rain,real_rain,0,0,407.03956,0.357475,0.28292,0.831373,7.290896,0.000119,0.068689,1.396162,0.047798,33.817768,9.892591,570.236451,0.655754,0.0,0.070775,564.933361,0.785215,0.000537,0.042418,445.816055,0.253404,0.0,0.082348,316.805989,0.205763,0.0,0.055634,1306.393775,0.538637,0.000537,0.100429,223.107357,0.180157,0.0,0.044604,29.038397,0.147432,0.0,0.001311,182.929973,0.33327,0.0,0.025068,38.605988,0.117494,0.0,0.004938,1.0,0,0,0,
GP010400_frame_000101_rain,GP010400_frame_000101_ref,train,rain,real_rain,0,0,274.348544,0.489903,0.309513,0.827451,7.390442,0.00426,0.034048,0.995664,0.032785,27.983372,7.924424,272.74016,0.83492,0.0,0.017488,122.579596,0.849577,0.0,0.012002,144.024225,0.598603,0.036807,0.021321,532.025222,0.478345,1e-05,0.067332,648.016783,0.574261,0.000566,0.065213,438.731316,0.337522,0.000927,0.069555,127.461329,0.281891,0.0,0.014896,133.828239,0.286547,0.0,0.015574,61.383711,0.167755,0.0,0.008831,0.9380703,1,1,1,1.0
GP010400_frame_000112_rain,GP010400_frame_000112_ref,train,rain,real_rain,0,0,883.574395,0.250218,0.233386,0.866667,7.043013,0.027337,0.154335,2.160525,0.061759,52.757549,8.233502,2839.501344,0.457156,0.096293,0.169249,2242.378995,0.327276,0.111915,0.128015,797.588844,0.183879,0.003962,0.065125,570.2313,0.18004,0.021176,0.031005,1108.241118,0.369812,0.012363,0.103269,196.286056,0.210918,0.0,0.032982,41.254015,0.158628,0.0,0.005067,161.99967,0.260412,0.00041,0.018306,24.943521,0.103949,0.0,0.001766,0.965728,0,0,2,
GP010400_frame_000117_rain,GP010400_frame_000117_ref,train,rain,real_rain,0,0,498.70066,0.411366,0.306494,0.890196,7.249926,0.087919,0.031124,1.544501,0.056505,41.590668,11.205452,1207.453298,0.692478,0.263136,0.080741,695.258594,0.880407,0.447053,0.060948,683.351886,0.281543,4.9e-05,0.107982,231.342958,0.238077,0.030282,0.033832,706.142459,0.544236,0.046126,0.077957,442.076263,0.337976,0.0,0.073341,212.742833,0.250256,0.003619,0.031759,224.972119,0.32932,0.001083,0.025107,102.638992,0.147878,0.0,0.011456,0.96764815,3,3,1,1.0
GP010400_frame_000128_rain,GP010400_frame_000128_ref,train,rain,real_rain,0,0,496.329245,0.291416,0.310232,0.941176,7.053648,0.046619,0.258445,1.551515,0.038343,34.945251,9.39789,1180.881479,0.485159,0.004147,0.097848,1040.008999,0.768225,0.282767,0.061036,517.059016,0.254676,0.10886,0.034465,241.553505,0.162199,2.9e-05,0.036884,1164.149804,0.398324,0.023439,0.073029,83.170526,0.069811,0.0,0.00766,35.944756,0.121725,0.0,0.002915,217.654637,0.294806,1e-05,0.029498,19.481717,0.067571,0.0,0.000693,0.9806392,0,0,3,
GP010400_frame_000133_rain,GP010400_frame_000133_ref,train,rain,real_rain,0,0,419.320981,0.322131,0.320825,0.933333,7.104845,0.040926,0.200832,1.370209,0.040984,34.3144,7.182696,452.98202,0.774644,0.066872,0.061199,597.825797,0.662221,0.216715,0.047765,670.386862,0.193531,0.015554,0.068452,620.993581,0.28115,0.0,0.069611,823.084451,0.361801,0.064061,0.052117,148.196972,0.066926,0.0,0.014959,136.408771,0.20578,0.001506,0.018515,317.86773,0.270211,0.003493,0.033714,20.538005,0.0836,0.0,0.001503,0.9591518,5,5,3,1.0
GP010400_frame_000137_rain,GP010400_frame_000137_ref,train,rain,real_rain,0,0,883.105833,0.298034,0.285361,0.952941,6.953386,0.091828,0.169765,2.07561,0.0635,51.872509,8.267604,1687.832041,0.243736,0.004098,0.127475,2080.442941,0.560863,0.272541,0.13991,1448.026609,0.649676,0.374141,0.099005,104.742992,0.101023,0.0,0.012784,1556.811353,0.359004,0.086007,0.094174,865.07392,0.282054,0.089032,0.059504,28.47568,0.112778,0.0,0.00179,93.963026,0.250451,0.0,0.012451,115.730538,0.1217,0.0,0.023029,0.95913804,1,1,1,1.0
GP010400_frame_000141_rain,GP010400_frame_000141_ref,train,rain,real_rain,0,0,839.093468,0.271103,0.233077,0.870588,7.002296,0.041021,0.07755,2.126241,0.061291,49.628536,13.065745,1065.054625,0.295549,0.03973,0.082844,2180.679774,0.576922,0.252508,0.154645,2259.498942,0.332764,0.013144,0.146409,289.633131,0.183146,1e-05,0.040992,1492.413886,0.344599,0.063593,0.099912,108.959698,0.16062,0.0,0.009543,22.049242,0.143869,0.0,0.001673,130.390962,0.288456,1e-05,0.013778,23.160594,0.113559,0.0,0.000361,0.97557396,0,0,1,
GP010400_frame_000145_rain,GP010400_frame_000145_ref,train,rain,real_rain,0,0,540.827442,0.352871,0.296334,0.956863,7.084429,0.115521,0.117307,1.669198,0.055398,42.006779,11.96557,1312.744292,0.624005,0.257394,0.150616,981.003126,0.774905,0.600664,0.084543,287.069671,0.137237,0.005474,0.0379,611.752125,0.263114,2.9e-05,0.074677,1300.533672,0.433064,0.175605,0.090174,109.102142,0.18026,0.0,0.028191,103.160425,0.217551,0.0,0.009487,157.634341,0.352987,0.000312,0.02018,26.978005,0.192822,0.0,0.001434,0.99071825,0,0,2,
GP010400_frame_000149_rain,GP010400_frame_000149_ref,train,rain,real_rain,0,0,533.396697,0.421821,0.303821,0.882353,7.149579,0.094185,0.005266,1.67466,0.048979,37.702087,11.821879,560.748697,0.72551,0.051868,0.049384,1613.23729,0.860839,0.517945,0.11413,519.8268,0.447752,0.121555,0.070902,383.989206,0.27046,0.0,0.053609,1217.649288,0.476236,0.154694,0.089403,223.726871,0.245549,0.0,0.035178,38.895377,0.219658,0.0,0.002259,220.693648,0.382868,0.001064,0.024629,39.849433,0.167396,0.0,0.000312,0.9642063,0,0,2,
GP010400_frame_000154_rain,GP010400_frame_000154_ref,train,rain,real_rain,0,0,455.570203,0.472795,0.342974,0.878431,6.727112,0.160133,0.005305,1.354544,0.037631,33.133873,7.229518,942.471541,0.776676,0.000479,0.05221,70.326741,0.964748,0.589842,0.005991,381.411874,0.765338,0.645141,0.059133,547.200163,0.308044,0.0,0.056054,1441.98632,0.455229,0.180952,0.07138,416.314439,0.258905,0.023663,0.05603,73.310875,0.217155,0.0,0.009849,160.980685,0.29533,0.0,0.017925,79.087301,0.213457,0.0,0.008528,0.9294105,1,1,0,1.0
GP010400_frame_000159_rain,GP010400_frame_000159_ref,train,rain,real_rain,0,0,770.645157,0.317338,0.313075,0.960784,7.141036,0.074122,0.208838,1.872914,0.053388,44.701427,7.55887,1680.579258,0.415872,0.000313,0.114544,635.534625,0.817695,0.50966,0.032884,1772.812756,0.235492,0.034465,0.091501,943.50842,0.301032,2.9e-05,0.109223,1163.215509,0.445736,0.121975,0.072551,536.294451,0.100509,0.000117,0.032553,62.646457,0.20609,0.0,0.008852,155.953015,0.282039,2e-05,0.017662,10.175011,0.051511,0.0,0.0,0.9531029,3,3,3,1.0
GP010400_frame_000169_rain,GP010400_frame_000169_ref,train,rain,real_rain,0,0,745.926448,0.258668,0.274149,0.94902,6.94042,0.056774,0.265974,1.916397,0.055794,46.316525,10.054684,1036.314769,0.1946,0.0,0.090346,1628.955887,0.703184,0.397521,0.098556,1748.85339,0.180721,0.007836,0.092486,221.394562,0.092295,0.0,0.027983,1171.906457,0.379992,0.102986,0.072736,248.79046,0.203017,1e-05,0.038281,90.270696,0.109331,0.000196,0.009302,420.125873,0.310473,0.00202,0.04555,179.704811,0.153505,0.0,0.025371,0.97354066,8,8,0,1.0
GP010400_frame_000174_rain,GP010400_frame_000174_ref,train,rain,real_rain,0,0,296.634604,0.279562,0.262798,0.878431,7.221449,0.023167,0.160109,1.383361,0.032224,28.532976,12.397845,946.019912,0.498493,0.0,0.08972,84.205853,0.710855,0.180152,0.008548,174.526624,0.172082,0.028132,0.023409,156.768663,0.102051,0.0,0.022604,871.375926,0.244829,5.9e-05,0.070023,213.698296,0.229876,0.0,0.050146,43.30172,0.170232,0.0,0.003296,137.427244,0.240747,0.0,0.013573,49.654206,0.146733,0.0,0.006313,0.98309064,1,1,1,1.0
GP010400_frame_000179_rain,GP010400_frame_000179_ref,train,rain,real_rain,0,0,935.485197,0.251066,0.210125,0.721569,7.035942,0.022619,0.096585,2.196988,0.067768,50.933067,11.532793,1891.081285,0.394516,0.0,0.177093,3473.700362,0.430399,0.094155,0.192379,974.170101,0.33492,0.068228,0.058675,338.945788,0.172403,0.0,0.046508,1392.502768,0.292761,0.040691,0.094711,189.104232,0.145622,0.000342,0.020004,53.685229,0.13977,0.0,0.003326,106.783388,0.238621,0.0,0.010685,33.559218,0.110471,0.0,0.004323,0.9739689,2,2,2,1.0
GP010400_frame_000184_rain,GP010400_frame_000184_ref,train,rain,real_rain,0,0,852.766028,0.342367,0.291799,0.913725,6.964142,0.097093,0.044358,2.178963,0.069847,48.787613,8.54217,1131.108974,0.398616,0.000411,0.132473,2335.558462,0.811376,0.557836,0.135461,939.494696,0.423125,0.262149,0.066794,503.779371,0.224437,0.0,0.04955,2191.261994,0.416412,0.050761,0.162246,322.546327,0.252081,0.002,0.041794,27.925195,0.164295,0.0,0.000822,174.000897,0.245268,0.0,0.024346,73.155435,0.145136,0.0,0.013164,0.93677455,5,5,2,1.0
GP010400_frame_000189_rain,GP010400_frame_000189_ref,train,rain,real_rain,0,0,866.37952,0.347323,0.295177,0.929412,7.400749,0.05303,0.123985,2.107077,0.066711,50.233994,9.574371,1304.043015,0.675479,0.00088,0.103687,2824.481422,0.635625,0.283324,0.18224,1249.828062,0.315197,0.036934,0.095316,550.3712,0.345235,0.0,0.054793,1331.038481,0.479464,0.154625,0.111368,354.04545,0.122573,5.9e-05,0.027625,59.351248,0.16688,0.0,0.007287,136.084127,0.308369,0.001073,0.016618,18.602205,0.077427,0.0,0.000371,1.0,1,1,0,1.0
GP010400_frame_000194_rain,GP010400_frame_000194_ref,train,rain,real_rain,0,0,827.464559,0.358028,0.304773,0.913725,7.460219,0.042138,0.111466,1.782271,0.057873,44.907776,7.62885,331.239675,0.755756,0.022897,0.040004,4162.847121,0.5943,0.237802,0.204859,401.528195,0.210839,0.066247,0.026269,519.963375,0.41771,0.003228,0.069484,1627.054451,0.49831,0.048819,0.109582,78.781703,0.113712,0.0,0.013593,78.98547,0.246202,0.0,0.012295,240.267676,0.300416,1e-05,0.0375,33.801269,0.085814,0.0,0.005669,0.9646935,2,2,2,1.0
GP010400_frame_000420_rain,GP010400_frame_000420_ref,train,rain,real_rain,0,0,344.042154,0.237814,0.301996,0.964706,6.307999,0.095446,0.364197,1.172961,0.024665,27.197088,6.971346,253.223818,0.076171,0.000372,0.018642,1338.905669,0.853061,0.714286,0.071253,368.276521,0.327998,0.141442,0.042418,71.421311,0.083782,0.0,0.005399,822.09738,0.334376,0.002244,0.05808,60.632978,0.077212,0.0,0.006187,24.44017,0.09397,0.0,0.0,119.476176,0.20992,0.0,0.013495,46.795578,0.082764,0.0,0.004791,0.94108367,1,1,2,1.0
GP010400_frame_000425_rain,GP010400_frame_000425_ref,train,rain,real_rain,0,0,717.399048,0.339928,0.306224,0.945098,6.990551,0.119524,0.143926,1.873612,0.056408,46.222717,7.546992,1968.858416,0.204557,0.023063,0.092263,1569.611684,0.756023,0.559612,0.09999,1328.905747,0.484961,0.18627,0.14879,247.906719,0.151843,0.016187,0.028629,747.627439,0.581188,0.249834,0.072492,358.145376,0.258186,0.039842,0.039286,27.238268,0.118389,0.0,0.001301,189.941162,0.365475,0.000156,0.019819,41.045083,0.137453,0.0,0.003806,0.95493644,2,2,1,1.0
GP010400_frame_000430_rain,GP010400_frame_000430_ref,train,rain,real_rain,0,0,281.768085,0.349313,0.32757,0.92549,6.609306,0.142234,0.080653,1.141067,0.027054,28.931616,9.586763,788.472029,0.348632,0.115395,0.068466,361.784237,0.968214,0.806489,0.030669,284.791856,0.512441,0.354616,0.026434,91.723615,0.146025,0.0,0.006397,539.858992,0.466394,0.000429,0.061095,168.645263,0.134296,0.0,0.018462,36.947817,0.144596,0.0,0.000978,241.751309,0.302024,0.002449,0.025322,43.283762,0.120236,0.0,0.004811,0.97625756,1,1,2,1.0
GP010400_frame_000447_rain,GP010400_frame_000447_ref,train,rain,real_rain,0,0,355.691926,0.31652,0.272547,0.917647,6.877441,0.07367,0.053531,1.407318,0.034728,31.772213,10.288027,811.802219,0.306013,0.060368,0.071714,390.020845,0.838409,0.48993,0.039842,927.806964,0.389769,0.112295,0.084856,76.962563,0.176247,0.0,0.014339,632.290227,0.31552,5.9e-05,0.053474,176.379251,0.188919,0.0,0.023595,60.143378,0.219176,0.0,0.009605,61.156313,0.245534,0.0,0.003367,70.084861,0.168515,0.0,0.010275,0.9857027,3,3,1,1.0
GP010400_frame_000452_rain,GP010400_frame_000452_ref,train,rain,real_rain,0,0,290.399046,0.304258,0.215769,0.870588,6.505112,0.066066,0.001404,1.347259,0.031055,31.403709,8.908152,513.023544,0.281264,0.011835,0.056954,660.827354,0.741815,0.541579,0.071956,961.60049,0.311508,0.035324,0.093609,47.140085,0.172216,0.0,0.001673,187.435522,0.285414,0.005416,0.0274,114.860653,0.18957,0.0,0.01937,30.636881,0.232608,0.0,0.00046,62.554017,0.303347,0.0,0.002615,43.120521,0.220051,0.0,0.004147,0.96747893,0,0,0,
GP010400_frame_000459_rain,GP010400_frame_000459_ref,train,rain,real_rain,0,0,550.725266,0.396283,0.320456,0.905882,6.621707,0.17804,0.027044,1.698101,0.044935,39.478729,11.21147,1654.372345,0.251359,0.025998,0.087334,628.760381,0.958042,0.882797,0.040808,945.978626,0.513755,0.328318,0.072619,239.764729,0.188635,6.8e-05,0.024384,801.317688,0.647673,0.363437,0.081128,196.031403,0.173767,0.000537,0.032884,99.207731,0.236723,0.0,0.016178,327.946127,0.421447,2e-05,0.041462,73.918157,0.173952,0.0,0.005835,0.9689338,3,3,0,1.0
GP010400_frame_000479_rain,GP010400_frame_000479_ref,train,rain,real_rain,0,0,549.961783,0.328748,0.332362,0.94902,6.857832,0.09746,0.178726,1.457991,0.036722,33.362541,9.983186,1368.897496,0.109044,0.007355,0.051682,1573.361991,0.829408,0.364578,0.073634,455.585592,0.673429,0.457465,0.059397,187.439074,0.107127,0.0,0.02189,725.32738,0.462322,0.01774,0.051054,190.327894,0.267597,0.027596,0.026083,53.166773,0.142413,0.0,0.009302,323.210424,0.207078,0.001737,0.027703,89.42302,0.158845,0.0,0.008538,0.9902792,1,1,0,1.0
GP010400_frame_000493_rain,GP010400_frame_000493_ref,train,rain,real_rain,0,0,470.913302,0.41276,0.341657,0.894118,7.034774,0.028723,0.052408,1.364947,0.03969,34.820454,10.967185,1300.86661,0.312941,0.054255,0.073709,311.260638,0.934272,0.089256,0.024922,607.442436,0.914629,0.114042,0.045082,333.048057,0.220997,0.0,0.043691,1111.063763,0.495269,2.9e-05,0.105016,314.856635,0.28106,0.000849,0.02945,52.317189,0.171453,0.0,0.008128,170.938349,0.253373,0.0,0.020453,54.273985,0.129596,0.0,0.003542,0.9796052,1,1,1,1.0
GP010400_frame_000501_rain,GP010400_frame_000501_ref,train,rain,real_rain,0,0,295.682599,0.311989,0.323767,0.937255,6.850164,0.045315,0.20861,1.119284,0.027862,25.546871,9.153359,143.552723,0.070198,0.000117,0.012627,1230.074398,0.579874,0.331987,0.084846,206.634849,0.943963,0.075312,0.024639,31.795633,0.078257,0.0,0.001712,664.211065,0.234922,8.8e-05,0.063212,238.111456,0.426716,1e-05,0.048575,17.150429,0.098362,0.0,0.000274,100.558264,0.191068,0.0,0.009582,38.131205,0.182924,0.0,0.004157,0.9631808,0,0,0,
GP010400_frame_000507_rain,GP010400_frame_000507_ref,train,rain,real_rain,0,0,661.281636,0.309308,0.290461,0.94902,6.8964,0.10502,0.147407,1.771291,0.048063,43.354599,9.80512,629.552442,0.693206,0.531191,0.05002,2981.649219,0.61865,0.373868,0.140027,383.027061,0.157045,0.004694,0.038164,840.656329,0.384122,0.030067,0.093535,737.917195,0.255171,0.002137,0.063525,32.280376,0.081532,0.0,0.002264,284.050019,0.322595,0.003805,0.039378,75.670082,0.178339,0.0,0.004528,22.835119,0.094213,0.0,0.0,0.9799018,2,2,1,1.0
GP010400_frame_000513_rain,GP010400_frame_000513_ref,train,rain,real_rain,0,0,513.271452,0.347508,0.292493,0.937255,6.966726,0.119563,0.119608,1.686387,0.05363,40.555611,19.212561,898.572826,0.782244,0.565698,0.088371,1495.442994,0.544591,0.350234,0.097092,285.535518,0.173501,1e-05,0.047346,424.308075,0.291018,0.001389,0.061395,860.316725,0.472333,0.159221,0.075888,84.05671,0.091931,0.0,0.017067,293.687056,0.290911,0.0,0.053922,267.976382,0.365225,0.0,0.036485,33.472797,0.116571,0.0,0.003357,0.9903404,0,0,3,
GP010400_frame_000519_rain,GP010400_frame_000519_ref,train,rain,real_rain,0,0,332.002157,0.413666,0.297202,0.870588,6.950232,0.096418,0.002921,1.342389,0.044749,33.329933,15.516404,704.128752,0.685944,0.182101,0.067772,323.098022,0.942796,0.598253,0.029498,290.243142,0.387652,0.085841,0.048673,519.837059,0.286713,0.0,0.096987,489.741792,0.420479,0.00081,0.061231,219.102003,0.305075,0.000507,0.04194,64.789749,0.198716,0.0,0.00761,288.037665,0.260246,0.0,0.032445,100.508276,0.235213,0.0,0.014715,0.9626041,7,7,0,1.0
GP010400_frame_000527_rain,GP010400_frame_000527_ref,train,rain,real_rain,0,0,467.634588,0.401186,0.315867,0.894118,6.794218,0.146355,0.018242,1.494559,0.044022,36.16468,7.812812,534.959761,0.631547,0.298934,0.064613,524.74699,0.913822,0.808382,0.040769,1475.481036,0.576621,0.20927,0.100507,126.717156,0.266697,0.0,0.02456,856.016814,0.391813,0.000283,0.085773,426.782164,0.225693,0.0,0.043316,34.018405,0.157495,0.0,0.001223,183.339243,0.271927,0.0,0.026366,63.262735,0.174717,0.0,0.006665,0.9526843,2,2,1,1.0
GP010400_frame_000533_rain,GP010400_frame_000533_ref,train,rain,real_rain,0,0,867.407833,0.24132,0.267576,0.972549,6.891248,0.058816,0.325435,2.028726,0.050378,42.588337,10.438865,1486.079176,0.670497,0.311952,0.110622,3216.781624,0.402155,0.180006,0.138203,725.632618,0.075853,0.003747,0.040466,361.816146,0.202271,1e-05,0.033324,1677.465296,0.26519,0.033772,0.094184,15.6606,0.041693,0.0,0.000595,123.549703,0.185883,0.0,0.014417,210.787597,0.270605,0.000176,0.019438,14.848592,0.058516,0.0,0.000429,0.980515,2,2,3,1.0
GP010400_frame_000538_rain,GP010400_frame_000538_ref,train,rain,real_rain,0,0,348.647621,0.407399,0.31781,0.894118,6.856919,0.137855,0.021642,1.280618,0.038405,30.948303,13.276227,667.259971,0.518979,0.282561,0.066158,311.649016,0.943656,0.755943,0.028162,581.293304,0.487963,0.195482,0.063886,132.491089,0.167552,0.0,0.015532,779.758789,0.549027,0.000507,0.0754,189.627306,0.230279,0.0,0.034582,139.070677,0.176492,0.001164,0.016989,284.018676,0.376927,0.004733,0.03063,68.531772,0.214879,0.0,0.011105,0.9685023,6,3,3,0.5
GP010400_frame_000543_rain,GP010400_frame_000543_ref,train,rain,real_rain,0,0,248.747431,0.481849,0.299984,0.85098,7.483908,0.069806,0.001842,1.039802,0.036645,28.468451,9.900864,301.194315,0.760704,0.192234,0.02947,320.751629,0.861717,0.432523,0.041608,316.267603,0.671456,0.0008,0.051795,380.709459,0.49885,0.0,0.054108,381.025117,0.447527,1e-05,0.06289,217.839872,0.338189,0.0,0.042369,109.808166,0.275913,1e-05,0.016256,158.8599,0.293914,0.002635,0.01654,62.785122,0.188586,0.0,0.01171,0.98045564,6,6,4,1.0
GP010400_frame_000548_rain,GP010400_frame_000548_ref,train,rain,real_rain,0,0,216.771472,0.33491,0.326337,0.941176,7.159723,0.056788,0.143342,0.949562,0.022509,22.513077,17.299866,389.163823,0.732067,0.132756,0.031299,335.2166,0.818,0.371995,0.028035,275.673482,0.275742,0.006255,0.037881,279.636348,0.220552,0.0,0.039192,436.392828,0.412434,0.0,0.043472,39.840925,0.096272,0.0,0.005669,37.699342,0.150052,0.0,0.001868,83.889646,0.199731,0.0,0.004938,81.594662,0.109571,0.0,0.009241,0.95268184,2,2,2,1.0
GP010400_frame_000553_rain,GP010400_frame_000553_ref,train,rain,real_rain,0,0,262.108205,0.366765,0.311046,0.901961,6.986704,0.06988,0.032518,1.059191,0.031616,27.196661,11.933389,820.298454,0.67623,0.195423,0.085006,184.348525,0.939807,0.399102,0.016764,305.676914,0.24065,0.034358,0.047297,255.538012,0.211516,0.0,0.037647,532.684353,0.468628,0.0,0.056284,93.367042,0.192559,0.0,0.018765,41.775153,0.173367,0.0,0.00491,95.361168,0.278406,0.0,0.010958,36.330741,0.119627,0.0,0.004479,0.9844688,2,2,1,1.0
GP010400_frame_000558_rain,GP010400_frame_000558_ref,train,rain,real_rain,0,0,334.844958,0.337317,0.311157,0.929412,7.114706,0.071325,0.109286,1.306475,0.039579,31.457939,11.954945,598.145266,0.653164,0.236121,0.0692,648.787722,0.818946,0.377732,0.080699,556.585791,0.286653,0.027996,0.085314,161.261278,0.155112,0.0,0.015737,800.802437,0.472131,1e-05,0.072951,71.937656,0.114283,0.0,0.010109,29.821055,0.144722,0.0,0.001751,139.110417,0.296078,0.000117,0.016393,17.68464,0.094629,0.0,0.002586,0.9847249,2,2,2,1.0
GP010400_frame_000563_rain,GP010400_frame_000563_ref,train,rain,real_rain,0,0,333.314917,0.359706,0.312252,0.905882,7.40328,0.02378,0.112453,1.306325,0.039539,32.496479,8.15908,812.386969,0.510401,0.017185,0.069699,150.16407,0.928178,0.166891,0.016842,480.20867,0.267608,0.028396,0.074698,352.345026,0.20216,0.0,0.036365,470.162967,0.501604,0.0,0.049034,440.675568,0.232333,0.0,0.071516,169.487448,0.193296,0.001428,0.021371,97.607375,0.282717,0.0,0.010304,40.148584,0.118657,0.0,0.003503,0.99047256,2,2,0,1.0
GP010400_frame_000568_rain,GP010400_frame_000568_ref,train,rain,real_rain,0,0,426.330416,0.347231,0.296564,0.909804,7.225825,0.050777,0.075293,1.355646,0.038774,33.123154,13.592907,1921.622662,0.363339,0.014877,0.124834,122.467298,0.94773,0.39194,0.0109,455.19934,0.287375,0.049844,0.047512,462.44644,0.213668,0.0,0.047956,544.456129,0.509997,1e-05,0.070531,159.366342,0.198986,0.0,0.023253,42.175948,0.172211,0.0,0.004157,97.776747,0.291469,0.0,0.009299,52.060403,0.139615,0.0,0.00928,1.0,2,1,2,0.5
GP010400_frame_000580_rain,GP010400_frame_000580_ref,train,rain,real_rain,0,0,302.612803,0.411415,0.32303,0.882353,7.183916,0.033073,0.033303,1.099097,0.03454,29.84202,10.678699,485.079669,0.66441,0.000792,0.05983,6.215225,0.958016,0.171126,0.000332,819.923996,0.419219,0.105318,0.076308,345.168435,0.361664,0.0,0.068545,654.135158,0.503375,0.020189,0.053659,107.7238,0.13517,0.0,0.010461,91.247144,0.218883,0.0,0.016843,161.818177,0.301348,0.0,0.018062,61.702607,0.140677,0.0,0.005874,0.98084795,5,4,0,0.8
GP010400_frame_000597_rain,GP010400_frame_000597_ref,train,rain,real_rain,0,0,450.452342,0.401506,0.325985,0.870588,7.023442,0.016111,0.024725,1.312987,0.045521,36.177975,9.619175,1223.462892,0.50997,0.000205,0.098298,531.125105,0.831735,0.050693,0.044877,420.221047,0.768761,0.093208,0.04394,325.07335,0.159401,0.0,0.036698,879.393088,0.383727,0.000137,0.080796,357.986264,0.325863,0.000644,0.060607,29.083387,0.179577,0.0,0.000665,156.356235,0.277229,0.0,0.01975,156.298227,0.176455,0.0,0.022199,0.9458701,3,3,3,1.0
GP010400_frame_000605_rain,GP010400_frame_000605_ref,train,rain,real_rain,0,0,228.191879,0.385746,0.297801,0.854902,7.28423,0.000146,0.074464,1.027417,0.033341,27.070391,8.315804,351.132649,0.682911,0.001056,0.043682,267.615622,0.794613,0.0,0.026181,185.577312,0.28371,0.0,0.04235,412.747063,0.409217,0.000235,0.057062,488.720112,0.516539,1e-05,0.077469,64.381709,0.162851,0.0,0.010724,101.155474,0.227409,0.0,0.016129,177.58144,0.296004,2e-05,0.022668,9.840422,0.098842,0.0,0.000712,0.9447464,1,1,2,1.0
GP010400_frame_000610_rain,GP010400_frame_000610_ref,train,rain,real_rain,0,0,241.797322,0.429586,0.273396,0.8,7.163482,0.000191,0.007276,0.985788,0.031304,26.285671,23.613543,626.189358,0.681882,0.001183,0.058236,182.240024,0.828271,1e-05,0.019653,53.490872,0.489673,0.0,0.013427,322.110259,0.377259,0.000196,0.043995,593.451931,0.465816,0.000205,0.072063,130.967428,0.32771,0.0,0.036827,95.943426,0.217918,0.0,0.016618,166.865519,0.278792,0.000127,0.017496,18.299878,0.198923,0.0,0.000907,0.95646626,0,0,1,
GP010402_frame_000001_rain,GP010402_frame_000001_ref,train,rain,real_rain,0,0,587.861234,0.403462,0.266384,0.737255,7.223928,5e-05,0.054747,1.593905,0.0626,43.292618,13.049742,1337.661915,0.439202,0.0,0.097936,411.078772,0.727193,0.0,0.026044,290.645922,0.604788,0.0,0.045423,847.018237,0.28455,0.0,0.070413,1120.394414,0.531552,0.0,0.098361,229.953808,0.284084,0.0,0.041442,390.685338,0.232493,0.000342,0.064544,382.206578,0.253902,0.000107,0.05361,307.227556,0.272802,0.0,0.061778,0.970633,10,10,5,1.0
GP010402_frame_000006_rain,GP010402_frame_000006_ref,train,rain,real_rain,0,0,970.615035,0.408221,0.281289,0.807843,7.464718,2.2e-05,0.059285,2.276407,0.104786,66.040901,15.394604,2542.691839,0.384591,0.0,0.204323,1339.856105,0.741755,0.0,0.10482,462.825507,0.608055,0.0,0.05847,1154.513933,0.337115,0.0,0.091461,1404.153575,0.518408,0.0,0.11209,584.084116,0.401274,0.0,0.125117,227.582704,0.20228,2e-05,0.049707,525.971176,0.271537,0.000176,0.074024,530.598505,0.208269,0.0,0.11975,0.9465259,11,8,9,0.7273
GP010402_frame_000011_rain,GP010402_frame_000011_ref,train,rain,real_rain,0,0,1139.702425,0.416838,0.300535,0.847059,7.49622,4.1e-05,0.060384,2.41521,0.097205,65.429298,14.600203,3461.253618,0.613303,3.9e-05,0.243359,1820.332544,0.779265,0.000195,0.11856,475.975653,0.510612,0.0,0.063417,1854.390637,0.320181,0.0,0.14284,1469.508741,0.549476,0.0,0.115769,459.39015,0.377301,0.0,0.071214,227.858147,0.222289,9.8e-05,0.039916,389.998582,0.258117,3.9e-05,0.04918,165.845142,0.120779,0.0,0.028425,0.9773305,4,2,4,0.5
GP010402_frame_000016_rain,GP010402_frame_000016_ref,train,rain,real_rain,0,0,627.462835,0.437233,0.294915,0.827451,7.485406,1.8e-05,0.068575,1.585839,0.066056,46.692604,11.006585,1213.863673,0.69048,0.0,0.103189,115.837616,0.861609,0.0,0.011446,387.200266,0.480369,0.0,0.057104,1908.822336,0.33396,0.0,0.137989,730.052282,0.620393,0.0,0.082104,562.818384,0.335065,0.0,0.080991,255.080467,0.240154,0.000166,0.040131,432.144731,0.264487,0.0,0.059904,78.080883,0.108474,0.0,0.019506,0.9868033,5,5,2,1.0
GP010402_frame_000036_rain,GP010402_frame_000036_ref,train,rain,real_rain,0,0,482.264742,0.464145,0.318726,0.8,6.977,1e-06,0.065226,1.407301,0.059133,39.785931,17.694359,214.587623,0.807831,0.0,0.020687,74.949996,0.855766,0.0,0.004606,341.88968,0.80924,0.0,0.031957,900.530268,0.328219,0.0,0.114349,1034.483205,0.542076,1e-05,0.08508,704.969475,0.189731,0.0,0.081918,388.686793,0.265597,0.0,0.072574,542.364672,0.240419,0.0,0.092857,162.141549,0.138445,0.0,0.024698,0.9732599,5,5,2,1.0
GP010402_frame_000045_rain,GP010402_frame_000045_ref,train,rain,real_rain,0,0,678.711336,0.388275,0.257369,0.807843,7.199218,1.7e-05,0.031999,2.048443,0.079191,49.913219,16.880379,1223.27204,0.555594,0.0,0.113996,701.258432,0.823757,0.0,0.048205,546.551032,0.457425,0.0,0.06853,702.244865,0.206175,0.0,0.108549,1701.113335,0.363838,0.0,0.147414,506.782152,0.374302,0.0,0.086719,238.581101,0.210828,7.8e-05,0.044709,363.818408,0.256207,7.8e-05,0.052762,160.858201,0.245897,0.0,0.037363,0.96339214,4,4,1,1.0
GP010402_frame_000051_rain,GP010402_frame_000051_ref,train,rain,real_rain,0,0,1094.548352,0.381478,0.312191,0.94902,7.091927,0.138798,0.117386,2.478538,0.10284,66.115303,12.501425,892.7269,0.767793,0.561581,0.105644,2803.085142,0.603674,0.364374,0.158753,619.694759,0.148728,0.002274,0.098663,1131.270358,0.371336,0.101448,0.141657,3014.945994,0.513463,0.219955,0.170355,400.892708,0.208216,0.0,0.081909,331.691868,0.286667,2.9e-05,0.061698,552.48476,0.390862,9.8e-05,0.071214,149.718165,0.143225,0.0,0.032914,0.94419664,4,4,4,1.0
GP010402_frame_000058_rain,GP010402_frame_000058_ref,train,rain,real_rain,0,0,375.305538,0.470254,0.330925,0.858824,7.101968,1e-05,0.068927,1.170625,0.043934,32.720997,12.28701,729.183014,0.788097,0.0,0.051272,47.10596,0.921945,0.0,0.004479,293.431443,0.586938,0.0,0.044779,610.890833,0.368709,0.0,0.075802,520.770435,0.642841,5.9e-05,0.052576,652.790679,0.342669,0.0,0.070638,143.346665,0.214807,2.9e-05,0.029607,331.0506,0.25926,0.0,0.047482,63.856557,0.106924,0.0,0.016754,0.95419383,3,3,1,1.0
GP010402_frame_000078_rain,GP010402_frame_000078_ref,train,rain,real_rain,0,0,393.587088,0.454626,0.325037,0.807843,7.023272,4.9e-05,0.081725,1.345795,0.05115,35.305195,21.6413,302.512719,0.812926,0.0,0.018985,67.459158,0.863381,0.0,0.004859,602.942151,0.70867,0.0,0.076473,659.870156,0.405185,0.0,0.086365,428.317129,0.570514,0.0,0.053923,777.943759,0.231696,0.0,0.089364,235.518077,0.201813,0.0,0.047643,309.538487,0.162189,0.000439,0.050839,174.173839,0.135391,0.0,0.029625,0.97593236,1,0,1,0.0
GP010402_frame_000098_rain,GP010402_frame_000098_ref,train,rain,real_rain,0,0,388.439574,0.359887,0.293008,0.839216,7.030287,2e-06,0.079808,1.388239,0.04897,34.160618,12.504795,1278.930273,0.473046,0.0,0.123689,98.691514,0.846202,0.0,0.012315,241.122704,0.229013,0.0,0.044955,848.922038,0.242932,0.0,0.099883,370.265371,0.630651,0.0,0.045121,206.732178,0.188619,0.0,0.045706,110.454401,0.191054,0.0,0.013556,279.02424,0.311484,2e-05,0.042769,77.278007,0.125581,0.0,0.010295,0.9926119,0,0,5,
GP010402_frame_000104_rain,GP010402_frame_000104_ref,train,rain,real_rain,0,0,397.711402,0.47175,0.312833,0.819608,7.131351,9e-06,0.044701,1.319759,0.054658,35.129887,14.243322,1147.260754,0.576077,0.0,0.109693,29.009543,0.898255,0.0,0.001737,135.140856,0.817908,0.0,0.012344,756.116102,0.37535,0.0,0.130829,367.31237,0.532304,0.0,0.042281,447.994585,0.311496,0.0,0.071653,246.51562,0.234119,0.0,0.046479,341.891867,0.29903,7.8e-05,0.054811,119.736063,0.200672,0.0,0.019565,0.9758907,6,6,7,1.0
GP010402_frame_000111_rain,GP010402_frame_000111_ref,train,rain,real_rain,0,0,527.691352,0.475993,0.310742,0.823529,7.185178,2.5e-05,0.047386,1.454652,0.068308,42.02718,14.90055,559.222682,0.716519,0.0,0.067733,53.283009,0.895918,0.0,0.002147,639.557177,0.735855,0.0,0.054352,775.811394,0.376862,0.0,0.122467,791.084556,0.527626,0.000215,0.099053,1083.458615,0.343972,0.0,0.129323,178.980241,0.222661,0.0,0.027103,448.505742,0.239236,1e-05,0.060724,234.179737,0.225026,0.0,0.048741,0.96880776,6,5,4,0.8333
GP010402_frame_000126_rain,GP010402_frame_000126_ref,train,rain,real_rain,0,0,667.067633,0.365385,0.287619,0.898039,7.479921,0.000283,0.088868,1.637289,0.061343,45.752071,13.603312,417.0431,0.490041,0.000587,0.073846,443.632284,0.878002,0.001649,0.024102,2349.178461,0.237948,0.000263,0.159026,354.230515,0.351898,0.0,0.067557,694.681838,0.581145,4.9e-05,0.058675,1331.601479,0.188943,0.0,0.102215,57.559359,0.156164,0.0,0.009888,322.697565,0.288572,0.0,0.042623,74.607173,0.115518,0.0,0.012773,0.9721267,3,3,0,1.0
GP010402_frame_000133_rain,GP010402_frame_000133_ref,train,rain,real_rain,0,0,335.919334,0.534547,0.2953,0.780392,7.353293,0.0,0.012916,1.037415,0.050424,34.45285,12.260966,264.354433,0.845698,0.0,0.019219,106.18746,0.887459,0.0,0.007201,1.101415,0.854241,0.0,0.0,594.819353,0.243933,0.0,0.096362,844.329361,0.434949,0.0,0.105786,334.724444,0.657916,0.0,0.045667,157.921627,0.25476,0.0,0.029411,286.184735,0.298326,0.0,0.050439,453.289927,0.333037,0.0,0.098205,0.9591935,2,2,2,1.0
GP010402_frame_000142_rain,GP010402_frame_000142_ref,train,rain,real_rain,0,0,471.033754,0.473379,0.310101,0.823529,7.313828,0.0,0.050987,1.382092,0.060828,39.656754,9.279773,656.162043,0.580219,0.0,0.082473,28.92418,0.872874,0.0,0.001395,730.458341,0.834774,0.0,0.063056,786.880975,0.350206,0.0,0.143192,486.83605,0.668252,0.0,0.062598,986.365356,0.247834,0.0,0.108089,152.303128,0.2335,0.0,0.02501,328.412425,0.335867,0.0,0.046311,108.394639,0.136281,0.0,0.013164,0.956163,3,3,4,1.0
GP010402_frame_000149_rain,GP010402_frame_000149_ref,train,rain,real_rain,0,0,317.964262,0.519954,0.299045,0.815686,7.27768,9e-06,0.0333,1.043364,0.04958,32.566017,14.141147,281.05163,0.69837,0.0,0.037784,18.077996,0.889518,0.0,0.0,101.200976,0.884878,1e-05,0.007797,704.40717,0.406242,0.0,0.123151,480.886261,0.582244,6.8e-05,0.068404,606.813065,0.445052,0.0,0.085539,133.013031,0.291559,0.0,0.025489,354.301723,0.303987,0.0,0.055816,188.573146,0.177355,0.0,0.039237,0.96996427,2,2,4,1.0
GP010402_frame_000169_rain,GP010402_frame_000169_ref,train,rain,real_rain,0,0,409.129937,0.455298,0.284677,0.811765,7.437203,1e-06,0.043096,1.237112,0.052872,35.239807,9.832397,244.676753,0.807103,0.0,0.030086,617.573421,0.853769,0.0,0.050478,416.817795,0.415335,0.0,0.065584,552.431639,0.511251,0.0,0.087432,807.230922,0.489676,0.0,0.071819,403.629612,0.248825,0.0,0.053581,246.470198,0.314703,1e-05,0.043564,311.634287,0.270409,0.0,0.049278,98.88222,0.187234,0.0,0.021731,0.9751006,3,2,4,0.6667
GP010402_frame_000177_rain,GP010402_frame_000177_ref,train,rain,real_rain,0,0,245.858973,0.458054,0.282786,0.784314,7.300622,1e-06,0.026047,0.945825,0.039066,30.000826,9.428614,123.014048,0.766841,0.0,0.015023,35.315008,0.880099,0.0,0.002361,141.507389,0.444465,0.0,0.028093,477.43619,0.397694,0.0,0.064515,505.359928,0.622931,0.0,0.069653,271.60119,0.264503,0.0,0.049366,61.662191,0.205746,0.0,0.008372,285.082992,0.322634,1e-05,0.044321,319.848399,0.217563,0.0,0.067574,0.9690988,3,3,0,1.0
GP010402_frame_000183_rain,GP010402_frame_000183_ref,train,rain,real_rain,0,0,386.261661,0.413712,0.278032,0.835294,7.393397,4.3e-05,0.062734,1.258548,0.061644,38.322956,17.456589,408.700985,0.806226,0.0,0.039221,388.493698,0.735364,0.0,0.052127,374.251465,0.288069,0.0,0.079011,618.763359,0.364045,0.0,0.095853,572.848357,0.562652,0.0,0.085646,306.445767,0.232201,0.0,0.059807,341.63836,0.246375,0.000352,0.049482,363.143427,0.313401,3.9e-05,0.068247,124.253424,0.17549,0.0,0.023595,0.9859453,5,4,7,0.8
GP010402_frame_000189_rain,GP010402_frame_000189_ref,train,rain,real_rain,0,0,414.080363,0.379184,0.276484,0.843137,7.395624,8e-05,0.068447,1.427282,0.061438,38.578293,14.379004,916.9026,0.566576,0.0,0.108343,99.352181,0.868897,0.000146,0.009416,267.960965,0.314207,2.9e-05,0.048253,849.637825,0.266463,0.0,0.134448,677.293325,0.548986,0.0,0.090086,308.796428,0.228857,0.0,0.046077,249.059807,0.206496,0.000548,0.048768,253.753208,0.267658,0.0,0.044292,115.220726,0.144287,0.0,0.020726,0.97834057,4,2,5,0.5
GP010402_frame_000194_rain,GP010402_frame_000194_ref,train,rain,real_rain,0,0,611.135118,0.367025,0.273896,0.890196,7.380357,0.008811,0.060132,1.536569,0.065145,47.309372,12.285524,931.91771,0.587971,0.004656,0.095804,1552.15165,0.7312,0.067838,0.092399,448.872931,0.302403,0.0,0.065037,518.706531,0.288672,0.0,0.080741,1399.191384,0.471449,0.006753,0.130991,245.874615,0.32161,0.0,0.043999,111.951479,0.185108,0.0,0.020579,227.665397,0.249769,0.0,0.039471,85.998126,0.164953,0.0,0.015603,0.9870911,4,4,0,1.0
GP010402_frame_000200_rain,GP010402_frame_000200_ref,train,rain,real_rain,0,0,730.80596,0.4167,0.320796,0.921569,7.390397,0.06644,0.074915,1.65352,0.070372,48.165043,12.925255,694.210019,0.858359,0.016373,0.045696,1515.120653,0.839489,0.548936,0.062402,822.792288,0.247424,0.007562,0.100224,692.142679,0.345425,0.000284,0.084703,1707.762382,0.523726,0.024151,0.132358,491.674595,0.230253,0.000146,0.084055,219.807179,0.262251,0.0,0.046655,379.045005,0.3154,7.8e-05,0.054157,103.280725,0.128477,0.0,0.019789,0.9773777,3,3,2,1.0
GP010402_frame_000220_rain,GP010402_frame_000220_ref,train,rain,real_rain,0,0,623.948404,0.377583,0.305468,0.870588,7.415748,0.000311,0.099539,1.712388,0.072613,44.161831,8.611897,753.721999,0.682059,0.0,0.068251,770.426557,0.846366,0.001366,0.044809,948.099564,0.250702,0.001366,0.086212,649.389536,0.402377,0.0,0.092557,1121.136082,0.508558,0.0,0.112412,695.36415,0.128779,0.0,0.113359,219.909474,0.220951,0.0,0.04598,382.664091,0.239885,6.8e-05,0.066003,99.157727,0.118973,0.0,0.019984,0.9547876,15,13,2,0.8667
GP010402_frame_000227_rain,GP010402_frame_000227_ref,train,rain,real_rain,0,0,331.7501,0.411182,0.305665,0.862745,7.479833,0.000148,0.051984,1.079957,0.047232,33.900948,10.454014,434.464893,0.670348,0.0,0.049482,216.305387,0.904521,2.9e-05,0.020804,702.529136,0.438449,0.001298,0.050634,309.215971,0.37403,0.0,0.061493,554.378678,0.517889,0.0,0.092242,319.35778,0.245672,0.0,0.056674,217.474011,0.209448,0.0,0.044767,173.947655,0.19488,0.0,0.035997,73.776439,0.145446,0.0,0.010744,0.97298384,0,0,0,
GP010402_frame_000233_rain,GP010402_frame_000233_ref,train,rain,real_rain,0,0,425.332544,0.418506,0.284157,0.858824,7.54572,0.000423,0.049274,1.27595,0.069045,42.647335,8.779541,470.440681,0.605797,6.8e-05,0.058998,220.303351,0.908906,0.001327,0.02139,523.289052,0.476127,0.001034,0.10847,615.170703,0.334191,0.0,0.098924,799.460582,0.556951,0.0,0.117301,406.837159,0.306597,0.0,0.077322,233.848834,0.179671,0.000577,0.034752,454.21104,0.249593,0.0008,0.073361,124.994193,0.1484,0.0,0.026151,0.9853514,6,6,6,1.0
GP010402_frame_000238_rain,GP010402_frame_000238_ref,train,rain,real_rain,0,0,430.317298,0.387077,0.270191,0.843137,7.485631,0.000142,0.033091,1.400436,0.057505,39.963989,9.716418,912.163874,0.563154,1e-05,0.063713,276.32261,0.83248,0.001142,0.034797,629.889571,0.298508,0.0,0.087744,531.09465,0.344322,1e-05,0.080067,585.562646,0.567693,0.0,0.077966,398.619669,0.254708,0.0,0.06897,125.543166,0.181785,0.0,0.021821,340.006996,0.251943,0.000117,0.060343,92.599576,0.188936,0.0,0.019282,0.96373725,4,4,3,1.0
GP010402_frame_000255_rain,GP010402_frame_000255_ref,train,rain,real_rain,0,0,384.014774,0.394343,0.307321,0.890196,7.355877,0.005426,0.069952,1.265397,0.049982,34.574886,16.621101,877.715339,0.533653,4.9e-05,0.093183,401.520292,0.912433,0.006938,0.034348,121.731832,0.610987,0.041813,0.017067,283.703656,0.213265,0.0,0.034302,761.648529,0.448742,0.0,0.085802,363.802581,0.296182,0.0,0.06693,117.436575,0.146453,0.0,0.024648,424.51215,0.218036,0.0,0.074756,120.117545,0.168662,0.0,0.016423,0.96633095,1,1,1,1.0
GP010402_frame_000259_rain,GP010402_frame_000259_ref,train,rain,real_rain,0,0,512.133933,0.338511,0.300115,0.901961,7.301209,0.020473,0.103614,1.473161,0.056667,39.428478,18.392059,1148.279909,0.559126,0.000558,0.095481,604.692816,0.900548,0.178191,0.049034,679.63569,0.227471,0.005299,0.064286,436.45242,0.148133,0.0,0.049335,1119.799252,0.443584,2.9e-05,0.116032,125.214002,0.21393,0.0,0.035109,72.10364,0.130366,0.0,0.012167,367.127576,0.240135,3.9e-05,0.068911,86.599209,0.182886,0.0,0.016052,0.98732615,1,1,0,1.0
GP010402_frame_000268_rain,GP010402_frame_000268_ref,train,rain,real_rain,0,0,367.025409,0.458298,0.286767,0.854902,7.720218,0.02887,0.02416,1.207065,0.05696,34.632465,8.787362,286.918013,0.877148,0.002034,0.031416,376.590662,0.84365,0.257601,0.039247,747.773834,0.427683,0.0,0.106274,413.014876,0.478657,0.0,0.067058,703.702335,0.49026,0.0,0.118472,309.829312,0.321884,0.0,0.057016,178.33522,0.258515,0.0,0.033588,234.695454,0.233264,0.0,0.042691,65.105724,0.19418,0.0,0.011573,0.98319644,0,0,0,
GP010402_frame_000285_rain,GP010402_frame_000285_ref,train,rain,real_rain,0,0,386.382137,0.434225,0.280673,0.858824,7.574011,0.018811,0.020811,1.287425,0.051772,34.293697,20.176552,755.779202,0.712888,0.083793,0.072193,263.747326,0.834889,0.085012,0.022375,351.913053,0.369229,0.0,0.049385,592.55022,0.391976,0.0,0.081905,679.51225,0.577327,0.0,0.078562,176.665415,0.313633,0.0,0.034563,208.344131,0.233283,0.0,0.045158,333.432074,0.284555,0.000556,0.054859,129.779234,0.190325,0.0,0.023497,0.97890943,1,1,0,1.0
GP010402_frame_000291_rain,GP010402_frame_000291_ref,train,rain,real_rain,0,0,389.730178,0.36164,0.311695,0.909804,7.393235,0.00349,0.127387,1.149137,0.044015,33.582626,11.89494,840.203155,0.800899,0.024452,0.068985,297.073819,0.794897,0.006928,0.023566,280.266062,0.126804,0.0,0.032075,637.131515,0.297091,0.0,0.0848,858.768547,0.502051,0.0,0.085646,87.013399,0.109405,0.0,0.018784,224.907011,0.220215,0.0,0.036121,279.94464,0.291228,5.9e-05,0.042916,15.308546,0.112718,0.0,0.00042,0.9920534,2,2,1,1.0
GP020400_frame_000159_rain,GP020400_frame_000159_ref,train,rain,real_rain,0,0,515.241168,0.385191,0.323905,0.905882,7.071008,0.077897,0.049551,1.471799,0.044347,37.340202,8.470128,0.53348,0.976078,0.545902,0.0,1142.710644,0.532106,0.155747,0.07057,1350.422353,0.154823,4.9e-05,0.103562,220.560931,0.474709,7.8e-05,0.024198,554.44436,0.35383,2.9e-05,0.043286,1043.130473,0.218952,0.0,0.10081,132.81588,0.284834,0.0,0.025098,159.716829,0.281843,0.0,0.024688,46.447433,0.190905,0.0,0.004908,0.91903293,0,0,1,
GP020400_frame_000169_rain,GP020400_frame_000169_ref,train,rain,real_rain,0,0,296.918542,0.39917,0.349692,0.941176,7.069372,0.122897,0.130734,1.087632,0.023588,24.484993,8.537142,590.728043,0.160267,0.033881,0.030614,403.883654,0.922207,0.691149,0.021585,63.963636,0.934153,0.379899,0.007592,20.937106,0.078275,0.0,0.000313,705.083055,0.485152,0.000361,0.058655,663.315513,0.335232,0.0,0.05888,28.164118,0.131839,0.0,0.003198,144.086018,0.332189,0.0,0.020716,61.210575,0.21128,0.0,0.010139,0.87974054,1,1,0,1.0
GP020400_frame_000176_rain,GP020400_frame_000176_ref,train,rain,real_rain,0,0,295.542,0.398475,0.338487,0.894118,7.130715,0.0236,0.060448,1.075977,0.037798,30.715425,9.590433,806.365674,0.623458,0.065649,0.065239,9.666549,0.936805,0.019418,0.000956,210.164177,0.673225,0.126678,0.022043,290.288538,0.144297,0.000176,0.052817,726.706023,0.447064,0.000283,0.092203,250.305503,0.217902,0.0,0.043687,75.881406,0.159759,0.0,0.018349,271.188479,0.257215,0.000185,0.035207,34.056232,0.125921,0.0,0.006606,0.9621552,3,2,7,0.6667
GP020400_frame_000183_rain,GP020400_frame_000183_ref,train,rain,real_rain,0,0,402.241941,0.305164,0.298081,0.945098,7.04697,0.058277,0.173036,1.277516,0.037945,30.445436,8.007665,249.874169,0.306549,0.0,0.029832,971.833826,0.812252,0.332465,0.060363,487.500833,0.394167,0.191247,0.06006,92.930623,0.073335,0.0,0.005516,1223.852894,0.361917,1e-05,0.097229,306.767518,0.225585,0.0,0.049688,27.662245,0.125856,0.0,0.003159,249.367812,0.287011,0.000361,0.032026,30.843191,0.158845,0.0,0.003103,0.9552984,4,4,5,1.0
GP020400_frame_000188_rain,GP020400_frame_000188_ref,train,rain,real_rain,0,0,598.705997,0.288294,0.259115,0.92549,7.248677,0.039699,0.166208,1.556745,0.056664,46.02269,10.913326,171.896697,0.110577,0.009341,0.008226,714.650327,0.450821,0.240437,0.044682,1662.266334,0.336204,0.074932,0.128659,739.946193,0.284523,0.001995,0.066794,858.50383,0.527623,0.029362,0.107582,746.021022,0.173124,0.0,0.074405,144.263808,0.210555,0.0,0.023817,280.196009,0.328298,0.000976,0.034036,99.848012,0.17231,0.0,0.019438,0.975092,7,6,7,0.8571
GP020400_frame_000193_rain,GP020400_frame_000193_ref,train,rain,real_rain,0,0,345.909849,0.45477,0.327725,0.909804,7.417134,0.03641,0.071715,1.012296,0.040169,32.104958,9.18165,552.901967,0.87817,0.028042,0.042997,242.004144,0.823779,0.244936,0.017642,315.295504,0.644898,0.053132,0.018735,675.21271,0.352428,0.000655,0.072799,613.656221,0.477851,1e-05,0.085744,388.955592,0.164162,2.9e-05,0.063827,108.573006,0.249313,0.0,0.021097,178.337064,0.328593,0.000693,0.021965,59.129101,0.174011,0.0,0.0133,0.9881814,3,3,4,1.0
GP020400_frame_000198_rain,GP020400_frame_000198_ref,train,rain,real_rain,0,0,301.367778,0.318322,0.226711,0.843137,7.359138,0.007565,0.054902,1.225478,0.045245,34.23785,9.602977,410.354234,0.32863,0.017655,0.040522,281.967338,0.338177,0.018833,0.033187,630.35289,0.306674,0.030181,0.111007,266.923681,0.37811,0.000293,0.039251,454.131321,0.525597,0.000527,0.062783,374.920322,0.327138,0.0,0.066384,91.01387,0.243555,0.0,0.016011,208.361021,0.306861,0.000585,0.032484,25.490849,0.110147,0.0,0.002664,0.96533775,3,3,2,1.0
GP020400_frame_000203_rain,GP020400_frame_000203_ref,train,rain,real_rain,0,0,148.927501,0.382352,0.263609,0.886275,7.256571,0.060591,0.02685,0.830871,0.022648,22.339912,9.523671,211.792126,0.59553,0.126907,0.025156,140.130806,0.822202,0.41816,0.029118,30.950765,0.285393,0.0,0.003493,238.638673,0.286274,6.8e-05,0.032707,491.020764,0.547444,5.9e-05,0.082894,30.769653,0.217021,0.0,0.003689,46.385512,0.190228,0.0,0.006974,140.353823,0.322251,0.0,0.0149,16.321673,0.174654,0.0,0.001922,0.9599058,4,3,3,0.75
GP020400_frame_000209_rain,GP020400_frame_000209_ref,train,rain,real_rain,0,0,359.683982,0.422213,0.291081,0.909804,7.385149,0.084939,0.040762,1.281497,0.051884,35.818489,13.363161,614.98125,0.566653,0.19553,0.089916,172.871858,0.956521,0.530055,0.013925,723.545612,0.464174,0.037715,0.101064,244.380848,0.231407,0.0,0.044004,728.566881,0.55527,0.00039,0.0992,366.91961,0.25576,0.0,0.066276,51.687094,0.189687,0.0,0.007042,297.450954,0.387097,0.000625,0.032963,58.09828,0.192698,0.0,0.008694,0.9762606,1,1,4,1.0
GP020400_frame_000215_rain,GP020400_frame_000215_ref,train,rain,real_rain,0,0,255.025145,0.450187,0.310901,0.870588,7.510805,0.00658,0.05297,0.953806,0.036618,28.352663,14.154295,73.484575,0.741155,0.000968,0.004695,34.696218,0.930815,0.046272,0.002586,357.605672,0.263509,0.011485,0.06007,240.531545,0.466857,0.000117,0.028443,575.292679,0.655396,4.9e-05,0.070297,587.195411,0.180304,0.0,0.094945,155.849787,0.237705,0.0,0.029519,223.096286,0.404808,0.000283,0.029342,57.85148,0.171357,0.0,0.007455,0.96541977,1,1,1,1.0
GP020400_frame_000221_rain,GP020400_frame_000221_ref,train,rain,real_rain,0,0,415.778178,0.479608,0.313634,0.807843,7.24898,0.0,0.026303,1.000557,0.038059,32.45459,7.467925,60.905409,0.859895,0.0,0.007522,513.547672,0.779864,0.0,0.038164,148.15852,0.805728,0.0,0.020667,1200.763359,0.48927,0.0,0.087921,1169.242082,0.434659,0.0,0.104342,409.980032,0.217884,0.0,0.048936,90.824145,0.2799,0.0,0.013742,147.173393,0.274126,0.0,0.019311,21.696798,0.175589,0.0,0.000254,0.91228265,2,2,1,1.0
GP020400_frame_000233_rain,GP020400_frame_000233_ref,train,rain,real_rain,0,0,170.309946,0.444927,0.261792,0.752941,7.225574,0.0,0.009901,0.779498,0.024086,21.99671,6.255224,126.012848,0.799628,0.0,0.015121,137.243628,0.731,0.0,0.019594,111.69635,0.50019,0.0,0.022648,519.448551,0.396414,0.0,0.062226,369.11325,0.490435,0.0,0.055201,76.095176,0.356183,0.0,0.016628,35.743597,0.17721,0.0,0.001506,107.116261,0.309734,0.0,0.01252,54.293081,0.243641,0.0,0.008636,0.9132527,1,1,2,1.0
GP020400_frame_000239_rain,GP020400_frame_000239_ref,train,rain,real_rain,0,0,381.478116,0.363572,0.306161,0.87451,7.214943,0.000984,0.080277,1.119441,0.044383,35.480591,7.177401,169.454746,0.610601,0.008734,0.017625,599.623724,0.861531,0.0,0.03789,772.65273,0.185888,0.0,0.071624,352.116816,0.212738,9.8e-05,0.049188,685.874199,0.485339,0.0,0.078181,599.436877,0.327066,0.0,0.100888,110.703679,0.217889,0.0,0.022936,133.864751,0.237097,3.9e-05,0.014491,45.10061,0.133886,0.0,0.00523,0.95281905,3,2,2,0.6667
GP020400_frame_000259_rain,GP020400_frame_000259_ref,train,rain,real_rain,0,0,495.661117,0.373156,0.263594,0.878431,6.95587,0.093038,0.003347,1.402359,0.049595,40.886982,19.343369,490.367469,0.420696,0.25937,0.022799,273.726504,0.271522,0.031177,0.020648,425.474356,0.714615,0.506957,0.039442,399.718322,0.271872,0.000196,0.050391,670.607214,0.335887,0.039032,0.062666,647.904299,0.329981,0.000107,0.065047,323.372726,0.262601,0.000147,0.044376,714.450334,0.402668,0.000312,0.072112,561.738909,0.34818,0.0,0.06653,0.96769047,3,1,6,0.3333
GP020400_frame_000299_rain,GP020400_frame_000299_ref,train,rain,real_rain,0,0,289.956821,0.354526,0.357401,0.984314,6.816559,0.132004,0.290282,0.983378,0.033732,26.575985,7.175398,2.526446,0.017925,0.0,0.0,124.968901,0.413637,0.309299,0.007416,0.474307,0.990455,0.83952,0.0,156.456105,0.064468,0.0,0.0183,627.134977,0.369238,0.033977,0.073156,991.634908,0.604851,0.004313,0.092359,94.228541,0.134335,0.0,0.019669,337.099424,0.270232,0.0,0.037832,287.83607,0.323609,0.0,0.05039,0.94636875,1,1,0,1.0
GP020400_frame_000305_rain,GP020400_frame_000305_ref,train,rain,real_rain,0,0,308.612159,0.366544,0.319024,0.945098,7.070368,0.124783,0.145526,1.001367,0.043742,31.94231,9.075005,5.568581,0.065278,0.0,0.000469,77.345179,0.474635,0.374776,0.004684,127.590906,0.973985,0.735529,0.01571,438.19849,0.210715,0.0,0.065385,642.990085,0.340641,0.011739,0.087139,950.539301,0.51325,0.000127,0.12743,123.822092,0.198015,0.0,0.026262,202.863551,0.253682,0.0,0.022765,223.037662,0.267235,0.0,0.038622,0.9630451,2,2,2,1.0
GP020400_frame_000325_rain,GP020400_frame_000325_ref,train,rain,real_rain,0,0,371.972529,0.280874,0.253761,0.929412,7.178706,0.0488,0.210182,1.390527,0.047609,35.673325,14.503051,24.7474,0.070426,0.0,0.000724,252.276636,0.302625,0.032894,0.016657,390.135473,0.708803,0.385636,0.052108,576.187647,0.161891,2e-05,0.071459,738.462086,0.262329,0.020306,0.090105,592.858681,0.293149,0.0,0.096331,169.864769,0.169632,0.0,0.026154,235.322927,0.230799,0.0,0.02662,390.722346,0.327176,0.0,0.045502,0.98023117,4,2,2,0.5
GP020400_frame_000345_rain,GP020400_frame_000345_ref,train,rain,real_rain,0,0,482.914359,0.372107,0.291141,0.933333,6.986784,0.1248,0.111684,1.434366,0.060322,41.228859,17.639006,26.550665,0.085995,0.0,0.001369,439.857783,0.601213,0.418774,0.036475,495.730598,0.843238,0.673634,0.059992,561.916666,0.176242,5.9e-05,0.069151,1048.505972,0.390296,0.02985,0.129596,915.338146,0.388745,0.0,0.13306,155.813859,0.1758,0.0,0.024795,299.85722,0.338817,0.0,0.032777,421.3249,0.347029,1e-05,0.052791,0.96140844,2,1,3,0.5
GP020400_frame_000365_rain,GP020400_frame_000365_ref,train,rain,real_rain,0,0,352.487309,0.546994,0.317598,0.807843,6.619296,0.210429,0.00149,1.204162,0.039945,33.137375,11.379762,29.008394,0.988104,0.884536,0.001526,51.929395,0.982503,0.683206,0.002888,398.892203,0.56228,0.307709,0.045004,1302.269938,0.475159,0.017498,0.113498,617.640608,0.585969,0.001542,0.068286,173.519978,0.305029,0.0,0.030523,235.77321,0.324423,0.0,0.038595,249.333591,0.385202,0.0,0.032231,126.188208,0.314617,0.0,0.025029,0.9819382,2,2,1,1.0
GP020400_frame_000374_rain,GP020400_frame_000374_ref,train,rain,real_rain,0,0,325.407832,0.482795,0.301506,0.796078,7.264009,0.000285,0.004728,1.041014,0.040811,30.652843,11.980556,585.352151,0.761236,0.002523,0.048455,1.561387,0.914312,0.0,6.8e-05,517.864398,0.491888,0.0,0.065535,700.315433,0.334674,4.9e-05,0.089065,442.921509,0.70655,0.0,0.051532,267.97463,0.348983,0.0,0.044692,85.771243,0.213772,0.0,0.010837,253.867385,0.374988,0.0,0.03147,95.963592,0.198427,0.0,0.023048,0.97189146,1,1,0,1.0
GP020400_frame_000388_rain,GP020400_frame_000388_ref,train,rain,real_rain,0,0,173.427502,0.384971,0.291959,0.847059,7.572154,9.8e-05,0.096137,0.834689,0.025622,24.212364,8.255734,97.255335,0.461863,0.0,0.00625,184.079675,0.825656,0.000878,0.022726,277.914196,0.642878,0.0,0.046165,97.556679,0.170402,0.0,0.009947,461.656811,0.496509,0.0,0.069897,249.761872,0.26933,0.0,0.043365,48.313077,0.146274,0.0,0.007668,102.659018,0.273857,0.0,0.013466,47.580822,0.177086,0.0,0.0101,0.9306187,5,5,4,1.0
GP020400_frame_000394_rain,GP020400_frame_000394_ref,train,rain,real_rain,0,0,256.228125,0.384546,0.267971,0.839216,7.545099,0.003168,0.068434,0.998949,0.043725,31.261311,7.902687,429.876604,0.407747,0.02725,0.06252,200.870032,0.848899,0.001308,0.020092,354.486294,0.502162,0.0,0.071233,215.960554,0.239198,0.0,0.042615,631.681706,0.540198,0.0,0.103815,231.517104,0.296085,0.0,0.048409,35.418515,0.126096,0.0,0.007717,130.043128,0.290261,0.0,0.015476,87.910255,0.209377,0.0,0.014305,0.95230913,8,8,4,1.0
GP020400_frame_000400_rain,GP020400_frame_000400_ref,train,rain,real_rain,0,0,248.196903,0.372992,0.276094,0.858824,7.459241,0.00577,0.073774,1.015981,0.042999,31.285486,7.10439,376.602142,0.373472,0.052005,0.055859,169.960852,0.874074,1e-05,0.016667,393.191523,0.397411,0.0,0.080777,364.739246,0.242737,0.0,0.069738,475.004245,0.591101,0.0,0.075371,215.248721,0.305439,0.0,0.049405,67.248325,0.137053,0.0,0.009321,137.591625,0.32539,0.0,0.015554,52.873606,0.1094,0.0,0.011661,0.9631526,10,6,3,0.6
GP020400_frame_000406_rain,GP020400_frame_000406_ref,train,rain,real_rain,0,0,175.049678,0.4706,0.303524,0.8,7.355247,1e-06,0.014211,0.795918,0.030792,25.192835,12.147574,74.170461,0.861358,1e-05,0.010192,33.755981,0.880411,0.0,0.002849,348.058657,0.571114,0.0,0.060695,354.023034,0.401365,0.0,0.070755,275.52898,0.596184,0.0,0.04637,264.807894,0.21925,0.0,0.043072,102.853312,0.222921,0.0,0.023797,101.258628,0.317234,0.0,0.014383,29.66694,0.165737,0.0,0.003113,0.9703567,3,3,0,1.0
GP020400_frame_000412_rain,GP020400_frame_000412_ref,train,rain,real_rain,0,0,223.385895,0.387302,0.290869,0.819608,7.258882,2e-05,0.064667,0.898958,0.033585,25.866453,8.415774,264.710969,0.539998,0.0,0.029665,1.876412,0.877494,0.0,4.9e-05,501.377943,0.472807,0.0,0.058099,212.337545,0.212592,0.0,0.042811,404.789096,0.551365,0.0,0.058343,384.078719,0.259629,0.0,0.072102,39.833797,0.104162,0.0,0.006094,156.60951,0.305196,0.000176,0.022053,53.795079,0.161758,0.0,0.011612,0.9523024,2,1,2,0.5
GP020400_frame_000418_rain,GP020400_frame_000418_ref,train,rain,real_rain,0,0,214.694405,0.478493,0.291184,0.8,7.376845,7.8e-05,0.021436,0.957066,0.032844,28.94013,19.835213,121.429792,0.856138,0.0,0.013987,17.675267,0.886706,0.0,0.000898,310.70375,0.519899,0.0,0.054284,268.960112,0.354213,0.0,0.04778,289.260927,0.548099,0.0,0.03226,568.618181,0.329289,0.0,0.078093,152.167053,0.252259,0.000704,0.035182,127.1084,0.334743,0.0,0.01329,93.042035,0.225151,0.0,0.018326,0.9727466,2,2,2,1.0
GP020400_frame_000424_rain,GP020400_frame_000424_ref,train,rain,real_rain,0,0,213.678866,0.417968,0.297736,0.811765,7.224126,0.000395,0.028549,1.017226,0.028232,26.044395,10.962044,319.928172,0.597117,0.000675,0.044063,0.860363,0.887553,0.0,0.0,331.825282,0.500775,0.0,0.048614,318.75307,0.335982,0.0,0.058431,437.345837,0.537649,0.0,0.042164,160.292786,0.179054,0.0,0.018843,191.09492,0.246264,0.002885,0.028071,139.799177,0.320278,0.0,0.012715,31.282436,0.156868,0.0,0.000185,0.97515243,3,3,5,1.0
GP020400_frame_000429_rain,GP020400_frame_000429_ref,train,rain,real_rain,0,0,505.327727,0.35249,0.320261,0.941176,7.246541,0.060914,0.169563,1.434123,0.052313,39.524395,10.865585,742.041201,0.76122,0.531817,0.081817,1192.319965,0.598084,0.001756,0.088447,628.317174,0.123261,2.9e-05,0.068199,526.399331,0.320184,0.015102,0.069493,833.482175,0.602752,7.8e-05,0.069077,241.618079,0.112645,0.0,0.035753,76.91857,0.208351,0.0,0.013234,316.865463,0.348778,0.000293,0.043189,12.840427,0.097675,0.0,0.000146,0.9907737,4,4,1,1.0
GP020400_frame_000434_rain,GP020400_frame_000434_ref,train,rain,real_rain,0,0,346.574583,0.41938,0.32727,0.866667,7.106849,6.5e-05,0.044563,1.305047,0.03924,31.418385,9.56906,169.865394,0.850325,0.000567,0.032228,34.586617,0.915318,0.0,0.001308,944.818014,0.506847,0.0,0.089744,343.98793,0.259651,2e-05,0.053932,811.328094,0.423878,0.0,0.06451,555.126509,0.242399,0.0,0.075478,62.148619,0.180567,0.0,0.009311,179.855698,0.265376,0.0,0.024395,34.573173,0.130137,0.0,0.001015,0.9673224,3,2,2,0.6667
GP020400_frame_000440_rain,GP020400_frame_000440_ref,train,rain,real_rain,0,0,299.176246,0.282176,0.265932,0.92549,7.033432,0.046867,0.144864,1.246614,0.0324,29.921671,9.087526,514.781684,0.503914,0.162598,0.062696,426.811074,0.708597,0.255962,0.031499,381.134516,0.248413,0.003288,0.040515,203.024609,0.145908,0.0,0.029754,542.634804,0.216107,1e-05,0.044721,398.872951,0.162976,0.0,0.063125,44.089348,0.140521,0.0,0.002279,161.253162,0.255627,0.0,0.015525,38.346533,0.157392,0.0,0.0,0.97113305,1,1,2,1.0
GP020400_frame_000453_rain,GP020400_frame_000453_ref,train,rain,real_rain,0,0,862.533685,0.293028,0.285086,0.886275,7.010069,0.015214,0.12238,2.163472,0.064138,49.181332,9.747069,2769.84873,0.391165,0.033832,0.18928,864.323346,0.777724,0.102888,0.051425,1520.922095,0.16937,0.000127,0.112198,618.595552,0.142372,0.0,0.039984,908.337818,0.457409,4.9e-05,0.054469,670.513757,0.186156,0.0,0.073995,26.920822,0.128682,0.0,0.000284,234.806732,0.232503,0.0,0.036544,192.889258,0.151362,0.0,0.018355,0.9790338,6,6,11,1.0
GP020400_frame_000460_rain,GP020400_frame_000460_ref,train,rain,real_rain,0,0,533.605647,0.403941,0.324579,0.866667,6.778778,0.062515,0.012148,1.29134,0.0493,39.963322,10.694498,1555.767439,0.798923,0.288204,0.09284,319.335,0.904418,0.184592,0.017701,925.141572,0.553023,0.089852,0.08347,791.767632,0.220753,0.0,0.073093,710.829913,0.283581,5.9e-05,0.094135,245.050871,0.20465,0.0,0.038164,62.801394,0.19105,0.0,0.008402,179.106107,0.290698,0.000166,0.022473,28.467506,0.188368,0.0,0.001786,0.9807349,5,5,8,1.0
GP020400_frame_000467_rain,GP020400_frame_000467_ref,train,rain,real_rain,0,0,852.884229,0.390261,0.326391,0.890196,7.243394,0.020312,0.067144,1.887897,0.057996,46.872147,7.741035,3676.957664,0.437015,0.044014,0.179705,162.275489,0.951664,0.13829,0.009709,774.642269,0.596889,0.000185,0.064227,1134.349157,0.163243,0.000156,0.067156,1229.190007,0.491898,0.000127,0.106011,431.917955,0.291373,0.0,0.05482,31.814224,0.122045,0.0,0.004685,181.330255,0.291982,0.0,0.019194,94.960342,0.165189,0.0,0.016237,0.93329036,7,7,0,1.0
GP020400_frame_000474_rain,GP020400_frame_000474_ref,train,rain,real_rain,0,0,406.375635,0.399801,0.332254,0.890196,7.152448,0.006143,0.069961,1.215421,0.04131,32.512138,13.303595,152.335615,0.825682,0.010456,0.007032,722.388592,0.871554,0.044672,0.066286,1414.639935,0.439458,7.8e-05,0.165037,226.374011,0.294008,5.9e-05,0.034487,879.561241,0.487937,0.0,0.068306,80.422499,0.172826,0.0,0.007016,46.762035,0.138342,0.0,0.006759,130.972666,0.262168,0.0,0.015154,19.233184,0.106367,0.0,0.000176,0.9572964,2,2,3,1.0
GP020400_frame_000480_rain,GP020400_frame_000480_ref,train,rain,real_rain,0,0,1032.690269,0.27824,0.271392,0.890196,7.144572,0.007214,0.168542,2.272955,0.067317,52.337299,8.734392,2037.589078,0.214132,0.004822,0.122878,2344.631843,0.710487,0.059182,0.132172,870.840682,0.161514,2e-05,0.063739,2228.594129,0.220836,0.00045,0.125323,1428.010476,0.533918,0.0004,0.104645,138.341839,0.097371,0.0,0.010978,63.648892,0.175005,0.0,0.009996,220.981132,0.300272,1e-05,0.034426,8.478564,0.090097,0.0,0.000302,0.97383505,10,8,5,0.8
GP020400_frame_000491_rain,GP020400_frame_000491_ref,train,rain,real_rain,0,0,190.899395,0.45311,0.326284,0.847059,7.109633,0.000119,0.022663,0.915898,0.028274,24.107647,15.254514,0.774648,0.954647,0.0,0.0,25.380465,0.905165,0.0,0.004098,455.194047,0.258855,0.000693,0.075429,519.42588,0.455371,0.0,0.075548,380.364717,0.510414,9.8e-05,0.047765,78.660194,0.21796,0.0,0.015584,80.48545,0.219918,0.0,0.010319,166.295829,0.344511,0.000283,0.020755,20.097613,0.211782,0.0,0.003288,0.9365711,1,1,2,1.0
GP020400_frame_000496_rain,GP020400_frame_000496_ref,train,rain,real_rain,0,0,643.047692,0.35397,0.305809,0.862745,7.052218,0.000345,0.054448,1.694479,0.052466,40.996845,9.56785,1431.94683,0.72324,0.000675,0.106064,882.017818,0.812066,0.0,0.070511,901.697703,0.365624,0.0,0.093033,940.024552,0.185722,0.0,0.062207,1078.549753,0.358261,2.9e-05,0.07863,151.071804,0.158091,0.0,0.019428,68.711861,0.148382,0.0,0.012392,335.479875,0.25411,0.0024,0.028513,16.515065,0.180224,0.0,0.000888,0.99820065,2,2,1,1.0
GP020400_frame_000501_rain,GP020400_frame_000501_ref,train,rain,real_rain,0,0,530.724325,0.246458,0.248547,0.909804,6.878364,0.030891,0.151262,1.436718,0.040399,35.866867,11.329135,1349.83609,0.238097,0.013312,0.093682,1550.154806,0.524769,0.254791,0.073156,110.748604,0.160654,0.0,0.022307,276.488834,0.16076,0.002025,0.030057,1026.913494,0.442312,0.002,0.087724,35.834013,0.090317,0.0,0.004928,35.940976,0.119661,0.0,0.006406,401.903702,0.313859,0.005708,0.043609,11.934895,0.167171,0.0,0.000244,0.9750858,3,3,0,1.0
GP020400_frame_000507_rain,GP020400_frame_000507_ref,train,rain,real_rain,0,0,228.841206,0.44932,0.345509,0.862745,7.055955,0.001033,0.037413,0.936926,0.024869,25.504677,9.404493,321.982815,0.87011,0.009165,0.029401,71.842904,0.902459,0.000137,0.005513,314.351432,0.627129,1e-05,0.036017,349.55386,0.266809,0.0,0.027533,410.728573,0.558935,0.0,0.043404,408.88907,0.174109,0.0,0.055874,42.37676,0.173652,0.0,0.007825,113.511893,0.3043,0.0,0.011632,40.348809,0.166289,0.0,0.005991,0.9454654,1,1,2,1.0
GP020400_frame_000515_rain,GP020400_frame_000515_ref,train,rain,real_rain,0,0,338.678146,0.455303,0.313776,0.815686,7.254686,0.0,0.037174,1.181599,0.030516,29.775974,10.550688,834.10512,0.770664,0.0,0.052983,49.961378,0.875023,0.0,0.003884,331.226835,0.585245,0.0,0.031391,690.857049,0.33638,0.0,0.061541,499.891375,0.573148,0.0,0.065008,333.903219,0.236113,0.0,0.035246,79.37719,0.177589,0.0,0.006847,149.596718,0.351122,0.0,0.015515,89.176419,0.192248,0.0,0.000683,0.96844214,2,2,0,1.0
GP020400_frame_000522_rain,GP020400_frame_000522_ref,train,rain,real_rain,0,0,255.880431,0.429145,0.305111,0.823529,7.288532,4e-06,0.053822,1.032901,0.035329,29.542191,10.573905,36.401537,0.862313,0.0,0.003736,120.65163,0.869371,0.0,0.007797,848.139768,0.388193,0.0,0.08024,320.772512,0.416496,0.0,0.080644,516.423879,0.474408,3.9e-05,0.068638,239.885991,0.129875,0.0,0.040808,78.287049,0.263479,0.0,0.013253,123.454521,0.302354,0.0,0.013203,60.498487,0.156411,0.0,0.007299,0.96828926,5,5,2,1.0
GP020400_frame_000529_rain,GP020400_frame_000529_ref,train,rain,real_rain,0,0,375.0347,0.340054,0.305384,0.882353,7.211369,0.004733,0.104591,1.263188,0.040914,33.374607,9.680984,674.414396,0.452639,0.000509,0.097701,170.589729,0.915765,0.026942,0.010695,849.262822,0.312739,0.015115,0.089998,379.654709,0.186885,0.0,0.040131,898.823058,0.517719,0.0,0.07216,253.480932,0.139486,0.0,0.040915,14.234211,0.146512,0.0,0.000264,128.002526,0.294231,0.0,0.014715,16.046969,0.093964,0.0,0.000254,0.9796862,1,1,2,1.0
GP020400_frame_000536_rain,GP020400_frame_000536_ref,train,rain,real_rain,0,0,419.368014,0.455069,0.309604,0.792157,7.217906,0.0,0.012835,1.224591,0.0363,30.144163,10.918779,21.130983,0.853177,0.0,0.00266,483.160946,0.854319,0.0,0.028279,1275.458779,0.626348,0.0,0.07784,289.375074,0.483275,0.0,0.050469,952.964974,0.393133,0.0,0.076952,479.198508,0.180564,0.0,0.051122,111.427398,0.276884,0.0,0.019572,143.996627,0.265508,0.0,0.01734,35.356185,0.162992,0.0,0.001025,0.96832997,1,1,2,1.0
GP020400_frame_000544_rain,GP020400_frame_000544_ref,train,rain,real_rain,0,0,182.405362,0.395433,0.28498,0.823529,7.320173,0.0,0.083745,0.985221,0.024858,24.091938,14.020913,128.960589,0.84051,0.0,0.009859,10.174167,0.790085,0.0,0.00042,193.562328,0.459969,0.0,0.023439,247.156009,0.238753,0.0,0.039975,365.373481,0.222669,0.0,0.054469,427.910321,0.226547,0.0,0.065193,72.876594,0.240293,0.0,0.0143,134.387509,0.321914,0.0,0.013798,72.578209,0.218471,0.0,0.00119,0.9444912,2,2,1,1.0
GP020400_frame_000551_rain,GP020400_frame_000551_ref,train,rain,real_rain,0,0,790.39173,0.207096,0.219652,0.670588,6.897438,0.012465,0.304596,1.89056,0.057616,49.082226,10.921849,1136.581929,0.242864,0.00535,0.083138,3254.220865,0.312248,0.049093,0.167633,680.730025,0.080178,0.000263,0.056362,417.243893,0.237751,4.9e-05,0.084859,1374.934759,0.452135,0.057358,0.099102,40.24404,0.04672,0.0,0.002557,45.152552,0.107725,0.0,0.004587,169.05039,0.302228,0.0,0.019106,16.733912,0.081938,0.0,0.000273,0.9692702,1,1,4,1.0
GP020400_frame_000557_rain,GP020400_frame_000557_ref,train,rain,real_rain,0,0,314.896092,0.366888,0.295719,0.87451,7.179603,0.00474,0.043899,1.225598,0.035123,29.745758,15.418871,309.574587,0.608026,0.001369,0.046146,408.272658,0.808883,0.039578,0.028044,1013.456214,0.351247,0.001678,0.086944,253.120998,0.360553,0.0,0.057023,605.389123,0.489947,0.0,0.069623,83.470888,0.147572,0.0,0.00644,47.7477,0.150623,0.0,0.008206,112.951373,0.246207,0.0,0.012978,15.698263,0.138976,0.0,0.0,0.97458327,4,3,9,0.75
GP020400_frame_000570_rain,GP020400_frame_000570_ref,train,rain,real_rain,0,0,322.648402,0.44679,0.29862,0.815686,7.289187,1e-05,0.021268,1.122471,0.035999,31.054558,10.017601,254.314593,0.616938,0.0,0.028228,0.81692,0.903961,0.0,0.0,1217.128986,0.528043,8.8e-05,0.096468,248.088709,0.349294,0.0,0.043965,363.249378,0.604338,0.0,0.050078,578.33422,0.271478,0.0,0.073507,36.355567,0.22377,0.0,0.005419,165.044449,0.362814,0.0,0.021692,55.152178,0.160123,0.0,0.003474,0.9722028,2,2,1,1.0
GP020400_frame_000577_rain,GP020400_frame_000577_ref,train,rain,real_rain,0,0,133.083293,0.461655,0.290181,0.772549,7.224937,0.0,0.017003,0.798892,0.020477,21.462818,8.764221,203.221656,0.660312,0.0,0.021,1.611045,0.870849,0.0,8.8e-05,158.995969,0.718529,0.0,0.033304,211.855821,0.289408,0.0,0.03036,196.115618,0.534126,0.0,0.031704,191.557287,0.288677,0.0,0.03506,80.036785,0.226328,0.0,0.01162,109.690576,0.322595,0.0,0.011466,56.107773,0.243581,0.0,0.008733,0.9648552,3,2,0,0.6667
GP020400_frame_000583_rain,GP020400_frame_000583_ref,train,rain,real_rain,0,0,215.310316,0.31216,0.305173,0.854902,6.940689,2.9e-05,0.155298,0.95053,0.021619,21.83799,7.518399,508.769157,0.493546,0.0,0.065229,110.794222,0.863447,0.0,0.009992,438.687997,0.189794,0.000146,0.046165,208.607449,0.134356,0.0,0.010798,457.305804,0.485228,0.0,0.04435,35.711972,0.076582,0.0,0.00201,16.687962,0.146105,0.0,0.0,150.927692,0.302293,0.000117,0.01532,18.742198,0.117706,0.0,0.000478,0.9169904,1,1,2,1.0
GP020400_frame_000589_rain,GP020400_frame_000589_ref,train,rain,real_rain,0,0,200.990294,0.399252,0.293997,0.788235,7.189007,2e-06,0.035594,0.921137,0.024906,25.127176,10.125165,165.019953,0.759158,0.0,0.01876,63.911441,0.851058,0.0,0.003162,264.069803,0.335632,0.0,0.059699,181.53221,0.310758,0.0,0.022447,735.013519,0.531458,1e-05,0.064442,198.358331,0.21258,0.0,0.031431,54.827288,0.148388,0.0,0.010172,118.504516,0.274021,1e-05,0.009943,35.679217,0.170262,0.0,0.001961,0.9567985,2,2,1,1.0
GP020400_frame_000595_rain,GP020400_frame_000595_ref,train,rain,real_rain,0,0,264.310892,0.415978,0.320709,0.823529,7.103177,0.0001,0.072815,1.017084,0.028687,25.19508,8.511542,71.4326,0.863755,0.0,0.006318,45.122823,0.861674,0.0,0.003659,497.612831,0.329291,0.0,0.045658,885.084063,0.407657,0.0,0.10404,529.891989,0.507896,2.9e-05,0.05163,162.845135,0.109333,0.0,0.022668,44.522505,0.190705,0.0,0.005135,137.373063,0.314202,0.000868,0.018121,20.244389,0.159792,0.0,0.000312,0.91005963,1,1,5,1.0
GP020400_frame_000601_rain,GP020400_frame_000601_ref,train,rain,real_rain,0,0,209.270312,0.512802,0.282245,0.72549,7.06334,0.0,0.007707,0.916624,0.031993,24.422508,9.900471,7.822847,0.865474,0.0,0.000421,1.366071,0.853132,0.0,0.0,286.507024,0.705976,0.0,0.036192,637.804486,0.411544,0.0,0.104304,290.741041,0.604879,0.0,0.04316,427.769367,0.357821,0.0,0.072356,95.033843,0.212452,0.0,0.017459,102.463935,0.351335,0.0,0.008675,47.763166,0.25249,0.0,0.003845,0.939789,6,5,3,0.8333
GP020400_frame_000607_rain,GP020400_frame_000607_ref,train,rain,real_rain,0,0,227.230597,0.465117,0.266216,0.729412,7.304444,0.0,0.012157,1.040433,0.033558,26.959667,9.002854,11.685579,0.82498,0.0,0.001056,132.633505,0.806277,0.0,0.014617,430.927184,0.428703,0.0,0.054059,480.40179,0.431308,0.0,0.066119,401.369944,0.566098,0.0,0.059865,316.894292,0.341936,0.0,0.068648,87.555849,0.255559,0.0,0.009478,102.405993,0.34345,0.0,0.007914,87.88463,0.188013,0.0,0.017945,0.9703215,2,2,3,1.0
GP020400_frame_000613_rain,GP020400_frame_000613_ref,train,rain,real_rain,0,0,222.047288,0.471004,0.274306,0.752941,7.325925,0.0,0.009076,0.998928,0.035165,27.567791,8.436237,33.47868,0.856411,0.0,0.006289,100.312412,0.837703,0.0,0.009192,439.47051,0.440213,0.0,0.078991,277.980892,0.500261,0.0,0.054304,578.082366,0.518516,0.0,0.08024,306.434078,0.265146,0.0,0.048751,118.42894,0.289422,0.0,0.020921,122.514529,0.346397,0.0,0.012402,34.807158,0.185517,0.0,0.002283,0.9406886,8,7,3,0.875
GP020400_frame_000619_rain,GP020400_frame_000619_ref,train,rain,real_rain,0,0,224.84813,0.484611,0.286032,0.74902,7.182113,0.0,0.006392,0.945789,0.032875,25.804441,14.210264,197.056395,0.819599,0.0,0.016706,1.174707,0.841422,0.0,0.0,349.229214,0.693334,0.0,0.052654,584.776377,0.302995,0.0,0.079509,327.846483,0.629894,0.0,0.050732,279.011962,0.278001,0.0,0.055494,60.620137,0.212106,0.0,0.007746,146.847273,0.381738,0.0,0.016715,90.693924,0.202134,0.0,0.013212,0.95807165,5,5,5,1.0
GP020400_frame_000625_rain,GP020400_frame_000625_ref,train,rain,real_rain,0,0,256.367415,0.418257,0.299149,0.796078,7.190542,0.0,0.040437,1.121564,0.037045,31.12488,14.452504,102.491203,0.858855,0.0,0.007287,176.608216,0.81337,0.0,0.016637,578.326102,0.222666,0.0,0.087822,467.02553,0.365884,0.0,0.057199,395.309665,0.510553,0.0,0.058382,188.179157,0.150148,0.0,0.029245,195.06883,0.3237,0.0,0.042596,151.840734,0.362096,0.0,0.026864,67.494202,0.157731,0.0,0.004674,0.97343683,3,2,4,0.6667
GP020400_frame_000631_rain,GP020400_frame_000631_ref,train,rain,real_rain,0,0,379.277959,0.414438,0.301692,0.843137,7.386765,0.000442,0.077212,1.321271,0.040475,32.407402,11.258395,124.670006,0.8463,0.0,0.012833,530.140103,0.737534,0.0,0.04273,684.536923,0.173221,0.0,0.054245,759.540951,0.458017,0.0,0.087979,656.509766,0.528956,0.0,0.080445,137.956399,0.099706,0.0,0.018501,240.03424,0.338916,0.002993,0.030252,218.881792,0.395874,0.000986,0.027078,73.257367,0.15235,0.0,0.008099,0.98390615,8,7,0,0.875
GP020400_frame_000640_rain,GP020400_frame_000640_ref,train,rain,real_rain,0,0,337.117797,0.479261,0.276094,0.72549,7.196656,5e-06,0.011177,1.199395,0.037026,30.597898,12.389544,98.9316,0.803079,0.0,0.013302,90.242424,0.834397,0.0,0.008489,881.164596,0.588572,0.0,0.082953,627.05744,0.427308,0.0,0.076027,624.236403,0.565535,4.9e-05,0.076444,263.601609,0.215868,0.0,0.022902,233.529732,0.313324,0.0,0.03391,152.072765,0.363597,0.0,0.012578,81.035748,0.201918,0.0,0.005328,0.96562797,4,4,3,1.0
GP020400_frame_000656_rain,GP020400_frame_000656_ref,train,rain,real_rain,0,0,200.15047,0.438179,0.291695,0.819608,7.487668,0.0,0.097842,0.921396,0.024156,24.141193,9.013673,12.010548,0.686841,0.0,0.0,1.089324,0.847975,0.0,0.0,880.88424,0.517151,0.0,0.091267,180.77959,0.303864,0.0,0.024736,292.992567,0.634124,0.0,0.043804,211.226708,0.176298,0.0,0.026561,51.422094,0.187834,0.0,0.004538,93.531013,0.349005,0.0,0.008372,81.741911,0.240195,0.0,0.016823,0.9659407,1,1,1,1.0
GP020400_frame_000661_rain,GP020400_frame_000661_ref,train,rain,real_rain,0,0,148.373949,0.48762,0.263464,0.713725,7.280733,2.9e-05,0.006331,0.790483,0.025247,22.221615,8.853545,10.097594,0.804386,0.0,0.000978,133.223809,0.801005,0.0,0.021409,186.669562,0.57628,0.0,0.032221,287.659251,0.544901,0.0,0.052641,290.254829,0.555609,0.0,0.058568,77.725382,0.302971,0.0,0.009309,116.287645,0.30265,0.0,0.019562,157.76322,0.3286,0.000263,0.016198,80.197335,0.172617,0.0,0.015388,0.9691439,3,2,7,0.6667
GP020400_frame_000666_rain,GP020400_frame_000666_ref,train,rain,real_rain,0,0,344.347471,0.41268,0.269586,0.768627,7.238973,3.8e-05,0.016847,1.230287,0.041609,30.55834,6.48017,210.809232,0.694283,0.0,0.024139,546.468862,0.81633,0.0,0.04113,944.337549,0.375355,0.000283,0.088671,335.792652,0.366652,0.0,0.076682,582.011849,0.503439,2.9e-05,0.073507,271.94549,0.263721,0.0,0.038076,80.73506,0.205161,0.0,0.014671,130.203047,0.321216,2.9e-05,0.013486,26.824463,0.168027,0.0,0.001337,0.9475812,3,3,10,1.0
GP020400_frame_000671_rain,GP020400_frame_000671_ref,train,rain,real_rain,0,0,329.385314,0.376291,0.311092,0.87451,7.185854,9.9e-05,0.084796,1.154804,0.034589,28.973196,8.557166,361.347494,0.714521,0.0,0.03303,440.472994,0.887887,0.000293,0.033811,392.539668,0.140933,8.8e-05,0.047746,534.286836,0.365058,0.0,0.068779,843.014125,0.47422,0.0,0.075205,117.633325,0.153051,0.0,0.016511,106.513152,0.184865,0.0,0.012764,166.8726,0.325497,0.000507,0.018472,28.415414,0.140906,0.0,0.002625,0.9480545,6,5,7,0.8333
GP020400_frame_000676_rain,GP020400_frame_000676_ref,train,rain,real_rain,0,0,245.089602,0.3934,0.321838,0.870588,7.134397,0.002376,0.078577,1.028748,0.026732,25.793781,10.747171,287.707034,0.818384,0.0,0.016246,311.761368,0.808946,0.011036,0.035636,255.404628,0.185215,0.00483,0.02824,381.412547,0.357809,0.0,0.051976,488.023505,0.507644,5.9e-05,0.049961,29.014743,0.102885,0.0,0.002059,145.418417,0.24372,0.003492,0.022359,299.040654,0.360564,0.001961,0.031304,23.759518,0.155998,0.0,0.002088,0.9316081,5,4,5,0.8
GP020400_frame_000682_rain,GP020400_frame_000682_ref,train,rain,real_rain,0,0,239.56651,0.477545,0.280953,0.760784,7.283384,0.000279,0.012841,0.938532,0.031095,26.704607,21.982941,95.508624,0.762832,0.0,0.01207,0.903619,0.878983,0.0,0.0,683.026902,0.467488,1e-05,0.069389,496.995751,0.373788,0.0,0.065278,344.245859,0.63673,1e-05,0.054001,187.977654,0.264574,0.0,0.035129,51.23047,0.268686,0.0,0.006993,252.09449,0.408576,0.002488,0.026444,49.812344,0.236188,0.0,0.00767,0.9587929,9,9,6,1.0
GP020400_frame_000687_rain,GP020400_frame_000687_ref,train,rain,real_rain,0,0,201.368353,0.466428,0.305792,0.807843,7.278831,6.6e-05,0.053334,0.976342,0.026598,23.180101,7.871316,19.975548,0.805473,0.0,0.004353,18.940262,0.868056,0.0,0.001581,243.184122,0.654525,0.0,0.03026,605.43633,0.364576,0.0,0.098846,437.849824,0.60263,0.0,0.049463,237.208431,0.191597,0.0,0.021565,74.299543,0.247135,0.0,0.012392,137.649895,0.3072,0.000595,0.014042,46.894648,0.156699,0.0,0.005913,0.9127533,1,1,5,1.0
GP020400_frame_000692_rain,GP020400_frame_000692_ref,train,rain,real_rain,0,0,168.535986,0.469486,0.288912,0.811765,7.419713,0.0,0.05785,0.83698,0.023702,22.944525,7.718146,104.374515,0.795467,0.0,0.017077,55.452722,0.86431,0.0,0.004918,265.31741,0.295658,0.0,0.03026,464.906081,0.555688,0.0,0.064935,288.780481,0.610194,0.0,0.041676,55.445739,0.193734,0.0,0.004206,91.739593,0.307901,0.0,0.01207,112.323162,0.403872,0.0,0.01532,101.114856,0.199135,0.0,0.020072,0.9339119,1,1,4,1.0
GP020400_frame_000697_rain,GP020400_frame_000697_ref,train,rain,real_rain,0,0,504.448788,0.446373,0.271925,0.729412,7.289028,0.0,0.011127,1.516585,0.05459,38.388912,9.714307,54.446669,0.813757,0.0,0.008578,532.083522,0.701952,0.0,0.073966,2396.883144,0.421371,0.0,0.225254,592.800182,0.461029,0.0,0.072887,387.620936,0.562352,0.0,0.04918,376.05837,0.191409,0.0,0.032045,82.792828,0.279494,0.0,0.01607,113.061254,0.382918,0.0,0.008841,27.447793,0.20358,0.0,0.002498,0.9677785,4,3,5,0.75
GP020400_frame_000702_rain,GP020400_frame_000702_ref,train,rain,real_rain,0,0,156.950778,0.453434,0.265728,0.737255,7.451433,4e-06,0.040707,0.983371,0.019442,22.291143,9.996534,17.415976,0.443759,0.0,0.0,10.142043,0.67314,0.0,0.0,122.363816,0.707694,0.0,0.022756,374.915962,0.527379,0.0,0.044249,397.915436,0.602838,0.0,0.050449,230.334453,0.288361,0.0,0.032455,78.947456,0.275737,0.0,0.009673,134.30136,0.377656,3.9e-05,0.012451,53.041132,0.184074,0.0,0.001415,0.9732051,2,1,7,0.5
GP020400_frame_000706_rain,GP020400_frame_000706_ref,train,rain,real_rain,0,0,189.5904,0.458432,0.281345,0.729412,7.112739,0.0,0.00724,0.920006,0.027077,23.69063,8.668739,10.617751,0.780767,0.0,0.001144,38.281955,0.823991,0.0,0.00483,360.135496,0.596748,0.0,0.048878,440.408562,0.333109,0.0,0.059849,359.748601,0.570072,0.0,0.047209,217.552629,0.225414,0.0,0.041901,100.671909,0.216672,0.0,0.014808,135.717929,0.372068,0.0,0.017077,55.753414,0.206947,0.0,0.006187,0.9471356,5,5,3,1.0
GP020400_frame_000710_rain,GP020400_frame_000710_ref,train,rain,real_rain,0,0,234.633901,0.463019,0.28878,0.768627,7.250794,0.000106,0.021849,0.991074,0.027123,25.520157,10.148681,15.950988,0.817154,0.0,0.001849,41.073766,0.860711,0.0,0.004381,729.965094,0.36489,0.0,0.067877,218.171379,0.474329,0.0,0.029392,566.31801,0.541407,0.000956,0.057553,272.880364,0.224595,0.0,0.042769,150.992586,0.29605,0.0,0.022731,87.849961,0.378435,0.0,0.009738,39.875029,0.210069,0.0,0.006372,0.9700281,2,2,3,1.0
GP020400_frame_000714_rain,GP020400_frame_000714_ref,train,rain,real_rain,0,0,315.724103,0.353551,0.304766,0.823529,7.15026,9e-06,0.116773,1.145318,0.031738,29.22748,7.015954,33.310033,0.834462,0.0,0.004969,616.134356,0.654953,5.9e-05,0.045511,742.734634,0.146008,0.0,0.069477,486.680642,0.381299,0.0,0.062138,576.413495,0.5087,0.0,0.062441,151.601692,0.110736,0.0,0.015291,112.582225,0.188608,0.0,0.016853,105.979833,0.240126,2e-05,0.006528,23.208026,0.117875,0.0,0.001005,0.9598481,3,3,3,1.0
GP020400_frame_000719_rain,GP020400_frame_000719_ref,train,rain,real_rain,0,0,315.663433,0.412802,0.312436,0.839216,7.301782,5.3e-05,0.051903,1.042357,0.028332,26.571133,7.434701,37.538663,0.858029,0.0,0.005468,992.735185,0.698515,0.00039,0.071907,84.055897,0.107716,0.0,0.005913,804.9803,0.55191,0.0,0.077465,631.206039,0.565968,3.9e-05,0.064608,34.75888,0.167418,0.0,0.001083,90.754687,0.267717,0.0,0.011473,159.831126,0.36034,4.9e-05,0.015632,10.32057,0.138632,0.0,0.000137,0.9462952,6,6,7,1.0
GP020400_frame_000728_rain,GP020400_frame_000728_ref,train,rain,real_rain,0,0,378.453139,0.457706,0.304522,0.811765,7.340079,6.3e-05,0.057011,1.322828,0.045446,33.666641,10.588156,67.148789,0.826022,0.0,0.005497,61.681215,0.875407,0.0,0.004723,975.212088,0.38233,0.0,0.104537,823.022909,0.468876,0.0,0.075734,565.348673,0.606941,0.000312,0.074063,405.277233,0.173706,0.0,0.070355,116.253143,0.290451,0.0,0.015591,335.446434,0.334792,0.000254,0.047121,65.69105,0.161323,0.0,0.009007,0.9851128,10,9,1,0.9
GP020400_frame_000748_rain,GP020400_frame_000748_ref,train,rain,real_rain,0,0,314.441032,0.500637,0.290142,0.745098,7.126728,9.2e-05,0.027416,1.052574,0.045613,32.22279,15.032477,358.021192,0.749999,0.0,0.029372,73.260529,0.838276,0.0,0.008626,75.462449,0.803511,0.0,0.009836,472.298171,0.443531,0.0,0.057786,373.229552,0.594499,0.000176,0.063486,533.793944,0.341235,0.000176,0.084602,229.392691,0.196933,0.0,0.033245,405.84858,0.297456,0.0,0.06452,320.172649,0.240032,0.000478,0.056743,0.9697103,4,4,2,1.0
GP020400_frame_000788_rain,GP020400_frame_000788_ref,train,rain,real_rain,0,0,186.573954,0.434973,0.29463,0.831373,7.58977,0.0,0.097914,0.978395,0.0283,23.394053,10.176111,225.670929,0.840387,0.0,0.01428,55.738763,0.834516,0.0,0.010617,206.547302,0.250198,0.0,0.043218,496.904736,0.472142,0.0,0.07992,286.922361,0.595001,0.0,0.050615,101.217251,0.205531,0.0,0.016032,168.137732,0.281759,0.0,0.024834,112.140374,0.330304,0.0,0.013125,35.607162,0.105597,0.0,0.000859,0.9615695,1,1,2,1.0
GP020400_frame_000794_rain,GP020400_frame_000794_ref,train,rain,real_rain,0,0,160.974569,0.462282,0.28398,0.780392,7.335646,0.000123,0.011821,0.905964,0.022564,21.796633,7.928407,287.253306,0.822698,0.0,0.020726,7.070463,0.87441,0.0,0.000585,107.057679,0.502619,0.0,0.024141,272.983417,0.395012,0.0,0.043417,362.387017,0.519418,0.0,0.044789,125.848201,0.31949,0.001103,0.027605,109.654264,0.25691,0.0,0.019249,142.489223,0.326962,0.0,0.016774,43.654864,0.143222,0.0,0.003806,0.91801465,2,2,0,1.0
GP020400_frame_000799_rain,GP020400_frame_000799_ref,train,rain,real_rain,0,0,420.857519,0.451547,0.30815,0.862745,7.516143,4.3e-05,0.081062,1.266246,0.048471,31.24884,14.459782,555.642273,0.780378,4.9e-05,0.048885,104.392175,0.904388,0.0,0.009163,1258.271874,0.449092,0.000342,0.118052,853.922244,0.448738,0.0,0.110241,589.850619,0.592976,0.0,0.06371,140.528563,0.183822,0.0,0.025039,128.535944,0.25633,0.0,0.029088,130.028315,0.34139,0.0,0.02218,39.912733,0.107115,0.0,0.005562,0.97224265,3,3,2,1.0
GP020400_frame_000804_rain,GP020400_frame_000804_ref,train,rain,real_rain,0,0,217.582271,0.462099,0.296008,0.8,7.444653,3e-06,0.037489,1.089035,0.025362,24.646423,7.882075,537.980097,0.680748,0.0,0.045618,49.481811,0.867293,0.0,0.004137,291.674013,0.54685,0.0,0.02542,297.406731,0.387406,0.0,0.031631,269.551988,0.622911,0.0,0.03466,213.37581,0.330581,0.0,0.034212,128.692065,0.239282,0.0,0.024394,137.030427,0.356955,2.9e-05,0.021907,42.146218,0.126675,0.0,0.004547,0.93214834,3,3,3,1.0
GP020400_frame_000809_rain,GP020400_frame_000809_ref,train,rain,real_rain,0,0,192.668194,0.480406,0.269503,0.756863,7.410826,0.000154,0.013996,0.926339,0.029148,25.182306,13.322218,377.255677,0.79424,0.0,0.032228,37.292984,0.827837,0.0,0.011017,174.811101,0.572483,0.0,0.024522,420.28821,0.423916,0.0,0.086346,306.926,0.607405,0.0,0.043443,137.066393,0.288535,0.000517,0.023497,153.904606,0.278029,0.000871,0.023288,103.993577,0.374199,0.0,0.011563,26.908484,0.157137,0.0,0.002752,0.9777185,2,2,1,1.0
GP020400_frame_000814_rain,GP020400_frame_000814_ref,train,rain,real_rain,0,0,328.554879,0.421277,0.296552,0.8,7.371187,1e-06,0.041323,1.254517,0.036678,29.989384,11.555313,239.577571,0.839336,0.0,0.020403,327.572627,0.824683,0.0,0.034563,1137.575439,0.338602,0.0,0.107436,352.41067,0.422523,0.0,0.051575,501.396076,0.518565,0.0,0.065144,151.815066,0.131729,0.0,0.011612,108.576442,0.234716,0.0,0.019219,116.722706,0.345707,1e-05,0.015281,34.668002,0.136177,0.0,0.003591,0.9791535,1,1,0,1.0
GP020400_frame_000824_rain,GP020400_frame_000824_ref,train,rain,real_rain,0,0,197.874583,0.455225,0.284339,0.788235,7.396257,0.0,0.0232,0.948391,0.028241,24.490492,11.55169,209.893458,0.76495,0.0,0.0232,111.610783,0.850126,0.0,0.012441,361.410773,0.50795,0.0,0.05442,398.793848,0.430774,0.0,0.055037,258.408222,0.549113,0.0,0.041276,220.708814,0.255764,0.0,0.034133,84.46614,0.283918,0.0,0.016481,121.073397,0.320043,0.0,0.014481,27.256432,0.134654,0.0,0.000907,0.96699506,0,0,1,
GP020400_frame_000829_rain,GP020400_frame_000829_ref,train,rain,real_rain,0,0,267.423874,0.529933,0.27833,0.737255,7.314551,3e-06,0.003663,1.077179,0.032866,26.206596,7.733289,567.833074,0.725673,0.0,0.053443,27.93869,0.868922,0.0,0.002049,114.747472,0.850963,0.0,0.008841,345.277792,0.329495,0.0,0.056338,592.906586,0.554652,2.9e-05,0.08185,494.111276,0.589193,0.0,0.060158,62.50713,0.196096,0.0,0.005194,105.892426,0.348074,0.0,0.008519,102.850425,0.305533,0.0,0.017545,0.89832205,5,5,3,1.0
GP020400_frame_000834_rain,GP020400_frame_000834_ref,train,rain,real_rain,0,0,359.163172,0.424444,0.265688,0.784314,7.268685,5e-06,0.007708,1.269486,0.043932,33.570656,8.856224,299.898511,0.672545,0.0,0.049716,447.483767,0.869937,0.0,0.039227,1112.710016,0.453188,0.0,0.087149,265.936249,0.362344,0.0,0.054969,601.977307,0.464613,4.9e-05,0.082709,281.300444,0.260316,0.0,0.037773,44.528229,0.207958,0.0,0.007864,103.618642,0.308538,0.0,0.015623,103.487451,0.220486,0.0,0.018091,0.9785381,4,4,1,1.0
GP020400_frame_000839_rain,GP020400_frame_000839_ref,train,rain,real_rain,0,0,462.576246,0.394971,0.306805,0.862745,7.267555,0.000601,0.035915,1.449789,0.041702,35.757618,7.576668,890.479437,0.545944,0.002739,0.071,603.501628,0.725465,0.001483,0.037832,764.804477,0.568973,0.00119,0.053786,487.286909,0.301292,0.0,0.072154,661.747552,0.529016,0.0,0.065164,546.284265,0.195341,0.0,0.043696,73.27823,0.221355,0.0,0.010104,144.690577,0.33297,0.0,0.020092,24.896584,0.134112,0.0,0.000498,0.94780076,1,1,0,1.0
GP020400_frame_000850_rain,GP020400_frame_000850_ref,train,rain,real_rain,0,0,881.376271,0.308817,0.300132,0.909804,7.112869,0.000876,0.160146,1.884519,0.056811,45.589462,10.077942,761.489227,0.824436,0.002846,0.061874,2905.633076,0.471634,0.004908,0.124688,1958.127749,0.168468,0.000117,0.102059,616.044696,0.270804,0.0,0.064564,1247.736205,0.448974,1e-05,0.092964,103.132245,0.066278,0.0,0.011319,130.488631,0.20163,0.0,0.026242,191.13332,0.213295,0.0,0.023907,38.062192,0.114705,0.0,0.002576,0.97091186,2,2,1,1.0
GP020400_frame_000857_rain,GP020400_frame_000857_ref,train,rain,real_rain,0,0,235.81585,0.369972,0.271372,0.827451,7.277063,0.000247,0.023099,0.989456,0.035374,26.921038,13.361363,318.52324,0.292479,0.000176,0.03704,244.205568,0.899978,0.001044,0.025917,287.146253,0.42985,0.0,0.058265,170.007666,0.234653,0.0,0.02857,533.61466,0.536843,0.0,0.075371,178.608412,0.274238,0.0,0.024639,62.292732,0.200626,0.0,0.016129,306.330457,0.295556,0.001005,0.042633,44.219422,0.164627,0.0,0.005543,0.97013783,2,2,5,1.0
GP020400_frame_000863_rain,GP020400_frame_000863_ref,train,rain,real_rain,0,0,201.674787,0.43099,0.293098,0.807843,7.103551,0.00012,0.005202,0.881083,0.02675,23.193218,10.458485,326.009699,0.739023,0.0,0.033216,214.216173,0.912178,0.001083,0.01896,74.781885,0.560747,0.0,0.009231,208.919462,0.170334,0.0,0.038595,556.304818,0.448778,0.0,0.07982,193.486063,0.376421,0.0,0.022317,76.117234,0.169955,0.0,0.012392,115.859831,0.258447,0.0,0.016959,61.588445,0.24253,0.0,0.007045,0.945275,1,1,0,1.0
GP020400_frame_000869_rain,GP020400_frame_000869_ref,train,rain,real_rain,0,0,481.648697,0.476564,0.309379,0.831373,7.247975,0.00696,0.00074,1.404136,0.057879,39.87759,14.163918,250.301359,0.741975,0.003042,0.033862,626.005308,0.871154,0.011251,0.056918,935.442279,0.762754,0.048302,0.087256,669.135886,0.526336,0.0,0.106318,874.464082,0.37951,0.0,0.103903,582.00816,0.213635,0.0,0.059104,159.495283,0.32342,0.0,0.030829,160.857636,0.267898,0.0,0.030191,97.16683,0.202776,0.0,0.010158,0.95942026,4,3,1,0.75
GP020400_frame_000897_rain,GP020400_frame_000897_ref,train,rain,real_rain,0,0,525.454565,0.404431,0.279389,0.839216,7.398072,0.001073,0.013436,1.47108,0.064638,43.451496,16.278709,699.995775,0.527491,0.002719,0.07143,610.722241,0.905568,0.005074,0.040271,627.520208,0.425765,1e-05,0.108265,299.689099,0.269202,0.0,0.049951,1111.905054,0.458729,0.000761,0.121038,613.70659,0.365116,0.0,0.080913,39.298572,0.161115,0.0,0.001966,576.545968,0.312389,0.001083,0.080601,163.359517,0.213907,1e-05,0.023058,0.9709088,3,3,1,1.0
GP020400_frame_000917_rain,GP020400_frame_000917_ref,train,rain,real_rain,0,0,378.077863,0.420795,0.281156,0.854902,7.475483,0.003442,0.019135,1.311545,0.056139,39.785126,18.076839,667.821417,0.532233,0.007619,0.07011,412.762664,0.918354,0.02056,0.033441,383.101959,0.445092,0.0,0.089754,283.121177,0.276601,0.0,0.04734,766.55173,0.469082,0.001776,0.101464,241.617751,0.38102,0.0,0.052205,49.975939,0.162777,0.0,0.001536,458.312953,0.307689,0.001015,0.075615,153.332812,0.293623,0.0,0.030445,0.9838943,3,2,1,0.6667
GP020400_frame_000937_rain,GP020400_frame_000937_ref,train,rain,real_rain,0,0,370.244375,0.450121,0.28506,0.803922,7.324437,0.000426,0.010672,1.001399,0.045992,34.712772,9.200171,423.711355,0.849408,0.002514,0.038468,431.114893,0.845551,0.001317,0.027888,326.823744,0.450437,1e-05,0.050107,1096.80444,0.359483,0.0,0.150186,690.729679,0.50178,0.0,0.082709,132.344437,0.325847,0.0,0.027069,50.969894,0.218521,0.0,0.007551,132.326001,0.301832,0.0,0.014696,67.031911,0.198409,0.0,0.012539,0.9699671,2,2,2,1.0
GP020400_frame_000945_rain,GP020400_frame_000945_ref,train,rain,real_rain,0,0,515.851236,0.395404,0.301253,0.831373,7.231076,5e-06,0.036404,1.476933,0.052083,38.655506,13.215161,311.672681,0.783887,0.0,0.021547,871.749998,0.861562,4.9e-05,0.068579,1693.478808,0.29888,0.0,0.151317,480.829938,0.321692,0.0,0.06741,575.041027,0.449099,0.0,0.059953,461.094293,0.134259,0.0,0.048214,90.342492,0.251086,0.0,0.025156,141.729303,0.303706,0.0,0.019906,32.969817,0.154861,0.0,0.003981,0.9673928,0,0,2,
GP020400_frame_000953_rain,GP020400_frame_000953_ref,train,rain,real_rain,0,0,111.618077,0.409259,0.317986,0.862745,7.447012,0.0,0.15518,0.771781,0.013381,17.492979,7.810231,40.557046,0.859459,0.0,0.001702,23.112671,0.852681,0.0,0.001288,15.304537,0.17813,0.0,0.00123,434.309358,0.392924,0.0,0.05536,237.597812,0.623549,0.0,0.031938,53.997468,0.156026,0.0,0.005679,56.716683,0.18647,0.0,0.002122,110.988056,0.290376,0.0,0.015798,36.583699,0.144212,0.0,0.004498,0.91197884,1,1,2,1.0
GP020400_frame_000972_rain,GP020400_frame_000972_ref,train,rain,real_rain,0,0,230.460727,0.496721,0.287914,0.760784,7.196782,0.0,0.015658,0.987593,0.035357,27.581097,13.426839,15.509634,0.809902,0.0,0.002044,1.88063,0.866715,0.0,0.0,261.223525,0.748315,0.0,0.027869,443.354868,0.355399,0.0,0.076614,412.222763,0.556507,0.0,0.053454,466.83373,0.297956,0.0,0.082075,146.332813,0.250501,0.0,0.028502,192.702903,0.361537,0.0,0.022551,147.143308,0.223482,0.0,0.022434,0.96691906,1,1,2,1.0
GP020400_frame_000978_rain,GP020400_frame_000978_ref,train,rain,real_rain,0,0,286.705109,0.382715,0.302195,0.839216,7.294954,1.3e-05,0.053216,1.257394,0.035384,31.437002,10.24602,17.781737,0.741835,0.0,0.00043,389.123966,0.843963,0.000117,0.030718,576.690404,0.185017,0.0,0.114413,468.361366,0.32644,0.0,0.073327,717.24832,0.547458,0.0,0.050078,138.550591,0.118654,0.0,0.013476,60.845491,0.192751,0.0,0.008372,162.659952,0.332967,0.0,0.021877,68.708685,0.155618,0.0,0.004225,0.9795023,1,1,0,1.0
GP020400_frame_000991_rain,GP020400_frame_000991_ref,train,rain,real_rain,0,0,196.968802,0.528985,0.26823,0.694118,6.98903,0.0,0.000805,0.885482,0.025232,22.028891,7.51493,9.276334,0.818745,0.0,0.000587,1.583392,0.858924,0.0,0.0,97.17458,0.808318,0.0,0.010148,557.232044,0.378639,0.0,0.068789,426.414196,0.499268,0.0,0.055923,439.596637,0.419949,0.0,0.059368,77.013967,0.288308,0.0,0.013957,93.534539,0.336388,0.0,0.009231,76.336522,0.352094,0.0,0.008626,0.85328925,0,0,2,
GP020400_frame_000998_rain,GP020400_frame_000998_ref,train,rain,real_rain,0,0,502.819105,0.458836,0.294196,0.780392,7.258415,0.0,0.005943,1.44478,0.050902,35.751209,9.420312,1478.649347,0.55662,0.0,0.156387,401.047091,0.836734,0.0,0.028415,328.832815,0.807715,0.0,0.028396,1142.99421,0.286256,0.0,0.119982,525.355002,0.496958,0.0,0.050195,503.152277,0.318157,0.0,0.051288,34.077249,0.24673,0.0,0.005379,67.953512,0.352994,0.0,0.008704,57.678505,0.226689,0.0,0.008275,0.9656763,0,0,1,
GP020400_frame_001004_rain,GP020400_frame_001004_ref,train,rain,real_rain,0,0,275.749234,0.567013,0.259084,0.713725,7.299865,0.0,0.00322,0.924382,0.028367,25.002037,8.759946,2.214466,0.804993,0.0,0.0,1.642184,0.850555,0.0,0.0,619.79507,0.754685,0.0,0.044867,211.434861,0.631444,0.0,0.036111,196.834798,0.736777,0.0,0.021224,987.481251,0.305529,0.0,0.082826,84.286564,0.335519,0.0,0.015757,261.212344,0.434944,0.0,0.034885,125.974099,0.248834,0.0,0.017721,0.9297658,0,0,2,
GP020400_frame_001026_rain,GP020400_frame_001026_ref,train,rain,real_rain,0,0,158.387134,0.513363,0.309926,0.792157,7.199826,1e-06,0.017169,0.740482,0.023001,19.383144,12.559848,113.248667,0.854762,0.0,0.015904,10.309963,0.891658,1e-05,0.00202,105.117987,0.79338,0.0,0.027215,312.227906,0.453473,0.0,0.045129,381.622915,0.59134,0.0,0.051239,413.395307,0.34264,0.0,0.05725,24.52705,0.254293,0.0,0.004382,54.275195,0.270035,0.0,0.003318,15.290269,0.168738,0.0,0.0,0.9320797,0,0,0,
GP020400_frame_001038_rain,GP020400_frame_001038_ref,train,rain,real_rain,0,0,79.670114,0.520736,0.266269,0.670588,6.994891,0.0,0.0,0.595998,0.011723,13.337064,8.209938,7.50793,0.803786,0.0,0.001135,27.444897,0.833851,0.0,0.006743,3.180952,0.825422,0.0,4.9e-05,255.367998,0.356538,0.0,0.032942,138.955707,0.56393,0.0,0.023966,201.388661,0.418174,0.0,0.031733,25.054452,0.29342,0.0,0.000988,40.178101,0.375982,0.0,0.005533,19.963745,0.215263,0.0,0.001737,0.65329915,0,0,1,
GP020400_frame_001042_rain,GP020400_frame_001042_ref,train,rain,real_rain,0,0,114.062147,0.430386,0.279313,0.729412,6.826453,2e-06,0.0,0.632025,0.011877,17.254459,8.634161,157.92275,0.734912,0.0,0.018192,164.56123,0.795816,0.0,0.015398,137.641907,0.798749,0.0,0.012734,43.373171,0.241009,0.0,0.005106,327.07043,0.327091,0.0,0.038651,86.874099,0.187385,0.0,0.007153,15.232766,0.257223,0.0,8.8e-05,72.398936,0.323405,2e-05,0.007845,25.052013,0.207745,0.0,0.0,0.8479344,1,1,0,1.0
GP020400_frame_001050_rain,GP020400_frame_001050_ref,train,rain,real_rain,0,0,143.587121,0.528254,0.266252,0.690196,7.202954,1e-06,0.000113,0.762077,0.02423,18.873079,8.697373,7.392037,0.796465,0.0,0.004665,1.621945,0.850664,0.0,0.0,253.341222,0.774945,0.0,0.042311,311.512236,0.516002,0.0,0.065307,156.038883,0.630675,0.0,0.024327,422.219878,0.287941,0.0,0.067799,31.897955,0.283532,0.0,0.00222,77.44707,0.37966,1e-05,0.006587,35.416489,0.23443,0.0,0.00443,0.9171491,0,0,0,
GP020400_frame_001058_rain,GP020400_frame_001058_ref,train,rain,real_rain,0,0,285.254316,0.451697,0.281913,0.729412,7.169877,0.0,0.000756,1.102221,0.030437,24.513203,10.273417,200.156565,0.717515,0.0,0.020726,22.933479,0.830902,0.0,0.002391,450.772702,0.753212,0.0,0.052283,728.506724,0.284018,0.0,0.072975,605.908221,0.517981,0.0,0.063749,464.169622,0.210604,0.0,0.050605,13.802944,0.260324,0.0,0.0,61.495319,0.320268,0.0,0.007006,38.88725,0.170234,0.0,0.003425,0.9549041,1,1,1,1.0
GP020402_frame_000001_rain,GP020402_frame_000001_ref,train,rain,real_rain,0,0,375.386944,0.431007,0.325373,0.862745,7.203704,1e-06,0.092133,1.193892,0.052029,37.49688,11.16212,620.63515,0.510901,0.0,0.054069,184.436192,0.878916,0.0,0.019321,540.567628,0.597591,0.0,0.05846,504.739377,0.334427,0.0,0.075108,432.055965,0.619346,0.0,0.059377,283.337615,0.249228,0.0,0.05604,294.319661,0.228644,1e-05,0.05757,456.634348,0.274497,0.0,0.074102,69.380415,0.184999,0.0,0.012246,0.9480704,2,2,1,1.0
GP020402_frame_000007_rain,GP020402_frame_000007_ref,train,rain,real_rain,0,0,374.804263,0.350593,0.280399,0.870588,7.351176,1e-05,0.161972,1.310682,0.056067,35.534405,17.647587,596.865215,0.578819,0.0,0.061463,382.508982,0.78605,4.9e-05,0.032377,241.710567,0.157563,0.0,0.040974,469.029136,0.381193,0.0,0.089368,841.1201,0.488227,0.0,0.091432,152.818246,0.098629,0.0,0.041891,185.295397,0.247568,0.0,0.040464,452.108958,0.293455,3.9e-05,0.087988,65.818219,0.124201,0.0,0.013554,0.99135435,1,0,0,0.0
GP020402_frame_000013_rain,GP020402_frame_000013_ref,train,rain,real_rain,0,0,692.850323,0.39516,0.303052,0.87451,7.297456,0.000431,0.049638,1.987756,0.066535,43.663128,10.973108,1544.120225,0.551942,0.000156,0.108568,169.252587,0.939175,0.001893,0.015535,683.880884,0.368158,0.000234,0.068199,998.851231,0.278203,0.0,0.096978,1152.386484,0.582366,0.0,0.120023,918.560561,0.244847,0.0,0.072785,170.997793,0.16575,0.001105,0.025352,469.124384,0.265967,0.000488,0.06695,151.188612,0.159585,0.0,0.021799,0.9530774,4,4,5,1.0
GP020402_frame_000018_rain,GP020402_frame_000018_ref,train,rain,real_rain,0,0,538.359818,0.402887,0.317935,0.894118,7.403805,6.3e-05,0.12247,1.664018,0.062732,40.866653,10.582163,483.472286,0.645723,9.8e-05,0.067977,118.539325,0.915004,0.0,0.01087,1430.666635,0.460031,0.0,0.121126,669.863234,0.332505,0.0,0.121332,765.571397,0.538705,0.0,0.066442,795.627562,0.22112,0.0,0.082006,246.753389,0.195307,0.00045,0.036072,282.352392,0.22407,2e-05,0.043882,67.19153,0.093432,0.0,0.01049,0.950305,4,4,3,1.0
GP020402_frame_000023_rain,GP020402_frame_000023_ref,train,rain,real_rain,0,0,475.376153,0.480111,0.354281,0.87451,6.951487,0.000111,0.060267,1.205598,0.051585,37.626751,10.391361,471.170173,0.789884,6.8e-05,0.043515,242.877128,0.915472,0.000127,0.012227,190.430893,0.88662,2e-05,0.019116,872.718143,0.376154,0.0,0.157649,1267.233971,0.450634,2e-05,0.086788,768.705084,0.343195,0.0,0.060031,230.875945,0.207949,0.000763,0.038292,204.356401,0.206205,0.0,0.036778,55.804667,0.144726,0.0,0.00645,0.95406485,1,1,0,1.0
GP020402_frame_000028_rain,GP020402_frame_000028_ref,train,rain,real_rain,0,0,374.85655,0.337255,0.330182,0.976471,6.860674,0.137603,0.23401,1.230175,0.04168,31.790813,15.143791,423.000497,0.546678,0.211092,0.048484,249.084717,0.965245,0.939393,0.014803,266.644263,0.076474,0.006391,0.023985,410.470086,0.343313,0.000675,0.063615,1375.69225,0.491863,0.080406,0.112022,135.583244,0.049484,0.0,0.016149,138.298415,0.212992,0.0,0.026272,362.776928,0.252585,0.0,0.064578,39.660325,0.096877,0.0,0.003201,0.98135906,1,1,0,1.0
GP020402_frame_000043_rain,GP020402_frame_000043_ref,train,rain,real_rain,0,0,538.018944,0.423512,0.314547,0.878431,7.325069,0.000234,0.048461,1.347234,0.069972,47.910889,13.929391,617.590963,0.594225,0.000342,0.073083,137.441137,0.925152,0.00121,0.015427,932.513579,0.42168,0.000468,0.126034,890.914766,0.331612,0.0,0.088547,836.830814,0.640368,8.8e-05,0.095141,632.964278,0.232456,0.0,0.093687,160.204474,0.161085,0.0,0.028511,417.09921,0.286955,0.0,0.070658,236.573662,0.217644,0.0,0.036475,0.97506505,4,4,1,1.0
GP020402_frame_000048_rain,GP020402_frame_000048_ref,train,rain,real_rain,0,0,386.587561,0.42806,0.286853,0.827451,7.429624,0.0,0.051251,1.323097,0.060998,39.052666,8.368984,358.654425,0.809741,0.0,0.031768,241.534355,0.785453,0.0,0.034651,330.374631,0.400112,0.0,0.062988,859.704206,0.371742,0.0,0.10001,650.65414,0.538202,0.0,0.099249,388.462469,0.288987,0.0,0.079889,199.374468,0.181686,0.0,0.039847,356.780549,0.289283,0.0,0.069067,116.584904,0.187518,0.0,0.029391,0.95429474,0,0,0,
GP020402_frame_000053_rain,GP020402_frame_000053_ref,train,rain,real_rain,0,0,396.538936,0.401429,0.297265,0.847059,7.220165,7e-06,0.055765,1.418956,0.069512,42.039452,10.596122,596.939706,0.370148,0.0,0.111718,40.954719,0.919056,0.0,0.001952,495.185177,0.53889,0.0,0.073897,525.136069,0.255461,1e-05,0.108627,574.113537,0.6421,0.0,0.084709,615.378883,0.277837,0.0,0.113115,180.376553,0.196665,2e-05,0.035984,429.088795,0.299109,2.9e-05,0.073595,126.639326,0.112703,0.0,0.017711,0.96458465,3,2,2,0.6667
GP020402_frame_000058_rain,GP020402_frame_000058_ref,train,rain,real_rain,0,0,310.501219,0.442338,0.320175,0.866667,7.33471,0.000118,0.080597,1.126158,0.054461,35.622303,9.569709,449.10521,0.678939,0.0,0.072995,27.173983,0.918382,0.0,0.002264,293.078653,0.595874,0.0,0.043852,588.723225,0.468429,0.0,0.104783,411.735318,0.487845,0.0,0.069779,332.13054,0.240513,0.0,0.0609,292.741702,0.262367,0.000959,0.056025,307.207454,0.204316,0.000107,0.057572,108.766896,0.124574,0.0,0.018511,0.9575502,3,2,1,0.6667
GP020402_frame_000064_rain,GP020402_frame_000064_ref,train,rain,real_rain,0,0,294.489922,0.34995,0.290559,0.858824,7.147795,8e-05,0.071059,1.078538,0.045457,33.8078,18.078972,486.032655,0.536433,0.0,0.067478,183.667221,0.843477,0.000722,0.018804,313.189534,0.225628,0.0,0.046799,369.445065,0.268667,0.0,0.065933,657.684971,0.547869,0.0,0.091559,236.278391,0.210353,0.0,0.038407,107.593898,0.163678,0.0,0.022261,265.981412,0.226791,0.0,0.048029,41.835812,0.12646,0.0,0.005425,0.9815601,0,0,0,
GP020402_frame_000070_rain,GP020402_frame_000070_ref,train,rain,real_rain,0,0,370.323025,0.428114,0.301386,0.85098,7.327055,0.0,0.057296,1.21975,0.052405,35.750404,8.934975,908.474559,0.492045,0.0,0.090258,19.846791,0.913991,0.0,0.000839,311.838661,0.55665,0.0,0.039559,555.562337,0.260315,0.0,0.086219,599.55225,0.656161,0.0,0.066481,389.555771,0.352563,0.0,0.069292,101.758127,0.148167,0.0,0.021088,376.463718,0.261064,0.0,0.072092,104.188425,0.211173,0.0,0.02379,0.96836275,5,4,3,0.8
GP020402_frame_000075_rain,GP020402_frame_000075_ref,train,rain,real_rain,0,0,396.042783,0.403455,0.305729,0.854902,7.326105,5e-06,0.095201,1.366516,0.058949,36.207859,11.461651,420.237587,0.83338,0.0,0.030497,186.014542,0.83613,0.0,0.017447,396.071304,0.302178,0.0,0.064022,846.000858,0.259589,0.0,0.124081,627.904568,0.558151,3.9e-05,0.091647,271.318876,0.253643,0.0,0.045794,293.32138,0.184739,0.0,0.058715,422.179548,0.289556,1e-05,0.068833,124.902061,0.113887,0.0,0.026805,0.94555175,6,5,6,0.8333
GP020402_frame_000080_rain,GP020402_frame_000080_ref,train,rain,real_rain,0,0,432.890422,0.352527,0.299587,0.894118,7.22313,0.000253,0.095978,1.481585,0.063067,38.883419,14.167068,764.869629,0.577921,0.000792,0.078423,391.348729,0.778773,0.001483,0.042535,503.811699,0.265062,0.0,0.079577,591.781456,0.229142,0.0,0.080497,783.612999,0.531521,0.0,0.106021,278.099572,0.177846,0.0,0.058402,211.813644,0.203754,0.0,0.046225,311.569454,0.276794,0.0,0.056245,73.56368,0.13182,0.0,0.01494,0.9856335,5,4,8,0.8
GP020402_frame_000085_rain,GP020402_frame_000085_ref,train,rain,real_rain,0,0,375.979024,0.385655,0.305594,0.898039,7.335501,0.000149,0.094806,1.274957,0.058012,35.290615,14.541929,639.275769,0.62457,0.000147,0.068779,347.743495,0.836166,0.00119,0.037802,252.358361,0.323332,0.0,0.053718,584.044351,0.261204,0.0,0.094474,753.460256,0.580782,0.0,0.099873,156.941564,0.203985,0.0,0.039696,159.553105,0.169027,0.0,0.035192,359.400734,0.277246,0.0,0.060997,154.112102,0.194342,0.0,0.028298,0.92761713,7,7,4,1.0
GP020402_frame_000090_rain,GP020402_frame_000090_ref,train,rain,real_rain,0,0,440.766415,0.379055,0.309804,0.870588,7.211034,4.3e-05,0.076201,1.299933,0.052885,34.879971,25.316563,727.837721,0.620924,2e-05,0.070002,184.172128,0.909096,2e-05,0.015788,261.165497,0.200261,0.000322,0.04718,513.358691,0.29671,0.0,0.091901,1360.746753,0.575107,0.0,0.096155,97.56046,0.140939,0.0,0.016296,254.695584,0.21162,1e-05,0.045921,478.598673,0.315713,2e-05,0.068979,104.594743,0.141111,0.0,0.021233,0.9590372,5,5,2,1.0
GP020402_frame_000097_rain,GP020402_frame_000097_ref,train,rain,real_rain,0,0,432.151113,0.481485,0.303335,0.8,7.152306,6.7e-05,0.061923,1.309125,0.055895,36.193195,12.654528,866.975663,0.687709,0.0,0.076017,37.501844,0.859634,0.0,0.001659,383.16088,0.761407,0.0,0.041023,606.507069,0.435187,0.0,0.082551,601.550301,0.635539,0.0,0.072551,536.573278,0.313016,0.0,0.091413,290.406189,0.260262,3.9e-05,0.046459,435.528082,0.195954,0.000566,0.070277,146.208437,0.184514,0.0,0.018091,0.9777205,2,2,10,1.0
GP020402_frame_000111_rain,GP020402_frame_000111_ref,train,rain,real_rain,0,0,411.669901,0.439436,0.297323,0.839216,7.350581,1e-06,0.058898,1.24975,0.059503,39.785194,11.003373,461.869323,0.827059,0.0,0.040356,296.875561,0.65317,0.0,0.042672,282.739058,0.495017,0.0,0.036817,678.502916,0.55113,0.0,0.09105,608.976154,0.413201,0.0,0.083519,491.781745,0.285815,0.0,0.072365,276.953814,0.293204,0.0,0.055448,328.494919,0.264582,1e-05,0.057211,292.987053,0.172577,0.0,0.053357,0.96743184,9,9,4,1.0
GP020402_frame_000119_rain,GP020402_frame_000119_ref,train,rain,real_rain,0,0,582.080641,0.404133,0.296861,0.847059,7.329777,0.0,0.082535,1.680552,0.068273,45.199799,11.953763,544.993792,0.575616,0.0,0.082365,415.764306,0.853047,0.0,0.023849,806.741185,0.489389,0.0,0.094614,665.545103,0.330711,0.0,0.106553,1264.098085,0.52833,0.0,0.082884,722.334046,0.2316,0.0,0.074493,166.636297,0.189167,0.0,0.030389,450.249503,0.298889,0.0,0.063056,238.648146,0.140174,0.0,0.053201,0.94045883,3,3,2,1.0
GP020402_frame_000125_rain,GP020402_frame_000125_ref,train,rain,real_rain,0,0,578.691366,0.369902,0.304311,0.87451,7.130704,2.6e-05,0.086502,1.551356,0.068192,44.202171,20.053833,281.272345,0.704486,0.0,0.034311,504.036213,0.798672,0.000224,0.0379,1318.899904,0.226194,1e-05,0.108558,754.573357,0.312288,0.0,0.124345,1302.41125,0.461462,0.0,0.099336,340.911296,0.252979,0.0,0.071458,267.044471,0.203065,0.0,0.059214,391.201968,0.243456,0.0,0.062754,69.915841,0.126777,0.0,0.012051,0.9519836,10,9,3,0.9
GP020402_frame_000131_rain,GP020402_frame_000131_ref,train,rain,real_rain,0,0,312.436586,0.404572,0.321365,0.882353,7.113357,0.000122,0.060537,1.150694,0.052194,35.288074,14.854074,316.493466,0.597485,0.0,0.050029,91.333574,0.929275,0.00039,0.009163,384.338304,0.294042,0.000693,0.066676,390.22117,0.274993,0.0,0.074501,699.295049,0.669608,0.0,0.079411,270.005156,0.196468,0.0,0.065496,168.483438,0.211304,0.0,0.036268,369.561731,0.306477,1e-05,0.053015,132.408105,0.16119,0.0,0.03184,0.9512138,6,6,2,1.0
GP020402_frame_000137_rain,GP020402_frame_000137_ref,train,rain,real_rain,0,0,360.806754,0.4188,0.326648,0.866667,7.318368,0.0,0.162174,1.31724,0.044366,33.526585,10.636363,197.08393,0.835543,0.0,0.017938,413.935575,0.804886,0.0,0.038329,577.76364,0.183853,0.0,0.092789,442.152122,0.59148,0.0,0.059712,774.932441,0.494911,0.0,0.064325,286.723464,0.092503,0.0,0.028474,246.169904,0.342909,0.0,0.045129,275.683401,0.301201,0.0,0.048683,46.717545,0.123119,0.0,0.002547,0.95065725,2,2,5,1.0
GP020402_frame_000143_rain,GP020402_frame_000143_ref,train,rain,real_rain,0,0,430.730137,0.417365,0.31014,0.839216,7.218472,5e-06,0.099969,1.364687,0.051478,36.372288,13.061713,292.576116,0.74698,0.0,0.028071,421.21816,0.78854,0.0,0.033704,826.375546,0.44386,0.0,0.095267,598.708033,0.326998,0.0,0.076105,774.983411,0.580523,0.0,0.065457,453.770342,0.237592,0.0,0.073868,153.252295,0.187817,0.0,0.025147,250.202697,0.294835,4.9e-05,0.040154,126.984952,0.149162,0.0,0.023985,0.96705073,5,5,7,1.0
GP020402_frame_000148_rain,GP020402_frame_000148_ref,train,rain,real_rain,0,0,311.80532,0.3486,0.314966,0.854902,6.993959,2e-05,0.172439,1.268441,0.034186,29.319298,11.307973,398.156965,0.734349,0.0,0.034634,269.625759,0.778014,0.0,0.029411,576.302294,0.146195,0.0,0.075185,212.184453,0.276884,0.0,0.033637,696.21531,0.525037,0.0,0.052898,107.103054,0.0646,0.0,0.009963,192.801606,0.200658,0.000176,0.021743,275.032093,0.293981,0.0,0.036066,90.845166,0.118074,0.0,0.012568,0.9712661,2,2,2,1.0
GP020402_frame_000153_rain,GP020402_frame_000153_ref,train,rain,real_rain,0,0,724.784017,0.358929,0.317252,0.882353,7.023881,3.7e-05,0.135101,1.993553,0.065056,45.837414,11.987538,517.523769,0.778518,0.0,0.038703,1034.459194,0.631881,1e-05,0.060217,1833.30754,0.152314,0.0,0.131099,488.51153,0.319124,0.0,0.071303,1398.203501,0.578828,0.0,0.098634,533.597679,0.13576,0.0,0.090554,221.990255,0.213733,0.000245,0.029665,427.133248,0.30166,7.8e-05,0.053367,97.299385,0.119089,0.0,0.009826,0.97608095,1,1,2,1.0
GP020402_frame_000159_rain,GP020402_frame_000159_ref,train,rain,real_rain,0,0,397.069511,0.474006,0.315595,0.803922,7.032294,9e-06,0.042348,1.317924,0.054361,35.005836,15.148367,427.319207,0.839838,0.0,0.029998,5.295286,0.885159,0.0,0.0,443.523673,0.689441,0.0,0.04273,703.005381,0.371778,0.0,0.105575,629.524065,0.596513,7.8e-05,0.068404,517.8857,0.235978,0.0,0.101356,231.08779,0.195993,0.0,0.036512,457.922426,0.259148,0.0,0.063583,171.840655,0.192174,0.0,0.037861,0.9684403,1,1,8,1.0
GP020402_frame_000165_rain,GP020402_frame_000165_ref,train,rain,real_rain,0,0,878.606676,0.28155,0.30712,0.960784,6.724682,0.112998,0.229277,1.99778,0.075018,54.053265,10.787485,840.721777,0.742326,0.597261,0.066432,2633.581684,0.53145,0.290554,0.143238,616.40038,0.161557,0.000898,0.11009,780.899652,0.183008,0.008079,0.074442,1750.911855,0.306391,0.117896,0.110753,514.957504,0.116054,0.00241,0.062256,132.099403,0.178556,0.0,0.024677,576.584327,0.230876,0.000263,0.067369,101.880865,0.08434,0.000244,0.014071,0.9747778,6,4,4,0.6667
GP020402_frame_000171_rain,GP020402_frame_000171_ref,train,rain,real_rain,0,0,1207.381099,0.319119,0.257988,0.921569,7.066551,0.078223,0.059035,2.549499,0.103291,68.96962,18.110535,1296.49631,0.366271,0.206856,0.082639,3398.318586,0.549379,0.24556,0.205894,573.960784,0.234369,0.001942,0.112568,1193.827568,0.313938,0.107189,0.115591,3014.972126,0.370376,0.12985,0.159163,274.225457,0.239945,2.9e-05,0.067906,299.003028,0.268964,1e-05,0.058236,733.5502,0.355394,0.012471,0.09436,117.452125,0.17342,0.000283,0.029781,0.9640208,0,0,8,
GP020402_frame_000191_rain,GP020402_frame_000191_ref,train,rain,real_rain,0,0,546.731571,0.428043,0.310536,0.847059,7.184277,4.9e-05,0.086335,1.474299,0.071929,43.045891,15.494625,453.283792,0.810207,0.0,0.034282,345.13609,0.757826,0.0,0.046233,703.625271,0.270995,0.0,0.117672,869.709234,0.463551,0.0,0.118633,927.016291,0.623472,7.8e-05,0.080894,655.467773,0.152672,0.0,0.100322,353.948934,0.305826,0.000293,0.062167,490.974971,0.320896,6.8e-05,0.062695,139.080656,0.147635,0.0,0.021087,0.9748338,3,3,5,1.0
GP020402_frame_000211_rain,GP020402_frame_000211_ref,train,rain,real_rain,0,0,621.192106,0.448735,0.308466,0.792157,7.059807,7.5e-05,0.099541,1.590314,0.071098,43.171215,14.533314,535.513367,0.817665,0.0,0.038948,127.168493,0.836734,0.0,0.013915,1128.113064,0.383866,0.0,0.124805,693.347574,0.450839,0.0,0.113146,828.859066,0.685555,0.0,0.056889,1141.547977,0.16143,0.0,0.108597,370.332682,0.233912,0.000117,0.079392,613.79533,0.332946,0.000556,0.071448,169.089173,0.136029,0.0,0.029947,0.9746576,7,7,6,1.0
GP020402_frame_000231_rain,GP020402_frame_000231_ref,train,rain,real_rain,0,0,568.224874,0.431173,0.30648,0.784314,6.970684,7e-06,0.110305,1.518203,0.067049,41.388798,14.320152,529.696713,0.805392,0.0,0.037031,133.244804,0.822149,0.0,0.013769,1043.694597,0.376647,0.0,0.118716,678.930486,0.451934,0.0,0.107032,747.790099,0.667681,0.0,0.05848,1122.250078,0.157737,0.0,0.108831,298.710516,0.239261,1e-05,0.063331,408.629156,0.235296,0.0,0.066315,165.077472,0.124937,4.9e-05,0.026649,0.9608105,4,4,5,1.0
GP020402_frame_000251_rain,GP020402_frame_000251_ref,train,rain,real_rain,0,0,547.05216,0.436976,0.299336,0.768627,6.973087,0.00013,0.109221,1.503989,0.066824,41.176731,14.168296,474.36424,0.790487,0.0,0.03482,129.875372,0.80934,0.0,0.016052,955.494008,0.372746,0.0,0.1101,617.502493,0.451589,0.0,0.101849,640.100288,0.67077,0.0,0.052508,1068.204567,0.154498,0.0,0.104401,378.88032,0.248272,0.000528,0.077602,504.285254,0.324598,0.000615,0.067818,173.116959,0.110907,2.9e-05,0.033333,0.9678334,13,12,4,0.9231
GP020402_frame_000271_rain,GP020402_frame_000271_ref,train,rain,real_rain,0,0,552.719982,0.472999,0.300635,0.764706,6.920655,0.0,0.081311,1.414037,0.063287,40.015247,10.915081,255.820147,0.749414,0.0,0.018261,258.611329,0.815993,0.0,0.028074,455.555913,0.714205,0.0,0.041764,737.181834,0.375914,0.0,0.141451,779.745294,0.696733,0.0,0.053484,1655.953883,0.240306,0.0,0.14434,195.296228,0.234222,0.0,0.041481,522.633788,0.313737,0.0,0.076581,140.444789,0.116326,0.0,0.023195,0.9470559,2,2,3,1.0
GP020402_frame_000277_rain,GP020402_frame_000277_ref,train,rain,real_rain,0,0,564.56543,0.417433,0.297778,0.788235,7.177307,0.0,0.109678,1.5306,0.06266,42.769417,10.181715,1389.264639,0.258098,0.0,0.107688,69.747714,0.824675,0.0,0.005894,270.270275,0.764934,0.0,0.036846,1097.409036,0.255956,0.0,0.127328,897.56055,0.617878,0.0,0.066364,466.04527,0.32663,0.0,0.064178,139.820081,0.170711,0.0,0.027025,467.719062,0.304133,0.0,0.067477,308.750195,0.232552,0.0,0.058431,0.95879495,6,6,5,1.0
GP020402_frame_000282_rain,GP020402_frame_000282_ref,train,rain,real_rain,0,0,615.56657,0.408576,0.304003,0.819608,7.285481,2.1e-05,0.085818,1.618895,0.063847,47.121464,11.649555,1243.93033,0.374857,0.0,0.126056,833.346416,0.655737,0.0,0.06894,187.884269,0.817392,0.0,0.023019,1041.827281,0.278669,0.0,0.119943,1376.197407,0.545205,0.0,0.097697,323.124911,0.371795,0.0,0.04112,137.914116,0.162958,0.000186,0.021538,317.569204,0.303621,0.0,0.049336,102.764958,0.165991,0.0,0.024834,0.9766039,5,5,5,1.0
GP020402_frame_000288_rain,GP020402_frame_000288_ref,train,rain,real_rain,0,0,372.837572,0.449824,0.309378,0.8,7.097343,2e-06,0.062306,1.212785,0.047086,34.901611,11.605076,710.921209,0.443011,0.0,0.064173,165.898804,0.858031,0.0,0.015896,133.292359,0.804401,0.0,0.019174,753.611178,0.217008,0.0,0.107531,628.66247,0.651017,0.0,0.057923,437.821661,0.333188,0.0,0.057836,129.028627,0.208406,0.0,0.020687,295.040391,0.345253,2e-05,0.053396,124.414871,0.186976,0.0,0.025995,0.9736414,5,5,3,1.0
GP020402_frame_000295_rain,GP020402_frame_000295_ref,train,rain,real_rain,0,0,847.774112,0.456816,0.297104,0.756863,7.03059,1.8e-05,0.058994,1.889435,0.068555,49.795307,12.158792,3627.202388,0.387553,0.0,0.249628,428.608188,0.798621,0.0,0.026903,0.696292,0.797648,0.0,0.0,1772.398184,0.298213,0.0,0.137373,755.660964,0.622452,0.0,0.050537,281.228296,0.509625,0.0,0.032709,136.657364,0.220068,0.0,0.031671,555.133333,0.311504,0.000166,0.06451,117.863914,0.164575,0.0,0.021458,0.9793048,8,7,0,0.875
GP020402_frame_000301_rain,GP020402_frame_000301_ref,train,rain,real_rain,0,0,375.127883,0.495346,0.284326,0.72549,6.759958,3.7e-05,0.054303,1.123781,0.041458,29.425983,11.453238,87.974626,0.76026,0.0,0.004059,1.646399,0.80013,0.0,0.0,9.286747,0.771549,0.0,0.001561,756.877085,0.30906,0.0,0.103208,1122.673683,0.654173,0.0,0.069672,653.680675,0.425726,0.0,0.079664,171.356935,0.215998,7.8e-05,0.028502,452.905667,0.343784,0.000254,0.058597,135.439543,0.176964,0.0,0.02623,0.9752358,4,4,5,1.0
GP020402_frame_000306_rain,GP020402_frame_000306_ref,train,rain,real_rain,0,0,434.872157,0.492787,0.281049,0.713725,6.853415,2.7e-05,0.058554,1.262435,0.047868,31.810106,11.414807,207.456914,0.715969,0.0,0.019865,135.768393,0.784863,0.0,0.011807,188.237998,0.756999,0.0,0.013769,675.129269,0.341245,0.0,0.076448,601.533949,0.647371,0.0,0.053981,1171.418997,0.504579,0.0,0.10119,314.296377,0.217177,9.8e-05,0.05537,478.222681,0.301797,6.8e-05,0.072199,167.11522,0.164601,7.8e-05,0.025361,0.98346627,10,8,6,0.8
GP020402_frame_000311_rain,GP020402_frame_000311_ref,train,rain,real_rain,0,0,422.917933,0.435853,0.296487,0.760784,7.020151,2.1e-05,0.097743,1.34016,0.052531,35.752918,14.196368,363.937226,0.775014,0.0,0.029049,20.69192,0.811273,0.0,0.000263,905.680747,0.318042,0.0,0.100956,310.230556,0.54667,0.0,0.042009,667.995353,0.606161,0.0,0.050868,614.271757,0.134691,0.0,0.076805,309.60742,0.300859,3.9e-05,0.061414,430.847345,0.310882,0.000146,0.06776,204.687319,0.119818,0.0,0.040154,0.968819,6,6,5,1.0
GP020402_frame_000316_rain,GP020402_frame_000316_ref,train,rain,real_rain,0,0,330.630784,0.487783,0.292681,0.74902,7.008592,2e-06,0.049632,1.104308,0.044543,31.355844,8.671752,108.572603,0.803849,0.0,0.00805,8.613856,0.829622,0.0,0.000722,496.470724,0.679399,0.0,0.052449,691.238008,0.519895,0.0,0.09151,303.196852,0.616252,0.0,0.041306,812.852507,0.266549,0.0,0.102039,139.287986,0.210355,2e-05,0.02859,306.395,0.305395,0.0,0.056431,118.198372,0.158897,0.0,0.017847,0.9805573,1,1,0,1.0
GP020402_frame_000321_rain,GP020402_frame_000321_ref,train,rain,real_rain,0,0,314.606218,0.433536,0.287698,0.792157,7.207067,7.7e-05,0.105712,1.122176,0.041492,28.343807,11.883922,396.187475,0.798666,0.0,0.035563,157.389439,0.797226,0.0,0.012002,228.478297,0.370624,0.0,0.036349,448.967792,0.542407,0.0,0.067077,776.192949,0.458649,0.0,0.06088,190.572464,0.278575,0.0,0.037139,239.848722,0.272233,0.000548,0.04954,293.476502,0.269476,0.000146,0.050654,117.410143,0.114702,0.0,0.020648,0.96498346,3,3,5,1.0
GP020402_frame_000326_rain,GP020402_frame_000326_ref,train,rain,real_rain,0,0,376.310064,0.39638,0.311064,0.843137,7.198062,8.2e-05,0.120065,1.414326,0.057632,35.995464,10.252845,431.959325,0.672137,0.0,0.04864,52.419374,0.881837,0.0,0.003972,669.712108,0.274734,0.0,0.123956,508.923633,0.346746,0.0,0.089632,766.612758,0.593806,0.0,0.087607,362.233058,0.120104,0.0,0.073234,172.735178,0.244062,0.000264,0.028277,374.542881,0.331836,0.000478,0.052879,68.125182,0.102329,0.0,0.006245,0.9507569,2,2,2,1.0
GP020402_frame_000332_rain,GP020402_frame_000332_ref,train,rain,real_rain,0,0,253.120739,0.447301,0.277103,0.843137,7.307582,0.000143,0.071966,1.002928,0.038442,27.710564,10.321788,273.805379,0.819118,0.0,0.027113,209.634883,0.79145,0.0,0.024102,150.042332,0.354091,0.0,0.025137,466.170536,0.506079,0.000391,0.062803,416.02333,0.46464,0.000868,0.060958,274.584699,0.343455,0.0,0.045863,147.932245,0.262235,2.9e-05,0.032776,241.676318,0.254925,0.0,0.041198,110.191804,0.230291,0.0,0.024483,0.97114104,1,1,2,1.0
GP020402_frame_000352_rain,GP020402_frame_000352_ref,train,rain,real_rain,0,0,332.932589,0.431366,0.294982,0.847059,7.461966,3.8e-05,0.077871,1.096055,0.048941,33.093731,11.577276,451.806503,0.766627,0.0,0.045246,457.569259,0.79661,0.0,0.046829,321.941148,0.394875,0.0,0.054157,531.997548,0.426066,9.8e-05,0.084879,460.581584,0.580253,0.000166,0.06411,94.098104,0.191983,0.0,0.023956,221.842074,0.268271,5.9e-05,0.041794,326.743987,0.28886,2e-05,0.053503,142.114806,0.169139,0.0,0.023858,0.9789994,2,2,2,1.0
GP020402_frame_000362_rain,GP020402_frame_000362_ref,train,rain,real_rain,0,0,308.935917,0.419413,0.292141,0.815686,7.287692,5e-05,0.084727,1.181488,0.04704,32.321903,13.800685,628.189097,0.601574,0.0,0.068809,43.576376,0.86612,0.0,0.004518,269.181996,0.492057,0.0,0.043208,476.464628,0.304117,0.0,0.074041,460.902367,0.599391,0.0,0.060539,311.93527,0.310897,0.0,0.071614,215.546518,0.21834,0.00043,0.037911,288.857509,0.275833,2e-05,0.048029,96.460128,0.10607,0.0,0.010919,0.9744234,3,3,1,1.0
GP020402_frame_000372_rain,GP020402_frame_000372_ref,train,rain,real_rain,0,0,626.600382,0.355094,0.30667,0.85098,7.102837,0.0,0.142048,1.930292,0.058817,39.699341,7.816336,2464.038463,0.310393,0.0,0.173288,116.925382,0.89111,0.0,0.008587,517.195021,0.522753,0.0,0.054869,1153.191841,0.184633,0.0,0.104069,738.363299,0.508759,0.0,0.06655,239.103306,0.208133,0.0,0.050449,119.273612,0.200788,0.0,0.021391,269.889979,0.262784,0.0,0.047726,44.590932,0.105628,0.0,0.00122,0.9444448,0,0,0,
GP020402_frame_000383_rain,GP020402_frame_000383_ref,train,rain,real_rain,0,0,431.533354,0.554688,0.328194,0.835294,7.196639,5e-06,0.02999,1.204087,0.049326,33.317825,13.617135,307.390903,0.880177,0.0,0.024648,8.722469,0.928944,0.0,0.000498,151.638424,0.895194,0.0,0.01048,736.812976,0.504178,0.0,0.090297,628.100748,0.703037,0.0,0.052859,1337.572957,0.296931,0.0,0.110948,164.699174,0.293472,0.0,0.041207,377.185782,0.308645,4.9e-05,0.07056,193.683224,0.181642,0.0,0.040193,0.964047,5,5,3,1.0
GP020402_frame_000389_rain,GP020402_frame_000389_ref,train,rain,real_rain,0,0,375.701588,0.381204,0.300526,0.8,7.066678,0.0,0.103005,1.185357,0.045552,32.681374,14.393867,1282.918751,0.507017,0.0,0.114857,38.589665,0.842365,0.0,0.002488,155.701191,0.63605,0.0,0.022521,443.448044,0.130173,0.0,0.066041,661.09436,0.501375,0.0,0.05724,275.315095,0.226716,0.0,0.044662,80.866394,0.162822,0.0,0.012422,237.338246,0.245998,0.0,0.040349,225.945459,0.177516,0.0,0.046097,0.96511775,1,1,1,1.0
GP020402_frame_000404_rain,GP020402_frame_000404_ref,train,rain,real_rain,0,0,358.424322,0.419585,0.354913,0.921569,7.202324,0.021879,0.138238,1.07523,0.039718,33.730804,15.475701,428.172551,0.705682,9.8e-05,0.041246,229.042444,0.884227,0.17257,0.029489,759.575634,0.520346,0.022404,0.064305,188.936504,0.111382,0.001633,0.025567,542.897315,0.673488,5.9e-05,0.042467,581.057102,0.22661,0.0,0.059348,101.599362,0.167603,0.0,0.017674,291.66397,0.299566,0.0,0.046068,118.075185,0.186721,0.0,0.030191,0.9609654,0,0,1,
GP020402_frame_000409_rain,GP020402_frame_000409_ref,train,rain,real_rain,0,0,274.15582,0.353521,0.325734,0.878431,7.101436,1e-05,0.167871,1.052384,0.033736,29.982475,11.213972,396.892241,0.192932,0.0,0.058011,461.599701,0.560527,8.8e-05,0.038847,24.831694,0.906355,0.0,0.001678,249.38657,0.169077,0.0,0.039887,624.157816,0.463972,0.0,0.055221,355.978216,0.368641,0.0,0.048468,34.30473,0.097309,0.0,0.003824,243.462196,0.25097,0.0,0.038895,90.468058,0.170494,0.0,0.016452,0.9567935,0,0,2,
GP020402_frame_000414_rain,GP020402_frame_000414_ref,train,rain,real_rain,0,0,268.056941,0.455897,0.311457,0.823529,7.222163,0.0,0.070013,1.039191,0.037359,30.057386,15.858685,674.80356,0.588369,0.0,0.072604,57.54865,0.874655,0.0,0.007192,31.276617,0.791172,0.0,0.010773,269.651031,0.19421,0.0,0.047672,669.698136,0.493982,0.0,0.066257,284.551863,0.406306,0.0,0.04276,104.024708,0.241224,0.0,0.026741,218.962039,0.30381,0.0,0.039237,110.069706,0.208537,0.0,0.020619,0.9743973,0,0,5,
GP020402_frame_000419_rain,GP020402_frame_000419_ref,train,rain,real_rain,0,0,177.516404,0.422006,0.311409,0.835294,7.181097,0.0,0.035426,0.794945,0.024834,25.613064,8.725372,206.370579,0.484316,0.0,0.030614,228.083257,0.887356,0.0,0.012568,94.704183,0.786567,0.0,0.013417,88.725293,0.223381,0.0,0.017156,486.822303,0.439298,0.0,0.050127,201.818459,0.395189,0.0,0.04636,39.088991,0.16082,0.0,0.004617,179.346024,0.225372,0.0,0.029908,83.467051,0.194824,0.0,0.016725,0.9617445,4,3,6,0.75
GP020402_frame_000424_rain,GP020402_frame_000424_ref,train,rain,real_rain,0,0,239.931978,0.459374,0.32344,0.854902,7.334183,2e-06,0.030906,0.907303,0.032869,28.596704,14.578787,106.784301,0.784665,0.0,0.014662,213.472636,0.904618,0.0,0.019604,190.584484,0.732716,1e-05,0.01694,374.770336,0.308432,0.0,0.063996,686.634695,0.45178,1e-05,0.074073,190.14472,0.327125,0.0,0.028279,81.756036,0.190665,0.0,0.012324,253.18561,0.277488,0.0,0.045843,82.326011,0.156657,0.0,0.018501,0.9688205,5,4,7,0.8
GP020402_frame_000440_rain,GP020402_frame_000440_ref,train,rain,real_rain,0,0,357.753491,0.419073,0.296925,0.811765,7.188259,0.0,0.062133,1.308946,0.057147,35.578918,23.940102,357.917742,0.532609,0.0,0.054881,0.467398,0.874451,0.0,0.0,369.293252,0.630364,0.0,0.045267,606.793309,0.280343,0.0,0.114163,709.48888,0.546787,0.0,0.088661,609.488437,0.257006,0.0,0.077937,206.544579,0.209254,0.0,0.052475,244.375355,0.270965,0.0,0.048731,129.462693,0.16933,0.0,0.030347,0.9679165,2,2,3,1.0
GP020402_frame_000450_rain,GP020402_frame_000450_ref,train,rain,real_rain,0,0,576.704719,0.429509,0.309405,0.831373,7.392014,4.2e-05,0.060487,1.533268,0.059699,40.371044,16.133272,1380.237649,0.530171,0.0,0.096068,0.359172,0.89705,0.0,0.0,1555.146225,0.455205,0.0,0.14314,426.303969,0.427949,0.0,0.06609,322.451224,0.657847,0.0,0.036836,870.826294,0.273213,0.0,0.082826,195.553955,0.204208,2.9e-05,0.036268,348.25998,0.25929,0.000351,0.054723,102.573567,0.160352,0.0,0.019506,0.9980727,4,3,2,0.75
GP020402_frame_000457_rain,GP020402_frame_000457_ref,train,rain,real_rain,0,0,390.883003,0.424576,0.27187,0.811765,7.336513,1.2e-05,0.045977,1.302548,0.055978,37.888168,30.332605,1114.088196,0.577244,0.0,0.12189,85.767769,0.850203,0.0,0.014169,155.512885,0.521697,0.0,0.039227,890.040089,0.260495,0.0,0.126721,560.586406,0.522106,0.0,0.067428,140.91548,0.369627,0.0,0.034543,178.198647,0.24142,3.9e-05,0.027973,302.069223,0.29641,6.8e-05,0.047287,103.163778,0.181526,0.0,0.020267,0.9893745,1,1,2,1.0
GP020402_frame_000465_rain,GP020402_frame_000465_ref,train,rain,real_rain,0,0,464.308028,0.378343,0.310622,0.882353,7.354349,0.000173,0.119469,1.322903,0.054962,39.942142,13.269699,1212.60582,0.454411,0.0,0.124169,0.876825,0.927424,0.0,4.9e-05,358.894887,0.403539,0.0,0.026669,915.66944,0.3161,0.0,0.106182,619.148428,0.525475,0.0,0.080035,369.154407,0.224142,0.0,0.047863,173.248299,0.207297,0.000166,0.035681,459.104984,0.253547,0.001386,0.058655,81.840027,0.092785,0.0,0.013486,0.9602934,3,3,1,1.0
GP020402_frame_000472_rain,GP020402_frame_000472_ref,train,rain,real_rain,0,0,266.60739,0.369504,0.295086,0.882353,7.298633,0.000169,0.084592,1.025777,0.038736,32.144527,17.60144,482.297512,0.492127,0.0,0.082658,152.426551,0.862477,0.000117,0.017652,158.557212,0.511805,0.000907,0.02621,399.527501,0.260525,0.000499,0.032688,675.997784,0.480557,0.0,0.090466,145.503416,0.204732,0.0,0.031528,44.12544,0.14413,0.0,0.006651,276.743216,0.24836,0.0,0.042477,75.684459,0.120332,0.0,0.015915,0.95806366,7,6,3,0.8571
GP020402_frame_000478_rain,GP020402_frame_000478_ref,train,rain,real_rain,0,0,293.414683,0.411162,0.315124,0.894118,7.418751,0.020552,0.066623,1.01943,0.046168,32.395012,18.272564,25.951271,0.92565,4.9e-05,0.002005,405.899088,0.723331,0.183636,0.044604,149.790746,0.235922,0.0,0.034036,560.585759,0.53188,1e-05,0.086903,748.952213,0.433142,0.0,0.106801,277.732516,0.197152,0.001132,0.045492,201.612078,0.300498,0.0,0.038938,209.86102,0.219123,0.0,0.042291,67.86302,0.134986,0.0,0.011768,0.98564744,3,3,3,1.0
GP020402_frame_000485_rain,GP020402_frame_000485_ref,train,rain,real_rain,0,0,357.352442,0.408586,0.287797,0.862745,7.403368,0.000278,0.04719,1.045688,0.049025,34.251839,22.915028,393.788916,0.666812,0.0,0.043975,286.067051,0.820621,0.001942,0.023897,198.927314,0.405356,0.0,0.032406,785.887038,0.306799,2.9e-05,0.112441,864.912018,0.499832,0.0,0.08829,147.522412,0.307821,0.0,0.032143,144.263292,0.218415,5.9e-05,0.039896,358.139948,0.238056,0.000439,0.058265,62.277179,0.213487,2.9e-05,0.007816,0.9847024,2,1,6,0.5
GP020402_frame_000505_rain,GP020402_frame_000505_ref,train,rain,real_rain,0,0,496.726962,0.369813,0.304594,0.905882,7.413404,0.000636,0.142768,1.263859,0.059453,40.292282,19.358412,650.238053,0.547781,0.000988,0.054656,529.736913,0.791167,0.004157,0.034563,467.275653,0.413104,0.0,0.072219,803.716988,0.355485,0.0,0.114808,882.636771,0.520205,2.9e-05,0.08145,362.266665,0.129859,3.9e-05,0.051151,243.317429,0.219861,0.000362,0.048875,476.667181,0.246208,0.000146,0.065662,62.531419,0.104681,0.0,0.00886,0.9538165,7,6,1,0.8571
GP020402_frame_000521_rain,GP020402_frame_000521_ref,train,rain,real_rain,0,0,533.892987,0.313197,0.273099,0.921569,7.271082,0.043416,0.120193,1.402896,0.05111,40.500397,11.344814,291.178676,0.420746,0.055027,0.037109,1739.905365,0.628689,0.331967,0.087363,309.691705,0.52237,0.0,0.034173,337.541353,0.246798,1e-05,0.081397,1258.174254,0.299381,0.000937,0.095238,149.380214,0.163288,0.0,0.022873,195.80564,0.163255,0.000176,0.031377,507.279846,0.229202,0.002449,0.065496,38.273799,0.144788,0.0,0.001913,0.9782022,8,8,4,1.0
GP020402_frame_000531_rain,GP020402_frame_000531_ref,train,rain,real_rain,0,0,1564.633498,0.443724,0.299303,0.901961,7.279888,0.129934,0.035678,2.776807,0.113216,76.846375,13.085978,405.604836,0.61648,0.203208,0.041579,3435.798167,0.728284,0.462373,0.173536,3005.448817,0.701605,0.360129,0.170521,674.812596,0.35425,0.000215,0.086708,1834.462588,0.458584,0.116667,0.138525,3416.434204,0.395169,0.026308,0.206284,379.445513,0.223335,0.0,0.053433,536.53568,0.299031,6.8e-05,0.067281,451.432664,0.216458,0.0,0.078318,0.9151237,10,9,7,0.9
GP020402_frame_000545_rain,GP020402_frame_000545_ref,train,rain,real_rain,0,0,765.170867,0.387781,0.28403,0.937255,7.043871,0.126545,0.075327,2.178891,0.084794,51.714077,18.840528,488.308577,0.471265,0.156475,0.062158,585.55246,0.852755,0.743501,0.038515,1706.239671,0.363134,0.0,0.187734,503.6081,0.329434,0.0,0.075479,1220.874714,0.501589,0.237402,0.095355,738.050411,0.241242,0.0,0.121272,518.977307,0.241097,0.000254,0.065141,735.032983,0.334258,0.000751,0.078025,416.224173,0.154973,0.0,0.036944,0.9590427,10,10,3,1.0
GP020402_frame_000554_rain,GP020402_frame_000554_ref,train,rain,real_rain,0,0,432.268817,0.394263,0.318465,0.913725,7.309704,0.042195,0.076747,1.466384,0.057696,36.755733,20.288898,462.151119,0.788917,0.002005,0.041031,508.52197,0.864621,0.376795,0.035636,827.853053,0.280253,0.0,0.114413,734.884494,0.311113,3.9e-05,0.10535,542.916578,0.497468,0.000361,0.069379,206.110504,0.157411,0.0,0.034407,197.308209,0.242582,0.0,0.039251,364.973278,0.276435,0.000263,0.065018,65.644863,0.129939,0.0,0.01087,0.9316304,0,0,4,
GP020402_frame_000567_rain,GP020402_frame_000567_ref,train,rain,real_rain,0,0,374.35519,0.418889,0.303045,0.866667,7.421977,0.00033,0.057618,1.094269,0.05564,38.724777,18.323826,648.943458,0.490447,0.0,0.085906,250.930007,0.81594,0.001122,0.02944,348.463322,0.755376,2e-05,0.051893,398.272505,0.268537,0.0,0.073768,577.429555,0.399008,0.0,0.071848,334.364817,0.404747,0.0,0.057631,232.225952,0.202855,0.001379,0.039437,303.656795,0.228524,0.000224,0.045238,292.193777,0.203876,0.000224,0.042164,0.9785227,6,6,9,1.0
GP020402_frame_000578_rain,GP020402_frame_000578_ref,train,rain,real_rain,0,0,596.940324,0.341468,0.280641,0.960784,7.124834,0.098407,0.144097,1.51923,0.058685,45.305161,19.631657,378.974012,0.460154,0.155937,0.050293,1231.999335,0.677564,0.497346,0.094828,421.735801,0.261966,0.000381,0.050829,562.392723,0.30813,0.00535,0.065258,1534.54271,0.522502,0.223868,0.104459,169.333253,0.200555,0.0,0.024278,372.074877,0.224481,0.000929,0.053511,700.297575,0.340283,0.001542,0.079284,32.20085,0.077506,0.0,0.003532,0.9867977,8,7,2,0.875
GP020402_frame_000587_rain,GP020402_frame_000587_ref,train,rain,real_rain,0,0,774.21993,0.442727,0.333608,0.929412,7.52541,0.043458,0.127725,1.575929,0.06907,49.816841,11.523463,160.96452,0.934699,0.061493,0.016618,1921.214161,0.55768,0.315281,0.069916,1107.917774,0.228326,0.011017,0.092262,671.339777,0.56346,2.9e-05,0.105379,1662.123225,0.516577,0.002137,0.098614,303.73998,0.240241,0.000956,0.04557,252.733653,0.387232,2e-05,0.045921,708.328182,0.377162,2.9e-05,0.096926,217.687114,0.180473,0.0,0.038271,0.96157503,2,2,3,1.0
GP020571_frame_000638_rain,GP020571_frame_000638_ref,train,rain,real_rain,0,0,495.478299,0.426702,0.276832,0.854902,7.595816,0.003522,0.043444,1.51792,0.077118,46.684357,13.109479,619.202802,0.678967,0.000117,0.065581,344.950707,0.846616,0.031557,0.035187,853.29571,0.343215,0.0,0.142252,433.892034,0.356533,0.0,0.076076,876.206463,0.547956,0.0,0.115154,632.280318,0.324068,0.0,0.130796,200.972651,0.212403,0.0,0.038625,316.185003,0.269122,0.0,0.044126,206.888997,0.261359,0.0,0.040788,0.97646296,4,4,2,1.0
GP020571_frame_000646_rain,GP020571_frame_000646_ref,train,rain,real_rain,0,0,340.523426,0.446734,0.303412,0.878431,7.710997,0.007248,0.06412,1.158135,0.050975,34.171841,10.927176,306.460725,0.765926,0.000176,0.033177,199.37118,0.890163,0.065008,0.017125,224.428757,0.451096,0.0,0.057738,528.96473,0.495361,0.0,0.079196,864.567073,0.496533,0.0,0.108919,266.598381,0.235054,0.0,0.049014,278.433098,0.223686,0.0,0.049804,323.950165,0.293973,0.0,0.044594,87.486999,0.16915,0.0,0.01735,0.9619233,1,1,1,1.0
GP020571_frame_000656_rain,GP020571_frame_000656_ref,train,rain,real_rain,0,0,400.927078,0.444337,0.302329,0.858824,7.558279,0.000522,0.055843,1.264476,0.048634,37.841492,13.511652,489.262382,0.648993,0.0,0.049658,255.021407,0.873288,0.0,0.015281,600.585401,0.690726,0.004694,0.051981,656.974771,0.392886,0.0,0.094053,581.612528,0.39136,0.0,0.065213,350.290407,0.343282,0.0,0.062724,277.429746,0.235211,0.0,0.040336,247.077837,0.232482,0.0,0.031333,164.792281,0.190674,0.0,0.025224,0.9786332,4,4,3,1.0
GP020571_frame_000666_rain,GP020571_frame_000666_ref,train,rain,real_rain,0,0,404.84932,0.372918,0.306054,0.858824,7.422251,6.3e-05,0.110276,1.440071,0.051793,36.388851,16.400209,660.139674,0.782649,3.9e-05,0.069562,347.325273,0.771691,0.000322,0.030865,810.404211,0.29604,0.000205,0.106109,252.936903,0.28982,0.0,0.033685,710.583057,0.473377,0.0,0.074746,282.911062,0.113833,0.0,0.040984,196.243122,0.175547,0.0,0.042381,250.77019,0.269828,0.0,0.040232,150.599617,0.183783,0.0,0.02539,0.96511,2,2,1,1.0
GP020571_frame_000675_rain,GP020571_frame_000675_ref,train,rain,real_rain,0,0,508.620922,0.416308,0.286202,0.843137,7.60776,7.6e-05,0.051252,1.46989,0.06994,44.5116,15.84437,884.524019,0.5135,0.0,0.093192,107.497614,0.888199,0.0,0.008421,865.98468,0.493715,0.000576,0.115135,242.418249,0.183664,0.0,0.069669,695.035566,0.543209,0.0,0.072219,989.585804,0.393128,0.0,0.144253,117.674327,0.166004,0.0,0.027054,373.514826,0.319281,0.000107,0.048927,332.058662,0.245172,0.0,0.044575,0.9779577,7,7,4,1.0
GP020571_frame_000695_rain,GP020571_frame_000695_ref,train,rain,real_rain,0,0,492.968456,0.404823,0.318372,0.85098,7.26715,0.000222,0.067285,1.594473,0.049681,38.668324,14.430479,515.868007,0.624667,0.000156,0.062422,182.661388,0.891037,0.0,0.017955,1335.465974,0.425276,0.0,0.120746,596.582852,0.323901,0.0,0.055184,730.518994,0.506528,0.0,0.066872,639.688941,0.25805,0.0,0.065632,143.154016,0.211234,0.0,0.020833,158.551899,0.22568,0.001844,0.015066,138.965124,0.176909,0.0,0.021663,0.9584799,3,2,0,0.6667
GP030400_frame_000005_rain,GP030400_frame_000005_ref,train,rain,real_rain,0,0,206.403423,0.241155,0.259913,0.894118,6.878298,0.018911,0.196659,0.887551,0.020521,20.350554,6.678364,399.25796,0.329702,2e-05,0.026633,45.173988,0.129895,0.001981,0.005416,637.569789,0.605054,0.167311,0.089676,270.631335,0.180203,0.0,0.021293,391.551063,0.312683,0.0,0.03265,28.02287,0.115687,0.0,0.000878,46.691198,0.145187,0.000753,0.003942,35.668611,0.20976,0.0,0.003884,11.867709,0.142067,0.0,0.0,0.9222052,1,1,0,1.0
GP030400_frame_000035_rain,GP030400_frame_000035_ref,train,rain,real_rain,0,0,522.23291,0.389253,0.288709,0.882353,7.093066,0.063129,0.0108,1.495315,0.049196,34.564671,7.620533,736.220219,0.258242,0.033852,0.056866,695.284598,0.868335,0.524854,0.070043,1548.952083,0.597402,0.00442,0.151415,194.06617,0.167211,1e-05,0.016618,546.463022,0.47448,0.000156,0.056245,785.3657,0.277133,0.0,0.068111,143.660793,0.261473,0.002895,0.016148,63.759325,0.348475,0.00162,0.005562,15.501395,0.2494,0.0,0.001434,0.93306476,2,2,0,1.0
GP030400_frame_000045_rain,GP030400_frame_000045_ref,train,rain,real_rain,0,0,280.062737,0.376784,0.319762,0.890196,7.201239,0.023615,0.091823,1.012261,0.024,23.82115,5.929331,499.232393,0.80132,0.025166,0.051829,388.21163,0.890026,0.186954,0.028523,608.871917,0.128029,0.0,0.042281,360.541512,0.287952,0.0,0.029382,480.359781,0.495308,0.0,0.04354,75.415453,0.108349,0.0,0.005191,18.522867,0.230741,0.0,0.002201,100.276259,0.321574,0.000312,0.012237,14.117307,0.128197,0.0,0.0,0.9348879,2,2,0,1.0
GP030400_frame_000050_rain,GP030400_frame_000050_ref,train,rain,real_rain,0,0,198.224355,0.415795,0.312941,0.870588,7.452569,0.002653,0.11114,0.84593,0.022045,21.723085,6.712588,102.091219,0.832882,0.017713,0.012402,311.728426,0.818612,0.006187,0.024034,541.932543,0.105577,0.0,0.046848,261.055616,0.501102,0.0,0.05314,403.089981,0.567089,0.0,0.050185,56.107131,0.088197,0.0,0.003318,31.520186,0.330891,0.0,0.002054,59.953282,0.358453,0.0,0.004811,24.00726,0.140327,0.0,0.0,0.9244244,1,1,1,1.0
GP030400_frame_000055_rain,GP030400_frame_000055_ref,train,rain,real_rain,0,0,260.413264,0.506684,0.298235,0.74902,7.084875,0.0,0.000105,0.845999,0.028322,22.407831,10.274498,75.172579,0.87452,0.0,0.00892,284.891635,0.82896,0.0,0.020375,108.875983,0.795193,0.0,0.012402,358.068545,0.496332,0.0,0.063908,570.361784,0.402258,0.0,0.046546,785.833959,0.298438,0.0,0.077469,20.889954,0.323955,0.0,0.001624,75.05242,0.312766,0.0,0.006938,66.344549,0.228141,0.0,0.014403,0.938652,0,0,2,
GOPR0400_frame_000058_rain,GOPR0400_frame_000058_ref,val,rain,real_rain,0,0,411.215005,0.408811,0.276992,0.788235,7.139033,0.0,0.015514,1.271203,0.034335,31.369616,17.569138,187.596916,0.847133,0.0,0.015767,1030.607144,0.718629,0.0,0.059797,506.513076,0.259463,0.0,0.045297,787.924651,0.43671,0.0,0.080917,919.43327,0.481888,0.0,0.075205,79.581324,0.238096,0.0,0.007855,83.124029,0.194573,0.0,0.01341,97.59061,0.297429,0.0,0.009495,22.623867,0.20597,0.0,0.000722,0.9627299,3,3,1,1.0
GOPR0400_frame_000087_rain,GOPR0400_frame_000087_ref,val,rain,real_rain,0,0,272.710119,0.516005,0.273505,0.721569,7.247235,2e-06,0.000234,0.944879,0.031105,26.96756,11.334425,156.596117,0.761321,0.0,0.021538,333.367289,0.83975,0.0,0.028269,83.993669,0.806688,0.0,0.012988,204.922062,0.419499,0.0,0.026487,1155.012474,0.517126,2e-05,0.110968,256.686623,0.440523,0.0,0.042564,74.703132,0.270483,0.0,0.017234,157.564781,0.36737,0.0,0.016237,45.666022,0.221058,0.0,0.002215,0.9465474,1,0,3,0.0
GOPR0400_frame_000094_rain,GOPR0400_frame_000094_ref,val,rain,real_rain,0,0,291.200888,0.510546,0.276976,0.701961,7.083797,1.5e-05,0.000577,1.043844,0.030547,26.989744,7.794125,48.332629,0.806239,0.0,0.005428,64.032885,0.840371,0.0,0.005494,188.536971,0.803444,0.0,0.015984,408.327396,0.491809,0.0,0.051037,832.09643,0.462752,0.0,0.075517,787.770523,0.354905,0.0,0.069204,120.578799,0.274611,0.000137,0.016764,119.202451,0.303379,0.0,0.022356,71.052927,0.257503,0.0,0.010909,0.84987104,3,3,2,1.0
GOPR0400_frame_000107_rain,GOPR0400_frame_000107_ref,val,rain,real_rain,0,0,284.700521,0.448624,0.304723,0.803922,7.256077,1e-06,0.001784,1.112596,0.035492,30.042067,11.675791,148.291012,0.797496,0.0,0.019102,1.099414,0.911312,0.0,0.0,1026.231878,0.5634,1e-05,0.109738,340.756543,0.356036,0.0,0.051477,402.363401,0.486849,0.0,0.052713,423.275917,0.257873,0.0,0.048644,71.785604,0.229895,0.0,0.012852,124.981245,0.265895,0.0,0.019457,32.713485,0.168951,0.0,0.002791,0.95175254,1,1,0,1.0
GOPR0400_frame_000114_rain,GOPR0400_frame_000114_ref,val,rain,real_rain,0,0,271.158433,0.434784,0.304107,0.847059,7.318898,0.000179,0.037138,1.111985,0.038018,30.645096,12.871922,167.637582,0.740517,0.0,0.014613,169.975807,0.88641,0.001366,0.009963,312.001875,0.472634,0.000234,0.049698,449.350495,0.365409,0.0,0.066099,653.675238,0.523105,0.0,0.090369,330.57918,0.193137,0.0,0.062412,106.838985,0.272105,0.0,0.018564,212.642054,0.337186,1e-05,0.025732,50.060098,0.122726,0.0,0.00201,0.9643321,3,3,0,1.0
GOPR0400_frame_000125_rain,GOPR0400_frame_000125_ref,val,rain,real_rain,0,0,221.64538,0.46146,0.267504,0.737255,7.276991,7e-06,0.000655,1.01247,0.033135,27.257273,6.899321,57.95933,0.836905,0.0,0.00623,78.873868,0.851971,0.0,0.00606,469.923679,0.44644,0.0,0.076835,419.538224,0.423022,0.0,0.070892,390.058179,0.522078,0.0,0.050868,252.472879,0.274492,0.0,0.053991,68.304255,0.267425,5.9e-05,0.003237,154.552616,0.323719,0.0,0.014335,107.635966,0.207424,0.0,0.014666,0.9149629,2,2,0,1.0
GOPR0400_frame_000150_rain,GOPR0400_frame_000150_ref,val,rain,real_rain,0,0,490.696619,0.455962,0.323807,0.854902,7.289073,0.002317,0.013239,1.381623,0.047893,34.322128,8.629047,565.714622,0.865126,3.9e-05,0.045481,114.344677,0.945338,0.020258,0.007455,1296.879845,0.450609,0.000381,0.143609,595.165463,0.284781,0.0,0.058989,873.942583,0.551507,0.0,0.065808,733.573894,0.232612,0.000156,0.070833,42.640873,0.166707,0.0,0.009018,118.500827,0.348147,0.0,0.012617,95.693504,0.258707,0.0,0.016706,0.96727544,4,4,0,1.0
GOPR0402_frame_000120_rain,GOPR0402_frame_000120_ref,val,rain,real_rain,0,0,362.045537,0.42528,0.304668,0.8,7.321488,2.4e-05,0.093638,1.215794,0.036225,32.035751,11.721904,1.461346,0.815912,0.0,0.0,453.556179,0.778808,0.0,0.040691,947.53328,0.267523,0.0,0.089003,210.551683,0.543697,0.0,0.030155,965.891402,0.617492,0.0,0.07138,226.581238,0.109893,0.0,0.025224,90.172642,0.241374,0.0,0.016833,314.025641,0.318731,0.000215,0.04636,60.114324,0.134847,0.0,0.00445,0.96649134,2,2,3,1.0
GOPR0402_frame_000134_rain,GOPR0402_frame_000134_ref,val,rain,real_rain,0,0,738.953367,0.480449,0.265419,0.713725,7.292551,1.4e-05,0.004459,1.748299,0.061432,46.880806,9.800239,158.51081,0.718697,0.0,0.023787,206.441409,0.831654,0.0,0.009738,2996.781531,0.438374,0.0,0.163437,665.079675,0.468134,0.0,0.104147,1035.074908,0.583422,0.0,0.087237,798.576077,0.51477,0.0,0.065769,216.019737,0.278171,0.0,0.037539,439.230788,0.315485,0.000127,0.047853,159.917315,0.175394,0.0,0.011973,0.96410483,2,2,1,1.0
GOPR0402_frame_000154_rain,GOPR0402_frame_000154_ref,val,rain,real_rain,0,0,258.798142,0.537306,0.253969,0.639216,6.808443,0.00012,9.3e-05,0.997971,0.029175,23.059191,6.427575,2.871606,0.762856,0.0,0.0,7.078229,0.804126,0.0,0.000342,2.519135,0.788376,0.0,0.0,551.702629,0.518455,0.0,0.067752,780.802239,0.588737,0.0,0.061963,299.593845,0.563643,0.0,0.040662,158.970618,0.274349,0.0,0.021811,460.246707,0.295515,0.001083,0.061593,77.609179,0.239567,0.0,0.007192,0.8511935,4,4,3,1.0
GOPR0402_frame_000186_rain,GOPR0402_frame_000186_ref,val,rain,real_rain,0,0,287.895834,0.512657,0.297581,0.768627,6.966677,0.0,0.057773,1.068549,0.032907,26.118923,19.65663,516.509423,0.748357,0.0,0.030184,18.83869,0.832907,0.0,0.000898,12.218594,0.815775,0.0,0.001444,576.719267,0.236961,0.0,0.054695,613.981801,0.550963,0.0,0.066725,104.737152,0.728546,0.0,0.012968,137.730126,0.182913,0.0,0.027299,355.049821,0.234278,0.0,0.050224,270.642356,0.282347,0.0,0.049717,0.95754445,5,5,7,1.0
GOPR0402_frame_000194_rain,GOPR0402_frame_000194_ref,val,rain,real_rain,0,0,704.486699,0.434405,0.288121,0.764706,7.241705,1.7e-05,0.044095,1.86853,0.070728,47.552872,15.937645,2190.806847,0.539947,0.0,0.194083,697.157021,0.778618,0.0,0.059153,198.078604,0.807804,0.0,0.017389,852.070148,0.270395,0.0,0.101878,810.421761,0.547554,0.0,0.068628,834.072218,0.357125,0.0,0.085724,124.825746,0.189786,0.0,0.017136,512.372332,0.275233,0.000156,0.065691,142.343017,0.14247,0.0,0.024971,0.974382,6,4,7,0.6667
GOPR0402_frame_000214_rain,GOPR0402_frame_000214_ref,val,rain,real_rain,0,0,693.560885,0.411847,0.296735,0.803922,7.194679,1e-06,0.078044,1.788099,0.067522,46.861671,9.82128,483.051843,0.59129,0.0,0.057776,324.232821,0.74172,0.0,0.019682,1428.864131,0.590312,0.0,0.11171,585.670879,0.344312,0.0,0.088683,564.082359,0.537511,0.0,0.046692,1661.963495,0.187568,0.0,0.134426,268.996494,0.254671,0.0,0.041002,582.589838,0.285892,0.0,0.054206,369.022893,0.173245,1e-05,0.052605,0.9681515,4,4,0,1.0
GOPR0402_frame_000234_rain,GOPR0402_frame_000234_ref,val,rain,real_rain,0,0,735.681406,0.424607,0.326675,0.85098,6.994315,5.1e-05,0.093094,1.863987,0.062593,40.931,15.654397,2178.056416,0.340706,0.0,0.120149,11.242628,0.901953,0.0,0.000712,58.973004,0.846699,0.0,0.00484,520.482357,0.221058,0.0,0.074589,1835.385124,0.531883,0.0,0.104518,452.858167,0.356432,0.0,0.058987,584.666093,0.180152,0.0,0.066275,579.118872,0.224584,0.000459,0.067906,427.273214,0.216755,0.0,0.063778,0.97682416,8,7,3,0.875
GOPR0402_frame_000254_rain,GOPR0402_frame_000254_ref,val,rain,real_rain,0,0,1470.837906,0.339148,0.29421,0.882353,7.263925,0.000368,0.121024,2.757702,0.092012,68.433174,20.14147,1599.844144,0.212573,0.000274,0.08391,1243.306561,0.850315,0.001005,0.041452,2746.282841,0.255786,0.000498,0.14959,1027.234719,0.264221,0.0,0.087813,1816.505788,0.480092,2.9e-05,0.096829,3411.498126,0.304501,5.9e-05,0.160236,200.857635,0.134468,0.0,0.035583,558.604983,0.248475,0.001425,0.076034,671.121803,0.300953,2e-05,0.094799,0.963214,5,4,1,0.8
GOPR0402_frame_000294_rain,GOPR0402_frame_000294_ref,val,rain,real_rain,0,0,713.016822,0.485739,0.332609,0.843137,7.266245,1.1e-05,0.029331,1.692583,0.065412,45.246983,13.173273,520.55501,0.809068,0.0,0.043613,1889.80069,0.751953,9.8e-05,0.096068,7.689588,0.914761,0.0,0.001122,816.471397,0.444099,0.0,0.090004,1646.945698,0.21168,0.0,0.121848,583.650834,0.551808,0.0,0.064891,310.531023,0.223243,0.0,0.04596,350.491291,0.232147,0.0,0.056206,333.180759,0.232934,0.0,0.067125,0.9588434,10,10,5,1.0
GOPR0402_frame_000304_rain,GOPR0402_frame_000304_ref,val,rain,real_rain,0,0,695.832021,0.394811,0.326912,0.894118,7.309061,0.000522,0.098286,1.694637,0.063583,46.351246,9.831205,1304.587255,0.622598,0.001399,0.085485,405.486018,0.920223,0.002449,0.03226,1121.720737,0.542074,0.000205,0.115174,227.841931,0.137013,0.0,0.022183,2119.753598,0.453783,0.0,0.130055,574.761407,0.305035,0.0,0.101542,94.085793,0.111924,0.0,0.016686,311.267441,0.246155,0.000644,0.040447,121.074343,0.213763,0.0,0.02663,0.9514138,6,4,4,0.6667
GOPR0402_frame_000315_rain,GOPR0402_frame_000315_ref,val,rain,real_rain,0,0,527.590547,0.449839,0.310159,0.8,7.224122,3.1e-05,0.050515,1.565193,0.056184,39.857353,12.301929,140.126122,0.854103,0.0,0.011189,185.792694,0.858459,0.0,0.011954,655.071659,0.52373,0.0,0.083109,881.944504,0.375124,0.0,0.092459,1340.710007,0.38467,0.0,0.106069,455.926656,0.365283,0.0,0.055767,239.525947,0.204701,0.0,0.037471,554.310126,0.246232,0.000283,0.061632,311.688026,0.236451,0.0,0.044672,0.9755522,9,7,4,0.7778
GOPR0402_frame_000320_rain,GOPR0402_frame_000320_ref,val,rain,real_rain,0,0,881.588756,0.463445,0.323602,0.85098,7.36853,0.000621,0.01629,2.14468,0.07519,52.041183,13.447546,1162.029417,0.597451,0.000939,0.084615,142.032312,0.939697,0.004098,0.012724,1397.980142,0.684564,6.8e-05,0.13631,1871.828938,0.351468,0.0,0.109448,1302.549088,0.5501,0.0,0.086202,1077.467989,0.338821,0.0,0.112832,173.566461,0.22052,0.0,0.029499,591.153778,0.284206,0.000478,0.065564,237.694308,0.203658,0.0,0.037763,0.96457595,4,4,5,1.0
GOPR0402_frame_000331_rain,GOPR0402_frame_000331_ref,val,rain,real_rain,0,0,599.872682,0.490581,0.304216,0.788235,7.23032,0.000165,0.01497,1.663777,0.06789,40.734196,16.025406,68.082331,0.852007,0.0,0.006915,273.600754,0.868934,3.9e-05,0.021624,712.36852,0.662828,0.0,0.068648,430.189247,0.410462,0.0,0.061209,1590.910312,0.527878,0.0,0.112656,1522.624395,0.287361,0.0,0.224239,185.664732,0.28988,5.9e-05,0.03972,500.812304,0.328947,0.001386,0.063661,126.952453,0.187117,0.0,0.010753,0.97729063,6,5,5,0.8333
GOPR0402_frame_000336_rain,GOPR0402_frame_000336_ref,val,rain,real_rain,0,0,215.75919,0.447443,0.299377,0.776471,7.199835,7.3e-05,0.040992,0.957848,0.032405,27.402246,11.638374,88.822554,0.801283,2.9e-05,0.009497,69.887524,0.830061,0.0,0.007777,125.094521,0.525314,0.0,0.013476,396.643993,0.346673,0.0,0.055957,438.238306,0.555075,0.0,0.049454,187.262305,0.181284,0.0,0.038564,229.824024,0.235007,0.000499,0.040679,311.954322,0.329476,0.000127,0.047687,101.715993,0.222906,0.0,0.026698,0.9717136,2,2,2,1.0
GOPR0402_frame_000351_rain,GOPR0402_frame_000351_ref,val,rain,real_rain,0,0,320.507876,0.504203,0.280147,0.756863,7.379736,3.9e-05,0.02495,1.094426,0.050786,34.784492,19.918671,253.830132,0.621602,0.0,0.044933,95.572424,0.854659,0.0,0.008802,98.125352,0.776446,0.0,0.011836,584.264538,0.448866,0.0,0.088253,426.713451,0.64766,0.0,0.059553,488.374574,0.331772,0.0,0.075585,282.838593,0.289554,0.0,0.052856,511.142124,0.344904,0.000351,0.080533,153.42604,0.222002,0.0,0.032426,0.97950953,0,0,2,
GOPR0402_frame_000365_rain,GOPR0402_frame_000365_ref,val,rain,real_rain,0,0,532.213056,0.422881,0.297485,0.8,7.270564,3e-06,0.080799,1.567101,0.055456,39.758881,13.828499,419.105811,0.807012,0.0,0.031651,566.500976,0.766555,0.0,0.047004,894.080388,0.171253,0.0,0.093238,601.742762,0.449339,0.0,0.064847,726.449622,0.639148,0.0,0.053718,760.125123,0.198553,0.0,0.068882,173.321692,0.257728,0.0,0.035661,469.572515,0.309166,2.9e-05,0.064852,207.73026,0.20775,0.0,0.036612,0.9760356,5,5,5,1.0
GOPR0402_frame_000369_rain,GOPR0402_frame_000369_ref,val,rain,real_rain,0,0,562.310902,0.467688,0.307817,0.803922,7.258117,5.1e-05,0.078779,1.535751,0.052271,37.461956,12.278461,191.00042,0.852112,0.0,0.012568,612.955052,0.790492,0.0,0.039286,822.928579,0.687466,0.0,0.065886,512.41396,0.488415,0.0,0.051496,1235.368148,0.435938,0.0,0.082963,785.977717,0.21422,0.0,0.078035,286.887108,0.276112,0.000196,0.044268,362.604491,0.269171,0.000263,0.044809,283.36035,0.19577,0.0,0.05001,0.9497754,12,12,7,1.0
GOPR0402_frame_000384_rain,GOPR0402_frame_000384_ref,val,rain,real_rain,0,0,755.758037,0.376685,0.320481,0.87451,7.279124,0.000232,0.088564,1.927185,0.06328,48.781689,11.713772,796.344678,0.321628,0.00179,0.069963,174.347974,0.915924,0.000107,0.016989,2423.007794,0.390116,0.0,0.176239,1054.758759,0.201618,0.000166,0.071929,886.851913,0.665498,0.0,0.066296,886.478773,0.260613,0.0,0.088154,77.067034,0.174734,0.0,0.016099,459.085721,0.320673,2.9e-05,0.056099,68.1378,0.138347,0.0,0.005504,0.9459223,2,2,3,1.0
GOPR0402_frame_000402_rain,GOPR0402_frame_000402_ref,val,rain,real_rain,0,0,662.060163,0.459515,0.297707,0.784314,7.32991,7.7e-05,0.062291,1.701852,0.068508,45.323807,11.688766,762.941519,0.818738,0.0,0.066403,148.638837,0.822843,0.0,0.01129,1045.086779,0.442979,0.0,0.100205,1803.921439,0.43381,0.0,0.142518,499.520743,0.65259,1e-05,0.047229,692.375743,0.22806,0.000537,0.093979,238.687986,0.25347,0.0,0.042322,597.762567,0.290509,0.000146,0.07741,194.19305,0.192938,0.0,0.033255,0.98042405,6,4,4,0.6667
GOPR0402_frame_000408_rain,GOPR0402_frame_000408_ref,val,rain,real_rain,0,0,337.081921,0.472611,0.292192,0.760784,7.199849,0.000189,0.050744,1.179692,0.040142,31.948305,9.691917,153.678332,0.826577,0.0,0.018721,136.543648,0.805259,0.0,0.012715,183.240632,0.691989,0.0,0.01895,689.655572,0.459577,0.0,0.081397,798.721511,0.487059,0.0,0.065398,273.970216,0.301125,0.0,0.038876,386.131153,0.295497,0.001125,0.054225,263.632135,0.232513,0.000576,0.041169,169.025427,0.154284,0.0,0.027274,0.9792143,7,6,1,0.8571
GOPR0402_frame_000424_rain,GOPR0402_frame_000424_ref,val,rain,real_rain,0,0,251.277837,0.559512,0.279061,0.756863,7.302479,2.5e-05,0.013153,0.91752,0.029417,23.17672,8.877133,87.059449,0.871023,0.0,0.008245,87.809026,0.844529,0.0,0.008685,1.592125,0.795407,0.0,0.0,738.745023,0.378764,0.0,0.073905,555.299258,0.642773,0.0,0.054245,275.098273,0.509928,0.0,0.03789,142.360086,0.213808,0.0,0.021753,336.944796,0.355179,0.000224,0.050615,46.850419,0.423696,0.0,0.008197,0.9415015,1,1,1,1.0
GOPR0402_frame_000429_rain,GOPR0402_frame_000429_ref,val,rain,real_rain,0,0,396.332566,0.448763,0.276426,0.768627,7.315234,2.1e-05,0.057874,1.257908,0.045456,35.793056,15.344073,28.738648,0.832,0.0,0.002934,1011.350562,0.528897,0.0,0.081684,383.920269,0.585392,0.0,0.03345,401.822584,0.549423,0.0,0.053462,770.744772,0.371174,0.0,0.067164,489.104333,0.372206,0.0,0.08388,123.537225,0.275842,0.0,0.022007,282.125595,0.283594,0.000185,0.034719,87.635073,0.24107,0.0,0.025439,0.9794856,2,2,1,1.0
GOPR0402_frame_000435_rain,GOPR0402_frame_000435_ref,val,rain,real_rain,0,0,722.024744,0.4274,0.296786,0.8,7.290726,9.9e-05,0.052072,1.913544,0.070847,49.934299,12.531693,103.587841,0.868402,0.0,0.011532,644.685126,0.738406,0.0,0.054928,1399.197366,0.339068,0.0,0.154616,1542.800797,0.361078,0.0,0.103912,1272.990571,0.540239,6.8e-05,0.093872,814.586798,0.243429,0.0,0.115662,179.060631,0.187049,0.000352,0.028032,424.120687,0.324238,0.000468,0.05686,142.742902,0.245003,0.0,0.01491,0.9799842,2,2,2,1.0
GOPR0402_frame_000441_rain,GOPR0402_frame_000441_ref,val,rain,real_rain,0,0,568.038718,0.425793,0.288794,0.788235,7.390817,3.1e-05,0.064155,1.564373,0.068529,46.436184,14.137708,1222.241817,0.555677,0.0,0.089055,91.161412,0.842304,0.0,0.009231,1020.417758,0.459636,0.0,0.143745,1180.988113,0.414819,0.0,0.105115,384.482364,0.611553,0.0,0.059904,499.184213,0.182147,0.0,0.090027,209.860905,0.285459,0.000205,0.042361,440.547915,0.337975,7.8e-05,0.064091,89.597559,0.142515,0.0,0.01127,0.9945421,2,1,5,0.5
GOPR0402_frame_000457_rain,GOPR0402_frame_000457_ref,val,rain,real_rain,0,0,776.571764,0.408217,0.328252,0.878431,7.286768,8.4e-05,0.115691,1.790557,0.065594,49.839413,10.594592,49.695073,0.919123,0.0,0.008343,2324.980537,0.644713,0.000312,0.129157,783.906165,0.203847,0.0,0.075585,846.608801,0.637378,0.0,0.077406,1855.375638,0.395379,0.000137,0.126756,326.521957,0.1805,0.0,0.048331,369.939209,0.289543,0.000205,0.065493,432.782246,0.262324,9.8e-05,0.056148,26.092944,0.142606,0.0,0.001298,0.95210165,2,2,3,1.0
GOPR0402_frame_000741_rain,GOPR0402_frame_000741_ref,val,rain,real_rain,0,0,404.443071,0.44884,0.325566,0.827451,7.165518,3.5e-05,0.128969,1.32969,0.044742,33.055851,10.465553,244.056786,0.832608,0.0,0.017068,161.695944,0.849209,0.0,0.017877,792.345772,0.42707,0.0,0.070345,609.494072,0.488499,0.0,0.07279,650.73009,0.597474,0.0,0.057758,486.491675,0.131187,0.0,0.052244,158.200284,0.276057,0.0,0.034106,479.54073,0.336671,0.000312,0.070219,73.830298,0.101371,0.0,0.007884,0.9634054,5,5,4,1.0
GOPR0402_frame_000748_rain,GOPR0402_frame_000748_ref,val,rain,real_rain,0,0,660.350679,0.48034,0.303283,0.807843,7.341113,9.1e-05,0.111496,1.623594,0.060816,42.557384,11.382421,129.389332,0.817075,0.0,0.007111,469.435383,0.813034,0.0,0.035548,2380.912594,0.440599,0.0,0.176874,187.96839,0.680405,0.0,0.036541,1364.981465,0.594472,0.0,0.09353,457.577679,0.099908,0.0,0.047365,308.015652,0.37228,0.000381,0.052475,547.03876,0.403046,0.000439,0.078298,124.955037,0.103248,0.0,0.017018,0.9556586,3,3,7,1.0
GOPR0402_frame_000755_rain,GOPR0402_frame_000755_ref,val,rain,real_rain,0,0,334.326261,0.491484,0.257731,0.729412,7.309773,0.000273,0.027086,1.122809,0.056299,37.324146,17.305767,172.124295,0.770386,0.0,0.019767,146.439163,0.824478,0.0,0.017457,377.052398,0.351082,0.0,0.063388,260.792107,0.636449,0.0,0.05136,596.083334,0.596436,0.0,0.083294,313.921494,0.305397,0.0,0.066198,375.684504,0.333744,0.001379,0.069337,508.065951,0.350833,0.001083,0.0734,273.018139,0.255173,0.0,0.05969,0.9796828,9,9,2,1.0
GOPR0402_frame_000761_rain,GOPR0402_frame_000761_ref,val,rain,real_rain,0,0,447.687162,0.418725,0.298228,0.792157,7.288882,0.0,0.112152,1.456101,0.06641,39.970203,15.540495,49.012143,0.809207,0.0,0.004049,608.704324,0.747009,0.0,0.063759,560.90496,0.199769,0.0,0.111202,287.737713,0.638156,0.0,0.051066,1174.861528,0.514336,0.0,0.126776,438.705786,0.158774,0.0,0.084212,308.765706,0.282365,0.0,0.054382,476.316425,0.306995,0.0,0.07902,143.114857,0.113025,0.0,0.019984,0.95761126,2,1,1,0.5
GOPR0571_frame_000232_rain,GOPR0571_frame_000232_ref,val,rain,real_rain,0,0,434.026088,0.426546,0.321106,0.847059,7.258641,0.000331,0.05579,1.395307,0.061075,38.343132,14.935934,523.547708,0.604389,0.002347,0.055869,161.015105,0.890339,0.0,0.017535,232.361011,0.778674,0.0,0.024044,484.835914,0.243433,0.0,0.073327,792.353029,0.509082,0.0,0.079596,713.065551,0.231264,0.0,0.128406,346.484143,0.188272,0.000479,0.054656,408.565496,0.215407,0.000156,0.053357,266.886942,0.177484,0.0,0.058977,0.9761137,17,14,12,0.8235
GOPR0571_frame_000275_rain,GOPR0571_frame_000275_ref,val,rain,real_rain,0,0,681.067604,0.379604,0.302116,0.890196,7.312611,0.039939,0.04644,1.900193,0.073183,48.653599,12.227649,567.744629,0.587794,0.260798,0.06206,578.668686,0.900676,0.098907,0.034338,1301.103032,0.281897,0.0,0.123224,745.260973,0.26686,0.0,0.128149,1103.586565,0.528812,0.0,0.087773,429.421566,0.203513,0.0,0.069779,365.473759,0.222011,1e-05,0.045481,506.897395,0.254919,6.8e-05,0.056714,565.808403,0.169811,0.0,0.04598,0.97654605,22,20,5,0.9091
GOPR0572_frame_000736_rain,GOPR0572_frame_000736_ref,val,rain,real_rain,0,0,681.757784,0.581674,0.343941,0.87451,6.67393,0.274901,0.018395,1.711225,0.069651,45.902241,12.895532,1273.170489,0.621333,0.376311,0.127602,503.572716,0.828193,0.733187,0.045804,0.259602,0.992006,0.928923,0.0,2140.210464,0.310038,0.002279,0.186444,1111.808154,0.639745,0.227322,0.097317,324.986679,0.756508,0.203367,0.047961,228.299299,0.246954,0.000352,0.040014,414.001553,0.492215,0.001327,0.061954,155.472897,0.346751,0.0,0.018696,0.97883797,1,1,2,1.0
GOPR0572_frame_000740_rain,GOPR0572_frame_000740_ref,val,rain,real_rain,0,0,338.814912,0.545553,0.307441,0.819608,7.41734,6.2e-05,0.030532,0.98255,0.046914,32.133549,10.548967,769.225814,0.762147,0.0,0.078981,70.35704,0.894259,0.0,0.005904,159.766174,0.772644,0.0,0.027078,251.698737,0.49458,0.0,0.026448,260.972548,0.731299,0.0,0.030679,594.540644,0.339491,0.000556,0.07178,355.119415,0.250718,0.0,0.068447,265.741679,0.430687,0.0,0.043843,340.925648,0.23385,0.0,0.06654,0.98024654,6,5,1,0.8333
GOPR0572_frame_000748_rain,GOPR0572_frame_000748_ref,val,rain,real_rain,0,0,216.738918,0.507261,0.275651,0.733333,7.210705,0.0,0.033133,0.920799,0.033664,25.671499,6.8575,48.581883,0.747069,0.0,0.007864,7.297853,0.82395,0.0,0.000595,85.753299,0.776365,0.0,0.008265,454.136903,0.366475,0.0,0.067038,274.471358,0.628718,0.0,0.035753,462.721104,0.422335,0.0,0.0746,161.934383,0.193448,0.0,0.02276,187.433518,0.369083,0.0,0.029801,282.151853,0.237405,0.0,0.054938,0.873819,3,3,6,1.0
GOPR0572_frame_000752_rain,GOPR0572_frame_000752_ref,val,rain,real_rain,0,0,310.969655,0.479777,0.299456,0.776471,7.220833,1e-05,0.070564,1.21471,0.037466,30.018255,9.053093,444.60742,0.713912,0.0,0.057248,1.477869,0.834672,0.0,0.0,133.008567,0.781463,0.0,0.017496,726.927406,0.317293,0.0,0.088194,340.451851,0.623427,0.0,0.038447,667.680892,0.42176,0.0,0.070336,160.054606,0.176139,0.0,0.023288,194.450133,0.296964,8.8e-05,0.026405,136.772761,0.151818,0.0,0.014705,0.97164637,1,1,0,1.0
GOPR0572_frame_000756_rain,GOPR0572_frame_000756_ref,val,rain,real_rain,0,0,211.416215,0.49094,0.296978,0.792157,7.223168,0.000222,0.076984,0.979707,0.03175,24.768969,9.574089,65.747447,0.757207,0.0,0.008666,1.508597,0.836497,0.0,0.0,102.515563,0.788733,0.0,0.013173,223.727781,0.372794,0.0,0.055565,420.798784,0.621269,0.0,0.042711,449.055556,0.423446,0.0,0.062783,159.067393,0.190507,0.0,0.03257,364.248299,0.283196,0.002,0.05323,121.177449,0.144452,0.0,0.014374,0.95854455,3,3,0,1.0
GOPR0572_frame_000760_rain,GOPR0572_frame_000760_ref,val,rain,real_rain,0,0,233.860198,0.473276,0.301864,0.788235,7.271862,0.0002,0.067393,0.978874,0.033889,28.591738,11.919652,87.473517,0.705565,0.0,0.017009,1.146097,0.84761,0.0,0.0,224.014112,0.684026,0.0,0.031069,415.778981,0.295634,0.0,0.064094,336.172424,0.622163,0.0,0.032972,473.723565,0.383421,0.0,0.070531,184.150643,0.196717,0.0,0.038097,266.28587,0.369768,0.001795,0.034729,127.69345,0.15406,0.0,0.014052,0.9733694,7,7,2,1.0
GOPR0572_frame_000773_rain,GOPR0572_frame_000773_ref,val,rain,real_rain,0,0,771.152554,0.440233,0.331061,0.886275,7.434328,0.00015,0.082569,1.931856,0.078231,53.422497,8.531708,563.855617,0.531257,0.0,0.077836,181.837098,0.920129,1e-05,0.014422,2693.650666,0.706605,0.001161,0.20726,476.642282,0.264908,0.0,0.08793,804.634732,0.513534,0.0,0.06007,1794.352274,0.449695,0.0,0.173673,103.638551,0.172576,0.0,0.02279,226.249849,0.266361,0.000176,0.038876,120.620517,0.136212,0.0,0.018579,0.92542934,3,3,4,1.0
GOPR0572_frame_000778_rain,GOPR0572_frame_000778_ref,val,rain,real_rain,0,0,263.619915,0.465705,0.291322,0.835294,7.437296,0.000127,0.057381,1.140788,0.036857,29.938326,11.800793,65.7888,0.707817,0.0,0.014965,71.423517,0.840175,0.0,0.00889,396.362363,0.514806,0.0,0.044789,323.383961,0.394028,0.0,0.051682,518.613495,0.582221,0.0,0.052781,389.894614,0.224201,0.0,0.064364,224.777745,0.304654,6.8e-05,0.039261,341.370413,0.327408,0.001073,0.046253,73.363612,0.296054,0.0,0.007045,0.99039686,9,9,5,1.0
GOPR0572_frame_000820_rain,GOPR0572_frame_000820_ref,val,rain,real_rain,0,0,398.208207,0.471127,0.234017,0.733333,7.559442,9e-06,0.010423,1.43724,0.066852,40.350952,14.515783,452.66647,0.510382,0.0,0.073689,75.103493,0.844283,0.0,0.007953,355.18836,0.565557,0.0,0.079128,524.7291,0.398482,0.0,0.098005,866.427788,0.618479,0.0,0.114539,503.510456,0.335576,0.0,0.086758,313.883893,0.272029,0.0,0.055947,327.03892,0.413275,7.8e-05,0.046731,189.839324,0.281533,0.0,0.035207,0.9829052,4,4,1,1.0
GOPR0572_frame_000825_rain,GOPR0572_frame_000825_ref,val,rain,real_rain,0,0,359.246753,0.457082,0.259771,0.780392,7.56977,5.5e-05,0.029191,1.356272,0.060843,38.732235,16.733711,421.095801,0.590252,0.0,0.077748,61.785643,0.85424,0.0,0.006762,373.009392,0.490908,0.0,0.076874,433.274275,0.36678,0.0,0.079851,785.266226,0.649048,0.0,0.113973,538.585151,0.26386,0.0,0.0895,141.289791,0.244391,0.0,0.030018,351.228451,0.437673,0.000498,0.0488,139.548006,0.216192,0.0,0.020423,0.9877722,3,3,3,1.0
GOPR0572_frame_000830_rain,GOPR0572_frame_000830_ref,val,rain,real_rain,0,0,473.04094,0.492771,0.26275,0.768627,7.60797,9.1e-05,0.018648,1.45471,0.07422,46.442215,16.350935,435.019901,0.533788,0.0,0.073474,257.956983,0.796443,0.0,0.036319,476.461298,0.765907,0.0,0.054938,479.093636,0.386595,0.0,0.101056,956.44548,0.573158,0.0,0.130269,710.431177,0.505159,0.0,0.103893,220.555944,0.25535,0.0,0.034517,364.317514,0.344659,0.0,0.06329,379.792851,0.273171,0.00082,0.066208,0.98813385,3,1,3,0.3333
GOPR0572_frame_000836_rain,GOPR0572_frame_000836_ref,val,rain,real_rain,0,0,445.010309,0.488571,0.244486,0.737255,7.627841,0.0,0.019631,1.39131,0.070558,43.07333,14.412563,327.990797,0.609086,0.0,0.068437,176.971153,0.850771,0.0,0.018989,408.736579,0.598687,0.0,0.057504,802.985635,0.438318,0.0,0.133187,920.750415,0.590538,0.0,0.115749,529.368777,0.382483,0.0,0.08145,200.550069,0.295625,0.0,0.039407,346.622821,0.380452,0.0,0.063203,317.355196,0.250893,0.0,0.051376,0.94750446,3,3,3,1.0
GOPR0572_frame_000860_rain,GOPR0572_frame_000860_ref,val,rain,real_rain,0,0,457.596846,0.380604,0.26584,0.827451,7.508839,0.000229,0.044881,1.573237,0.064949,42.445965,17.482306,511.964908,0.480339,9.8e-05,0.094024,382.590849,0.852535,0.000751,0.030874,447.718431,0.278651,0.000273,0.086866,376.517996,0.368992,0.0,0.073239,1092.980819,0.455157,0.000146,0.089198,292.541853,0.246029,0.0,0.059817,210.490884,0.229694,0.0,0.041129,608.072608,0.290098,0.000742,0.075039,216.969744,0.22379,4.9e-05,0.029264,0.9754616,1,1,3,1.0
GP010400_frame_000214_rain,GP010400_frame_000214_ref,val,rain,real_rain,0,0,452.865933,0.417517,0.314437,0.882353,7.519896,0.010431,0.064055,1.335964,0.040734,32.529194,10.453471,184.207139,0.735609,0.0,0.017156,71.877008,0.935496,0.060851,0.006362,840.553191,0.43234,0.032923,0.05645,662.742546,0.32524,0.0,0.072428,1289.207498,0.48228,0.0,0.112402,685.779283,0.223326,0.0,0.060168,79.001075,0.195617,0.0,0.007473,211.545501,0.287825,2.9e-05,0.023966,66.872963,0.139926,0.0,0.007787,0.9778143,4,3,1,0.75
GP010400_frame_000234_rain,GP010400_frame_000234_ref,val,rain,real_rain,0,0,390.215606,0.425948,0.309127,0.854902,7.467948,0.000123,0.045548,1.241093,0.042467,31.902628,11.544914,187.850672,0.755657,0.0,0.016784,76.315117,0.925812,0.000244,0.00483,455.023518,0.426602,0.000127,0.051893,777.203473,0.35301,0.0,0.090757,1283.318317,0.481559,0.0,0.113749,295.801705,0.22905,0.0,0.049902,150.821378,0.24228,0.000215,0.017342,253.270512,0.285645,0.000517,0.029508,48.483362,0.134091,0.0,0.005699,0.98344296,4,4,1,1.0
GP010400_frame_000290_rain,GP010400_frame_000290_ref,val,rain,real_rain,0,0,570.434929,0.450751,0.319569,0.819608,7.117709,0.002267,0.02766,1.416276,0.044455,37.506142,14.381408,1379.25769,0.695219,0.020374,0.07499,343.713017,0.870906,0.0,0.01612,123.970346,0.842544,0.0,0.010617,1269.878887,0.294391,0.0,0.094982,1161.288379,0.451742,0.0,0.102088,440.349662,0.258341,0.0,0.051269,109.277836,0.180072,2e-05,0.015366,225.254295,0.280331,3.9e-05,0.022941,109.053068,0.182784,0.0,0.01049,0.973747,4,4,0,1.0
GP010400_frame_000350_rain,GP010400_frame_000350_ref,val,rain,real_rain,0,0,504.762808,0.432558,0.27578,0.823529,7.454985,0.029167,0.001022,1.628972,0.055573,40.791733,10.257269,398.271953,0.853405,0.009791,0.031416,798.717175,0.8085,0.252293,0.078288,540.461293,0.250231,2.9e-05,0.079928,767.192873,0.409558,4.9e-05,0.086473,1078.642278,0.465883,0.000156,0.117457,355.2048,0.222579,0.0,0.043286,151.65967,0.322818,0.0,0.015826,186.111277,0.346165,0.0,0.019994,286.786015,0.214561,0.0,0.026044,0.97659427,5,5,4,1.0
GP010400_frame_000360_rain,GP010400_frame_000360_ref,val,rain,real_rain,0,0,354.687582,0.469711,0.289097,0.784314,7.495765,2.4e-05,0.004059,1.366271,0.042182,32.411022,9.017244,725.578149,0.747959,0.0,0.067518,281.220335,0.860962,0.000205,0.017984,156.591672,0.683258,0.0,0.023205,961.413492,0.427407,1e-05,0.121518,443.033104,0.506339,0.0,0.055718,268.851922,0.349149,0.0,0.052947,150.7331,0.263995,0.0,0.015972,154.957786,0.231645,0.0,0.016354,58.219815,0.156758,0.0,0.006938,0.9969266,6,5,4,0.8333
GP010400_frame_000380_rain,GP010400_frame_000380_ref,val,rain,real_rain,0,0,555.391549,0.375926,0.307821,0.87451,7.361407,0.015009,0.068175,1.55363,0.054801,38.534992,10.709351,563.751625,0.722007,0.134253,0.048738,1048.419463,0.819551,0.0004,0.088739,1678.221131,0.402397,0.000517,0.157231,279.847894,0.255282,0.0,0.048259,1058.120386,0.478789,7.8e-05,0.098039,99.354069,0.169714,3.9e-05,0.019301,42.685467,0.148629,0.0,0.003179,212.5961,0.244724,0.0,0.023956,36.342906,0.142236,0.0,0.002976,0.97480375,2,2,3,1.0
GP020402_frame_000599_rain,GP020402_frame_000599_ref,val,rain,real_rain,0,0,343.102524,0.500924,0.237943,0.658824,7.101408,0.000116,0.021683,1.028889,0.049016,32.800392,12.135337,851.937048,0.60517,0.0,0.094405,222.389479,0.757974,0.0,0.020433,1.573887,0.77395,0.0,0.0,611.275957,0.379719,0.0,0.111512,287.055401,0.568752,0.0,0.045648,510.231643,0.484057,0.0,0.05404,437.296439,0.278099,0.001047,0.076604,156.380794,0.299055,0.0,0.033402,18.112983,0.360982,0.0,0.00202,0.95379883,3,3,3,1.0
GP020402_frame_000615_rain,GP020402_frame_000615_ref,val,rain,real_rain,0,0,256.33922,0.479313,0.274271,0.72549,7.148587,8e-06,0.043247,0.969747,0.03872,28.545958,13.787899,477.604995,0.628861,0.0,0.046489,140.704448,0.775634,0.0,0.01612,29.160021,0.748687,0.0,0.006489,453.30563,0.261889,0.0,0.076291,498.589858,0.600625,0.0,0.058031,104.012463,0.636715,0.0,0.02619,254.567732,0.197407,6.8e-05,0.048856,226.638699,0.290425,0.0,0.04517,141.088494,0.172754,0.0,0.022034,0.94576794,7,6,4,0.8571
GP020402_frame_000624_rain,GP020402_frame_000624_ref,val,rain,real_rain,0,0,290.0404,0.519206,0.27749,0.741176,7.226638,1.1e-05,0.027667,1.064386,0.041128,30.921003,12.590501,764.216604,0.684038,0.0,0.065053,4.965015,0.841444,0.0,0.0,24.223673,0.805193,0.0,0.003279,399.35639,0.380054,0.0,0.049638,315.456983,0.490072,0.0,0.048653,250.06841,0.642424,0.0,0.040086,262.243738,0.281608,3.9e-05,0.046948,348.783722,0.242676,5.9e-05,0.053367,250.235174,0.30485,0.0,0.059582,0.969346,8,8,0,1.0
GP020402_frame_000644_rain,GP020402_frame_000644_ref,val,rain,real_rain,0,0,250.955631,0.505165,0.274737,0.745098,7.175014,0.0,0.055727,0.998696,0.036197,26.779324,12.615819,263.314954,0.600402,0.0,0.035162,35.263154,0.809852,0.0,0.002498,7.761671,0.799867,0.0,0.0,661.688686,0.25581,0.0,0.075949,178.269818,0.653648,0.0,0.028601,269.666131,0.608203,0.0,0.042233,282.468807,0.171002,0.0,0.052318,337.053447,0.357378,0.0,0.050712,229.680286,0.289182,0.0,0.036417,0.95549196,6,6,3,1.0
GP020402_frame_000723_rain,GP020402_frame_000723_ref,val,rain,real_rain,0,0,623.884723,0.363343,0.278705,0.827451,7.424456,2.6e-05,0.095177,1.751943,0.067592,50.426361,13.412751,384.699622,0.588696,0.0,0.05758,1262.888865,0.646835,0.0,0.102488,1282.912661,0.463856,0.0,0.134836,317.280298,0.230016,0.0,0.049892,1296.499722,0.480677,0.0,0.104674,725.58174,0.311346,0.0,0.079479,95.733515,0.155932,0.0,0.019797,214.156049,0.253024,0.000234,0.041852,78.458088,0.139438,0.0,0.015857,0.9952925,2,2,0,1.0
GP020402_frame_000738_rain,GP020402_frame_000738_ref,val,rain,real_rain,0,0,248.173082,0.415724,0.328684,0.882353,7.37159,2e-06,0.116357,1.040383,0.036654,30.141809,11.928238,377.283698,0.653322,0.0,0.058549,12.01298,0.927766,0.0,0.001308,1016.078561,0.298932,0.0,0.104089,128.114012,0.43501,0.0,0.03305,188.645586,0.670853,0.0,0.036417,79.432553,0.12494,0.0,0.012978,132.126237,0.232451,0.0,0.027709,249.06488,0.292514,2e-05,0.043599,56.277644,0.105906,0.0,0.011046,0.95507085,5,5,1,1.0
GP020402_frame_000748_rain,GP020402_frame_000748_ref,val,rain,real_rain,0,0,306.112095,0.47594,0.30829,0.827451,7.367636,0.0,0.050554,1.115358,0.040706,30.64308,12.80434,96.361573,0.807778,0.0,0.015542,76.450891,0.88778,0.0,0.006021,365.338561,0.524124,0.0,0.049375,317.593643,0.496715,0.0,0.042889,956.142935,0.545203,0.0,0.082728,383.878363,0.30941,0.0,0.05605,177.119658,0.233189,0.0,0.038292,299.720654,0.302175,0.0,0.052537,98.982908,0.17734,0.0,0.021653,0.95490104,3,3,1,1.0
GP020402_frame_000753_rain,GP020402_frame_000753_ref,val,rain,real_rain,0,0,519.834327,0.334584,0.287771,0.819608,7.207314,5e-06,0.146335,1.715924,0.062689,44.930099,10.06832,1123.849743,0.480039,0.0,0.107874,383.423104,0.785722,0.0,0.047697,742.940278,0.375972,0.0,0.103035,402.909813,0.173823,0.0,0.059536,1250.382893,0.474971,0.0,0.105904,397.243707,0.225736,0.0,0.067886,74.87491,0.119917,0.0,0.016178,255.41895,0.262811,4.9e-05,0.041345,68.071699,0.111723,0.0,0.012812,0.9968645,2,1,2,0.5
GP020402_frame_000774_rain,GP020402_frame_000774_ref,val,rain,real_rain,0,0,951.008376,0.408782,0.330421,0.905882,7.304034,0.069016,0.057415,2.116021,0.07844,58.15807,9.845056,1369.711397,0.677526,0.078482,0.1067,887.131581,0.830031,0.520658,0.056665,1763.088104,0.488547,0.020765,0.14759,1772.435541,0.4562,3.9e-05,0.13975,1615.005656,0.365503,0.000849,0.084114,575.084245,0.187134,2e-05,0.064549,280.286053,0.307801,0.0,0.054695,245.428198,0.229375,2.9e-05,0.038798,103.569097,0.137422,0.0,0.01169,0.9817961,7,4,4,0.5714
GP020402_frame_000784_rain,GP020402_frame_000784_ref,val,rain,real_rain,0,0,1402.857146,0.374244,0.325815,0.92549,7.027514,0.122548,0.069783,2.771511,0.103034,78.931236,15.087465,1326.619298,0.739752,0.601819,0.08347,2739.418863,0.442501,0.226064,0.146575,3068.283184,0.403362,0.087861,0.196799,1364.837089,0.167691,0.000166,0.099433,1908.107628,0.47665,0.135441,0.123146,1237.847581,0.457156,0.04756,0.110461,250.413862,0.187939,0.001849,0.042038,639.150795,0.321526,0.002615,0.103005,148.4795,0.171552,0.000107,0.020843,0.9248777,2,2,2,1.0
GP020402_frame_000795_rain,GP020402_frame_000795_ref,val,rain,real_rain,0,0,444.863973,0.435519,0.310818,0.792157,7.13667,1e-06,0.104074,1.312075,0.052824,35.493538,9.181315,1526.141187,0.325208,0.0,0.119669,14.935412,0.844455,0.0,0.002108,85.35202,0.824621,0.0,0.008187,779.337421,0.149587,0.0,0.085104,431.973812,0.630424,0.0,0.052644,407.278226,0.441114,0.0,0.062617,124.403109,0.152876,0.0,0.025196,335.303997,0.338995,1e-05,0.055533,314.838091,0.210804,0.0,0.062851,0.9570474,5,5,2,1.0
GP020402_frame_000802_rain,GP020402_frame_000802_ref,val,rain,real_rain,0,0,356.098109,0.458515,0.270002,0.768627,7.282411,4e-06,0.050293,1.126428,0.055987,35.697117,16.177841,249.244363,0.68097,0.0,0.031631,78.99251,0.840958,0.0,0.008763,466.038507,0.427157,0.0,0.065174,567.015518,0.379725,0.0,0.102455,473.851229,0.672471,0.0,0.052313,499.921868,0.367961,0.0,0.07379,208.560661,0.25819,0.0,0.045579,390.828898,0.321256,3.9e-05,0.065535,290.402453,0.177812,0.0,0.054947,0.9839444,8,8,3,1.0
GP020402_frame_000809_rain,GP020402_frame_000809_ref,val,rain,real_rain,0,0,419.633889,0.447795,0.298509,0.792157,7.214597,2.5e-05,0.104629,1.260741,0.050988,35.056061,13.959317,407.525423,0.722333,0.0,0.044073,131.540685,0.836069,0.0,0.01572,688.420614,0.509262,0.0,0.077674,568.941575,0.455967,0.0,0.085906,1023.087925,0.523522,0.0,0.077039,430.323744,0.302848,0.0,0.069018,193.981706,0.30175,7.8e-05,0.04019,318.694773,0.287224,0.000146,0.045989,24.87077,0.091504,0.0,5.9e-05,0.9727258,4,3,1,0.75
GP020402_frame_000830_rain,GP020402_frame_000830_ref,val,rain,real_rain,0,0,698.198189,0.445805,0.309938,0.819608,7.324281,1e-06,0.07685,1.902721,0.069132,47.644833,10.915151,1336.382854,0.645365,0.0,0.117117,108.173109,0.880629,0.0,0.010041,1560.851869,0.411889,0.0,0.137071,1325.039329,0.464262,0.0,0.123337,810.135542,0.598862,0.0,0.060265,613.085711,0.270585,0.0,0.074571,146.773817,0.329821,0.0,0.034096,292.823069,0.273594,1e-05,0.042808,110.310991,0.137478,0.0,0.021643,0.94904083,1,0,1,0.0
GP020402_frame_000835_rain,GP020402_frame_000835_ref,val,rain,real_rain,0,0,530.216604,0.445179,0.324805,0.843137,7.231584,5e-06,0.083118,1.630807,0.055001,41.227432,11.810879,338.894066,0.84591,0.0,0.03706,146.45806,0.888287,0.0,0.021331,1501.515264,0.450485,0.0,0.129762,917.731023,0.32462,0.0,0.108539,751.663856,0.582775,0.0,0.055181,534.124836,0.220059,0.0,0.057982,108.628405,0.237966,0.0,0.016588,405.673838,0.332559,4.9e-05,0.059358,89.81369,0.124117,0.0,0.008275,0.9693424,1,1,1,1.0
GP020402_frame_000843_rain,GP020402_frame_000843_ref,val,rain,real_rain,0,0,384.756825,0.484722,0.315572,0.819608,7.278667,4.2e-05,0.105582,1.137958,0.050336,35.654621,13.687782,58.898008,0.826912,0.0,0.007893,468.758962,0.837048,0.0,0.050244,603.753962,0.680493,0.0,0.063281,327.091937,0.577995,9.8e-05,0.057316,649.596333,0.584299,0.0,0.073019,611.217635,0.146887,0.0,0.077283,389.803706,0.348766,0.000274,0.052074,297.959997,0.227412,1e-05,0.057982,72.179381,0.133384,0.0,0.011202,0.95357496,4,4,3,1.0
GP020402_frame_000863_rain,GP020402_frame_000863_ref,val,rain,real_rain,0,0,360.610487,0.478136,0.302564,0.803922,7.241898,0.000158,0.08741,0.986562,0.053671,34.038399,14.363958,54.132609,0.814663,0.0,0.003511,132.095384,0.845867,0.0,0.012129,329.40765,0.645862,0.0,0.037334,568.299913,0.503721,0.0,0.077103,530.036317,0.638284,0.0,0.059133,662.718995,0.239103,0.000166,0.107123,346.485355,0.261491,0.000147,0.060045,370.385212,0.161194,0.001112,0.057787,263.483792,0.193382,0.0,0.066403,0.94479287,6,5,4,0.8333
GP020402_frame_000883_rain,GP020402_frame_000883_ref,val,rain,real_rain,0,0,392.774949,0.509195,0.303756,0.780392,7.014871,8.1e-05,0.093771,1.147034,0.048903,33.426155,17.081205,51.24107,0.795736,0.0,0.003218,155.872717,0.824141,0.0,0.01412,532.365346,0.749677,0.0,0.052225,567.811606,0.495498,0.0,0.069992,818.093792,0.636171,0.0,0.078542,555.430752,0.52716,0.0,0.072765,224.529391,0.137188,0.0,0.04284,422.065243,0.187861,0.000732,0.060383,216.566516,0.229093,0.0,0.043101,0.9575301,7,6,0,0.8571
GP020402_frame_000898_rain,GP020402_frame_000898_ref,val,rain,real_rain,0,0,660.780598,0.452278,0.30065,0.796078,7.385231,0.000105,0.078697,1.773327,0.076043,47.659611,11.694341,10.293896,0.827344,0.0,3.9e-05,557.49175,0.780265,0.0,0.066979,2526.686123,0.472644,0.0,0.266754,440.203931,0.491621,0.0,0.06698,628.759853,0.530813,0.0,0.070911,1084.659401,0.312725,0.0,0.107963,398.749452,0.278676,0.000861,0.060691,291.649481,0.239559,8.8e-05,0.042681,39.827926,0.137421,0.0,0.000361,0.9866459,9,9,0,1.0
GP020402_frame_000904_rain,GP020402_frame_000904_ref,val,rain,real_rain,0,0,747.646281,0.350886,0.310081,0.87451,7.259595,0.000114,0.122555,1.985162,0.072399,49.842659,10.946478,674.041953,0.824939,0.0,0.04418,1356.619742,0.764784,0.000751,0.142633,1608.611952,0.264579,0.0,0.154352,854.16489,0.247439,0.0,0.082003,1189.836368,0.336122,0.0,0.088817,592.583372,0.161871,0.0,0.059592,163.511434,0.21128,5.9e-05,0.031172,283.211784,0.239778,0.000215,0.046224,32.769298,0.107719,0.0,0.000322,0.9773008,3,2,4,0.6667
GP020402_frame_000909_rain,GP020402_frame_000909_ref,val,rain,real_rain,0,0,684.846973,0.332901,0.328912,0.972549,7.172181,0.092212,0.277155,1.70636,0.062713,46.87294,9.363821,1008.430047,0.665841,0.41606,0.108901,1610.491946,0.575296,0.339022,0.117057,617.061521,0.089002,0.00563,0.047268,862.304069,0.446423,0.017361,0.081005,912.144576,0.452572,0.051073,0.062168,532.078537,0.063246,9.8e-05,0.03346,288.398868,0.329428,0.000959,0.057121,337.044781,0.30145,7.8e-05,0.055396,12.778034,0.073887,0.0,0.0,0.98926234,2,2,6,1.0
GP020402_frame_000914_rain,GP020402_frame_000914_ref,val,rain,real_rain,0,0,546.058823,0.512081,0.319244,0.819608,7.194342,1.4e-05,0.040736,1.346618,0.049842,36.957108,10.229594,1562.666802,0.703005,0.0,0.11248,109.231674,0.89554,0.0,0.011885,1.552166,0.877809,0.0,0.0,1618.803629,0.310364,0.0,0.119767,872.278414,0.627821,0.0,0.067564,275.365877,0.414208,0.0,0.040974,195.893974,0.200313,0.000127,0.040933,228.108264,0.322179,0.0,0.04111,74.535342,0.256731,0.0,0.012305,0.9571879,4,4,4,1.0
GP020402_frame_000919_rain,GP020402_frame_000919_ref,val,rain,real_rain,0,0,453.92331,0.466146,0.302773,0.803922,7.180392,9.5e-05,0.048801,1.339269,0.060144,39.563786,14.270151,1064.525827,0.589384,0.0,0.101467,82.886134,0.875619,0.0,0.00968,126.639982,0.673528,0.0,0.008821,833.810115,0.359642,0.0,0.107424,803.434727,0.651957,0.0,0.084309,483.859943,0.258585,4.9e-05,0.088329,166.239016,0.245721,0.000734,0.034624,393.147551,0.329199,5.9e-05,0.067994,159.155256,0.211203,2e-05,0.035558,0.9781025,5,5,3,1.0
GP020402_frame_000939_rain,GP020402_frame_000939_ref,val,rain,real_rain,0,0,603.389006,0.490637,0.303333,0.803922,7.352388,9.1e-05,0.045192,1.475139,0.065259,44.132946,12.461573,525.306607,0.671682,0.0,0.053257,382.478666,0.861756,0.0,0.02421,541.920957,0.71475,0.0,0.05646,986.295966,0.456182,0.0,0.105018,1575.518098,0.586147,0.0,0.104362,425.523462,0.321148,0.0,0.073966,331.389649,0.283541,0.000372,0.06115,496.077464,0.32994,0.000449,0.07178,190.353754,0.190446,0.0,0.035451,0.9904418,8,8,2,1.0
GP020402_frame_000946_rain,GP020402_frame_000946_ref,val,rain,real_rain,0,0,560.457885,0.482361,0.299674,0.776471,7.271756,6.8e-05,0.039212,1.436609,0.063163,39.882187,10.179154,68.434106,0.811442,0.0,0.006446,332.843669,0.825196,0.0,0.027664,1120.454731,0.726889,0.0,0.098351,659.826306,0.445147,0.0,0.081671,922.446597,0.542009,0.0,0.089032,1190.6306,0.305773,0.0,0.135422,248.266948,0.242761,0.000274,0.049208,465.622705,0.285548,0.000342,0.069214,54.800002,0.156604,0.0,0.009631,0.9671174,6,5,3,0.8333
GP020402_frame_000951_rain,GP020402_frame_000951_ref,val,rain,real_rain,0,0,229.712335,0.504831,0.26968,0.721569,7.154154,2.5e-05,0.01992,0.95409,0.039566,27.661625,8.698576,78.700017,0.775853,0.0,0.007942,68.243311,0.836013,0.0,0.007338,52.774488,0.783031,0.0,0.009065,397.446786,0.412637,0.0,0.06517,497.219658,0.600746,0.0,0.0617,332.45465,0.34643,0.0,0.085909,192.187524,0.286724,5.9e-05,0.040072,352.729707,0.287042,0.000166,0.054596,104.722112,0.214908,0.0,0.021926,0.9584917,4,4,1,1.0
GP020402_frame_000966_rain,GP020402_frame_000966_ref,val,rain,real_rain,0,0,265.970263,0.427485,0.305788,0.803922,7.129731,3.3e-05,0.111963,1.094874,0.032269,25.931534,12.720024,351.453402,0.673666,0.0,0.035172,37.356528,0.839596,0.0,0.005494,420.241471,0.53361,0.0,0.035607,431.556226,0.352663,0.0,0.069532,401.428768,0.650957,0.0,0.033675,245.32318,0.128208,0.0,0.026395,126.854742,0.235837,0.0,0.024452,311.548816,0.307195,0.000293,0.048878,79.877361,0.125581,0.0,0.009826,0.9447549,2,2,3,1.0
GP020402_frame_000971_rain,GP020402_frame_000971_ref,val,rain,real_rain,0,0,395.133229,0.448059,0.305602,0.788235,7.074559,4.6e-05,0.085841,1.288995,0.041011,31.094408,9.262579,762.177806,0.691691,0.0,0.048406,104.946057,0.842632,0.0,0.009016,394.638806,0.60194,0.0,0.031226,570.128883,0.310316,0.0,0.050802,541.554892,0.648856,0.0,0.048165,550.352654,0.206282,0.0,0.05645,170.45055,0.228304,0.000411,0.039456,318.349677,0.312098,0.0,0.053708,153.041415,0.190146,0.0,0.030055,0.9625967,6,5,7,0.8333
GP020402_frame_000976_rain,GP020402_frame_000976_ref,val,rain,real_rain,0,0,443.322814,0.47914,0.298902,0.756863,6.978962,0.0,0.036454,1.368269,0.044337,32.693607,11.496186,884.105239,0.712865,0.0,0.052396,31.550029,0.840787,0.0,0.003327,149.733308,0.8147,0.0,0.012383,1242.16106,0.272383,0.0,0.111581,729.12846,0.572075,0.0,0.066794,261.974569,0.438611,0.0,0.033294,97.879438,0.172245,0.0,0.016256,367.272042,0.25581,0.0,0.057553,237.585342,0.232128,0.0,0.04434,0.96206117,6,6,5,1.0
GP020402_frame_000981_rain,GP020402_frame_000981_ref,val,rain,real_rain,0,0,619.105901,0.427398,0.317126,0.827451,7.210448,5e-05,0.087208,1.812495,0.0591,42.218811,12.888536,2272.945526,0.343461,0.0,0.161737,102.554862,0.87763,0.0,0.011768,288.219028,0.799743,0.0,0.032806,517.326389,0.430147,0.0,0.044914,922.562533,0.521371,0.000234,0.077547,812.264353,0.234633,0.0,0.087724,185.976479,0.209898,0.0,0.041158,377.016554,0.275907,0.000215,0.056723,113.375145,0.153091,0.0,0.01531,0.96753156,2,2,8,1.0
GP020402_frame_000994_rain,GP020402_frame_000994_ref,val,rain,real_rain,0,0,454.196123,0.339589,0.310896,0.862745,7.126617,4.3e-05,0.168388,1.485658,0.051166,38.798344,9.903778,620.776472,0.695242,0.0,0.082678,678.575077,0.756224,0.0,0.059904,566.904175,0.211118,0.0,0.07458,558.438316,0.288766,0.0,0.070442,1004.179484,0.447151,0.0,0.077498,269.203316,0.090892,0.0,0.031118,116.655448,0.215986,0.0,0.024863,246.61763,0.247651,0.00039,0.03429,49.268745,0.103695,0.0,0.003493,0.9780059,1,1,5,1.0
GP020402_frame_001000_rain,GP020402_frame_001000_ref,val,rain,real_rain,0,0,1012.368793,0.374614,0.305344,0.862745,7.411246,0.000567,0.119244,2.239919,0.085433,62.379681,11.425158,688.563137,0.772444,0.0,0.052885,2070.622461,0.696724,0.000166,0.12459,2437.013162,0.335855,0.0,0.170911,1086.68398,0.32227,0.0,0.106485,1507.931355,0.500701,0.0,0.120053,531.075679,0.130074,0.0,0.05927,370.752071,0.254103,0.003707,0.055869,352.985775,0.255748,0.00123,0.054557,115.831349,0.10413,1e-05,0.021877,0.956066,13,11,5,0.8462
GP020402_frame_001020_rain,GP020402_frame_001020_ref,val,rain,real_rain,0,0,824.754194,0.398297,0.307297,0.819608,7.260359,0.000199,0.074653,1.904467,0.074487,53.187275,16.224266,2084.398619,0.361093,0.0,0.146137,504.028793,0.772793,0.0,0.039286,1021.557503,0.654259,0.0,0.085558,1086.492371,0.290508,0.0,0.096528,763.18107,0.650487,0.0,0.064139,1188.710311,0.177499,0.000137,0.095141,297.155721,0.235029,0.001594,0.053384,311.021953,0.300048,5.9e-05,0.053337,199.05001,0.142232,0.0,0.03428,0.9631617,7,4,10,0.5714
GP030400_frame_000121_rain,GP030400_frame_000121_ref,val,rain,real_rain,0,0,306.193835,0.460472,0.297253,0.811765,7.312849,1e-06,0.009071,0.946302,0.033684,25.84532,13.96606,1117.464593,0.751932,0.0,0.076712,55.889861,0.913453,0.0,0.003923,175.797344,0.506579,1e-05,0.03066,807.566072,0.240073,0.0,0.084174,250.842541,0.527945,0.0,0.044643,128.317738,0.456692,0.0,0.026473,52.854146,0.174287,0.0,0.01027,126.991991,0.290892,0.0,0.015505,52.604961,0.281887,0.0,0.009104,0.96115535,4,4,0,1.0
GP030400_frame_000129_rain,GP030400_frame_000129_ref,val,rain,real_rain,0,0,486.555101,0.447879,0.275552,0.733333,7.145686,0.0,0.000407,1.559138,0.053391,37.39159,9.782588,469.545975,0.736878,0.0,0.039182,13.463167,0.872648,0.0,0.00079,1260.892384,0.495943,0.0,0.15322,786.933342,0.321951,0.0,0.082649,980.753703,0.515909,0.0,0.080738,607.348188,0.271888,0.0,0.082416,72.93877,0.240683,0.0,0.013028,145.365047,0.365925,0.0,0.019731,65.98856,0.208986,0.0,0.007943,0.9404352,1,1,4,1.0
GP030400_frame_000135_rain,GP030400_frame_000135_ref,val,rain,real_rain,0,0,324.64056,0.45509,0.300204,0.827451,7.421872,0.000114,0.074706,1.170012,0.035029,30.260509,10.195114,790.692235,0.67653,0.0,0.065855,15.460502,0.872284,0.0,0.000937,479.437437,0.39793,0.0,0.056909,317.095233,0.318411,0.0,0.038654,421.25741,0.66516,1e-05,0.047414,471.921877,0.266766,0.0,0.044243,203.510238,0.255844,0.000968,0.029284,145.748047,0.419396,4.9e-05,0.020619,92.226587,0.223226,0.0,0.009592,0.9885628,3,3,2,1.0
GP030400_frame_000154_rain,GP030400_frame_000154_ref,val,rain,real_rain,0,0,156.720283,0.480399,0.284725,0.737255,7.055584,0.0,0.021139,0.832873,0.017947,20.022743,11.719214,203.733901,0.643748,0.0,0.017987,34.800302,0.833331,0.0,0.002488,20.486466,0.803488,0.0,0.001386,126.10429,0.266587,0.0,0.026379,351.578562,0.573601,0.0,0.035461,392.084341,0.413635,0.0,0.042311,62.433996,0.194786,0.0,0.009253,180.052869,0.341015,0.0,0.021116,43.165707,0.252615,0.0,0.004011,0.9413562,4,3,1,0.75
GP030400_frame_000184_rain,GP030400_frame_000184_ref,val,rain,real_rain,0,0,318.933524,0.446996,0.288122,0.792157,7.364445,0.0,0.010076,1.044913,0.032513,29.309334,13.791313,184.333143,0.475922,0.0,0.027435,218.235556,0.880175,0.0,0.016442,1031.331286,0.643366,0.0,0.08388,151.549517,0.216308,0.0,0.017087,524.618011,0.538044,0.0,0.04638,519.86328,0.516403,0.0,0.069692,24.024118,0.187125,0.0,0.002739,117.331439,0.323491,0.0,0.010753,107.6753,0.241049,0.0,0.016754,0.97183263,4,4,1,1.0
GP030402_frame_000001_rain,GP030402_frame_000001_ref,val,rain,real_rain,0,0,820.879328,0.423152,0.316835,0.811765,7.128303,0.0,0.068772,1.938671,0.074876,50.760838,15.477352,2043.256413,0.46745,0.0,0.138605,207.2323,0.864388,0.0,0.015476,922.384534,0.648563,0.0,0.081899,925.062008,0.350218,0.0,0.089799,862.952611,0.663066,0.0,0.068335,1399.774987,0.182601,0.0,0.104186,284.429508,0.1913,0.0,0.053619,479.40864,0.288726,0.0,0.061192,296.148122,0.151445,0.0,0.060158,0.86944515,9,9,6,1.0
GP030402_frame_000022_rain,GP030402_frame_000022_ref,val,rain,real_rain,0,0,235.729362,0.44387,0.28533,0.768627,7.028923,6.5e-05,0.038484,0.904949,0.036964,27.795177,17.057615,87.745482,0.782359,0.0,0.008558,13.789511,0.845809,0.0,0.000849,267.344628,0.400944,0.0,0.039735,394.441848,0.417243,0.0,0.058079,280.254495,0.541739,0.0,0.043921,457.140198,0.303613,0.0,0.062783,157.520628,0.236306,0.000411,0.027455,298.96893,0.27707,0.000176,0.049532,171.873911,0.189992,0.0,0.039793,0.9579235,5,5,0,1.0
GP030402_frame_000094_rain,GP030402_frame_000094_ref,val,rain,real_rain,0,0,421.968205,0.422287,0.310457,0.835294,7.382561,5e-06,0.158016,1.216534,0.045167,34.58567,9.501909,801.554841,0.648153,0.0,0.082052,253.677475,0.797523,0.0,0.018745,811.618484,0.119897,0.0,0.077498,202.727511,0.616491,0.0,0.040718,514.540234,0.681641,0.0,0.041208,663.924422,0.093654,0.0,0.041842,116.737792,0.295006,0.0,0.025098,223.272218,0.368841,4.9e-05,0.036954,223.339804,0.18006,0.0,0.040535,0.96828884,6,6,2,1.0
GP030402_frame_000266_rain,GP030402_frame_000266_ref,val,rain,real_rain,0,0,592.52984,0.377178,0.304477,0.847059,7.400921,0.000141,0.084622,1.697383,0.072712,49.536625,10.010989,605.451472,0.583092,0.0,0.05804,1130.498071,0.641824,0.0,0.128991,1336.95171,0.236139,0.0,0.163173,282.456199,0.166691,0.0,0.022946,393.478751,0.749181,0.0,0.039178,1076.82861,0.4227,0.0,0.166901,270.689521,0.136992,0.001272,0.031094,203.384585,0.292285,0.0,0.035558,53.479985,0.16512,0.0,0.006772,0.9716187,1,1,1,1.0
GP030402_frame_000428_rain,GP030402_frame_000428_ref,val,rain,real_rain,0,0,391.627072,0.368603,0.298035,0.811765,7.110039,0.0,0.046859,1.324482,0.043059,33.68367,6.911055,1268.19409,0.298164,0.0,0.105047,13.439348,0.885917,0.0,0.00081,760.091135,0.542875,0.0,0.101425,221.022552,0.13034,0.0,0.023415,627.584054,0.56984,0.0,0.059495,401.912467,0.240207,0.0,0.047717,66.565462,0.16054,0.0,0.010368,126.567916,0.315385,0.0,0.027693,54.829148,0.172947,0.0,0.009914,0.94857293,3,3,1,1.0
GOPR0572_frame_000145_rain,GOPR0572_frame_000145_ref,test,rain,real_rain,0,0,432.327253,0.388575,0.30161,0.882353,7.561527,0.012188,0.086042,1.49949,0.055476,36.743927,15.562375,615.086654,0.59582,0.0,0.092273,93.153171,0.913137,0.108119,0.014178,375.129054,0.461906,0.0,0.047317,674.104724,0.337096,0.0,0.10089,626.741618,0.394995,0.0,0.078649,692.660793,0.15877,0.0,0.060822,183.025153,0.211169,0.001448,0.022653,271.88314,0.256862,3.9e-05,0.042525,371.734326,0.167371,0.0,0.038505,0.9408947,8,6,3,0.75
GOPR0572_frame_000165_rain,GOPR0572_frame_000165_ref,test,rain,real_rain,0,0,469.932607,0.37442,0.305483,0.937255,7.220996,0.080645,0.074746,1.63049,0.053784,37.263222,10.869603,420.80782,0.780554,0.110123,0.073836,207.041256,0.879556,0.614178,0.031011,635.894535,0.265269,0.00119,0.062363,449.317126,0.227668,0.0,0.054724,850.721677,0.424785,0.0,0.086466,1079.558354,0.169697,0.0,0.081157,53.160197,0.192658,0.0,0.009223,246.22337,0.230385,0.0,0.03589,307.586152,0.19939,0.0,0.047746,0.9659235,3,3,0,1.0
GOPR0572_frame_000185_rain,GOPR0572_frame_000185_ref,test,rain,real_rain,0,0,475.340961,0.33751,0.248216,0.870588,7.529337,0.024689,0.107891,1.602993,0.060834,42.489246,16.100506,86.508186,0.275621,0.0,0.013048,343.520237,0.73437,0.222014,0.051269,1448.478024,0.408343,1e-05,0.15724,292.154614,0.292233,0.0,0.052152,521.186731,0.474314,0.0,0.068667,1058.185013,0.279482,0.0,0.11291,152.725524,0.199834,0.0,0.030428,239.175788,0.263043,0.0,0.029294,156.869291,0.109778,0.0,0.03066,1.0,6,5,8,0.8333
GOPR0572_frame_000193_rain,GOPR0572_frame_000193_ref,test,rain,real_rain,0,0,250.341685,0.492575,0.303847,0.823529,7.46872,0.0,0.042123,1.14107,0.041915,29.552162,15.257028,197.623504,0.640391,0.0,0.047418,20.610607,0.876311,0.0,0.002888,14.076772,0.877979,0.0,0.001971,400.753772,0.384747,0.0,0.072907,298.108313,0.499404,0.0,0.04315,503.010294,0.426834,0.0,0.068745,151.372002,0.235422,0.0,0.024511,432.24393,0.281274,0.0,0.069292,239.614327,0.2103,0.0,0.044604,0.9886463,1,1,0,1.0
GOPR0572_frame_000200_rain,GOPR0572_frame_000200_ref,test,rain,real_rain,0,0,329.683632,0.35504,0.274852,0.890196,7.308229,0.004765,0.075369,1.298646,0.048007,33.401081,12.941744,261.49185,0.358862,0.0,0.063566,95.535284,0.921222,0.042847,0.013905,995.501206,0.390148,0.0,0.1016,254.308703,0.184462,0.0,0.050166,600.171852,0.408627,0.0,0.098175,407.51824,0.238566,0.0,0.050566,93.512547,0.159168,0.0,0.015444,209.679995,0.310316,0.0,0.025693,67.467435,0.223136,0.0,0.009143,0.98936087,2,1,1,0.5
GOPR0572_frame_000207_rain,GOPR0572_frame_000207_ref,test,rain,real_rain,0,0,334.455784,0.30709,0.267786,0.929412,6.764411,0.08738,0.078875,1.233831,0.040139,34.341652,15.019925,210.91403,0.540893,0.309487,0.039212,490.265481,0.762209,0.470384,0.072317,1109.114518,0.189305,0.006645,0.095619,126.494939,0.267955,0.0,0.021195,709.889054,0.258349,0.0,0.077254,291.74263,0.143965,1e-05,0.037198,21.249906,0.200829,0.0,0.003668,31.414187,0.205317,0.0,0.006011,38.062091,0.195193,0.0,0.007221,0.9741088,0,0,1,
GOPR0572_frame_000215_rain,GOPR0572_frame_000215_ref,test,rain,real_rain,0,0,323.653986,0.412941,0.234918,0.839216,6.939915,0.096385,0.000226,1.322703,0.055371,38.418983,11.391513,152.24483,0.371873,0.0,0.043701,171.527158,0.73948,0.455845,0.036183,414.512203,0.500434,0.272199,0.077976,206.712369,0.332723,0.0,0.04554,863.305648,0.487455,0.102205,0.12056,531.837283,0.360807,0.036456,0.089227,76.291336,0.282418,0.0,0.010935,305.997367,0.332414,6.8e-05,0.033821,203.452596,0.30827,1e-05,0.037744,0.958739,3,3,0,1.0
GOPR0572_frame_000235_rain,GOPR0572_frame_000235_ref,test,rain,real_rain,0,0,349.099053,0.379082,0.263763,0.909804,7.264539,0.078814,0.04009,1.292915,0.05359,36.816483,14.424652,257.317811,0.318774,0.0,0.075988,44.808208,0.827892,0.529752,0.013407,458.686787,0.464984,0.175312,0.071975,198.197389,0.261464,0.0,0.049178,512.017933,0.491186,0.000137,0.069057,959.678843,0.294012,0.001269,0.107621,101.650574,0.214201,0.0,0.013468,406.535947,0.271287,0.000283,0.049112,218.250393,0.267134,0.00202,0.028562,0.9707967,2,2,0,1.0
GOPR0572_frame_000255_rain,GOPR0572_frame_000255_ref,test,rain,real_rain,0,0,837.568642,0.429822,0.291407,0.866667,7.211508,0.07856,0.007884,1.978652,0.083714,58.284782,13.693552,311.732436,0.762778,0.146723,0.047066,677.919736,0.913213,0.537188,0.050293,3304.593055,0.37862,0.022414,0.185861,376.90391,0.240963,0.0,0.059683,690.797684,0.456437,0.000439,0.104752,1266.118557,0.297669,5.9e-05,0.138076,239.650197,0.284309,0.0,0.053277,226.99635,0.272147,1e-05,0.033294,475.889207,0.262261,0.0,0.078396,0.9787716,7,6,4,0.8571
GOPR0572_frame_000271_rain,GOPR0572_frame_000271_ref,test,rain,real_rain,0,0,768.249643,0.45732,0.320465,0.87451,7.45419,0.041707,0.025112,1.975764,0.073159,49.585129,14.083437,547.788352,0.757958,0.090473,0.05936,996.194971,0.888284,0.124902,0.059241,1292.961361,0.538846,0.15969,0.104147,711.426613,0.390259,0.0,0.094943,1252.471815,0.468055,0.0,0.091179,1064.766721,0.237101,0.0,0.101034,236.191734,0.301902,0.0,0.038996,355.786856,0.284879,0.000205,0.04232,479.030324,0.248782,1e-05,0.06532,0.9781861,8,6,9,0.75
GOPR0572_frame_000278_rain,GOPR0572_frame_000278_ref,test,rain,real_rain,0,0,756.625826,0.433399,0.307672,0.87451,7.39893,0.030059,0.031565,1.946809,0.080333,54.321281,17.072636,455.938711,0.812116,0.010749,0.078326,942.741281,0.861196,0.236046,0.067145,2234.145438,0.355915,0.023419,0.187549,650.811608,0.31796,0.0,0.077504,968.337609,0.503872,0.0,0.097424,734.806633,0.229844,0.0,0.086046,178.306027,0.271502,8.8e-05,0.031162,322.870848,0.313115,3.9e-05,0.043569,365.250136,0.235313,0.0,0.050966,0.98711014,8,6,2,0.75
GOPR0572_frame_000284_rain,GOPR0572_frame_000284_ref,test,rain,real_rain,0,0,468.146907,0.386506,0.307221,0.854902,7.292088,2e-05,0.060567,1.528332,0.055219,41.048706,11.81042,1004.455717,0.296427,6.8e-05,0.084194,30.771294,0.90619,0.0,0.003386,857.782589,0.618607,2e-05,0.103005,376.795311,0.166435,0.0,0.048953,493.269011,0.574964,8.8e-05,0.062061,777.213443,0.237839,0.0,0.096897,193.915759,0.194128,0.0,0.030751,215.989451,0.290183,0.0,0.023722,277.140399,0.192608,0.0,0.042438,0.95030636,2,1,5,0.5
GOPR0572_frame_000290_rain,GOPR0572_frame_000290_ref,test,rain,real_rain,0,0,380.443902,0.448986,0.279943,0.843137,7.548617,9.3e-05,0.055853,1.298263,0.073413,39.794933,9.512109,272.730944,0.845266,0.0,0.034067,476.804876,0.741538,1e-05,0.104977,600.008889,0.485988,0.0,0.167633,490.816487,0.570023,5.9e-05,0.086277,576.44473,0.365902,0.0,0.108685,154.045452,0.184809,0.0,0.041091,271.657609,0.337336,0.000685,0.037881,395.515938,0.276668,8.8e-05,0.048117,202.91015,0.234292,0.0,0.021819,0.9869707,2,2,6,1.0
GOPR0572_frame_000297_rain,GOPR0572_frame_000297_ref,test,rain,real_rain,0,0,393.239254,0.469014,0.256588,0.760784,7.404616,0.000131,0.025947,1.373325,0.056209,36.924561,12.885976,198.122873,0.687007,0.0,0.030781,92.642013,0.851648,0.0,0.011534,424.472511,0.516064,0.0,0.05967,920.832682,0.344474,0.0,0.114349,499.24092,0.580605,0.0,0.07256,240.195968,0.336684,0.0,0.062129,599.878242,0.305242,0.000626,0.076545,293.578176,0.34487,0.000556,0.032504,306.358854,0.254363,0.0,0.042233,0.98830867,7,7,3,1.0
GOPR0572_frame_000305_rain,GOPR0572_frame_000305_ref,test,rain,real_rain,0,0,410.438645,0.416888,0.273424,0.839216,7.421121,0.002142,0.049201,1.334817,0.055222,38.704323,14.918792,577.727722,0.673587,0.003237,0.075499,145.960172,0.90632,0.015554,0.010665,251.323167,0.38042,1e-05,0.042418,822.42455,0.326203,0.0,0.124354,1011.289858,0.473273,0.0,0.109094,152.615498,0.350578,0.0,0.02945,154.01627,0.214012,2.9e-05,0.026761,232.123257,0.2202,0.000439,0.031509,362.990559,0.207314,0.0,0.044487,0.99308544,7,5,0,0.7143
GOPR0572_frame_000325_rain,GOPR0572_frame_000325_ref,test,rain,real_rain,0,0,417.50403,0.422823,0.256264,0.811765,7.359887,0.000626,0.027886,1.365662,0.057363,39.879135,16.016155,598.123928,0.700718,0.004998,0.075489,149.268529,0.792681,3.9e-05,0.012451,224.694737,0.383513,1e-05,0.035714,684.566774,0.319125,0.0,0.123758,873.319537,0.475992,0.0,0.102947,145.71203,0.368339,0.0,0.02418,320.342107,0.216384,0.0,0.045344,413.450189,0.314998,0.000595,0.045999,370.410011,0.233583,0.0,0.043882,0.9777654,4,4,1,1.0
GOPR0572_frame_000345_rain,GOPR0572_frame_000345_ref,test,rain,real_rain,0,0,567.250549,0.368599,0.27422,0.890196,7.408907,0.019857,0.064141,1.602932,0.069375,46.429707,15.26148,334.11462,0.52346,2.9e-05,0.071273,572.087151,0.909324,0.170492,0.047785,2135.095931,0.332578,0.007523,0.183763,341.152269,0.389485,0.0,0.05891,616.821986,0.400655,0.0,0.102391,525.571215,0.177951,0.0,0.059807,248.753241,0.221933,0.0,0.052533,145.929066,0.197353,0.0,0.023126,208.004041,0.164724,0.000527,0.022619,0.9878681,1,1,6,1.0
GOPR0572_frame_000352_rain,GOPR0572_frame_000352_ref,test,rain,real_rain,0,0,460.060326,0.320126,0.269194,0.929412,7.059919,0.078427,0.0946,1.542887,0.055726,41.588917,14.897835,812.317149,0.647474,0.304832,0.126017,1629.551846,0.627965,0.380806,0.12862,212.918115,0.15719,0.000176,0.022697,207.403602,0.258793,0.0,0.036326,723.660703,0.396954,0.019292,0.086124,119.870286,0.130493,0.0,0.02017,120.612602,0.249493,0.0,0.022838,265.651961,0.318695,0.000898,0.042125,60.222689,0.094533,0.0,0.015037,0.97491574,3,2,3,0.6667
GOPR0572_frame_000372_rain,GOPR0572_frame_000372_ref,test,rain,real_rain,0,0,259.672587,0.347123,0.197714,0.631373,7.123867,0.033053,0.002048,1.220515,0.046946,36.575947,19.355282,213.63241,0.411922,0.062568,0.047731,92.833858,0.294864,0.017652,0.009368,84.398624,0.272534,0.000302,0.021594,132.397912,0.222878,0.00089,0.02096,498.607167,0.56899,0.215749,0.083528,357.063212,0.335429,0.0,0.072151,300.11617,0.298131,0.0,0.049198,474.632994,0.453956,0.000234,0.072863,209.956396,0.265149,0.0,0.042994,0.9884739,2,2,6,1.0
GOPR0572_frame_000382_rain,GOPR0572_frame_000382_ref,test,rain,real_rain,0,0,362.883155,0.369381,0.27143,0.909804,7.352151,0.057624,0.046887,1.421004,0.055058,38.716888,11.14667,684.240853,0.386509,0.079617,0.081504,284.481424,0.805627,0.4367,0.040867,248.849248,0.248035,0.0,0.064793,145.096442,0.185462,0.0,0.014779,857.763896,0.476751,0.000146,0.115642,378.156324,0.340637,0.0,0.060002,116.799193,0.217663,0.0,0.028785,391.091885,0.357199,0.001932,0.050176,173.775668,0.305799,0.0,0.03627,1.0,5,5,2,1.0
GOPR0572_frame_000388_rain,GOPR0572_frame_000388_ref,test,rain,real_rain,0,0,351.636496,0.37224,0.282398,0.898039,7.338934,0.054521,0.049784,1.285185,0.060386,40.498806,12.811188,519.754278,0.536319,0.172721,0.100998,291.870288,0.885105,0.316198,0.034173,406.92252,0.227135,0.000478,0.091306,137.468032,0.213788,0.0,0.019474,663.186425,0.520434,0.0,0.098829,431.658262,0.220158,0.001239,0.083694,260.545332,0.231191,0.0,0.046557,368.59419,0.347628,7.8e-05,0.050781,100.114812,0.168083,0.0,0.012237,0.99315774,3,3,1,1.0
GOPR0572_frame_000395_rain,GOPR0572_frame_000395_ref,test,rain,real_rain,0,0,948.141365,0.416279,0.288499,0.862745,7.569006,0.017395,0.031739,2.163036,0.087102,59.350044,11.748649,520.298433,0.709757,0.001272,0.080556,1368.204633,0.798782,0.078171,0.082972,3058.918448,0.314642,0.075654,0.167242,934.839197,0.458329,0.0,0.120364,901.938913,0.45053,8.8e-05,0.113739,1075.843401,0.207906,0.001112,0.113378,167.885416,0.298926,0.0,0.026467,329.011992,0.302898,0.000137,0.036602,213.387168,0.205253,0.0,0.040476,0.97977036,4,3,10,0.75
GOPR0572_frame_000414_rain,GOPR0572_frame_000414_ref,test,rain,real_rain,0,0,410.502803,0.353457,0.259644,0.886275,7.429726,0.00865,0.071268,1.469052,0.069023,41.721081,16.114304,660.151895,0.370936,0.000704,0.1067,353.783593,0.816669,0.074893,0.050478,295.525657,0.289821,0.0,0.061397,400.449269,0.205869,1e-05,0.083578,749.003997,0.5184,0.0,0.128093,197.586921,0.179913,0.0,0.0383,352.769571,0.233232,0.000391,0.061356,524.180417,0.373606,0.001795,0.059221,178.855394,0.192081,0.0,0.027157,1.0,8,8,5,1.0
GOPR0572_frame_000426_rain,GOPR0572_frame_000426_ref,test,rain,real_rain,0,0,452.087488,0.423822,0.302284,0.909804,7.568276,0.018537,0.090016,1.482334,0.069105,41.545013,16.401075,444.500798,0.681273,0.004157,0.067439,383.959661,0.853381,0.161768,0.052664,342.137584,0.218285,0.00039,0.060031,800.307856,0.471798,0.0,0.112969,957.107007,0.605773,8.8e-05,0.130738,301.052733,0.177059,0.000195,0.062773,339.653929,0.293367,0.0,0.060769,406.249173,0.346369,3.9e-05,0.053942,113.634305,0.167504,7.8e-05,0.01533,0.965911,6,6,11,1.0
GOPR0572_frame_000435_rain,GOPR0572_frame_000435_ref,test,rain,real_rain,0,0,393.969147,0.463253,0.278565,0.784314,7.55563,0.000161,0.020628,1.313093,0.068822,41.64938,12.627723,102.299207,0.824253,0.0,0.01609,79.792383,0.900353,0.000615,0.004186,728.411894,0.344612,0.000693,0.154577,907.367937,0.458847,0.0,0.140395,950.079522,0.575361,0.0,0.116628,495.957252,0.274323,0.0,0.111924,120.933304,0.251062,0.0,0.029675,116.599378,0.324224,1e-05,0.024278,64.094276,0.216584,0.000127,0.017974,0.982416,4,4,1,1.0
GOPR0572_frame_000455_rain,GOPR0572_frame_000455_ref,test,rain,real_rain,0,0,1608.331195,0.410178,0.28886,0.901961,7.729381,0.034493,0.084661,2.991027,0.116101,80.969841,19.880241,2229.514846,0.49524,4.9e-05,0.16471,2191.376981,0.752736,0.095667,0.113905,4336.911384,0.602745,0.213534,0.223595,1402.813153,0.337804,0.000225,0.13439,839.84145,0.528573,0.0,0.067721,2626.179808,0.327197,0.000722,0.199893,173.230797,0.132257,0.0,0.02767,485.590116,0.3001,0.0,0.072853,238.777522,0.214326,0.0,0.038359,0.8775916,6,4,0,0.6667
GOPR0572_frame_000501_rain,GOPR0572_frame_000501_ref,test,rain,real_rain,0,0,516.798251,0.443807,0.287072,0.827451,7.722478,4.6e-05,0.102563,1.364754,0.05702,38.442616,18.08931,80.540876,0.635698,0.0,0.019102,132.404605,0.827811,0.0,0.011544,1980.623911,0.632337,0.000351,0.149493,447.983776,0.439251,0.0,0.078942,785.184717,0.47862,1e-05,0.085685,362.104438,0.404141,0.0,0.040369,211.262905,0.120751,0.0,0.036444,445.829061,0.250814,4.9e-05,0.049532,217.953039,0.204525,0.0,0.040496,0.9728901,9,8,2,0.8889
GOPR0572_frame_000515_rain,GOPR0572_frame_000515_ref,test,rain,real_rain,0,0,274.399031,0.51204,0.268828,0.74902,7.446553,2e-06,0.035904,1.059882,0.038612,28.062626,10.965202,263.468985,0.779031,0.0,0.03035,164.296116,0.808343,0.0,0.024473,485.572735,0.688493,0.0,0.051874,373.629797,0.651183,0.0,0.059263,225.593513,0.602945,0.0,0.033792,485.66974,0.233105,0.0,0.054742,228.108968,0.29369,0.0,0.047232,169.994409,0.363049,2e-05,0.02742,83.6002,0.188964,0.0,0.01693,0.971963,5,4,6,0.8
GOPR0572_frame_000521_rain,GOPR0572_frame_000521_ref,test,rain,real_rain,0,0,387.562303,0.456271,0.277239,0.764706,7.500818,1e-06,0.027096,1.401316,0.06214,40.644524,16.575676,266.762967,0.781842,0.0,0.026653,40.008606,0.845177,0.0,0.004303,932.95907,0.487678,0.0,0.146946,467.467549,0.456388,0.0,0.080644,382.483005,0.536356,0.0,0.047629,712.499658,0.321513,0.0,0.129616,152.79844,0.188068,0.0,0.027651,225.795303,0.286742,1e-05,0.036446,318.684411,0.202815,0.0,0.055845,0.96708757,4,4,1,1.0
GOPR0572_frame_000527_rain,GOPR0572_frame_000527_ref,test,rain,real_rain,0,0,520.136304,0.445113,0.264766,0.772549,7.579304,2e-06,0.054291,1.625222,0.062716,42.677162,14.374032,308.505747,0.799309,0.0,0.033871,329.884891,0.776633,0.0,0.026942,1168.989091,0.248363,2e-05,0.125927,1097.446527,0.528049,0.0,0.122379,628.363409,0.432846,0.0,0.072697,521.860501,0.257808,0.0,0.086017,279.397381,0.350915,0.0,0.039456,229.236342,0.332154,0.0,0.035734,142.968071,0.280746,0.0,0.018286,0.9921787,3,2,2,0.6667
GOPR0572_frame_000532_rain,GOPR0572_frame_000532_ref,test,rain,real_rain,0,0,491.867084,0.484885,0.274195,0.764706,7.577148,1.3e-05,0.028288,1.523381,0.067483,44.810181,15.621086,174.981615,0.819679,0.0,0.020804,379.316762,0.773947,0.0,0.035041,1056.215023,0.381897,0.0,0.109836,900.492083,0.614861,0.0,0.120667,484.715694,0.510412,0.0,0.057641,591.774897,0.305017,3.9e-05,0.107592,391.642417,0.405478,6.8e-05,0.061962,243.774071,0.336002,1e-05,0.03468,233.822072,0.217577,0.0,0.056489,0.9661941,3,3,0,1.0
GOPR0572_frame_000537_rain,GOPR0572_frame_000537_ref,test,rain,real_rain,0,0,456.463508,0.457235,0.268742,0.756863,7.438187,3.6e-05,0.013189,1.570754,0.064414,42.183247,17.406977,259.817993,0.826809,0.0,0.029392,199.763347,0.739041,0.0,0.024112,556.978376,0.429467,0.0,0.070443,1111.237441,0.47451,0.0,0.142254,630.911242,0.386301,0.0,0.081577,466.232478,0.237104,0.0,0.085031,390.70165,0.367506,0.000323,0.069171,280.40645,0.353278,0.0,0.035705,227.120741,0.301791,0.0,0.038798,0.98936546,3,3,5,1.0
GOPR0572_frame_000542_rain,GOPR0572_frame_000542_ref,test,rain,real_rain,0,0,353.889393,0.319082,0.273027,0.854902,7.165447,8.9e-05,0.084782,1.340667,0.051863,39.969597,14.477993,1031.954926,0.301821,0.0,0.113517,159.089119,0.84446,0.0,0.015935,343.940665,0.320798,0.000371,0.090125,521.155276,0.121785,0.0,0.050949,454.432132,0.440658,0.0,0.063242,180.628596,0.172079,0.0,0.048936,172.468302,0.164439,0.0,0.031954,251.541354,0.295813,0.000429,0.036329,84.73746,0.209017,0.0,0.014627,0.97549134,1,1,2,1.0
GOPR0572_frame_000547_rain,GOPR0572_frame_000547_ref,test,rain,real_rain,0,0,400.108076,0.407829,0.302906,0.901961,7.652852,0.018289,0.095674,1.455955,0.060795,41.243568,18.042555,1138.231752,0.488457,0.00266,0.149853,25.830933,0.89357,0.1379,0.002732,277.331597,0.640339,0.022278,0.06695,293.718211,0.138013,0.0,0.033666,656.993981,0.492114,0.0,0.080221,359.529777,0.279305,0.0,0.071419,154.018383,0.147295,4.9e-05,0.029881,391.145037,0.342732,0.001552,0.048097,320.352286,0.247583,3.9e-05,0.062441,0.94518834,5,5,4,1.0
GOPR0572_frame_000552_rain,GOPR0572_frame_000552_ref,test,rain,real_rain,0,0,434.462924,0.307463,0.26821,0.898039,7.301298,0.005841,0.147156,1.552338,0.060258,40.865791,20.315636,863.33477,0.253055,9.8e-05,0.116813,459.603852,0.775561,0.049307,0.0524,858.383775,0.343365,0.003035,0.103728,201.292009,0.108575,0.0,0.027494,744.034212,0.432706,0.0,0.096936,210.261858,0.126867,0.0,0.041267,139.4719,0.157958,0.0,0.033187,309.412651,0.355155,8.8e-05,0.043189,149.698911,0.212978,0.0,0.025381,0.9771118,2,2,5,1.0
GOPR0572_frame_000578_rain,GOPR0572_frame_000578_ref,test,rain,real_rain,0,0,758.445867,0.390107,0.289581,0.866667,7.549901,0.000194,0.076826,2.1082,0.091262,54.302868,22.671919,2137.898166,0.398353,0.0,0.20223,199.721741,0.802011,0.000166,0.023253,730.812604,0.698037,0.0004,0.082104,466.780631,0.179578,0.0,0.05984,1523.332193,0.566985,0.0,0.187071,719.992166,0.221099,0.0,0.113134,253.035632,0.208598,0.0,0.042733,513.117038,0.240891,0.001181,0.066745,300.834661,0.194516,0.0,0.041169,0.9407355,4,4,6,1.0
GOPR0572_frame_000597_rain,GOPR0572_frame_000597_ref,test,rain,real_rain,0,0,431.040023,0.382842,0.30628,0.866667,7.283274,4.3e-05,0.075627,1.497814,0.054008,40.116329,19.634445,1101.646509,0.404068,2e-05,0.121313,117.585639,0.892318,3.9e-05,0.011749,643.877674,0.594586,0.0,0.089657,262.101596,0.130176,0.0,0.031534,573.402873,0.548366,0.000293,0.046019,342.851201,0.214049,0.0,0.057582,290.078121,0.19046,3.9e-05,0.051624,329.764177,0.280752,0.0,0.046019,236.522714,0.189815,0.0,0.029557,0.9688381,8,7,2,0.875
GOPR0572_frame_000609_rain,GOPR0572_frame_000609_ref,test,rain,real_rain,0,0,411.354158,0.359238,0.294752,0.901961,7.390938,0.003462,0.103261,1.342108,0.050078,37.09499,14.814614,1075.482991,0.600538,0.001457,0.095628,440.738222,0.81605,0.003913,0.035636,220.391011,0.35954,0.0,0.045258,156.561306,0.121163,0.0,0.019063,591.216723,0.433208,0.025576,0.056382,408.814253,0.271508,0.0,0.06453,187.935509,0.142787,0.0,0.036004,435.687908,0.312254,0.000195,0.057797,206.253483,0.175597,0.0,0.038203,0.99691135,4,3,3,0.75
GOPR0572_frame_000640_rain,GOPR0572_frame_000640_ref,test,rain,real_rain,0,0,369.980959,0.44123,0.284197,0.811765,7.522881,4e-06,0.061127,1.206265,0.058372,39.437218,11.539373,180.390366,0.686176,0.0,0.021391,244.515236,0.80604,0.0,0.034202,555.28694,0.436883,0.0,0.105191,601.52713,0.437031,0.0,0.068281,798.95762,0.599003,0.0,0.089471,462.717739,0.331701,0.0,0.113261,173.094424,0.232796,0.0,0.035016,213.707201,0.295815,3.9e-05,0.035226,118.88299,0.145705,0.0,0.020189,0.98357844,0,0,2,
GOPR0572_frame_000645_rain,GOPR0572_frame_000645_ref,test,rain,real_rain,0,0,271.024791,0.423586,0.286817,0.827451,7.494427,0.0,0.058627,1.16297,0.049283,36.901905,12.361644,385.049031,0.626969,0.0,0.041315,44.841198,0.836532,0.0,0.003659,324.994468,0.395111,0.0,0.080689,505.938837,0.311041,0.0,0.062989,449.405746,0.535726,0.0,0.077557,327.547055,0.327059,0.0,0.0883,173.086843,0.255592,0.0,0.040982,165.479932,0.34364,0.0,0.033363,71.436911,0.18042,0.0,0.010705,0.98021924,1,1,1,1.0
GOPR0572_frame_000660_rain,GOPR0572_frame_000660_ref,test,rain,real_rain,0,0,455.541151,0.361019,0.344549,0.945098,7.105445,0.049574,0.231948,1.351814,0.047365,35.167133,8.654702,896.076473,0.56907,0.126536,0.073875,464.086514,0.83241,0.266969,0.037324,112.043109,0.058776,0.0,0.013866,1170.558945,0.271465,0.019043,0.101389,765.67087,0.68262,0.033597,0.066198,133.625296,0.066922,1e-05,0.02015,72.886613,0.22169,0.0,0.013077,340.363622,0.373067,0.0,0.065945,164.708323,0.173103,0.0,0.032875,0.9916746,2,2,1,1.0
GOPR0572_frame_000670_rain,GOPR0572_frame_000670_ref,test,rain,real_rain,0,0,297.019984,0.4063,0.306942,0.823529,7.336679,0.0,0.116943,1.226334,0.035151,28.59951,10.916306,642.952071,0.435862,0.0,0.05892,17.0827,0.83808,0.0,0.000868,109.575595,0.750343,0.0,0.013193,180.479264,0.081221,0.0,0.012539,487.280915,0.508018,0.0,0.045999,638.31563,0.294539,0.0,0.080425,238.132326,0.174274,0.0,0.05403,264.626809,0.306059,0.0,0.038515,105.676085,0.267071,0.0,0.010744,0.9415233,2,1,3,0.5
GOPR0572_frame_000674_rain,GOPR0572_frame_000674_ref,test,rain,real_rain,0,0,583.821489,0.455172,0.306307,0.835294,7.516494,1.5e-05,0.048491,1.820244,0.076542,47.739994,13.079211,1103.087401,0.621427,4.9e-05,0.144043,12.191959,0.79586,0.0,0.007406,757.21535,0.662466,0.0,0.102791,669.643856,0.581914,8.8e-05,0.083666,551.273169,0.435297,0.0,0.053864,1198.075747,0.205454,0.0,0.134124,320.051594,0.330219,0.0,0.053355,299.701727,0.257109,0.0,0.046663,360.929384,0.2072,0.0,0.06171,0.97532684,2,1,1,0.5
GOPR0572_frame_000684_rain,GOPR0572_frame_000684_ref,test,rain,real_rain,0,0,867.213814,0.220694,0.240857,0.866667,6.816941,0.036782,0.279482,1.937777,0.070294,53.103081,11.537505,2385.914678,0.448567,0.074051,0.234693,2792.143826,0.469375,0.1879,0.158119,185.612539,0.098132,0.0,0.016296,828.391105,0.311756,0.063537,0.091178,1118.991391,0.154183,0.004303,0.062354,38.064324,0.052468,0.0,0.002274,177.308698,0.189995,0.0,0.034057,292.385189,0.182492,0.001308,0.031831,16.398136,0.079953,0.0,0.000381,0.97984225,2,1,3,0.5
GOPR0572_frame_000688_rain,GOPR0572_frame_000688_ref,test,rain,real_rain,0,0,721.059009,0.310432,0.274135,0.921569,6.782192,0.095268,0.064774,1.968764,0.054952,46.538937,12.528081,2500.182168,0.378406,0.04511,0.166207,1347.987919,0.862271,0.684553,0.093228,564.285762,0.210404,0.002,0.045989,732.556831,0.194347,0.005927,0.043183,815.715679,0.373733,0.117408,0.059485,107.858041,0.115687,0.0,0.008099,84.161455,0.201951,0.0,0.015434,285.149061,0.318243,0.001864,0.050498,76.385392,0.138475,0.0,0.011153,0.97749823,0,0,3,
GOPR0572_frame_000692_rain,GOPR0572_frame_000692_ref,test,rain,real_rain,0,0,365.924449,0.326514,0.310022,0.964706,7.03692,0.111415,0.231048,1.165214,0.04727,38.746357,17.575092,992.773377,0.676199,0.302015,0.14645,1102.852956,0.728298,0.490691,0.099395,113.083875,0.091271,1e-05,0.011602,286.296391,0.235203,0.000871,0.039349,396.530252,0.479611,0.200781,0.05445,7.751258,0.044798,0.0,0.0,80.462056,0.23998,0.0,0.017968,284.880935,0.347687,0.008294,0.051288,35.044808,0.095977,0.0,0.003142,0.9857437,2,2,1,1.0
GOPR0572_frame_000700_rain,GOPR0572_frame_000700_ref,test,rain,real_rain,0,0,502.470156,0.418773,0.342315,0.92549,6.44876,0.216081,0.074435,1.408018,0.046426,37.868145,11.757547,109.470471,0.9808,0.953179,0.013811,1357.254576,0.870306,0.721155,0.083148,552.668701,0.155601,0.003962,0.033636,834.658363,0.495592,0.192293,0.091784,1096.445455,0.383465,0.073409,0.095765,216.744753,0.105381,0.000117,0.02015,218.374315,0.350963,0.0,0.056543,120.191267,0.271059,0.001776,0.018794,36.98574,0.157125,0.0,0.002713,0.9681732,4,3,1,0.75
GOPR0572_frame_000724_rain,GOPR0572_frame_000724_ref,test,rain,real_rain,0,0,904.367758,0.325253,0.310515,0.929412,6.746754,0.120502,0.096087,2.062992,0.071301,51.980267,10.523995,1896.989862,0.43817,0.132815,0.152338,1875.082543,0.700474,0.428318,0.149941,1619.217829,0.748117,0.500205,0.13103,531.661465,0.168206,0.000871,0.048484,1575.599275,0.236285,0.020502,0.087802,242.388849,0.130374,1e-05,0.021028,103.895853,0.160966,0.0,0.021049,296.692736,0.20363,0.001269,0.028357,24.903142,0.140564,0.0,0.000927,0.9967952,1,1,1,1.0
GOPR0572_frame_000728_rain,GOPR0572_frame_000728_ref,test,rain,real_rain,0,0,1355.989009,0.422348,0.297741,0.878431,7.045771,0.140111,0.010678,2.962341,0.096832,68.462105,13.104762,2426.573543,0.433954,0.152621,0.14823,1183.770461,0.907417,0.741872,0.086583,2724.265236,0.565559,0.179059,0.210539,1037.44981,0.220781,0.012627,0.059311,1816.685611,0.457333,0.14153,0.113759,1970.854941,0.286318,0.027196,0.119779,191.990225,0.249585,9.8e-05,0.021254,509.861352,0.380906,0.005162,0.064715,395.336347,0.298427,0.000234,0.045023,0.9502073,12,10,7,0.8333
GOPR0572_frame_000873_rain,GOPR0572_frame_000873_ref,test,rain,real_rain,0,0,421.655981,0.39642,0.322959,0.890196,7.243582,0.016088,0.054479,1.497051,0.056662,38.865013,17.188887,742.608462,0.679049,0.020481,0.094718,237.312249,0.884754,0.018667,0.023741,480.761139,0.376605,1e-05,0.064217,399.287459,0.203406,0.0,0.071851,1194.492991,0.558616,0.105455,0.12461,199.242496,0.13393,0.0,0.03631,212.281516,0.194596,0.0,0.045794,317.625121,0.378363,0.000117,0.044428,34.802662,0.158201,0.0,0.002322,0.95421815,1,1,3,1.0
GOPR0572_frame_000877_rain,GOPR0572_frame_000877_ref,test,rain,real_rain,0,0,540.714236,0.442877,0.287021,0.827451,7.608244,0.00074,0.031452,1.652696,0.076466,50.072433,17.024765,464.352996,0.794613,0.000655,0.071821,696.991655,0.597644,3.9e-05,0.074132,1069.828148,0.536668,6.8e-05,0.149307,388.64108,0.282229,0.0,0.061933,985.745228,0.555368,0.005894,0.107475,332.389081,0.412422,0.0,0.057133,269.614348,0.257352,0.0,0.048797,470.460152,0.343257,0.0,0.077957,219.505279,0.206358,0.0,0.035812,0.97622365,5,4,4,0.8
GOPR0572_frame_000906_rain,GOPR0572_frame_000906_ref,test,rain,real_rain,0,0,406.285507,0.418101,0.29752,0.811765,7.292863,0.000125,0.031275,1.463758,0.052599,38.769695,18.25135,850.375579,0.562446,0.0,0.100284,52.505367,0.773695,0.0,0.008187,339.527557,0.739218,0.0,0.050185,380.197369,0.308593,0.000117,0.0558,697.245998,0.415507,0.0,0.078279,850.325899,0.259238,0.0,0.097902,341.952239,0.280188,0.001007,0.05847,111.399537,0.265746,0.0,0.016569,51.806286,0.158033,0.0,0.004254,0.9793536,2,2,3,1.0
GOPR0572_frame_000915_rain,GOPR0572_frame_000915_ref,test,rain,real_rain,0,0,591.655585,0.385835,0.332573,0.92549,7.03386,0.129155,0.072642,1.701552,0.056249,42.675583,11.672892,1019.507918,0.461645,0.077964,0.106915,115.325552,0.978684,0.651844,0.019272,1570.721677,0.431409,0.18268,0.112832,373.79073,0.168902,2e-05,0.031504,775.317043,0.553739,0.197356,0.077888,668.231932,0.211918,0.051805,0.040564,157.781634,0.178185,0.0,0.027015,489.868422,0.321412,0.0,0.063739,168.387391,0.165806,0.0,0.024805,0.95650506,1,1,2,1.0
GOPR0572_frame_000920_rain,GOPR0572_frame_000920_ref,test,rain,real_rain,0,0,328.870677,0.440533,0.329811,0.854902,7.217555,0.000355,0.06036,1.161425,0.041801,33.73003,12.900124,231.080507,0.501085,0.0,0.024853,74.982903,0.915058,0.000156,0.009397,600.735383,0.711835,0.0,0.063778,445.953305,0.179264,0.0,0.047447,541.081182,0.485737,0.000595,0.054479,500.568336,0.480028,0.000146,0.075956,110.895222,0.191782,0.001986,0.019806,279.647457,0.262323,0.000312,0.044692,182.517671,0.236636,0.0,0.034192,0.9656542,2,2,1,1.0
GOPR0572_frame_000929_rain,GOPR0572_frame_000929_ref,test,rain,real_rain,0,0,377.311059,0.349147,0.308954,0.905882,7.170016,0.011597,0.094572,1.303524,0.04534,35.654961,17.326166,739.578508,0.41006,0.001135,0.084419,249.384741,0.939552,0.093745,0.016013,235.721199,0.404885,0.000185,0.044516,332.270078,0.185111,0.0,0.049237,1241.947277,0.369958,0.008958,0.095062,251.001005,0.250553,0.0,0.05442,64.335501,0.138239,0.0,0.012324,223.468041,0.265816,0.000273,0.034241,68.010911,0.177417,0.0,0.01611,0.9878727,3,3,0,1.0
GOPR0572_frame_000934_rain,GOPR0572_frame_000934_ref,test,rain,real_rain,0,0,460.653267,0.34847,0.338082,0.952941,6.37884,0.180452,0.134753,1.530554,0.047074,37.962318,8.23764,1180.076945,0.224259,0.011649,0.101115,151.332384,0.980494,0.963632,0.010539,402.762686,0.548297,0.392379,0.048439,226.675174,0.13167,0.001203,0.020853,1131.087935,0.495836,0.249668,0.086641,284.59932,0.20755,8.8e-05,0.069575,191.848058,0.137711,0.00177,0.01653,541.740716,0.292773,0.002449,0.063281,56.569867,0.116351,0.0,0.004616,0.96734804,2,2,4,1.0
GOPR0572_frame_000939_rain,GOPR0572_frame_000939_ref,test,rain,real_rain,0,0,497.685758,0.33321,0.340969,0.960784,6.815884,0.143074,0.216505,1.500896,0.052089,37.868656,8.151411,436.579199,0.328858,0.102592,0.038967,410.099021,0.952463,0.842242,0.025693,1075.003823,0.227844,0.06652,0.082465,459.839137,0.167326,0.003922,0.054705,1149.978067,0.571517,0.271565,0.092516,442.575498,0.155523,5.9e-05,0.087334,155.289132,0.163218,0.0,0.030634,318.751548,0.309062,1e-05,0.045609,56.705102,0.122279,0.0,0.008821,0.9658926,8,7,4,0.875
GOPR0572_frame_000944_rain,GOPR0572_frame_000944_ref,test,rain,real_rain,0,0,708.008555,0.434195,0.316962,0.890196,7.521482,0.024527,0.0571,1.856371,0.076547,51.865746,11.035773,733.742685,0.683648,0.000225,0.077132,212.283415,0.937433,0.203415,0.018833,2116.674917,0.29833,0.001415,0.159426,942.554964,0.369981,0.0,0.111952,969.6534,0.595691,0.015457,0.101864,666.567275,0.245007,0.0,0.107767,269.646921,0.258445,0.0,0.039935,350.858317,0.347681,5.9e-05,0.046204,145.33722,0.171566,0.0,0.022609,0.9756347,9,9,2,1.0
GOPR0572_frame_000956_rain,GOPR0572_frame_000956_ref,test,rain,real_rain,0,0,305.845328,0.362271,0.265004,0.839216,7.321937,0.001189,0.052703,1.192244,0.049131,32.50993,16.052328,607.630432,0.405757,0.0,0.099628,266.248437,0.778051,0.009826,0.026337,65.116579,0.334054,0.0,0.011875,486.404268,0.308633,0.0,0.108421,756.483464,0.542264,0.000166,0.107475,67.426128,0.286659,0.0,0.013349,256.363926,0.186448,0.000616,0.039045,226.160547,0.245267,8.8e-05,0.028571,31.456281,0.172868,0.0,0.004528,0.99543387,3,3,0,1.0
GOPR0572_frame_000966_rain,GOPR0572_frame_000966_ref,test,rain,real_rain,0,0,510.164129,0.449546,0.318425,0.870588,7.445842,0.005693,0.050915,1.513439,0.058227,40.059345,14.062848,670.968126,0.742473,1e-05,0.078208,549.433099,0.897465,0.026893,0.044087,670.255847,0.627234,0.023927,0.089198,367.304362,0.197473,0.0,0.038586,1089.712659,0.513174,0.000302,0.082484,668.833532,0.318363,0.0,0.110724,61.869682,0.180865,0.0,0.007844,433.30878,0.341633,6.8e-05,0.052937,110.97255,0.226702,0.0,0.016325,0.98000073,1,1,3,1.0
GOPR0572_frame_000971_rain,GOPR0572_frame_000971_ref,test,rain,real_rain,0,0,399.288205,0.46503,0.320223,0.835294,7.422834,0.000409,0.058006,1.193422,0.053764,39.414764,12.25865,118.412126,0.82631,0.0,0.01831,229.467231,0.885116,0.001142,0.023458,1167.725703,0.55625,0.0,0.097922,379.416688,0.304691,0.0,0.056035,426.41382,0.634351,0.0,0.06332,621.509708,0.29784,0.0,0.102644,187.740581,0.208906,0.0,0.036541,388.888061,0.292143,0.002537,0.055923,116.684669,0.179531,0.0,0.027342,0.98165375,2,2,2,1.0
GOPR0572_frame_000985_rain,GOPR0572_frame_000985_ref,test,rain,real_rain,0,0,291.911226,0.339735,0.310824,0.886275,7.238147,0.004495,0.166759,1.141503,0.043827,32.187618,13.319432,296.463447,0.842445,0.000323,0.048005,722.77841,0.613217,0.039842,0.076532,156.937964,0.112456,0.0,0.052078,358.16018,0.304164,0.0,0.055213,591.041719,0.400217,2e-05,0.072121,116.955201,0.181151,0.0,0.026132,107.164563,0.216605,0.0,0.022252,265.26874,0.284403,0.000244,0.038612,19.392761,0.103765,0.0,8.8e-05,0.98672175,0,0,1,
GOPR0572_frame_000990_rain,GOPR0572_frame_000990_ref,test,rain,real_rain,0,0,304.562783,0.358829,0.321568,0.909804,7.3928,0.016896,0.170565,1.208777,0.044041,32.262131,12.178251,375.895939,0.741492,7.8e-05,0.043173,713.781526,0.757196,0.151756,0.048039,253.05302,0.080736,0.0,0.064032,246.370067,0.281403,0.0,0.04154,445.764689,0.558772,7.8e-05,0.055543,177.697356,0.207459,0.0,0.047395,110.911711,0.146706,0.0,0.024765,309.418475,0.299283,2.9e-05,0.04879,119.942862,0.156627,0.0,0.020072,0.9948754,1,0,1,0.0
GOPR0572_frame_000995_rain,GOPR0572_frame_000995_ref,test,rain,real_rain,0,0,444.600289,0.340298,0.317678,0.913725,7.139378,0.034498,0.122216,1.445522,0.04374,34.538631,11.795937,445.093703,0.570188,0.0,0.04688,739.850118,0.91145,0.309738,0.041618,698.386279,0.214492,0.000322,0.053767,227.831831,0.163379,0.0,0.029617,1187.864199,0.511437,0.000156,0.106509,108.409302,0.092681,0.0,0.01775,187.31742,0.171621,0.0,0.029568,347.467943,0.311465,2e-05,0.049463,98.836295,0.115701,0.0,0.016023,0.9847774,7,6,12,0.8571
GOPR0572_frame_001015_rain,GOPR0572_frame_001015_ref,test,rain,real_rain,0,0,818.602592,0.401827,0.312121,0.866667,7.352487,0.012196,0.053714,2.012791,0.081391,54.520134,15.252119,336.921306,0.8889,0.005908,0.029538,2645.727994,0.539821,0.087802,0.133148,1372.990336,0.51823,0.015603,0.115798,521.693764,0.51202,5.9e-05,0.075499,962.00762,0.271327,0.0,0.102049,496.354761,0.167739,0.0,0.095355,428.871838,0.353307,0.000323,0.06294,273.464264,0.19696,0.0,0.043667,342.375619,0.169423,0.0,0.07097,0.9704223,5,5,6,1.0
GOPR0572_frame_001028_rain,GOPR0572_frame_001028_ref,test,rain,real_rain,0,0,540.294476,0.308754,0.298078,0.945098,7.101682,0.064799,0.187553,1.65337,0.076177,47.809753,12.834109,783.776136,0.58476,0.109057,0.10403,1317.270757,0.673667,0.347922,0.133763,732.486689,0.216386,0.000898,0.109787,514.850037,0.183861,0.000518,0.073161,669.398239,0.458521,0.1246,0.092906,314.370729,0.138289,0.0,0.074941,199.076612,0.186836,0.0,0.03124,298.730864,0.255726,0.0,0.056089,51.297773,0.080811,0.0,0.007377,0.98191875,1,1,3,1.0
GOPR0572_frame_001035_rain,GOPR0572_frame_001035_ref,test,rain,real_rain,0,0,458.894574,0.331185,0.284511,0.941176,7.173432,0.071935,0.100046,1.521384,0.058779,39.180435,11.977607,672.136845,0.475049,0.038996,0.075372,291.736421,0.810042,0.510109,0.03187,561.266581,0.244276,0.0,0.075595,739.576563,0.148311,2.9e-05,0.06876,977.126764,0.464272,0.09718,0.128337,233.208974,0.241389,0.0,0.047775,336.537817,0.211523,0.000685,0.044024,273.929553,0.229238,0.0,0.044067,62.933694,0.156197,0.0,0.009055,0.9945577,2,2,1,1.0
GOPR0573_frame_000180_rain,GOPR0573_frame_000180_ref,test,rain,real_rain,0,0,559.368093,0.417729,0.276364,0.909804,7.029947,0.126392,0.043753,1.849996,0.067129,44.550434,16.42359,491.709502,0.329432,0.0,0.092381,200.381888,0.905246,0.70244,0.021799,688.196039,0.595743,0.321692,0.072053,222.290512,0.279285,0.0,0.044229,1335.348676,0.426426,0.080806,0.150615,1241.59345,0.335621,0.031704,0.102557,158.434601,0.268931,0.0,0.017322,416.301946,0.297817,0.0,0.056391,308.115822,0.320183,0.0,0.043052,0.97672915,5,4,2,0.8
GOPR0573_frame_000236_rain,GOPR0573_frame_000236_ref,test,rain,real_rain,0,0,475.251333,0.346248,0.278269,0.905882,7.35572,0.042502,0.071035,1.531404,0.06555,46.898605,10.85401,1321.372159,0.32882,0.04868,0.140757,1431.490341,0.666691,0.237607,0.149795,198.485265,0.593528,0.096048,0.044155,395.953417,0.160144,0.0,0.063302,308.365962,0.319096,0.0,0.058753,254.895642,0.390731,0.0,0.064198,58.426917,0.157283,0.0,0.010759,108.696549,0.211711,0.0,0.015271,214.607619,0.28731,0.0,0.039198,0.9875524,5,4,4,0.8
GOPR0573_frame_000246_rain,GOPR0573_frame_000246_ref,test,rain,real_rain,0,0,1075.991514,0.371076,0.309571,0.917647,7.395033,0.048996,0.096991,2.237629,0.078023,60.325397,14.800946,417.698346,0.450029,0.017077,0.043682,1684.028404,0.876282,0.408655,0.08913,3724.818743,0.334942,0.014783,0.194867,324.69097,0.191982,0.0,0.044464,1222.761833,0.534238,0.0,0.091091,1374.63141,0.18542,1e-05,0.095521,177.1777,0.221599,0.0,0.038371,365.000629,0.338388,0.000137,0.043082,439.418332,0.206215,0.0,0.058587,0.97523344,6,4,5,0.6667
GOPR0573_frame_000253_rain,GOPR0573_frame_000253_ref,test,rain,real_rain,0,0,1005.225065,0.450638,0.310949,0.886275,7.517298,0.06448,0.035851,2.22109,0.090336,61.043751,17.385756,553.796278,0.791004,0.175675,0.073787,1625.024847,0.738857,0.194731,0.113651,3346.471434,0.668136,0.20889,0.209787,706.004978,0.285228,1e-05,0.078149,1066.993157,0.435417,9.8e-05,0.10201,1136.010555,0.285401,2.9e-05,0.114686,196.572209,0.26192,0.000822,0.036972,227.605226,0.329132,2.9e-05,0.036875,233.696557,0.260611,0.0,0.044731,0.9854209,8,7,5,0.875
GOPR0573_frame_000273_rain,GOPR0573_frame_000273_ref,test,rain,real_rain,0,0,684.18144,0.456523,0.32062,0.862745,7.488533,0.008421,0.034541,1.87817,0.067011,47.187534,15.554358,966.663425,0.686108,0.0,0.0817,316.165517,0.888932,0.071995,0.01813,850.363089,0.776626,0.002508,0.068579,599.677002,0.282193,0.000254,0.063331,981.611355,0.408787,0.0,0.092935,1227.305342,0.276966,0.0,0.118911,432.82106,0.291987,0.000978,0.047115,499.11951,0.29632,0.0,0.059963,313.554224,0.200535,0.0,0.049512,0.9835249,8,6,4,0.75
GOPR0573_frame_000291_rain,GOPR0573_frame_000291_ref,test,rain,real_rain,0,0,313.380436,0.419946,0.31812,0.898039,7.563029,0.004016,0.128531,1.24866,0.038038,29.92915,10.597522,430.988049,0.745012,0.000117,0.053423,50.839259,0.827818,0.0355,0.013281,538.76045,0.516173,0.000429,0.047346,495.348659,0.446245,0.0,0.087784,701.386214,0.440334,2.9e-05,0.067281,221.571171,0.109159,0.0,0.015993,171.170614,0.295151,0.0,0.029274,174.120481,0.29493,3.9e-05,0.023068,42.232482,0.105226,0.0,0.002176,0.9613502,0,0,5,
GOPR0573_frame_000300_rain,GOPR0573_frame_000300_ref,test,rain,real_rain,0,0,344.922721,0.526638,0.295023,0.807843,7.514935,0.000497,0.028049,1.222704,0.048434,33.218517,11.717913,303.023272,0.754935,0.0,0.038674,383.885792,0.89232,0.004167,0.026493,256.084266,0.854277,0.0,0.033411,481.069819,0.469173,1e-05,0.105966,577.261808,0.553997,0.0,0.07217,311.787615,0.40844,0.0,0.05042,250.395136,0.262514,4.9e-05,0.039388,364.443674,0.296826,0.000244,0.045345,190.243363,0.247041,0.0,0.021302,0.9813391,6,5,8,0.8333
GOPR0573_frame_000310_rain,GOPR0573_frame_000310_ref,test,rain,real_rain,0,0,583.528878,0.348609,0.294223,0.882353,7.32297,0.001182,0.097113,1.509944,0.057438,41.338531,12.268349,2468.786473,0.239313,0.000313,0.144425,360.292633,0.887867,0.010148,0.026298,197.769406,0.526724,0.0,0.02701,772.332917,0.19277,0.0,0.106348,610.706773,0.499332,0.0,0.082787,238.427864,0.153264,0.0,0.046233,134.51368,0.175935,0.0,0.021586,275.388776,0.233062,0.000166,0.03832,222.251034,0.228184,0.0,0.02139,0.98126113,10,7,7,0.7
GOPR0573_frame_000330_rain,GOPR0573_frame_000330_ref,test,rain,real_rain,0,0,507.541926,0.403406,0.311588,0.913725,7.463257,0.056919,0.078499,1.387884,0.054807,38.380451,10.469646,2225.09802,0.397237,0.020951,0.145471,128.173763,0.939283,0.380338,0.01694,327.60565,0.642179,0.10967,0.041501,673.889216,0.255146,2.9e-05,0.118447,532.989765,0.525831,0.0,0.076064,150.877758,0.161497,2e-05,0.020062,100.131533,0.195506,0.0,0.018026,293.753192,0.284643,0.000917,0.035968,152.767177,0.228479,0.0,0.01775,0.99036545,11,10,2,0.9091
GOPR0573_frame_000348_rain,GOPR0573_frame_000348_ref,test,rain,real_rain,0,0,270.206688,0.367651,0.241207,0.894118,7.334732,0.037731,0.056336,0.986599,0.044983,31.735264,11.631063,291.24262,0.422294,0.037451,0.047926,527.715471,0.77383,0.297375,0.06211,239.120519,0.392772,0.0,0.04998,208.692076,0.23153,0.0,0.05403,691.447511,0.481436,0.0,0.099161,137.079073,0.325117,0.0,0.030299,59.698127,0.139799,0.0,0.01027,253.84785,0.31808,0.004577,0.038505,40.168173,0.223279,0.0,0.008997,0.982661,7,7,1,1.0
GOPR0573_frame_000355_rain,GOPR0573_frame_000355_ref,test,rain,real_rain,0,0,332.255175,0.384058,0.280308,0.894118,7.521515,0.040836,0.057752,1.286671,0.052968,37.285633,11.724634,583.71415,0.525077,0.073063,0.092987,128.681753,0.863074,0.292496,0.018033,318.813454,0.410858,0.00081,0.05646,504.945383,0.239883,0.0,0.088644,591.338233,0.497573,0.0,0.07097,253.761226,0.259268,0.0,0.047317,95.214048,0.146083,0.0,0.018271,363.508215,0.300908,0.001034,0.046702,162.979301,0.213235,0.0,0.034856,0.97471905,2,2,1,1.0
GOPR0573_frame_000361_rain,GOPR0573_frame_000361_ref,test,rain,real_rain,0,0,287.924331,0.372984,0.330554,0.905882,7.156173,0.046267,0.092789,1.242028,0.037561,30.325619,15.537593,344.833726,0.574584,0.061365,0.050743,133.548008,0.938803,0.292213,0.018511,320.373522,0.46599,0.062432,0.043999,402.841439,0.251948,0.0,0.06029,773.211863,0.477761,0.0,0.082289,125.948872,0.1214,0.0,0.015691,131.773981,0.150448,0.0,0.021723,314.761827,0.263693,0.000215,0.037598,51.832825,0.1119,0.0,0.004596,0.95624393,4,4,1,1.0
GOPR0573_frame_000366_rain,GOPR0573_frame_000366_ref,test,rain,real_rain,0,0,318.826284,0.332617,0.287689,0.945098,7.240061,0.059965,0.148403,1.254446,0.041485,31.559742,11.243975,577.847545,0.204237,0.03126,0.06517,263.842444,0.832969,0.476425,0.03548,314.805899,0.545042,0.031352,0.041774,79.529936,0.07981,0.0,0.008989,913.93304,0.476176,0.000302,0.11248,368.467387,0.249893,0.0,0.054879,60.657987,0.110968,0.0,0.009634,226.845903,0.304087,0.0,0.031879,72.755233,0.188956,0.0,0.011397,0.99304694,1,1,4,1.0
GOPR0573_frame_000371_rain,GOPR0573_frame_000371_ref,test,rain,real_rain,0,0,346.993649,0.393922,0.301233,0.905882,7.581913,0.035099,0.087071,1.2689,0.04939,34.803272,24.465437,468.258645,0.378559,0.126986,0.043838,134.666204,0.864077,0.049951,0.017242,310.620354,0.622728,0.138964,0.04355,224.296785,0.136584,0.0,0.038302,905.196202,0.519338,1e-05,0.124083,385.839851,0.4002,0.0,0.071936,212.595226,0.176551,0.0,0.037881,345.653589,0.296732,2.9e-05,0.046829,149.236094,0.149381,0.0,0.01775,0.9433789,2,2,1,1.0
GOPR0573_frame_000378_rain,GOPR0573_frame_000378_ref,test,rain,real_rain,0,0,434.448057,0.42383,0.333978,0.913725,7.328667,0.053075,0.074501,1.396162,0.058271,36.810806,16.264687,306.686443,0.682125,0.081289,0.036757,162.992807,0.940447,0.294233,0.023858,1130.428245,0.659702,0.101717,0.088622,315.063031,0.276571,0.0,0.056397,914.466335,0.452043,1e-05,0.115418,642.158684,0.189075,0.0,0.130874,118.435371,0.216898,0.0,0.025988,238.340459,0.280475,0.000244,0.029537,94.068501,0.116906,0.0,0.014335,0.96766955,3,3,1,1.0
GOPR0573_frame_000398_rain,GOPR0573_frame_000398_ref,test,rain,real_rain,0,0,366.810764,0.384222,0.312165,0.909804,7.383872,0.043358,0.073222,1.352534,0.058625,38.814133,15.915672,331.973671,0.72038,0.019904,0.043603,152.391156,0.923266,0.366042,0.021741,445.854083,0.237705,0.00402,0.071887,574.53811,0.334258,0.0,0.096596,917.306026,0.411951,0.0,0.099005,444.825005,0.286409,0.0,0.120306,118.347379,0.161689,0.0,0.01832,231.70712,0.259627,0.0,0.034485,100.332172,0.12286,0.0,0.018862,0.9589065,3,2,1,0.6667
GOPR0573_frame_000405_rain,GOPR0573_frame_000405_ref,test,rain,real_rain,0,0,793.826353,0.323328,0.256392,0.913725,7.223137,0.051746,0.064272,1.937738,0.068758,50.553226,12.859295,2103.842269,0.328462,0.074804,0.137578,1753.106311,0.559459,0.203845,0.102566,349.75535,0.444345,0.173126,0.058646,682.534138,0.1797,1e-05,0.065757,1409.825317,0.438071,0.01373,0.106489,321.846999,0.303705,0.0,0.065535,80.733908,0.146222,0.0,0.016158,265.07859,0.315268,1e-05,0.03387,208.808081,0.193982,0.0,0.02904,0.9940849,5,4,1,0.8
GOPR0573_frame_000412_rain,GOPR0573_frame_000412_ref,test,rain,real_rain,0,0,330.745539,0.445314,0.315255,0.913725,7.619774,0.063772,0.067225,1.207844,0.044881,34.048172,11.841638,528.767815,0.701436,0.158822,0.083734,150.872848,0.862158,0.272063,0.016384,205.014024,0.739367,0.140193,0.017916,399.970176,0.200581,0.0,0.058001,869.932351,0.49304,4.9e-05,0.099678,200.114337,0.310055,0.0,0.027479,182.685777,0.191782,0.002553,0.033637,233.35525,0.276601,0.000195,0.029059,222.369867,0.23224,0.0,0.035461,0.97683775,5,5,0,1.0
GOPR0573_frame_000419_rain,GOPR0573_frame_000419_ref,test,rain,real_rain,0,0,465.366611,0.431105,0.30149,0.898039,7.453963,0.066386,0.036113,1.4786,0.067163,43.068321,9.843054,714.387899,0.53455,0.133744,0.105067,172.018583,0.958671,0.416589,0.020092,399.441343,0.473244,0.046009,0.065154,734.321653,0.299671,0.0,0.117097,834.20821,0.594105,0.000673,0.095111,640.892179,0.302209,0.0,0.100732,218.685847,0.235297,0.0,0.034957,347.877363,0.347718,0.000302,0.04314,151.339621,0.133959,0.0,0.019262,0.97676855,7,6,0,0.8571
GOPR0573_frame_000454_rain,GOPR0573_frame_000454_ref,test,rain,real_rain,0,0,681.907736,0.340714,0.320085,0.956863,6.779089,0.139164,0.134731,1.838617,0.061115,45.088009,12.58012,1001.172155,0.580777,0.382746,0.109615,1191.329893,0.836393,0.712988,0.06897,490.836365,0.086899,0.000283,0.029059,714.154721,0.201248,0.014231,0.065092,1673.307715,0.509838,0.142037,0.126337,388.040994,0.120985,0.000146,0.038134,160.874501,0.221555,0.0,0.025558,457.577411,0.354348,0.0,0.070345,88.044279,0.154342,0.0,0.016237,0.98514193,1,0,2,0.0
GOPR0573_frame_000461_rain,GOPR0573_frame_000461_ref,test,rain,real_rain,0,0,464.922998,0.404602,0.324169,0.905882,7.159929,0.072196,0.0333,1.43715,0.049589,39.4352,14.032042,65.823784,0.830639,0.164642,0.011453,334.383341,0.899704,0.467594,0.022531,1273.855718,0.299143,0.016764,0.116686,392.016388,0.348946,0.000372,0.041285,932.586227,0.435429,0.000263,0.086475,557.214042,0.177368,0.0,0.078445,245.322855,0.208131,0.0,0.035065,300.114736,0.230311,1e-05,0.037617,109.198319,0.212152,0.0,0.013886,0.9664275,4,4,0,1.0
GOPR0573_frame_000481_rain,GOPR0573_frame_000481_ref,test,rain,real_rain,0,0,862.704185,0.399668,0.322631,0.909804,7.205918,0.074029,0.038528,2.083858,0.081918,54.914536,14.392266,436.403633,0.645768,0.116432,0.092831,632.624966,0.929132,0.426288,0.053249,3937.459402,0.522201,0.122297,0.262383,298.332961,0.235095,0.0,0.070325,689.077864,0.440758,0.000234,0.06168,1018.400835,0.21194,6.8e-05,0.094379,168.910386,0.154114,0.0,0.028834,427.228869,0.279097,0.000693,0.047278,183.04385,0.17852,0.0,0.021507,0.9673604,3,3,1,1.0
GOPR0573_frame_000500_rain,GOPR0573_frame_000500_ref,test,rain,real_rain,0,0,305.979572,0.383152,0.325629,0.921569,7.132793,0.099235,0.078882,1.250481,0.046147,34.835629,11.295378,118.530775,0.905777,0.417919,0.015092,643.128846,0.783734,0.47541,0.05808,349.500381,0.142419,6.8e-05,0.062129,491.273641,0.38006,0.0,0.118897,518.984131,0.462906,0.0,0.054869,218.577834,0.136027,0.0,0.036046,163.944917,0.216481,0.0,0.036062,173.891765,0.263927,0.0,0.020921,86.000994,0.157866,0.0,0.008802,0.962155,1,1,1,1.0
GOPR0573_frame_000506_rain,GOPR0573_frame_000506_ref,test,rain,real_rain,0,0,209.093997,0.407043,0.311541,0.87451,7.193717,0.041584,0.02523,1.015454,0.025222,24.15646,9.48155,63.363027,0.453079,0.050166,0.007463,22.381667,0.96314,0.237763,0.00202,580.726633,0.561649,0.086153,0.058246,53.033554,0.214775,0.0,0.008451,518.753415,0.554584,0.0,0.072287,473.48484,0.20419,0.0,0.050927,47.72694,0.183252,0.0,0.008539,103.426346,0.336156,0.0,0.015623,30.371087,0.191692,0.0,0.002371,0.93157625,3,2,2,0.6667
GOPR0573_frame_000511_rain,GOPR0573_frame_000511_ref,test,rain,real_rain,0,0,252.06049,0.424312,0.332532,0.898039,7.351649,9.7e-05,0.097421,1.057768,0.03365,27.130531,9.378614,63.771104,0.201524,2.9e-05,0.007952,76.840467,0.907143,0.0,0.010724,432.175776,0.891574,0.000839,0.034924,67.619766,0.125031,0.0,0.006592,507.108583,0.54836,0.0,0.080025,555.574974,0.492115,0.0,0.066267,39.595272,0.105761,0.0,0.003032,229.058715,0.27459,0.0,0.032338,314.913132,0.270742,0.0,0.058704,0.96030724,1,1,2,1.0
GOPR0573_frame_000516_rain,GOPR0573_frame_000516_ref,test,rain,real_rain,0,0,237.332926,0.433283,0.287028,0.866667,7.546998,0.0,0.056539,1.077882,0.037016,28.89002,12.085507,129.456964,0.406235,0.0,0.032287,88.265162,0.784895,0.0,0.014608,266.529688,0.852332,0.0,0.02338,137.96369,0.257739,0.0,0.032492,527.059463,0.405476,0.0,0.077196,400.559503,0.475382,0.0,0.059641,56.569922,0.18096,0.0,0.010475,274.365497,0.25194,0.0,0.037959,271.931938,0.283527,0.0,0.042896,0.96653247,5,5,3,1.0
GOPR0573_frame_000532_rain,GOPR0573_frame_000532_ref,test,rain,real_rain,0,0,403.93179,0.442534,0.273136,0.854902,7.557733,0.035811,0.020798,1.369616,0.067625,41.557156,19.017149,319.318966,0.468447,0.003492,0.077905,310.063672,0.747064,0.219262,0.056352,516.501983,0.734246,0.09798,0.059582,525.422774,0.325663,0.001301,0.092029,971.164591,0.44157,0.0,0.139744,407.260616,0.518747,2e-05,0.073175,116.128922,0.191138,0.0,0.020677,198.774494,0.272169,0.0,0.03345,280.63874,0.282959,0.0,0.05079,0.98470783,5,5,6,1.0
GOPR0573_frame_000549_rain,GOPR0573_frame_000549_ref,test,rain,real_rain,0,0,405.689556,0.395886,0.268839,0.913725,7.309515,0.086782,0.043711,1.290915,0.055293,38.607979,11.691922,160.58409,0.368501,0.0,0.039085,224.992648,0.811457,0.595267,0.033997,959.29731,0.581303,0.164696,0.084016,146.669774,0.174588,0.0,0.031162,904.192712,0.519006,0.019877,0.124444,718.447694,0.391629,0.000215,0.095384,74.025427,0.153317,0.0,0.011346,294.675721,0.334729,0.000371,0.040574,185.126902,0.227292,0.0,0.03468,0.97032684,5,5,5,1.0
GOPR0573_frame_000587_rain,GOPR0573_frame_000587_ref,test,rain,real_rain,0,0,273.450001,0.36265,0.259679,0.92549,7.387902,0.063441,0.080449,1.236538,0.042221,31.206608,8.859899,75.436128,0.467536,0.0,0.020168,98.291045,0.888338,0.55806,0.015896,501.001639,0.347485,0.012461,0.057992,162.360524,0.288197,0.0,0.037236,392.895344,0.484489,0.0,0.054303,750.257808,0.285135,0.0,0.113476,30.562588,0.104515,0.0,0.003296,189.362928,0.228864,0.0,0.025254,274.722685,0.168755,0.0,0.048595,1.0,4,2,3,0.5
GOPR0573_frame_000594_rain,GOPR0573_frame_000594_ref,test,rain,real_rain,0,0,667.835571,0.37304,0.185117,0.556863,7.453271,0.00702,0.028162,2.04532,0.080778,52.827099,10.516774,189.910062,0.566218,0.004098,0.031025,720.589154,0.478366,0.052449,0.086261,1432.747265,0.413975,0.004537,0.162763,447.627452,0.359718,0.0,0.086356,1041.929209,0.421589,7.8e-05,0.11412,1386.667364,0.319051,0.000917,0.129089,173.913437,0.254363,0.0,0.036854,430.237895,0.325089,0.001054,0.046799,219.93002,0.219136,1e-05,0.029645,0.9589097,3,2,7,0.6667
GOPR0573_frame_000624_rain,GOPR0573_frame_000624_ref,test,rain,real_rain,0,0,342.755638,0.421189,0.277215,0.85098,7.518071,0.025681,0.025936,1.312587,0.052028,34.008263,17.915054,173.07854,0.416989,0.0,0.032746,2.38028,0.95104,0.229625,0.0,88.523847,0.616484,0.0,0.018189,501.457626,0.319679,0.0,0.107805,797.864278,0.517388,1e-05,0.099483,485.072023,0.315435,0.0,0.074171,129.739499,0.198931,0.0,0.017743,543.171695,0.198968,0.001317,0.052654,375.553574,0.255019,0.0,0.060431,0.9739582,8,8,1,1.0
GOPR0573_frame_000664_rain,GOPR0573_frame_000664_ref,test,rain,real_rain,0,0,933.087141,0.420209,0.294173,0.905882,7.584376,0.057932,0.054242,2.154077,0.090475,56.883118,19.005672,186.431786,0.683057,0.088889,0.042596,919.952742,0.85283,0.368999,0.060646,366.170189,0.444705,0.063281,0.048839,990.971898,0.428725,0.0,0.128345,3178.849131,0.326023,2e-05,0.220141,1691.721254,0.335325,0.0,0.1274,388.629919,0.270817,0.0,0.074795,429.844224,0.246231,0.0,0.060207,280.176619,0.194455,0.0,0.048205,0.9701211,3,3,1,1.0
GOPR0573_frame_000675_rain,GOPR0573_frame_000675_ref,test,rain,real_rain,0,0,684.07131,0.380074,0.295213,0.870588,7.486335,3.3e-05,0.099717,1.675484,0.064153,45.402481,17.352587,2352.014054,0.712963,1e-05,0.172115,380.228805,0.79222,3.9e-05,0.030543,337.430012,0.324769,0.0,0.053279,1871.570204,0.328061,0.0,0.143672,464.51632,0.445926,0.0,0.056957,151.649136,0.153505,0.0,0.032104,161.07654,0.252384,0.0,0.021997,378.041717,0.28051,0.000244,0.049444,92.20883,0.130684,0.0,0.015447,0.9591028,7,7,3,1.0
GOPR0573_frame_000695_rain,GOPR0573_frame_000695_ref,test,rain,real_rain,0,0,377.991454,0.512067,0.278917,0.796078,7.486754,1e-05,0.054322,1.181171,0.043682,30.94824,11.481791,898.923273,0.522326,0.0,0.081387,49.037011,0.848136,0.0,0.007543,70.478619,0.801004,0.0,0.006626,1124.21124,0.250631,0.0,0.115669,215.956526,0.628372,0.0,0.027069,336.687853,0.572098,0.0,0.046936,247.825029,0.229032,6.8e-05,0.044034,258.242915,0.377869,2e-05,0.034699,214.335674,0.377881,0.0,0.026298,0.9847907,6,5,6,0.8333
GOPR0573_frame_000701_rain,GOPR0573_frame_000701_ref,test,rain,real_rain,0,0,326.393562,0.49076,0.282791,0.784314,7.415432,3e-06,0.05887,1.172639,0.044205,29.825153,13.166146,367.294254,0.568039,0.0,0.043613,30.877654,0.83563,0.0,0.002976,69.174632,0.793625,0.0,0.005865,1036.090885,0.218117,0.0,0.115591,279.427527,0.592678,0.0,0.042155,293.033632,0.524966,0.0,0.049932,240.786626,0.204598,0.0,0.041236,266.106775,0.358338,2.9e-05,0.034124,371.235218,0.319726,0.0,0.058275,1.0,8,7,5,0.875
GOPR0573_frame_000706_rain,GOPR0573_frame_000706_ref,test,rain,real_rain,0,0,394.408235,0.464593,0.289016,0.760784,7.246381,2.3e-05,0.037646,1.381188,0.051529,34.636772,15.294427,237.896083,0.680946,0.0,0.03079,8.955591,0.837091,0.0,0.000712,115.366271,0.789658,0.0,0.01373,942.444208,0.245792,0.0,0.112471,647.009496,0.52642,0.0,0.082231,815.609905,0.343935,0.0,0.107582,214.600341,0.186819,0.0,0.039456,363.13045,0.319561,0.000205,0.041803,225.705835,0.250461,0.0,0.032231,0.971352,12,12,11,1.0
GOPR0573_frame_000720_rain,GOPR0573_frame_000720_ref,test,rain,real_rain,0,0,1143.144943,0.382509,0.29286,0.862745,7.243106,0.007336,0.031121,2.382563,0.102467,67.89563,15.317405,2431.495948,0.261539,0.000333,0.187432,2335.860553,0.571039,0.064139,0.130962,36.302078,0.938841,0.001503,0.000302,1942.005088,0.273032,0.0,0.182003,1540.258737,0.262159,0.0,0.137012,647.546748,0.447412,0.0,0.09676,418.022507,0.19991,0.0,0.048337,477.645579,0.228273,0.0,0.055289,507.281564,0.259406,0.0,0.082143,0.9621852,6,6,5,1.0
GOPR0573_frame_000740_rain,GOPR0573_frame_000740_ref,test,rain,real_rain,0,0,630.676449,0.43882,0.308834,0.854902,7.13199,0.042387,0.019937,1.651341,0.08856,51.69775,20.216919,666.025608,0.655911,0.021283,0.080859,509.71481,0.815393,0.294067,0.057953,343.008055,0.842946,0.065769,0.035539,1042.084028,0.314846,0.0,0.151624,1119.471752,0.335089,0.0,0.140496,826.82874,0.267102,0.000117,0.132319,260.356536,0.211413,0.0,0.042968,471.813966,0.242553,0.0,0.06816,466.653325,0.26381,0.0,0.08184,0.9600781,3,2,4,0.6667
GOPR0573_frame_000760_rain,GOPR0573_frame_000760_ref,test,rain,real_rain,0,0,400.083779,0.391199,0.318172,0.913725,7.401171,0.050969,0.077438,1.249514,0.054838,38.161854,8.861588,111.012528,0.19629,0.012989,0.0076,85.492204,0.913665,0.418326,0.004762,658.081847,0.64657,0.027078,0.097824,401.045576,0.333104,0.0,0.048259,860.191368,0.497587,0.0,0.107016,582.530842,0.335196,0.0,0.091842,232.515083,0.133457,0.0,0.03484,359.264875,0.252282,0.0,0.047756,324.275415,0.211447,0.0,0.049776,0.9735782,5,4,6,0.8
GOPR0573_frame_000770_rain,GOPR0573_frame_000770_ref,test,rain,real_rain,0,0,453.539888,0.373518,0.276224,0.886275,7.346361,0.012227,0.048449,1.590175,0.081847,47.143246,14.982222,639.705213,0.511745,0.011688,0.132072,318.578913,0.836617,0.097863,0.039949,544.431893,0.283123,0.0,0.117125,740.863839,0.312946,0.0,0.149531,653.525018,0.516508,0.0,0.101864,502.136925,0.229973,0.000244,0.085012,267.757587,0.224225,5.9e-05,0.032874,237.782842,0.25495,0.000127,0.03628,192.806074,0.191406,0.0,0.037676,0.9729563,8,6,8,0.75
GOPR0573_frame_000777_rain,GOPR0573_frame_000777_ref,test,rain,real_rain,0,0,629.003004,0.497162,0.322092,0.886275,7.557332,0.000103,0.071324,1.656087,0.067261,43.517891,16.981274,1683.289638,0.605585,0.00046,0.149198,349.626878,0.930109,0.000381,0.022258,350.427995,0.882162,1e-05,0.02178,1152.159462,0.249477,0.0,0.12277,764.604035,0.589815,0.0,0.077713,350.279783,0.46717,0.0,0.057494,402.191584,0.199641,7.8e-05,0.062627,427.995442,0.355096,0.0,0.050117,209.822492,0.19438,0.0,0.039266,0.97382295,10,9,13,0.9
GOPR0573_frame_000789_rain,GOPR0573_frame_000789_ref,test,rain,real_rain,0,0,387.617154,0.421644,0.298855,0.858824,7.452072,0.0,0.074308,1.431147,0.06107,37.750401,14.651598,212.538551,0.870936,0.0,0.021733,387.741934,0.794274,0.0,0.046019,549.946126,0.193535,0.0,0.108011,656.822647,0.493527,0.0,0.104245,553.036172,0.498161,0.0,0.074424,319.039433,0.155023,0.0,0.063603,427.323447,0.310268,0.0,0.059624,243.89442,0.308794,0.0,0.041959,151.466704,0.171236,0.0,0.027254,0.97001356,2,2,3,1.0
GOPR0573_frame_000999_rain,GOPR0573_frame_000999_ref,test,rain,real_rain,0,0,597.337429,0.452552,0.301158,0.835294,7.528837,0.0,0.072714,1.761206,0.069415,44.304176,14.233741,217.390649,0.821013,0.0,0.02052,163.007171,0.840728,0.0,0.023605,2501.06946,0.560213,0.0,0.183353,650.712995,0.478924,0.0,0.109918,602.58291,0.482331,0.0,0.073048,530.10743,0.164898,0.0,0.08751,366.612613,0.306438,0.0,0.069043,189.744857,0.275758,0.0,0.025332,173.467538,0.143242,0.0,0.027566,0.95980453,0,0,1,
GOPR0573_frame_001012_rain,GOPR0573_frame_001012_ref,test,rain,real_rain,0,0,621.260547,0.47339,0.306582,0.843137,7.484256,0.000227,0.029507,1.61146,0.065053,42.370377,9.803311,218.695158,0.87873,4.9e-05,0.016569,349.0236,0.911588,0.000839,0.022795,1415.589124,0.332502,0.001151,0.119282,516.038086,0.512474,0.0,0.078081,969.637642,0.429986,0.0,0.082289,936.315829,0.361987,0.0,0.093735,616.329911,0.330146,0.0,0.092293,321.921337,0.27181,0.0,0.036651,263.434462,0.231996,0.0,0.04034,0.9836872,2,1,3,0.5
GOPR0573_frame_001019_rain,GOPR0573_frame_001019_ref,test,rain,real_rain,0,0,417.108039,0.361143,0.268126,0.905882,7.295544,0.039134,0.057131,1.346388,0.068977,44.079414,10.852189,413.857649,0.606278,0.044992,0.061757,576.033401,0.651597,0.30647,0.082319,503.063028,0.325008,0.0,0.106226,383.796551,0.27578,4.9e-05,0.066373,753.533123,0.403428,0.000459,0.109709,562.519621,0.278421,6.8e-05,0.088876,138.573099,0.224126,0.0,0.02858,240.322613,0.272579,0.0,0.036856,203.683807,0.213121,0.0,0.036427,1.0,5,5,2,1.0
GOPR0573_frame_001026_rain,GOPR0573_frame_001026_ref,test,rain,real_rain,0,0,484.19567,0.499447,0.328773,0.882353,7.524558,0.006191,0.047688,1.464752,0.062779,40.411945,12.245468,103.608744,0.906775,0.0,0.008656,130.24518,0.953619,0.052596,0.016042,1356.344065,0.434332,0.003064,0.114715,640.754977,0.587482,0.0,0.103971,563.587254,0.570564,2e-05,0.082855,491.962674,0.218291,0.0,0.089178,431.085174,0.364126,0.0,0.06206,366.878013,0.301253,0.0,0.058021,281.726085,0.159422,0.0,0.025527,0.97863096,7,7,4,1.0
GOPR0573_frame_001046_rain,GOPR0573_frame_001046_ref,test,rain,real_rain,0,0,382.202509,0.496741,0.244002,0.72549,7.591961,4.4e-05,0.015622,1.328698,0.060151,37.911541,12.295607,511.617672,0.497728,0.000401,0.097222,380.411134,0.698165,0.0,0.052147,224.381844,0.863987,0.0,0.025605,437.63483,0.37353,0.0,0.074697,408.198699,0.520429,0.0,0.07458,406.098045,0.603942,0.0,0.063661,89.612055,0.247296,0.0,0.011414,233.478063,0.338538,0.0,0.022395,762.564267,0.326185,0.0,0.114822,0.98289883,5,4,3,0.8
GP010400_frame_000616_rain,GP010400_frame_000616_ref,test,rain,real_rain,0,0,322.16014,0.358885,0.283097,0.862745,7.23943,0.000473,0.070489,1.293169,0.043989,32.230652,11.1325,619.654483,0.41981,0.000685,0.088116,365.261378,0.881252,0.002176,0.034582,329.166569,0.315797,0.0,0.049688,258.56346,0.316968,0.0,0.054,625.543123,0.511199,0.000166,0.08469,213.915055,0.132824,0.0,0.022414,64.947658,0.184186,0.0,0.007375,403.118152,0.347038,0.00123,0.046936,35.992699,0.120529,0.0,0.003825,0.99129647,2,2,2,1.0
GP010400_frame_000621_rain,GP010400_frame_000621_ref,test,rain,real_rain,0,0,253.014106,0.354738,0.285332,0.882353,7.387208,0.000775,0.112306,1.086748,0.037521,29.258085,13.140121,500.854686,0.472839,0.001154,0.055008,202.162852,0.884084,0.001093,0.01897,168.504299,0.178679,0.0,0.040047,212.783963,0.241666,0.0,0.043281,595.37697,0.52901,0.0,0.095141,110.253173,0.207927,0.0,0.023839,62.276427,0.160929,7.8e-05,0.006837,416.104428,0.349088,0.004645,0.047473,34.680209,0.167975,0.0,0.004908,0.98891973,4,4,1,1.0
GP010400_frame_000636_rain,GP010400_frame_000636_ref,test,rain,real_rain,0,0,399.222148,0.369634,0.274033,0.901961,7.19581,0.081833,0.030152,1.57652,0.055365,37.328495,10.785275,858.184462,0.390805,0.106739,0.107345,359.842974,0.803809,0.585509,0.0484,526.437422,0.275746,0.0,0.079723,519.77705,0.320226,0.029558,0.077347,746.100719,0.541962,0.012968,0.104059,174.652356,0.245265,0.0,0.03225,195.090661,0.230383,0.001467,0.022056,196.391407,0.362554,0.0,0.020482,29.245832,0.155563,0.0,0.003308,0.9692144,3,3,4,1.0
GP010400_frame_000674_rain,GP010400_frame_000674_ref,test,rain,real_rain,0,0,301.487447,0.465921,0.317499,0.835294,7.305288,0.000637,0.007207,1.021969,0.036026,29.506115,15.785629,450.849503,0.894746,0.005331,0.049736,213.572951,0.901164,0.000342,0.011856,124.361365,0.558359,0.0,0.027781,750.557469,0.430332,2e-05,0.074041,679.728243,0.40056,4.9e-05,0.078035,232.748439,0.298511,0.0,0.04394,164.494021,0.283281,0.0,0.02634,75.835809,0.246678,0.0,0.008333,39.112123,0.180148,0.0,0.002108,0.97195125,4,4,6,1.0
GP010400_frame_000700_rain,GP010400_frame_000700_ref,test,rain,real_rain,0,0,190.455116,0.407029,0.28857,0.843137,7.17954,4.9e-05,0.03985,0.859733,0.028614,25.542311,11.250043,411.777903,0.536487,0.0,0.039583,86.515113,0.90679,2.9e-05,0.008987,126.444272,0.466463,0.0,0.028913,171.649303,0.230611,0.0,0.033333,631.572873,0.530085,0.00041,0.088046,64.64082,0.412312,0.0,0.015837,36.476893,0.12092,0.0,0.007952,170.727483,0.23732,0.0,0.030874,21.926235,0.221494,0.0,0.001825,0.9544722,2,2,1,1.0
GP010400_frame_000710_rain,GP010400_frame_000710_ref,test,rain,real_rain,0,0,266.538803,0.270131,0.273853,0.917647,6.927622,0.020598,0.153644,1.162133,0.024348,26.063164,7.212157,340.976173,0.668859,0.047105,0.037432,649.39489,0.571334,0.138242,0.049541,16.054325,0.086288,0.0,0.000381,41.400078,0.156494,0.0,0.002328,869.142567,0.311656,0.0,0.070931,100.192321,0.15275,0.0,0.020414,58.471586,0.140673,0.0,0.003384,252.448136,0.248552,0.0,0.028571,76.830767,0.094935,0.0,0.003786,0.9374129,3,1,3,0.3333
GP010400_frame_000733_rain,GP010400_frame_000733_ref,test,rain,real_rain,0,0,312.891001,0.359263,0.310419,0.929412,7.155305,0.056332,0.112885,1.136884,0.042027,31.120363,8.351561,567.616092,0.815229,0.306367,0.054724,364.06018,0.712291,0.19595,0.050137,104.716587,0.164088,0.0,0.017506,494.329981,0.386515,0.001614,0.102934,844.936219,0.391895,0.003367,0.08145,101.951433,0.201388,0.0,0.019799,127.643819,0.200433,0.0,0.019288,210.173452,0.25611,2e-05,0.02902,19.405496,0.106173,0.0,0.0,0.97860247,4,4,4,1.0
GP010400_frame_000739_rain,GP010400_frame_000739_ref,test,rain,real_rain,0,0,427.829172,0.385985,0.322662,0.94902,7.220721,0.115554,0.120399,1.388495,0.05878,37.250576,9.13915,454.003409,0.858161,0.566706,0.047124,332.965689,0.781268,0.465262,0.02863,829.701719,0.262686,0.0,0.129469,271.810888,0.282717,0.0,0.04687,873.425807,0.504359,0.008538,0.108206,785.802914,0.167207,0.0,0.122238,124.733692,0.214976,0.0,0.019552,176.659761,0.311955,0.0,0.024005,16.493161,0.090997,0.0,0.000732,0.95798343,5,5,3,1.0
GP010400_frame_000762_rain,GP010400_frame_000762_ref,test,rain,real_rain,0,0,246.294001,0.266301,0.27657,0.972549,6.881026,0.074323,0.307885,1.069641,0.02912,24.172432,8.132537,381.863615,0.41215,0.139838,0.049716,490.387861,0.611066,0.475361,0.046429,29.762061,0.044935,0.0,0.002986,160.77337,0.271306,0.0,0.035642,694.511367,0.393408,0.051639,0.070004,10.99131,0.048281,0.0,0.00162,104.778413,0.203788,0.0,0.015151,343.752974,0.341146,0.001874,0.0359,10.690515,0.070838,0.0,0.000907,0.9349373,2,2,6,1.0
GP010400_frame_000769_rain,GP010400_frame_000769_ref,test,rain,real_rain,0,0,349.294193,0.383366,0.311161,0.905882,7.259956,0.038494,0.068644,1.280268,0.048306,33.707855,9.502978,641.618825,0.553878,0.045462,0.072887,160.973106,0.904368,0.299961,0.015535,387.252162,0.27007,0.0,0.056957,365.875837,0.250894,0.000176,0.075284,856.259629,0.61545,0.000615,0.097609,275.35188,0.189557,0.0,0.044643,107.914604,0.167067,0.0,0.018926,270.849003,0.372728,6.8e-05,0.032289,97.047492,0.125863,0.0,0.017389,0.9759178,5,5,1,1.0
GP010400_frame_000778_rain,GP010400_frame_000778_ref,test,rain,real_rain,0,0,339.507299,0.488357,0.292972,0.807843,7.304733,8.8e-05,0.022679,1.085513,0.044553,34.397636,11.137976,211.264735,0.905943,0.0,0.02501,400.900621,0.873987,0.000224,0.026473,276.463743,0.378503,0.0,0.056743,809.533288,0.444455,0.0,0.087608,567.064929,0.640194,0.0,0.06894,223.43078,0.335837,0.0,0.043101,187.421516,0.270184,0.000499,0.021821,286.649813,0.355001,5.9e-05,0.04556,105.841576,0.191476,1e-05,0.019594,0.98065007,6,6,4,1.0
GP010400_frame_000786_rain,GP010400_frame_000786_ref,test,rain,real_rain,0,0,192.567801,0.474769,0.261551,0.745098,7.216274,0.0,0.002168,0.941063,0.029915,27.164539,9.632696,212.422082,0.871972,0.0,0.019552,80.126153,0.840844,0.0,0.012607,155.777044,0.432229,0.0,0.032084,413.462672,0.498487,0.0,0.056338,321.576831,0.495608,0.0,0.050966,201.131611,0.384597,0.0,0.046926,173.990242,0.255691,0.0,0.023181,141.864161,0.282414,0.0,0.015193,44.100523,0.211555,0.0,0.008997,0.95577496,4,4,4,1.0
GP010400_frame_000810_rain,GP010400_frame_000810_ref,test,rain,real_rain,0,0,950.622319,0.429247,0.327234,0.917647,6.951323,0.170728,0.050818,2.224319,0.065494,54.930557,10.365302,446.734584,0.953552,0.879059,0.042469,2936.204596,0.295131,0.067496,0.121985,2035.347761,0.307044,0.066608,0.121731,787.081619,0.664497,0.398269,0.090659,1329.499999,0.493005,0.126317,0.081821,195.62276,0.194748,0.0,0.01896,330.059722,0.391019,0.000401,0.050303,466.742089,0.372163,0.000195,0.050829,60.658509,0.193759,0.0,0.005504,0.9819167,10,9,8,0.9
GP010400_frame_000818_rain,GP010400_frame_000818_ref,test,rain,real_rain,0,0,315.315575,0.440228,0.333558,0.866667,7.28061,0.001933,0.040817,1.176962,0.036923,29.140989,9.303895,640.949202,0.910589,0.015493,0.04777,76.225796,0.923803,0.000625,0.01087,333.518509,0.385721,0.0,0.051473,597.2071,0.249079,0.000372,0.045442,401.072761,0.521324,0.0,0.046985,351.551583,0.287401,0.0,0.06895,164.07634,0.21514,0.000381,0.025469,243.79473,0.310554,0.000546,0.024863,43.943534,0.158569,0.0,0.008655,0.96375847,6,5,3,0.8333
GP010400_frame_000824_rain,GP010400_frame_000824_ref,test,rain,real_rain,0,0,338.81178,0.388745,0.341782,0.941176,7.313767,0.034578,0.199787,1.140645,0.040521,30.357334,10.191401,541.940313,0.881576,0.129255,0.051115,292.589607,0.842866,0.18187,0.03389,109.223159,0.063187,0.0,0.016657,843.182796,0.418232,1e-05,0.072281,701.373499,0.460103,0.0,0.092037,59.82218,0.090352,0.0,0.014413,255.775546,0.307987,0.000127,0.038693,241.507528,0.318308,0.0,0.041364,16.051832,0.117129,0.0,0.00284,0.94757456,4,3,2,0.75
GP010400_frame_000832_rain,GP010400_frame_000832_ref,test,rain,real_rain,0,0,577.744771,0.454157,0.327213,0.878431,7.272511,0.041852,0.034734,1.592432,0.055977,42.118397,17.03705,779.224433,0.909585,0.373562,0.059781,891.625107,0.837673,0.000107,0.049024,548.642513,0.691481,0.0,0.058343,654.43788,0.363378,0.002279,0.083969,1273.839696,0.35946,0.00121,0.096868,448.815131,0.241404,1e-05,0.078367,191.990838,0.262199,6.8e-05,0.024178,284.99805,0.24917,2e-05,0.036446,143.27543,0.173467,0.0,0.014149,0.96116954,5,5,1,1.0
GP010400_frame_000852_rain,GP010400_frame_000852_ref,test,rain,real_rain,0,0,645.48625,0.325239,0.285956,0.909804,7.189438,0.048431,0.082325,1.675897,0.054938,42.366127,11.530256,1092.862176,0.752581,0.396049,0.09195,1681.1677,0.538202,0.038847,0.076532,321.054264,0.167837,2e-05,0.035461,438.118911,0.283087,2e-05,0.083245,1506.384187,0.438253,0.0012,0.105055,176.653171,0.110677,0.0,0.027371,239.114104,0.180015,0.000108,0.03482,335.168724,0.321472,0.000224,0.032465,47.716767,0.135591,0.0,0.004235,0.99606144,5,5,1,1.0
GP010400_frame_000859_rain,GP010400_frame_000859_ref,test,rain,real_rain,0,0,264.668177,0.431217,0.315934,0.827451,7.215875,0.005474,0.007642,1.124375,0.03668,28.538858,10.265587,533.441903,0.768827,0.04911,0.043652,1.54476,0.905067,0.0,3.9e-05,564.003525,0.551146,0.0,0.099561,300.527134,0.254227,0.000205,0.061982,520.824423,0.547273,0.0,0.071604,268.342871,0.206331,0.0,0.034973,76.464877,0.190631,2.9e-05,0.010104,109.734632,0.310416,0.0,0.006743,21.479693,0.146849,0.0,0.0,0.9694707,3,3,1,1.0
GP010400_frame_000864_rain,GP010400_frame_000864_ref,test,rain,real_rain,0,0,257.99982,0.436221,0.309689,0.835294,7.30276,0.007024,0.00958,1.024942,0.038245,28.438162,8.014003,729.465131,0.688642,0.063243,0.077758,20.550082,0.910831,0.0,0.001991,305.527881,0.597593,0.0,0.038788,488.349658,0.372525,0.0,0.12054,449.743481,0.509172,0.0,0.064754,131.407355,0.178949,0.0,0.021741,38.129562,0.218748,0.0,0.004587,149.375263,0.299781,6.8e-05,0.011651,17.103258,0.149682,0.0,0.001151,0.94056386,3,3,2,1.0
GP010400_frame_000869_rain,GP010400_frame_000869_ref,test,rain,real_rain,0,0,387.638026,0.376675,0.295183,0.886275,7.284489,0.004023,0.071547,1.382044,0.047711,34.636139,9.58891,672.009034,0.60389,0.035642,0.092439,440.210551,0.841964,4.9e-05,0.034826,763.751776,0.394913,0.000195,0.097551,461.949886,0.346659,0.000313,0.074736,738.473747,0.464688,3.9e-05,0.080757,246.293109,0.179014,0.0,0.034573,25.217341,0.197461,0.0,3.9e-05,141.65949,0.274308,2.9e-05,0.012441,12.907273,0.087222,0.0,0.0,0.9723913,3,3,1,1.0
GP010400_frame_000889_rain,GP010400_frame_000889_ref,test,rain,real_rain,0,0,614.590368,0.412589,0.308593,0.85098,7.13735,0.0317,0.014265,1.713623,0.066403,43.814335,10.083557,817.291922,0.743675,0.284126,0.072985,659.91777,0.881309,0.000156,0.041686,1891.448925,0.460517,0.0,0.148741,595.933832,0.328087,0.0,0.127602,783.209875,0.444722,0.00082,0.099805,287.031974,0.193753,0.0,0.045365,158.807184,0.209221,2e-05,0.023142,343.422202,0.299113,0.000625,0.034221,24.195896,0.153007,0.0,0.00079,0.9791492,3,3,3,1.0
GP010400_frame_000913_rain,GP010400_frame_000913_ref,test,rain,real_rain,0,0,390.324653,0.39753,0.301152,0.886275,6.809117,0.143079,0.020419,1.384334,0.049229,34.809299,8.558661,493.425985,0.730592,0.552357,0.061473,503.016484,0.937427,0.661758,0.040876,500.274966,0.365795,0.039422,0.096009,405.044266,0.288009,2e-05,0.081318,1265.044047,0.40352,0.034065,0.111885,120.842486,0.165469,0.0,0.02179,95.002895,0.233937,0.0,0.013302,125.057579,0.304965,0.000381,0.011475,21.319581,0.148197,0.0,0.000498,0.9612281,3,3,3,1.0
GP010400_frame_000919_rain,GP010400_frame_000919_ref,test,rain,real_rain,0,0,585.959587,0.428418,0.274341,0.827451,6.662547,0.147352,0.000366,1.805141,0.072207,46.898006,18.840864,237.770608,0.96653,0.8893,0.029705,1402.102132,0.632714,0.390935,0.103201,903.313037,0.338336,0.006255,0.114481,901.944025,0.437265,0.040659,0.143065,770.205615,0.360143,0.000166,0.099229,274.164559,0.263871,0.0,0.044135,194.177106,0.310173,0.0,0.041676,161.219525,0.315278,0.0,0.026395,458.514411,0.232459,0.0,0.045833,0.960872,8,6,3,0.75
GP010400_frame_000939_rain,GP010400_frame_000939_ref,test,rain,real_rain,0,0,441.508996,0.419945,0.276533,0.839216,6.848315,0.129484,0.001642,1.366102,0.05667,42.533001,11.635437,735.184448,0.768317,0.573249,0.084497,938.609338,0.652572,0.337734,0.097843,362.670501,0.6061,0.254752,0.044887,634.845613,0.408357,0.0,0.110876,840.419239,0.323024,0.0,0.10404,186.505978,0.330232,4.9e-05,0.039169,141.027669,0.240859,0.0,0.013595,107.293997,0.232564,0.0,0.008714,42.251165,0.217847,0.0,0.00364,0.96623534,1,1,2,1.0
GP010400_frame_000959_rain,GP010400_frame_000959_ref,test,rain,real_rain,0,0,363.813734,0.409873,0.257306,0.854902,6.907598,0.110764,0.004625,1.293685,0.067904,42.539787,16.265192,259.064163,0.900565,0.815503,0.033314,703.729019,0.382904,0.0,0.143921,572.841536,0.437954,0.007231,0.112949,733.333636,0.553078,0.175675,0.112539,404.907887,0.319659,1e-05,0.085958,291.260195,0.257851,0.0,0.066608,146.758078,0.395657,0.0,0.023552,104.106757,0.243333,0.0,0.017828,76.368558,0.199308,0.0,0.011124,0.971562,4,4,2,1.0
GP010400_frame_000970_rain,GP010400_frame_000970_ref,test,rain,real_rain,0,0,605.058196,0.379198,0.225089,0.827451,7.389058,0.047718,0.022202,1.829995,0.075972,51.14167,16.85491,645.038448,0.47262,0.0,0.10046,1728.590609,0.693088,0.39839,0.135948,618.647053,0.488911,0.000683,0.080504,518.630652,0.430936,0.000743,0.097437,820.318413,0.343905,0.029254,0.104079,635.960459,0.273753,0.0,0.08508,172.333659,0.192955,2.9e-05,0.028179,207.211572,0.291972,2.9e-05,0.026288,121.642815,0.224547,0.0,0.022375,0.97329015,6,5,0,0.8333
GP010400_frame_001033_rain,GP010400_frame_001033_ref,test,rain,real_rain,0,0,353.135116,0.426229,0.243712,0.835294,7.512566,0.047612,0.009448,1.491378,0.047943,37.934086,13.975088,537.508829,0.515365,0.073807,0.062373,170.155336,0.557115,0.020355,0.014315,240.503366,0.552435,0.138515,0.040662,825.448406,0.382038,0.007962,0.113224,636.802622,0.543641,0.13144,0.089598,338.794768,0.382368,0.056284,0.061329,162.664666,0.306741,0.0,0.021401,228.256176,0.373973,0.0,0.025488,45.298653,0.22221,0.0,0.001054,0.9768362,0,0,2,
GP010400_frame_001057_rain,GP010400_frame_001057_ref,test,rain,real_rain,0,0,483.50309,0.377954,0.305599,0.847059,7.192363,5e-06,0.070511,1.36762,0.041339,35.726505,11.503775,284.765743,0.849924,0.0,0.026995,1291.49567,0.65453,3.9e-05,0.076952,798.948228,0.326529,0.0,0.079889,469.070496,0.50484,0.0,0.061884,819.130169,0.281143,1e-05,0.060861,455.905084,0.135909,0.0,0.028923,106.035251,0.295573,0.0,0.014319,128.383568,0.223735,0.0,0.019555,21.67792,0.130616,0.0,0.000176,0.96636283,5,5,3,1.0
GP010402_frame_000326_rain,GP010402_frame_000326_ref,test,rain,real_rain,0,0,376.577694,0.43289,0.269881,0.87451,6.988955,0.118258,0.010103,0.940589,0.053021,41.667065,7.637812,308.382033,0.494331,0.0,0.066667,522.028931,0.489329,0.035217,0.069135,162.446501,0.858827,0.730513,0.028415,212.053602,0.352088,0.0,0.053521,357.951212,0.499805,0.037881,0.053591,884.396286,0.530783,0.259885,0.106801,248.232679,0.206458,0.0,0.021381,498.751397,0.275948,0.0,0.049288,206.624927,0.187862,0.0,0.026317,0.9128523,1,1,0,1.0
GP010402_frame_000336_rain,GP010402_frame_000336_ref,test,rain,real_rain,0,0,330.255471,0.276092,0.208081,0.670588,7.306155,0.012571,0.152622,0.997205,0.044838,35.966473,10.811409,512.147513,0.341097,0.0,0.071987,502.00466,0.507621,0.013251,0.048029,34.617747,0.237297,0.0,0.010656,154.444286,0.107331,0.0,0.034859,680.567974,0.354073,0.099795,0.074229,336.462985,0.180105,0.0,0.038105,80.925991,0.160118,0.0,0.011277,533.164995,0.344636,0.0,0.076659,156.203303,0.252036,0.0,0.034787,0.97165936,2,2,0,1.0
GP010402_frame_000343_rain,GP010402_frame_000343_ref,test,rain,real_rain,0,0,770.437078,0.417977,0.319235,0.894118,7.080127,0.03235,0.046331,1.740184,0.074133,48.647564,9.914827,1158.526192,0.566364,0.005203,0.073318,59.559443,0.97069,0.281899,0.003503,1590.924272,0.485622,0.001795,0.129176,1017.99232,0.301745,0.000127,0.090444,676.393924,0.433342,0.001913,0.088671,1750.809856,0.349946,0.0,0.179352,218.913151,0.276537,0.0,0.03482,441.804186,0.236069,0.0,0.057601,38.948065,0.141223,0.0,0.006714,0.9843123,2,2,1,1.0
GP010402_frame_000363_rain,GP010402_frame_000363_ref,test,rain,real_rain,0,0,208.909544,0.482304,0.313224,0.780392,7.080375,0.000418,0.079345,0.853484,0.026028,24.961075,7.118598,7.485055,0.774555,0.0,0.00089,49.741579,0.843377,0.0,0.002508,92.301219,0.818627,0.0,0.012119,214.675116,0.440442,0.0,0.027895,391.951131,0.389083,0.0,0.038651,603.56199,0.498309,0.0,0.072658,63.862443,0.118059,0.0,0.00669,99.228666,0.155573,0.0,0.014578,362.812822,0.302443,0.003757,0.055172,0.867641,4,4,1,1.0
GP010402_frame_000373_rain,GP010402_frame_000373_ref,test,rain,real_rain,0,0,456.545863,0.400683,0.31777,0.819608,7.159812,0.000126,0.078695,1.518232,0.051909,37.572727,15.761787,693.014346,0.601747,0.0,0.075743,300.406715,0.834019,0.0,0.022736,207.748524,0.833669,0.0,0.020921,737.382205,0.307816,4.9e-05,0.09152,1050.796292,0.367961,0.0,0.103093,559.669841,0.188761,0.0,0.071848,276.313193,0.212631,0.001086,0.040669,200.355304,0.145163,0.0,0.025771,103.044389,0.114195,0.0,0.01292,0.9624137,4,4,4,1.0
GP010402_frame_000383_rain,GP010402_frame_000383_ref,test,rain,real_rain,0,0,1457.692367,0.448903,0.307987,0.945098,7.723999,0.082045,0.105494,2.687791,0.118674,80.909767,13.736255,1275.334439,0.656409,0.035172,0.12856,3682.7401,0.782461,0.363242,0.20244,1829.157485,0.314691,0.052488,0.117779,1090.322258,0.526471,0.0,0.129587,3249.531765,0.584335,0.142291,0.208929,752.792583,0.39391,0.138105,0.070638,453.875224,0.291998,0.006123,0.08347,514.466075,0.315222,0.000507,0.068833,333.965076,0.174931,0.0,0.055904,0.9111046,3,3,1,1.0
GP010402_frame_000401_rain,GP010402_frame_000401_ref,test,rain,real_rain,0,0,1498.363262,0.469131,0.281712,0.878431,7.745595,0.064766,0.015845,2.98242,0.131541,85.529472,13.928425,1053.087545,0.53411,0.060808,0.131768,3012.693783,0.651085,0.214442,0.202781,3208.918197,0.696722,0.142096,0.237832,599.856962,0.440621,2.9e-05,0.103707,2561.637863,0.484202,0.05768,0.200361,2345.09896,0.637252,0.106352,0.210295,82.735936,0.303918,0.0,0.022154,508.164786,0.291945,0.001171,0.049044,166.742836,0.182026,0.0,0.023507,0.934505,2,2,4,1.0
GP010402_frame_000406_rain,GP010402_frame_000406_ref,test,rain,real_rain,0,0,1220.704852,0.505478,0.314662,0.901961,7.560005,0.111705,0.023359,2.526659,0.111738,67.485603,13.277802,1197.807795,0.584448,0.016823,0.146303,3156.94237,0.787505,0.253923,0.195785,543.541533,0.921994,0.679264,0.060607,865.976664,0.397722,0.0,0.133998,3327.331597,0.455827,0.003601,0.228659,1153.988228,0.625848,0.048878,0.104303,279.421106,0.342981,0.001272,0.064779,439.421065,0.313452,0.000839,0.060129,71.011213,0.11908,0.0,0.007845,0.95583487,2,2,3,1.0
GP010402_frame_000411_rain,GP010402_frame_000411_ref,test,rain,real_rain,0,0,851.16453,0.404287,0.308223,0.886275,7.359324,0.00339,0.071372,1.959778,0.074692,53.042633,15.431698,284.652646,0.779414,4.9e-05,0.039828,913.935908,0.838034,0.010851,0.061749,3285.721945,0.341036,0.012793,0.218306,305.98828,0.350333,0.0,0.063126,1010.349951,0.520548,0.001493,0.083568,959.196252,0.137702,0.0,0.075907,216.087779,0.228275,0.001135,0.042332,479.039077,0.298763,0.004167,0.053874,229.946887,0.144815,0.0,0.031743,0.9643908,4,4,5,1.0
GP010402_frame_000416_rain,GP010402_frame_000416_ref,test,rain,real_rain,0,0,966.981336,0.331054,0.283625,0.901961,7.442051,0.008752,0.142295,2.198116,0.080535,57.238804,13.445986,810.400864,0.375635,0.0,0.073611,986.201221,0.798655,0.026161,0.067896,2342.114549,0.259156,0.04759,0.163983,446.734575,0.272405,0.0,0.058441,1116.829888,0.516984,0.000185,0.0774,1757.168049,0.144282,1e-05,0.113173,79.774518,0.159264,0.0,0.016823,700.97282,0.321529,0.004762,0.085636,502.125411,0.131146,0.0,0.064969,0.9950446,4,4,3,1.0
GP010402_frame_000423_rain,GP010402_frame_000423_ref,test,rain,real_rain,0,0,277.708134,0.527363,0.289931,0.768627,7.310856,0.0,0.030903,1.129959,0.036472,29.28006,13.189188,371.658876,0.710299,0.0,0.037559,39.677888,0.827577,0.0,0.002391,112.508881,0.858253,0.0,0.00727,499.089565,0.166399,0.0,0.078619,475.492477,0.558224,0.0,0.048234,238.539793,0.734796,0.0,0.034309,137.698039,0.201817,0.0,0.018662,284.547178,0.343624,0.0,0.042359,345.055203,0.344102,0.0,0.057543,0.9617756,1,1,1,1.0
GP010402_frame_000443_rain,GP010402_frame_000443_ref,test,rain,real_rain,0,0,275.867416,0.50574,0.2856,0.752941,7.264422,0.0,0.042858,1.126428,0.03492,28.382877,13.215336,375.097116,0.698616,0.0,0.034986,80.796876,0.798455,0.0,0.003396,100.06548,0.8313,0.0,0.007065,462.061513,0.150265,0.0,0.067381,505.163488,0.54004,0.0,0.048224,197.796949,0.711476,0.0,0.026493,143.637823,0.18761,0.0,0.015552,264.234788,0.323865,0.0,0.039422,365.286327,0.30891,0.0,0.069711,0.9697567,6,5,5,0.8333
GP010402_frame_000463_rain,GP010402_frame_000463_ref,test,rain,real_rain,0,0,321.238198,0.491312,0.296645,0.776471,7.241687,0.000135,0.064923,1.237622,0.039169,29.940952,13.664299,377.079322,0.695702,0.0,0.036747,87.502426,0.796416,0.0,0.003367,101.362001,0.830659,0.0,0.008587,451.789877,0.138805,0.0,0.067165,540.627905,0.534725,0.0,0.048175,264.867288,0.711096,0.0,0.030718,156.840199,0.180462,0.0,0.015992,464.35878,0.286529,0.00121,0.0613,455.698606,0.246339,0.0,0.078435,0.9994022,9,8,2,0.8889
GP010402_frame_000478_rain,GP010402_frame_000478_ref,test,rain,real_rain,0,0,409.552475,0.385325,0.293022,0.819608,7.288133,0.0,0.06946,1.45729,0.056432,38.407848,11.729475,540.522222,0.236314,0.0,0.100714,426.339019,0.749373,0.0,0.042047,386.402566,0.852095,0.0,0.030894,387.904442,0.223027,0.0,0.076193,577.490124,0.333903,0.0,0.06976,821.46665,0.470557,0.0,0.08308,154.733689,0.158786,0.0,0.034321,191.558015,0.201178,0.0,0.031069,220.119603,0.24143,0.0,0.036544,0.9465884,1,0,3,0.0
GP010402_frame_000484_rain,GP010402_frame_000484_ref,test,rain,real_rain,0,0,1473.729295,0.311418,0.278303,0.956863,7.276432,0.067378,0.149612,2.829326,0.115541,77.158607,10.953222,487.913463,0.284896,0.0,0.097975,2500.404731,0.696695,0.468238,0.152937,4605.498416,0.3844,0.028103,0.255484,285.11738,0.198648,0.0,0.064534,1526.643006,0.375289,0.102244,0.127771,2970.054364,0.341712,0.005552,0.207201,48.591653,0.129101,0.0,0.012412,385.314392,0.233392,0.001795,0.053952,493.896917,0.157879,0.0,0.063134,0.8929612,1,1,1,1.0
GP010402_frame_000491_rain,GP010402_frame_000491_ref,test,rain,real_rain,0,0,1496.74532,0.355232,0.298063,0.960784,7.303221,0.094806,0.176095,2.750791,0.104446,71.8405,11.417749,337.844953,0.347854,0.0,0.048318,1577.01709,0.796589,0.59316,0.105094,3810.723616,0.298919,0.016374,0.204011,418.222351,0.224243,0.000137,0.054137,3081.69734,0.630611,0.241735,0.168921,2611.516072,0.185606,0.001181,0.154186,220.555032,0.17254,0.0,0.035123,677.695771,0.365541,0.0,0.0879,806.111266,0.17443,0.0,0.079303,0.96990293,6,5,1,0.8333
GP010402_frame_000499_rain,GP010402_frame_000499_ref,test,rain,real_rain,0,0,326.246468,0.54586,0.271026,0.768627,7.441463,0.0,0.034352,1.035916,0.051072,32.436138,8.595512,406.838178,0.566642,0.0,0.068036,73.397697,0.820135,0.0,0.005562,80.394321,0.861752,0.0,0.009514,405.268079,0.328929,0.0,0.09152,643.237625,0.662637,0.0,0.071926,275.947585,0.754145,0.0,0.024483,133.314264,0.174268,0.0,0.029196,555.422555,0.32357,0.0,0.092818,371.701142,0.419334,0.0,0.065544,0.9855536,8,8,3,1.0
GP010402_frame_000517_rain,GP010402_frame_000517_ref,test,rain,real_rain,0,0,245.89094,0.508303,0.247957,0.670588,7.138997,0.0,0.020052,0.887012,0.0464,27.962452,8.270528,53.11714,0.692008,0.0,0.002201,112.002648,0.76292,0.0,0.011856,2.146339,0.774163,0.0,0.0,584.830584,0.391328,0.0,0.112705,512.620647,0.589297,0.0,0.075059,27.959582,0.648668,0.0,0.007319,275.450348,0.197721,0.0,0.052338,329.172657,0.246308,0.0,0.056811,330.93609,0.271745,0.0,0.096799,0.88792914,4,2,5,0.5
GP010402_frame_000526_rain,GP010402_frame_000526_ref,test,rain,real_rain,0,0,593.998608,0.492155,0.27658,0.768627,7.494875,1e-05,0.027158,1.674174,0.080297,45.209991,13.720708,783.164295,0.617179,0.0,0.095599,658.575622,0.828428,0.0,0.060958,320.442148,0.789156,0.0,0.039725,755.247464,0.303386,0.0,0.132678,1222.617518,0.544078,0.0,0.133372,652.317779,0.593369,0.0,0.065408,224.143653,0.207595,0.0,0.043818,413.159875,0.296348,8.8e-05,0.063466,344.02719,0.249037,0.0,0.084963,0.9931346,4,4,3,1.0
GP010402_frame_000533_rain,GP010402_frame_000533_ref,test,rain,real_rain,0,0,857.782685,0.485223,0.270091,0.752941,7.598906,2e-06,0.015688,2.278076,0.105548,56.800972,13.087547,714.915666,0.646082,0.0,0.083275,853.038934,0.786797,0.0,0.093335,2003.906687,0.631712,0.0,0.17982,1139.645084,0.352406,2e-05,0.170002,1089.865485,0.551115,0.0,0.120687,889.269289,0.629045,0.0,0.090105,273.912216,0.208077,0.0,0.050538,412.458761,0.312774,0.0,0.076005,375.422404,0.248416,0.0,0.081694,0.9129955,1,1,2,1.0
GP010402_frame_000540_rain,GP010402_frame_000540_ref,test,rain,real_rain,0,0,884.901329,0.505666,0.265633,0.752941,7.63953,2.9e-05,0.012888,2.323818,0.115562,59.301952,13.892823,817.693789,0.654559,0.0,0.091432,1377.075839,0.774096,0.0,0.1383,1437.36876,0.73688,0.0,0.178923,849.862246,0.354847,0.0,0.141324,1495.393037,0.545316,0.0,0.155308,966.187476,0.644237,0.0,0.102908,222.069368,0.217669,0.0,0.046694,406.697053,0.318197,0.000263,0.067916,423.748438,0.304514,0.0,0.11292,0.93379587,1,0,7,0.0
GP010402_frame_000547_rain,GP010402_frame_000547_ref,test,rain,real_rain,0,0,662.900267,0.448324,0.277951,0.807843,7.604351,0.0,0.038559,1.921874,0.088064,49.935795,10.972672,563.154587,0.707566,0.0,0.053638,774.445428,0.590454,0.0,0.075439,930.031382,0.53039,0.0,0.109865,731.103404,0.398398,0.0,0.121342,997.685887,0.506682,0.0,0.09921,774.344818,0.417175,0.0,0.093872,326.901218,0.247922,0.0,0.056279,466.002224,0.349967,0.0,0.075634,434.256634,0.286386,0.0,0.103659,0.8541463,5,4,2,0.8
GP010402_frame_000563_rain,GP010402_frame_000563_ref,test,rain,real_rain,0,0,194.48841,0.544293,0.254207,0.690196,7.105201,1.2e-05,0.025875,0.834762,0.035891,25.341398,10.25698,100.950359,0.753308,0.0,0.008245,2.076103,0.800877,0.0,0.0,3.478191,0.788283,0.0,0.0,343.727699,0.552955,0.0,0.058304,291.81489,0.600963,0.0,0.04716,124.13004,0.630073,0.0,0.014998,252.196488,0.274926,0.0,0.052132,366.45414,0.265086,4.9e-05,0.07904,275.35025,0.232044,5.9e-05,0.058216,0.944729,3,3,3,1.0
GP010402_frame_000573_rain,GP010402_frame_000573_ref,test,rain,real_rain,0,0,264.188949,0.46978,0.280201,0.729412,7.086295,0.000268,0.039059,0.985896,0.038105,28.526369,10.453997,160.005564,0.696221,0.0,0.015601,1.476961,0.810572,0.0,0.0,2.32619,0.751698,0.0,0.0,484.523758,0.342083,2.9e-05,0.080419,594.371374,0.529661,0.0,0.054274,357.878271,0.475857,0.0,0.06127,165.785587,0.216188,0.0,0.03439,426.881352,0.24138,0.002381,0.057748,192.010849,0.163994,0.0,0.037061,0.96184325,6,6,5,1.0
GP010402_frame_000593_rain,GP010402_frame_000593_ref,test,rain,real_rain,0,0,367.122376,0.502343,0.27963,0.717647,6.906932,0.000343,0.03239,1.209686,0.052829,33.977734,10.65362,158.158941,0.717709,0.0,0.029098,1.846116,0.805177,0.0,0.0,25.573292,0.748464,0.0,0.004938,676.274534,0.338945,0.0,0.132111,1224.955078,0.531638,0.0,0.085158,213.416299,0.631237,0.0,0.032933,346.544185,0.207383,0.001565,0.061581,363.78124,0.236378,0.001522,0.055913,302.54041,0.303584,0.0,0.071009,0.97925454,2,2,0,1.0
GP010402_frame_000600_rain,GP010402_frame_000600_ref,test,rain,real_rain,0,0,990.316376,0.430158,0.322113,0.909804,7.406864,0.095901,0.051921,2.120457,0.094333,67.050209,13.337077,459.705614,0.623013,0.18659,0.077435,1727.905042,0.67568,0.381187,0.085968,2342.914752,0.385776,0.004196,0.156372,661.3558,0.428317,0.054988,0.129049,1366.992705,0.472961,0.225995,0.07861,1375.094012,0.454109,0.003932,0.11009,205.812836,0.277509,0.000518,0.041833,426.029824,0.320628,0.005591,0.0766,383.974094,0.233516,0.0,0.090701,0.9788749,3,3,2,1.0
GP010402_frame_000613_rain,GP010402_frame_000613_ref,test,rain,real_rain,0,0,262.502147,0.442154,0.280557,0.713725,6.923385,0.0,0.030341,1.025792,0.038889,28.138577,12.06996,360.817058,0.387917,0.0,0.061942,179.668188,0.801076,0.0,0.014686,10.594085,0.771671,0.0,0.002371,324.69796,0.252134,0.0,0.061845,409.44236,0.676254,0.0,0.044516,396.464245,0.412913,0.0,0.061514,147.33481,0.221631,0.0,0.018877,426.959912,0.279199,0.0,0.056879,118.783011,0.175504,0.0,0.025137,0.95848835,1,1,3,1.0
GP010402_frame_000633_rain,GP010402_frame_000633_ref,test,rain,real_rain,0,0,334.174903,0.393466,0.309446,0.796078,6.918964,4.6e-05,0.064481,1.082931,0.042745,31.121447,13.591248,579.905328,0.34308,0.0,0.077973,175.477828,0.848787,0.0,0.013808,100.921369,0.758007,0.0,0.013759,608.192489,0.259669,0.0,0.09955,545.237655,0.591138,0.0,0.063925,544.918525,0.257,0.0,0.06291,136.917567,0.1915,6.8e-05,0.010201,308.950088,0.188266,0.000342,0.040418,21.825292,0.102839,0.0,0.000585,0.96875703,3,2,0,0.6667
GP010402_frame_000803_rain,GP010402_frame_000803_ref,test,rain,real_rain,0,0,337.217191,0.427839,0.329116,0.839216,6.988273,3e-06,0.049601,0.937945,0.031225,29.446854,8.442118,306.950075,0.286001,0.0,0.034507,308.033914,0.817305,2.9e-05,0.016618,224.833302,0.856168,0.0,0.012744,154.22151,0.233321,0.0,0.016138,803.464994,0.701626,0.0,0.059865,890.061964,0.40116,0.0,0.083929,37.495344,0.108306,0.0,0.004988,308.410614,0.308032,0.0,0.0484,27.215535,0.137092,0.0,0.002459,0.9101628,2,2,3,1.0
GP010402_frame_000823_rain,GP010402_frame_000823_ref,test,rain,real_rain,0,0,335.122425,0.443929,0.309121,0.756863,6.71785,1.7e-05,0.082928,1.099974,0.034925,29.108282,17.35392,336.424503,0.323419,0.0,0.049413,76.510692,0.804447,0.0,0.007475,100.66236,0.772019,0.0,0.007562,435.719706,0.255216,0.0,0.054529,380.129921,0.727702,0.0,0.024258,707.717445,0.55956,0.0,0.055416,132.597719,0.120548,0.0,0.014094,581.598483,0.24801,0.000156,0.070141,285.056692,0.182958,0.0,0.02983,0.96470827,2,2,0,1.0
GP010402_frame_000843_rain,GP010402_frame_000843_ref,test,rain,real_rain,0,0,393.777293,0.49873,0.28348,0.717647,6.807668,0.0,0.033324,1.238638,0.048137,33.241119,12.657733,76.665453,0.744123,0.0,0.008891,196.359475,0.789212,0.0,0.013095,11.184953,0.794394,0.0,0.001454,517.000984,0.388517,0.0,0.060446,1244.154986,0.459673,0.0,0.099405,519.485269,0.59014,0.0,0.0609,267.547833,0.251352,0.0,0.048318,307.537392,0.260041,0.0,0.052274,415.577849,0.210852,0.0,0.086436,0.9627303,7,5,4,0.7143
GP010402_frame_000863_rain,GP010402_frame_000863_ref,test,rain,real_rain,0,0,361.841524,0.49487,0.302462,0.764706,6.740541,4e-06,0.063951,1.146409,0.045394,33.427227,15.099799,43.791656,0.792557,0.0,0.004939,224.35597,0.804398,0.0,0.014452,125.003176,0.809726,0.0,0.012812,486.713503,0.452259,3.9e-05,0.062167,987.346403,0.33214,0.0,0.079089,400.985599,0.614814,0.0,0.053815,284.829284,0.265548,0.0,0.060563,467.868461,0.2245,0.0,0.065925,244.619963,0.157945,0.0,0.052196,0.9826301,6,6,4,1.0
GP010402_frame_000883_rain,GP010402_frame_000883_ref,test,rain,real_rain,0,0,364.272623,0.490411,0.299404,0.760784,6.879631,3e-06,0.060229,1.089531,0.040723,30.451632,19.401728,651.088713,0.794953,0.0,0.03885,31.433486,0.819847,0.0,0.005874,323.830732,0.775692,0.0,0.028864,341.73131,0.432276,0.0,0.042312,517.472205,0.548333,0.0,0.057709,532.819445,0.414049,0.0,0.064969,125.144485,0.18571,0.0,0.020168,402.604125,0.240333,2.9e-05,0.05404,363.826238,0.202372,0.0,0.051044,0.98396325,8,8,4,1.0
GP010402_frame_000894_rain,GP010402_frame_000894_ref,test,rain,real_rain,0,0,374.355815,0.440847,0.2948,0.815686,7.173613,0.000284,0.027365,1.112437,0.055921,40.123608,14.028967,383.685229,0.641065,0.0,0.047975,148.801249,0.900868,0.0,0.018316,971.066214,0.737273,0.0,0.095677,374.636443,0.323016,0.0,0.068535,542.69208,0.402003,0.0,0.102469,368.362622,0.201845,0.0,0.060978,113.975138,0.249351,0.0,0.024599,338.618819,0.298271,0.002557,0.053132,151.703206,0.213675,0.0,0.02621,0.9692639,8,8,2,1.0
GP010402_frame_000903_rain,GP010402_frame_000903_ref,test,rain,real_rain,0,0,860.730705,0.335288,0.295964,0.937255,7.236366,0.026073,0.143096,1.966257,0.076351,52.947586,12.830988,2593.410308,0.466454,0.001545,0.15359,603.974237,0.787658,0.226815,0.060295,359.323417,0.268657,0.0,0.068657,2233.682013,0.201031,2e-05,0.129235,965.31611,0.529008,0.004489,0.10042,345.237473,0.228603,0.0,0.072121,290.917812,0.175823,0.001536,0.046772,349.117987,0.242063,6.8e-05,0.049961,41.164343,0.117914,1e-05,0.005689,0.98726267,5,4,7,0.8
GP010402_frame_000909_rain,GP010402_frame_000909_ref,test,rain,real_rain,0,0,1323.328238,0.396708,0.275198,0.886275,7.458995,0.028736,0.045702,2.506975,0.105043,70.296722,12.69968,4066.204205,0.682203,0.027621,0.232111,448.472343,0.698705,0.22821,0.055328,217.014145,0.374455,0.0,0.065515,4028.274773,0.371186,0.000509,0.208685,2114.976398,0.465029,0.001542,0.18708,405.543406,0.27858,2e-05,0.075332,150.765541,0.252373,0.000538,0.026223,370.478913,0.259076,4.9e-05,0.060041,162.08324,0.189031,0.0,0.032289,0.921998,5,5,8,1.0
GP010402_frame_000915_rain,GP010402_frame_000915_ref,test,rain,real_rain,0,0,804.639575,0.418197,0.31286,0.878431,7.161979,0.013479,0.041883,1.812084,0.075315,50.447777,20.369551,455.466265,0.926238,0.000734,0.023592,478.792979,0.815845,0.117135,0.052322,569.838369,0.339594,0.0,0.105386,2989.000379,0.322707,0.000597,0.152729,1806.695813,0.447575,0.001093,0.153913,281.106988,0.246415,0.0,0.060685,186.492989,0.212895,0.001487,0.030027,389.137362,0.23827,0.000176,0.064032,128.046664,0.214722,0.0,0.032728,0.9747535,2,2,3,1.0
GP010402_frame_000921_rain,GP010402_frame_000921_ref,test,rain,real_rain,0,0,1251.771733,0.311761,0.281668,0.945098,7.134202,0.072299,0.116496,2.570403,0.096494,66.386772,11.73726,4741.355157,0.364922,0.006661,0.23526,1312.024885,0.794639,0.600146,0.090984,758.893607,0.319231,0.0012,0.121946,2141.117248,0.191068,0.001467,0.109282,1456.214748,0.400027,0.040379,0.136788,361.768635,0.228494,0.0,0.078503,69.519875,0.125232,0.0,0.013165,397.998842,0.224434,0.000351,0.063671,73.427414,0.157202,0.0,0.017789,0.96605337,3,3,7,1.0
GP010402_frame_000927_rain,GP010402_frame_000927_ref,test,rain,real_rain,0,0,1445.303984,0.331899,0.269058,0.937255,7.199497,0.078708,0.086723,2.839524,0.103325,70.604668,10.689078,5687.009907,0.361009,0.017752,0.258343,1511.101468,0.759964,0.533938,0.100507,797.408512,0.351027,0.0,0.121546,2114.937697,0.175696,0.001917,0.1098,2041.351839,0.472157,0.154225,0.167545,425.379968,0.264027,0.0,0.086954,67.053283,0.139596,0.0,0.00938,347.614624,0.268622,2.9e-05,0.05848,68.462516,0.194244,0.0,0.015437,0.9811044,1,1,3,1.0
GP010402_frame_000932_rain,GP010402_frame_000932_ref,test,rain,real_rain,0,0,1340.820352,0.412073,0.291113,0.894118,7.344808,0.101769,0.024882,2.532043,0.100669,72.204117,10.037621,3719.134996,0.744638,0.343867,0.210162,1816.609883,0.758706,0.458041,0.130386,633.71065,0.467275,0.0,0.088368,2612.144235,0.277914,0.008294,0.12456,2355.319129,0.496976,0.104781,0.176034,337.287791,0.296266,0.0,0.060597,125.02892,0.182085,0.0,0.019855,432.702766,0.278937,0.001044,0.064598,108.137098,0.205784,0.0,0.029733,0.94106555,3,3,4,1.0
GP010402_frame_000937_rain,GP010402_frame_000937_ref,test,rain,real_rain,0,0,1299.846173,0.415391,0.275828,0.890196,7.602842,0.053046,0.037537,2.597596,0.107065,74.110809,10.392823,3900.963557,0.541424,0.045941,0.23972,1585.579215,0.689748,0.354323,0.125342,651.379264,0.474246,0.0,0.100146,3007.383129,0.511394,0.012715,0.192205,1697.125967,0.442686,0.064198,0.129518,314.377694,0.344363,0.0,0.057533,266.642251,0.279475,0.0,0.055673,267.072209,0.248473,0.0,0.045453,68.76587,0.206907,0.0,0.016237,0.9597456,2,2,3,1.0
GP010402_frame_000942_rain,GP010402_frame_000942_ref,test,rain,real_rain,0,0,1085.327965,0.368077,0.303055,0.952941,7.438522,0.074379,0.158865,2.144586,0.079871,60.33532,12.493748,3270.527907,0.301606,0.002905,0.200587,1202.122747,0.780412,0.509397,0.067447,289.030426,0.284152,1e-05,0.038983,2231.80166,0.37884,0.001183,0.14331,1724.711286,0.574276,0.152976,0.107855,465.893985,0.247795,0.0,0.040183,201.692735,0.217318,0.0,0.042459,310.140391,0.348726,0.00243,0.045306,122.185709,0.179087,0.0,0.029284,0.9696832,5,5,1,1.0
GP010402_frame_000949_rain,GP010402_frame_000949_ref,test,rain,real_rain,0,0,258.396535,0.464604,0.313628,0.807843,7.067786,4.6e-05,0.081337,0.967184,0.041595,28.27495,12.665306,1.535035,0.805143,0.0,0.0,0.889656,0.8558,0.0,0.0,322.28991,0.575064,0.0,0.032777,278.030332,0.570528,0.0,0.036346,483.376506,0.563015,0.0,0.091218,562.140325,0.169113,0.0,0.078201,204.383459,0.250706,0.000186,0.044757,343.994022,0.248038,0.000224,0.060626,138.067174,0.144576,0.0,0.027205,0.92922044,4,4,3,1.0
GP010402_frame_000969_rain,GP010402_frame_000969_ref,test,rain,real_rain,0,0,721.989293,0.412731,0.283437,0.913725,7.265359,0.091059,0.047039,1.423377,0.087675,57.039764,27.797441,731.373072,0.747867,0.143995,0.050323,628.763342,0.725782,0.5625,0.06332,1839.354089,0.319124,0.096741,0.112237,956.889124,0.379127,0.001164,0.145158,777.774416,0.422149,0.014657,0.145794,664.957761,0.338115,0.0,0.109036,243.900728,0.273542,0.000176,0.037637,325.383552,0.280364,0.0,0.047356,372.288386,0.228894,0.0,0.074502,0.97622377,4,4,0,1.0
GP010402_frame_000998_rain,GP010402_frame_000998_ref,test,rain,real_rain,0,0,920.382425,0.479455,0.338378,0.905882,7.029775,0.190076,0.040181,1.994453,0.089396,60.658489,9.005215,1151.889129,0.544899,0.194376,0.115493,1854.634308,0.73218,0.5125,0.127586,913.071159,0.910368,0.770306,0.072639,766.639572,0.377453,0.016813,0.118427,1362.70149,0.341338,0.051073,0.092486,1234.006779,0.583103,0.162802,0.099336,217.161962,0.281554,0.001976,0.032228,370.912805,0.249241,0.0,0.05606,432.431609,0.294411,0.0,0.088368,0.97905743,3,1,2,0.3333
GP010402_frame_001006_rain,GP010402_frame_001006_ref,test,rain,real_rain,0,0,404.683275,0.43231,0.30597,0.831373,7.25433,0.000283,0.037923,1.128169,0.058193,37.962444,12.477388,506.914552,0.737802,0.0,0.042478,224.43506,0.90864,0.000293,0.015476,455.282468,0.382382,2e-05,0.075117,464.720854,0.291859,0.0,0.060818,657.579959,0.595159,1e-05,0.085373,479.803776,0.332286,0.0,0.101756,284.80624,0.202502,0.00223,0.0482,460.16792,0.243637,0.0,0.069135,123.003442,0.196375,0.0,0.023214,0.968396,2,2,0,1.0
GP010402_frame_001026_rain,GP010402_frame_001026_ref,test,rain,real_rain,0,0,499.137978,0.405682,0.296946,0.85098,7.310554,0.000222,0.057221,1.295824,0.06875,42.061184,18.352467,979.419453,0.477477,0.0,0.10355,106.027427,0.901603,0.0,0.010187,681.221832,0.49707,0.000781,0.099346,529.362742,0.266148,0.0,0.081172,781.232973,0.525241,0.0,0.098605,584.785118,0.377855,0.0,0.092408,144.933577,0.162936,1e-05,0.026604,553.40199,0.251713,0.00121,0.076327,144.21856,0.190364,0.0,0.027732,0.9608959,3,3,0,1.0
GP010402_frame_001046_rain,GP010402_frame_001046_ref,test,rain,real_rain,0,0,493.435883,0.412517,0.296728,0.85098,7.316391,0.000252,0.049083,1.286127,0.067811,42.479996,19.175688,965.288932,0.492661,0.0,0.1009,105.564223,0.906931,0.0,0.01009,653.308626,0.50369,0.000917,0.096146,545.212608,0.27382,0.0,0.080419,750.253315,0.526918,0.0,0.09516,561.649256,0.381666,0.0,0.089305,126.578157,0.168628,0.0,0.023787,600.283905,0.262746,0.001347,0.082601,145.755474,0.194882,0.0,0.028903,0.9738576,2,2,1,1.0
GP010571_frame_000077_rain,GP010571_frame_000077_ref,test,rain,real_rain,0,0,364.415797,0.405011,0.282511,0.878431,7.630342,0.000184,0.082016,1.298615,0.052091,35.432873,11.955189,451.590311,0.588369,0.0,0.075792,286.509803,0.881434,0.001395,0.027518,425.718667,0.437173,9.8e-05,0.062256,638.791725,0.275375,0.0,0.088869,581.652205,0.521707,0.0,0.072385,331.152808,0.255994,0.0,0.056753,200.812835,0.214537,0.0,0.034928,330.866341,0.304657,0.000166,0.036905,51.994564,0.165533,0.0,0.010363,0.9480735,5,5,7,1.0
GP010571_frame_000097_rain,GP010571_frame_000097_ref,test,rain,real_rain,0,0,600.236762,0.426578,0.306784,0.858824,7.458784,0.000314,0.075768,1.601199,0.065723,40.899048,17.469114,476.629942,0.677375,0.0,0.089006,13.674878,0.912503,0.0,0.001064,391.017916,0.41537,0.000576,0.063622,1000.856009,0.411911,0.0,0.113723,1929.57231,0.567282,0.000156,0.122404,600.667475,0.221206,0.0,0.066218,291.909425,0.277577,0.0,0.043594,499.364496,0.202212,0.002088,0.055386,210.721337,0.153971,0.0,0.033626,0.9741931,9,9,5,1.0
GP010571_frame_000137_rain,GP010571_frame_000137_ref,test,rain,real_rain,0,0,717.617351,0.498877,0.287254,0.815686,7.499519,8e-06,0.054562,1.711551,0.064405,46.565662,13.589568,26.350547,0.829974,0.0,0.001311,141.836799,0.875864,1e-05,0.009182,3144.125693,0.424132,4.9e-05,0.172512,587.905535,0.390375,0.0,0.090317,328.491236,0.60258,0.0,0.039052,1539.408125,0.450945,0.0,0.149844,126.292216,0.296113,0.0,0.022154,180.624706,0.367161,0.0,0.027381,403.009928,0.252798,1e-05,0.066013,0.99993694,9,9,11,1.0
GP010571_frame_000157_rain,GP010571_frame_000157_ref,test,rain,real_rain,0,0,692.013531,0.482631,0.282763,0.807843,7.484142,2e-06,0.070493,1.741152,0.070168,47.29039,13.272438,41.446106,0.794739,0.0,0.001389,81.881726,0.842486,0.0,0.003786,2385.102956,0.425353,0.0,0.140749,902.438728,0.360773,0.0,0.11384,463.359864,0.604473,0.0,0.048068,1207.664815,0.390118,0.0,0.124805,319.558707,0.269483,0.0,0.063732,327.040363,0.351517,2e-05,0.050615,506.719978,0.304681,0.0,0.082787,0.97801673,7,7,9,1.0
GP010571_frame_000177_rain,GP010571_frame_000177_ref,test,rain,real_rain,0,0,862.397492,0.508462,0.269943,0.74902,7.44328,0.0,0.030077,1.948451,0.076658,52.881889,12.396193,33.597701,0.79298,0.0,0.000978,84.477329,0.843207,0.0,0.003337,3708.29853,0.526219,0.0,0.200254,951.199969,0.358809,0.0,0.113331,523.889949,0.61831,0.0,0.048975,1274.582396,0.464747,0.0,0.132865,399.41241,0.286666,0.0,0.064945,324.029345,0.386737,0.0,0.045131,477.407811,0.298279,0.0,0.078767,0.84179604,5,5,8,1.0
GP010571_frame_000197_rain,GP010571_frame_000197_ref,test,rain,real_rain,0,0,484.531074,0.512328,0.276661,0.733333,7.274456,0.0,0.031175,1.383384,0.064371,40.078465,9.910973,470.627611,0.638784,0.0,0.060759,277.992381,0.818198,0.0,0.023126,487.073612,0.807488,0.0,0.047814,618.367187,0.343077,0.0,0.083059,556.140551,0.624796,0.0,0.055211,961.239328,0.597388,0.0,0.096682,246.034895,0.222948,0.0,0.052083,341.682035,0.297086,0.0,0.058802,418.395769,0.260411,0.0,0.099756,0.94922835,1,1,3,1.0
GP010571_frame_000205_rain,GP010571_frame_000205_ref,test,rain,real_rain,0,0,518.751679,0.411544,0.288517,0.796078,7.260614,0.0,0.064869,1.703384,0.069217,41.597919,12.287368,618.819933,0.689003,0.0,0.064544,100.978639,0.729484,0.0,0.020999,705.50045,0.689133,0.0,0.094126,823.759683,0.241605,0.0,0.105957,893.470901,0.434982,0.0,0.120892,795.511734,0.249664,0.0,0.096916,261.201541,0.150389,0.0,0.042782,302.420999,0.273967,0.0,0.040018,185.060035,0.24531,0.0,0.032816,0.96239436,8,8,2,1.0
GP010571_frame_000221_rain,GP010571_frame_000221_ref,test,rain,real_rain,0,0,587.015981,0.387216,0.301644,0.831373,7.244002,0.0,0.05472,1.777614,0.074592,45.24242,14.011972,1612.851659,0.300408,0.0,0.179304,211.577172,0.84365,0.0,0.022658,586.841105,0.600057,0.0,0.086124,675.961836,0.21465,0.0,0.090835,753.828293,0.605206,0.0,0.08671,1011.420019,0.320619,0.0,0.126815,148.001428,0.15653,0.0,0.029128,231.803833,0.293289,0.0,0.036505,66.002984,0.149383,0.0,0.009768,0.9250487,0,0,3,
GP010571_frame_000226_rain,GP010571_frame_000226_ref,test,rain,real_rain,0,0,825.671234,0.410923,0.263997,0.792157,7.317506,0.0,0.043763,1.941379,0.079299,52.668041,14.074859,3593.977524,0.407923,0.0,0.263605,549.389527,0.801102,0.0,0.030708,221.899636,0.53605,0.0,0.024551,1579.32806,0.234523,0.0,0.170266,781.278835,0.536001,0.0,0.082231,302.814227,0.387383,0.0,0.064715,187.897747,0.174515,0.0,0.037823,166.945559,0.342007,0.0,0.022785,81.614286,0.277833,0.0,0.010783,0.8610523,0,0,2,
GP010571_frame_000231_rain,GP010571_frame_000231_ref,test,rain,real_rain,0,0,387.24269,0.457583,0.311106,0.858824,7.320322,0.0,0.068165,1.223736,0.0517,34.851242,20.110926,158.304143,0.670799,0.0,0.025812,43.743117,0.913634,0.0,0.002722,299.218063,0.688242,0.0,0.038046,511.285807,0.375078,0.0,0.076135,1459.358374,0.532198,0.0,0.12662,510.374565,0.296357,0.0,0.099005,152.903841,0.207684,0.0,0.027553,220.539352,0.266873,0.0,0.037705,148.766495,0.1671,0.0,0.028962,0.9652393,3,3,2,1.0
GP010571_frame_000241_rain,GP010571_frame_000241_ref,test,rain,real_rain,0,0,478.875467,0.413428,0.278473,0.831373,7.33453,2.9e-05,0.03834,1.353158,0.046273,34.933468,11.15807,747.024322,0.716055,0.0,0.052347,535.614609,0.839301,0.000263,0.026903,444.283451,0.461962,0.0,0.04154,836.279685,0.169466,0.0,0.084243,1275.747365,0.347758,0.0,0.116306,208.361224,0.433033,0.0,0.054528,65.427766,0.158385,0.0,0.0076,144.334976,0.271708,0.0,0.018267,77.59939,0.322721,0.0,0.012071,0.98206055,1,0,5,0.0
GP010571_frame_000246_rain,GP010571_frame_000246_ref,test,rain,real_rain,0,0,560.523867,0.310204,0.295227,0.94902,6.90642,0.104199,0.148217,1.546079,0.056181,41.207165,11.160144,943.301354,0.493413,0.293848,0.091373,1101.890582,0.738471,0.503171,0.09073,208.515133,0.159928,0.0,0.024483,766.778647,0.199209,0.001663,0.078462,1233.554677,0.448586,0.138486,0.121741,291.080239,0.145259,0.000585,0.024161,132.931876,0.181974,0.0,0.022232,321.542507,0.28532,0.0,0.041179,60.175,0.139542,0.0,0.009368,0.97733915,4,3,4,0.75
GP010571_frame_000257_rain,GP010571_frame_000257_ref,test,rain,real_rain,0,0,801.92737,0.339284,0.298822,0.941176,6.918519,0.119736,0.137446,1.878152,0.083944,53.714916,16.763466,2502.183375,0.449964,0.150068,0.202269,349.091939,0.85968,0.724668,0.031431,156.585882,0.091555,0.0,0.020345,1641.379312,0.282643,0.000264,0.159028,1045.926844,0.473473,0.201639,0.133148,461.715744,0.23035,0.000498,0.052566,403.420427,0.251706,0.0,0.05938,514.633401,0.247618,0.0,0.065398,187.226649,0.166493,0.0,0.029342,0.9928195,8,8,2,1.0
GP010571_frame_000292_rain,GP010571_frame_000292_ref,test,rain,real_rain,0,0,635.367304,0.434441,0.300879,0.85098,7.428313,0.00022,0.043671,1.538519,0.085375,51.577198,14.632665,815.494322,0.606589,0.000968,0.109967,299.362057,0.889533,7.8e-05,0.026259,331.466351,0.776576,0.0,0.03507,530.721545,0.246343,0.0,0.0951,1279.685442,0.440204,0.0,0.146311,1210.086329,0.339304,0.0,0.171604,285.25336,0.203559,0.0,0.051594,608.443476,0.192365,0.000937,0.065876,393.57128,0.214919,0.0,0.062461,0.98046017,8,8,3,1.0
GP010571_frame_000312_rain,GP010571_frame_000312_ref,test,rain,real_rain,0,0,405.439809,0.402747,0.309335,0.882353,7.275877,0.021628,0.040144,1.286009,0.062262,41.501266,12.807335,345.993922,0.868111,0.044249,0.027807,459.130729,0.451723,0.132123,0.07419,408.385828,0.767481,0.018169,0.053893,1039.708633,0.330858,5.9e-05,0.134576,305.972045,0.163013,0.0,0.045131,604.036506,0.425696,0.0,0.114764,194.237578,0.215309,0.0,0.041667,122.339446,0.154454,0.0,0.022551,186.170731,0.248561,0.0,0.042477,0.97203064,5,5,3,1.0
GP010571_frame_000336_rain,GP010571_frame_000336_ref,test,rain,real_rain,0,0,574.468035,0.408653,0.321088,0.898039,7.289096,0.031801,0.07239,1.599372,0.072216,46.419621,21.741455,700.171903,0.746133,0.001154,0.067938,336.739645,0.89254,0.268208,0.030367,489.463671,0.624564,0.016501,0.077098,525.326397,0.172208,0.0,0.078384,1520.740594,0.366965,0.000127,0.125907,480.739563,0.280125,0.0,0.086544,378.226929,0.169922,0.0,0.061541,394.030833,0.23218,0.0,0.050761,357.115765,0.19292,0.0,0.065213,0.9769653,3,2,2,0.6667
GP010571_frame_000542_rain,GP010571_frame_000542_ref,test,rain,real_rain,0,0,269.71223,0.468983,0.297068,0.847059,7.356057,1.3e-05,0.055081,1.04394,0.046207,32.228821,18.093864,101.469339,0.868848,0.0,0.009047,251.820313,0.747621,0.000117,0.025898,374.330848,0.611823,0.0,0.045785,500.228714,0.510712,0.0,0.104362,348.332923,0.396008,0.0,0.06935,306.550769,0.361142,0.0,0.057455,209.411592,0.319439,0.0,0.03171,179.959094,0.20012,0.0,0.035314,173.709313,0.205822,0.0,0.034212,0.97681075,9,8,0,0.8889
GP010571_frame_000549_rain,GP010571_frame_000549_ref,test,rain,real_rain,0,0,729.229797,0.415487,0.287129,0.85098,7.475706,5e-06,0.068308,1.748601,0.079232,50.968594,8.951131,1389.574151,0.701772,0.0,0.121244,76.034799,0.897787,0.0,0.00445,429.48888,0.2885,0.0,0.077742,2143.492016,0.366668,0.0,0.165327,1024.33872,0.499948,0.0,0.097443,622.029351,0.240464,0.0,0.101776,120.192023,0.224871,0.0,0.020511,353.660333,0.302994,4.9e-05,0.05283,444.040994,0.216491,0.0,0.068482,0.98359805,6,6,5,1.0
GP010571_frame_000554_rain,GP010571_frame_000554_ref,test,rain,real_rain,0,0,427.822752,0.450348,0.303288,0.819608,7.274536,0.000212,0.030333,1.288663,0.064193,39.896732,13.522953,100.533234,0.808434,0.0,0.014975,78.417758,0.892979,0.0,0.005504,520.374188,0.617047,0.0,0.052293,715.043749,0.344433,0.0,0.116882,771.946226,0.401507,0.0,0.106235,566.034593,0.247811,0.0,0.115652,487.54661,0.267473,0.001858,0.060603,341.941934,0.255523,0.0,0.049239,287.877017,0.218086,4.9e-05,0.051922,0.97366136,11,8,7,0.7273
GP010571_frame_000560_rain,GP010571_frame_000560_ref,test,rain,real_rain,0,0,466.464439,0.45336,0.305243,0.858824,7.578412,0.004293,0.045114,1.313109,0.064097,42.001534,12.330431,238.518889,0.593066,0.0,0.042009,435.127976,0.626437,0.034485,0.054147,131.264542,0.899666,0.001883,0.011671,731.794023,0.300943,0.0,0.112745,678.257693,0.335965,0.0,0.103825,574.700424,0.588497,0.0,0.075839,326.36696,0.210774,0.0,0.045305,494.828091,0.196302,0.000312,0.04839,601.990111,0.327993,0.001922,0.080747,0.9671628,11,11,5,1.0
GP010571_frame_000566_rain,GP010571_frame_000566_ref,test,rain,real_rain,0,0,539.993927,0.395727,0.318168,0.890196,7.423449,0.000193,0.10228,1.549655,0.062663,41.094025,12.335718,692.191466,0.652845,0.000108,0.078844,419.86243,0.913908,0.0004,0.027283,1303.408985,0.327668,0.000488,0.115135,736.503553,0.357615,0.0,0.105438,734.749541,0.558467,3.9e-05,0.073458,206.030572,0.14161,0.0,0.039364,192.381563,0.220594,0.000284,0.039613,472.220368,0.277306,0.00042,0.060207,130.879763,0.111629,0.0,0.021887,0.95285547,9,8,8,0.8889
GP010571_frame_000571_rain,GP010571_frame_000571_ref,test,rain,real_rain,0,0,509.687834,0.367845,0.309333,0.886275,7.280579,0.000103,0.092119,1.552196,0.065847,41.408768,12.248462,457.390178,0.490862,0.000127,0.068486,16.333382,0.930818,0.0,0.001493,1200.978822,0.344194,2.9e-05,0.1109,655.503061,0.234348,0.0,0.100871,844.040348,0.491331,0.0,0.078084,406.956145,0.207729,0.0,0.080991,371.994623,0.172112,0.000587,0.059654,397.28948,0.277255,0.000185,0.042925,248.153089,0.161471,0.0,0.046243,0.95686865,10,10,10,1.0
GP010571_frame_000576_rain,GP010571_frame_000576_ref,test,rain,real_rain,0,0,601.294414,0.339894,0.285032,0.898039,7.332529,0.002597,0.104693,1.719858,0.06585,42.83234,16.041367,635.8771,0.552749,5.9e-05,0.093789,139.564851,0.828102,0.018199,0.020911,1778.10843,0.221976,0.002488,0.109348,288.191669,0.200322,0.0,0.05937,1402.590191,0.442336,2.9e-05,0.118218,437.762653,0.210646,0.0,0.083236,182.692073,0.193274,0.000117,0.028071,378.460325,0.255737,0.002459,0.04313,191.544194,0.153733,0.0,0.032738,0.9870748,12,11,8,0.9167
GP010571_frame_000585_rain,GP010571_frame_000585_ref,test,rain,real_rain,0,0,1015.331501,0.461612,0.340691,0.894118,7.188466,0.102424,0.032641,2.175429,0.085076,57.476276,15.958451,136.652398,0.798741,0.009918,0.010524,1168.880448,0.839657,0.596741,0.070287,1151.299462,0.816696,0.306967,0.070785,946.323344,0.452765,0.002445,0.121567,2447.350108,0.306092,0.000576,0.15161,1737.3092,0.223754,3.9e-05,0.124034,769.611245,0.293649,0.004421,0.103159,415.30595,0.232188,0.0,0.050107,410.423011,0.191342,2.9e-05,0.06168,0.9762618,10,10,1,1.0
GP010571_frame_000593_rain,GP010571_frame_000593_ref,test,rain,real_rain,0,0,725.698586,0.33329,0.279319,0.901961,7.301617,0.044652,0.06621,1.879294,0.074422,51.853798,11.239335,425.106815,0.418272,1e-05,0.071684,774.410754,0.761436,0.275381,0.046458,1939.385296,0.208576,0.002605,0.133929,323.704059,0.227994,0.0,0.059448,844.969932,0.538345,0.122658,0.094379,1113.790797,0.186839,2e-05,0.102371,463.657046,0.21574,0.0,0.076624,540.945322,0.317552,0.000878,0.065291,131.29067,0.124536,0.0,0.016511,0.99661887,10,10,6,1.0
GP010571_frame_000599_rain,GP010571_frame_000599_ref,test,rain,real_rain,0,0,878.349023,0.35763,0.303065,0.909804,7.303387,0.04693,0.093681,2.014467,0.072542,52.884487,12.820676,434.382253,0.581019,0.00356,0.073552,1693.694786,0.712316,0.269662,0.085617,2688.772925,0.278245,0.007894,0.173702,579.717466,0.290712,0.007081,0.090464,1029.121902,0.533045,0.132884,0.066023,811.842205,0.160188,0.0,0.065027,216.61649,0.206609,0.000313,0.034458,415.74209,0.359874,0.000673,0.05806,59.669576,0.096671,0.0,0.004498,0.9971521,6,4,5,0.6667
GP010571_frame_000607_rain,GP010571_frame_000607_ref,test,rain,real_rain,0,0,291.83445,0.527505,0.299169,0.796078,7.395447,2e-06,0.0409,1.124677,0.037391,29.775881,11.292415,68.264955,0.744783,0.0,0.006935,36.996388,0.859162,0.0,0.00121,39.523009,0.842524,0.0,0.002557,459.290783,0.36817,0.0,0.051751,606.882097,0.55727,0.0,0.060246,361.105159,0.543244,0.0,0.049678,214.050282,0.211686,0.0,0.028736,425.267951,0.286353,2e-05,0.065769,427.688601,0.33375,0.0,0.06573,0.98735493,5,5,7,1.0
GP010571_frame_000756_rain,GP010571_frame_000756_ref,test,rain,real_rain,0,0,912.299268,0.371657,0.220468,0.847059,7.111506,0.056803,0.008983,2.23599,0.111213,64.391472,16.851013,3044.621482,0.433891,0.032365,0.249941,1329.55559,0.710317,0.468404,0.117438,447.249766,0.477059,0.0,0.09961,754.411885,0.22789,0.0,0.137226,1629.213437,0.345888,0.009709,0.175039,243.590672,0.341063,0.0,0.068813,176.485476,0.21681,0.0,0.033157,366.231772,0.299053,0.00042,0.050137,244.79882,0.292392,1e-05,0.065584,0.9599506,5,5,6,1.0
GP010571_frame_000763_rain,GP010571_frame_000763_ref,test,rain,real_rain,0,0,646.757658,0.484669,0.288932,0.890196,7.696351,0.050828,0.038811,1.68004,0.092917,57.632061,9.798331,728.538239,0.660461,0.035955,0.110935,621.213054,0.875242,0.329528,0.05404,663.360799,0.724872,0.091676,0.095921,909.442984,0.420897,0.0,0.151575,1427.49581,0.505314,0.0,0.18913,671.586493,0.465946,0.0,0.107484,271.25816,0.23912,2e-05,0.047183,339.794306,0.246814,0.0,0.042223,209.432636,0.223043,0.0,0.033041,0.97914904,4,4,7,1.0
GP010571_frame_000771_rain,GP010571_frame_000771_ref,test,rain,real_rain,0,0,1054.928712,0.431736,0.268709,0.839216,7.629163,0.040862,0.020956,2.286096,0.120397,69.181244,20.097736,485.435588,0.678292,0.001017,0.069425,1032.864295,0.689473,0.07216,0.141774,2641.288593,0.598082,0.286446,0.193286,1077.362837,0.331689,0.0,0.140258,1336.100656,0.404935,0.0,0.182026,1798.350159,0.421656,0.006928,0.185802,369.974973,0.237574,0.000792,0.056162,306.35908,0.24562,0.0,0.032738,473.706854,0.278193,0.000127,0.079137,0.92526436,5,5,9,1.0
GP010571_frame_000778_rain,GP010571_frame_000778_ref,test,rain,real_rain,0,0,1032.253614,0.422148,0.289657,0.901961,7.192674,0.123417,0.032867,2.391953,0.102352,66.31778,17.137987,2334.268861,0.775432,0.481348,0.160935,1638.241266,0.734653,0.501415,0.13305,565.706043,0.458203,0.011222,0.083558,1583.223542,0.40137,0.112158,0.161639,1807.573185,0.369855,0.004206,0.159651,508.432996,0.369762,0.0,0.079596,451.655376,0.239016,0.000929,0.073073,300.928538,0.248483,0.0,0.0383,136.960847,0.202907,0.0,0.027479,0.952817,8,6,11,0.75
GP010571_frame_000784_rain,GP010571_frame_000784_ref,test,rain,real_rain,0,0,563.709584,0.3926,0.266171,0.901961,7.284322,0.082916,0.028366,1.778414,0.081286,51.997726,15.497828,528.056058,0.411126,0.0,0.100245,538.731262,0.83693,0.689003,0.067203,708.087871,0.529615,0.005952,0.11531,416.591872,0.242018,0.000401,0.058646,1214.909572,0.479927,0.050254,0.146897,514.687155,0.255557,1e-05,0.079264,160.728601,0.216469,0.0,0.029646,601.084637,0.316925,0.0,0.073175,417.872912,0.244111,3.9e-05,0.05482,0.97055393,13,13,6,1.0
GP010571_frame_000790_rain,GP010571_frame_000790_ref,test,rain,real_rain,0,0,667.05102,0.421544,0.297907,0.913725,7.404301,0.111444,0.04968,1.699502,0.087007,55.925549,16.556442,287.820173,0.606537,0.192576,0.060123,1218.020169,0.900258,0.677459,0.081792,1199.387065,0.328249,0.001893,0.195716,841.397343,0.382786,0.005575,0.101751,1086.833027,0.635512,0.125166,0.118072,509.051407,0.196707,0.0,0.086231,206.475501,0.22536,0.0,0.041344,562.378793,0.351873,1e-05,0.073165,143.378627,0.166493,0.0,0.021624,0.98035,10,10,2,1.0
GP010571_frame_000803_rain,GP010571_frame_000803_ref,test,rain,real_rain,0,0,771.533375,0.448418,0.310482,0.905882,7.416706,0.095817,0.034706,1.867663,0.099919,56.806606,14.025559,241.994483,0.892577,0.279157,0.022819,531.753787,0.765229,0.309865,0.056557,1905.970604,0.691376,0.251961,0.189325,837.307161,0.394132,0.020902,0.148895,1001.634684,0.429902,0.000234,0.124336,890.714316,0.236354,0.0,0.13187,376.976728,0.188278,0.000264,0.050039,472.07194,0.211108,0.0,0.060861,715.015294,0.227105,0.0,0.110217,0.9830536,9,8,0,0.8889
GP010571_frame_000862_rain,GP010571_frame_000862_ref,test,rain,real_rain,0,0,701.463975,0.377404,0.285155,0.921569,7.249987,0.099516,0.05904,1.839978,0.090958,55.78339,17.043472,612.282734,0.395094,0.095511,0.116549,505.334824,0.933897,0.758665,0.041901,834.362121,0.322264,0.01856,0.120453,805.303153,0.23898,0.012686,0.105898,1659.375378,0.495253,0.008519,0.158841,604.635908,0.291428,6.8e-05,0.096224,409.580828,0.185947,0.000166,0.057551,664.543611,0.293804,0.001025,0.07219,273.722911,0.23924,0.0,0.047209,0.9786669,5,5,3,1.0
GP010571_frame_000882_rain,GP010571_frame_000882_ref,test,rain,real_rain,0,0,648.947304,0.364278,0.289511,0.929412,7.125505,0.106465,0.073203,1.724182,0.088979,53.657864,14.147411,562.384536,0.393244,0.097692,0.113674,462.944094,0.939383,0.811466,0.039979,808.487487,0.316349,0.020258,0.122092,788.66941,0.221455,0.014358,0.1018,1585.60959,0.491059,0.013886,0.159173,559.711159,0.282019,3.9e-05,0.094057,287.264558,0.149219,0.0,0.044259,590.722209,0.262734,0.0,0.07581,253.163176,0.222274,0.0,0.047326,0.97941405,6,5,5,0.8333
GP010571_frame_000895_rain,GP010571_frame_000895_ref,test,rain,real_rain,0,0,600.209452,0.473477,0.314546,0.882353,7.297354,0.115875,0.020627,1.505556,0.075043,51.511894,14.962083,98.989413,0.857552,0.356925,0.017762,890.605449,0.747225,0.491149,0.087324,1727.222689,0.678741,0.163651,0.136807,562.101839,0.513811,0.031221,0.079988,619.032039,0.284581,0.0,0.108089,785.26331,0.312752,2e-05,0.111797,344.198516,0.326535,0.0,0.05627,199.919469,0.241198,0.0,0.032748,200.793538,0.299548,0.0,0.039208,0.9787504,12,12,5,1.0
GP010571_frame_000909_rain,GP010571_frame_000909_ref,test,rain,real_rain,0,0,430.600247,0.434674,0.315789,0.894118,7.297427,0.064871,0.028637,1.240037,0.05769,41.683498,24.123484,187.804069,0.682767,0.143848,0.026066,409.555913,0.395536,0.113534,0.075,101.076919,0.919869,0.325449,0.007816,598.081197,0.325043,0.000362,0.063605,687.425859,0.201025,4.9e-05,0.056665,409.11764,0.554907,1e-05,0.079537,472.575119,0.292056,0.0,0.078149,506.042806,0.238526,5.9e-05,0.055533,523.100468,0.302329,0.00041,0.073185,0.97482675,17,15,2,0.8824
GP010571_frame_000923_rain,GP010571_frame_000923_ref,test,rain,real_rain,0,0,575.847098,0.354602,0.311768,0.937255,7.149219,0.066379,0.095791,1.649908,0.06445,44.811394,12.58682,331.531945,0.648519,0.16873,0.065503,1186.345573,0.828246,0.428337,0.065281,480.197783,0.145091,0.000107,0.058763,747.699192,0.316792,3.9e-05,0.091559,1348.364019,0.465838,0.000127,0.096468,402.988913,0.163761,0.0,0.095697,288.60634,0.261878,0.0,0.036972,308.332075,0.245226,0.0,0.045667,112.611298,0.116454,0.0,0.021819,0.99118936,14,14,8,1.0
GP010571_frame_000937_rain,GP010571_frame_000937_ref,test,rain,real_rain,0,0,1538.459242,0.421174,0.293088,0.913725,7.465342,0.093675,0.048776,3.049264,0.128983,86.776169,24.613312,2121.069795,0.589729,0.235867,0.182414,2684.943397,0.678292,0.348897,0.172482,3330.243962,0.509577,0.101171,0.219467,1932.104635,0.333013,0.004255,0.185964,1950.564142,0.61454,0.098263,0.151181,901.129259,0.307378,0.054225,0.107611,303.355381,0.185555,0.0,0.044298,516.737005,0.378122,0.0,0.071712,147.05555,0.194002,0.000302,0.022687,0.8623217,9,9,6,1.0
GP010571_frame_000957_rain,GP010571_frame_000957_ref,test,rain,real_rain,0,0,336.660249,0.502755,0.267157,0.780392,7.562462,1.7e-05,0.025372,1.094042,0.049224,32.884403,12.323998,2.484331,0.839694,0.0,0.0,13.159866,0.858393,0.0,0.000137,316.791326,0.481272,0.0,0.046409,484.957185,0.540068,0.0,0.07766,574.14434,0.622166,0.0,0.075224,694.401377,0.388319,0.0,0.090349,243.160746,0.228053,0.0,0.041187,402.389188,0.340385,0.000156,0.05526,311.618038,0.226677,0.0,0.053835,0.98583895,7,6,10,0.8571
GP010571_frame_000977_rain,GP010571_frame_000977_ref,test,rain,real_rain,0,0,371.598631,0.51613,0.253861,0.745098,7.512467,8.5e-05,0.025126,1.154581,0.053918,35.632275,13.422456,2.868183,0.82507,0.0,0.0,11.835485,0.861554,0.0,0.000137,312.839593,0.479036,0.0,0.044633,535.473576,0.545172,0.0,0.08705,558.827081,0.625597,0.0,0.07378,693.839408,0.391738,0.0,0.096019,395.888497,0.341535,0.0,0.061356,550.335398,0.344956,0.000761,0.069243,297.893492,0.230891,0.0,0.049971,0.9759388,10,9,9,0.9
GP010571_frame_000997_rain,GP010571_frame_000997_ref,test,rain,real_rain,0,0,260.725419,0.500881,0.271673,0.760784,7.350372,0.0,0.051774,1.0674,0.047926,31.194515,10.454226,14.357304,0.694619,0.0,0.005282,3.432826,0.821516,0.0,9.8e-05,91.592225,0.699532,0.0,0.012324,417.769301,0.510744,0.0,0.084566,484.353104,0.533328,0.0,0.077791,431.190786,0.447782,0.0,0.088525,292.861209,0.318462,0.0,0.055203,318.776735,0.24884,0.0,0.052078,301.715915,0.233158,0.0,0.051815,0.9760973,4,4,2,1.0
GP010571_frame_001030_rain,GP010571_frame_001030_ref,test,rain,real_rain,0,0,401.466871,0.452349,0.271883,0.803922,7.505677,2e-06,0.040779,1.253807,0.065842,40.917542,15.575977,52.345725,0.82679,0.0,0.00716,164.206548,0.783854,0.0,0.018579,565.190623,0.511184,0.0,0.077127,664.971078,0.439006,0.0,0.119924,609.951187,0.401956,2e-05,0.095902,538.46294,0.32672,0.0,0.103152,388.339358,0.293555,0.0,0.065669,382.996392,0.263644,0.0,0.055221,273.329486,0.224909,0.0,0.04636,0.9842793,14,14,9,1.0
GP010571_frame_001050_rain,GP010571_frame_001050_ref,test,rain,real_rain,0,0,457.335916,0.457577,0.264568,0.780392,7.590292,0.000105,0.02815,1.271636,0.073431,45.071602,17.093658,35.010138,0.842389,0.0,0.002269,254.863664,0.686608,5.9e-05,0.035051,681.492708,0.559733,3.9e-05,0.094087,670.189051,0.449848,0.0,0.115385,754.13999,0.426399,2e-05,0.110129,568.251798,0.330096,0.0,0.110929,424.644081,0.298432,0.0,0.076076,527.534545,0.303698,0.000829,0.06776,219.749432,0.221502,0.0,0.045043,0.9865556,17,13,11,0.7647
GP010572_frame_000027_rain,GP010572_frame_000027_ref,test,rain,real_rain,0,0,754.161588,0.368315,0.327493,0.92549,7.097556,0.064233,0.114131,1.888379,0.06322,47.290733,17.103895,290.002627,0.849848,0.271185,0.03482,1125.085442,0.804493,0.250146,0.056762,2007.35346,0.155472,0.00241,0.093052,551.318439,0.351385,0.025538,0.071039,1041.338933,0.405702,0.027274,0.088593,612.056761,0.107317,6.8e-05,0.055826,270.742932,0.253419,0.000313,0.04153,464.120504,0.205507,0.001386,0.060148,443.621323,0.182514,2e-05,0.065457,0.9587829,3,3,0,1.0
GP010572_frame_000047_rain,GP010572_frame_000047_ref,test,rain,real_rain,0,0,726.064396,0.444766,0.346293,0.909804,7.14674,0.071697,0.059896,1.797913,0.066625,48.486443,15.953657,221.942133,0.825437,0.29687,0.034967,193.019566,0.940277,0.172902,0.01654,2326.783026,0.515493,0.112471,0.14232,354.542845,0.405678,0.011757,0.049961,1056.915675,0.438837,0.02097,0.086963,1420.757549,0.225471,0.029986,0.115525,239.586619,0.222262,0.000538,0.038067,455.561033,0.250013,0.0,0.061036,286.372248,0.1797,0.0,0.050381,0.9779782,5,5,2,1.0
GP010572_frame_000054_rain,GP010572_frame_000054_ref,test,rain,real_rain,0,0,804.893343,0.380628,0.297693,0.901961,7.445753,0.035131,0.068016,2.115338,0.09722,58.592468,15.380194,783.205555,0.585304,0.165571,0.142938,631.841316,0.838085,0.1379,0.056782,2877.567568,0.438967,0.000127,0.228298,768.295992,0.283036,2e-05,0.155174,829.96069,0.419071,0.009338,0.0899,318.824473,0.142112,0.0,0.038037,599.195933,0.29153,0.003042,0.090053,394.93057,0.277663,0.000332,0.061085,73.474161,0.14992,0.0,0.010402,0.9793717,7,7,2,1.0
GP010572_frame_000060_rain,GP010572_frame_000060_ref,test,rain,real_rain,0,0,813.033225,0.323616,0.317654,0.964706,7.062209,0.102412,0.244619,1.937764,0.068958,49.842838,12.606066,579.938466,0.744003,0.339769,0.075831,2782.264566,0.643569,0.451913,0.130874,1238.347549,0.110678,0.000625,0.083333,538.902709,0.260541,0.000401,0.090532,974.248879,0.443796,0.128376,0.101981,536.987599,0.071299,1e-05,0.044116,248.484834,0.252458,0.0,0.042293,405.699527,0.318125,0.000693,0.045531,37.255826,0.068746,0.0,0.004098,0.97296077,5,5,2,1.0
GP010572_frame_000066_rain,GP010572_frame_000066_ref,test,rain,real_rain,0,0,376.484545,0.370832,0.329743,0.937255,6.731645,0.162348,0.143517,1.302496,0.048475,34.485256,12.365806,443.409077,0.833201,0.638478,0.046723,394.288053,0.789371,0.689442,0.03065,98.731035,0.109769,0.0,0.009036,551.199864,0.300342,0.000333,0.123171,899.209414,0.434932,0.130084,0.087276,15.250059,0.072005,0.0,0.000439,487.281405,0.31134,0.001242,0.073171,437.981895,0.354308,0.001913,0.05284,79.291987,0.133,0.0,0.011514,0.9548768,9,9,2,1.0
GP010572_frame_000072_rain,GP010572_frame_000072_ref,test,rain,real_rain,0,0,645.130624,0.36278,0.314646,0.952941,7.181281,0.112843,0.149486,1.874896,0.067367,47.673664,11.584741,670.295504,0.633181,0.281211,0.102074,934.845684,0.641857,0.493257,0.070892,993.747602,0.15952,0.001288,0.083763,584.905826,0.401584,0.056534,0.090933,1356.114244,0.491095,0.182923,0.098263,300.555472,0.092062,0.000254,0.016442,475.878567,0.35107,0.0,0.079734,449.310682,0.403627,0.000117,0.054889,53.903002,0.091722,0.0,0.007045,0.9929042,1,1,1,1.0
GP010572_frame_000077_rain,GP010572_frame_000077_ref,test,rain,real_rain,0,0,692.013509,0.550025,0.280488,0.772549,7.593671,0.004661,0.016953,1.757112,0.078282,49.404865,15.032628,1199.960243,0.699049,0.015826,0.11518,115.405148,0.897183,0.025888,0.010792,345.497331,0.827569,0.0,0.032963,913.801499,0.372471,0.0,0.119425,799.083534,0.610195,0.0,0.079586,2101.640912,0.529244,0.0,0.203591,211.499442,0.271907,0.0,0.039212,313.624647,0.391932,0.000244,0.045648,260.893253,0.349962,0.0,0.056333,0.9890057,4,4,7,1.0
GP010572_frame_000082_rain,GP010572_frame_000082_ref,test,rain,real_rain,0,0,626.149358,0.435986,0.289024,0.803922,7.625828,0.000234,0.064323,1.700068,0.070578,47.535629,14.929802,514.783458,0.539565,0.0,0.053042,7.642584,0.851626,0.0,0.0,1469.163501,0.476144,0.0,0.13305,621.760025,0.265788,0.0,0.082482,549.940328,0.559058,3.9e-05,0.059026,1462.106034,0.410872,0.0,0.133997,273.083228,0.224652,0.000147,0.049834,452.53341,0.315248,0.001922,0.058929,310.979731,0.28027,0.0,0.062539,0.98370534,10,9,6,0.9
GP010572_frame_000088_rain,GP010572_frame_000088_ref,test,rain,real_rain,0,0,532.975901,0.463955,0.289926,0.811765,7.644636,5.1e-05,0.066007,1.440555,0.060149,41.520332,16.220011,1450.43743,0.535011,4.9e-05,0.125675,81.663346,0.85633,0.0,0.010051,148.905532,0.77403,0.0,0.008411,839.888905,0.259558,0.0,0.098777,446.767769,0.542131,0.0,0.050029,993.81343,0.412592,0.0,0.102215,228.265762,0.22797,0.0,0.046401,350.1447,0.322199,0.00041,0.048078,273.314389,0.24491,0.0,0.05001,0.972767,5,5,3,1.0
GP010572_frame_000093_rain,GP010572_frame_000093_ref,test,rain,real_rain,0,0,403.945338,0.459433,0.281566,0.8,7.716401,5.1e-05,0.053811,1.269363,0.056029,38.389206,17.576946,479.741998,0.550726,0.0,0.072741,78.091434,0.851048,0.0,0.007094,514.829791,0.655986,0.0,0.057436,528.601117,0.34796,0.0,0.085749,399.67069,0.530087,0.0,0.050156,803.136047,0.456195,0.0,0.086661,77.059898,0.145442,0.0,0.014955,418.082085,0.307204,0.000459,0.056157,358.667985,0.289469,0.0,0.070706,0.9836501,3,3,5,1.0
GP010572_frame_000098_rain,GP010572_frame_000098_ref,test,rain,real_rain,0,0,283.675349,0.465309,0.295682,0.811765,7.60078,0.000144,0.063026,1.116698,0.040308,29.355236,20.0653,298.54224,0.758825,2e-05,0.030908,91.795927,0.859991,0.0,0.011056,87.597681,0.531667,0.0,0.01655,437.160669,0.268155,0.0,0.053355,448.383145,0.589441,1e-05,0.057621,279.847112,0.402133,0.000224,0.04315,209.277763,0.233984,3.9e-05,0.038273,371.81169,0.302735,0.001005,0.055972,342.555198,0.240536,0.0,0.053435,0.9891164,3,3,5,1.0
GP010572_frame_000118_rain,GP010572_frame_000118_ref,test,rain,real_rain,0,0,427.894456,0.520251,0.269622,0.768627,7.576444,0.0,0.043559,1.387143,0.053666,34.202332,19.110235,239.319336,0.758933,0.0,0.029626,41.461485,0.835156,0.0,0.004596,15.478142,0.778961,0.0,0.000664,759.080448,0.383166,0.0,0.093378,889.426685,0.566868,0.0,0.087763,500.757287,0.5887,0.0,0.068521,237.275199,0.273229,0.0,0.036718,675.93513,0.228239,0.0,0.089325,503.556442,0.268667,0.0,0.069877,0.9669499,6,5,1,0.8333
GP010572_frame_000130_rain,GP010572_frame_000130_ref,test,rain,real_rain,0,0,363.483487,0.481235,0.274231,0.768627,7.563215,4.6e-05,0.035585,1.309812,0.043953,32.516773,10.271995,149.280045,0.779322,0.0,0.019484,38.943171,0.726342,0.000381,0.00845,146.862801,0.730942,0.0,0.013183,418.210105,0.477604,0.0,0.079059,434.131316,0.503577,0.0,0.058089,1479.251124,0.321075,0.0,0.112851,169.05022,0.266053,2.9e-05,0.030321,215.722464,0.294662,0.0,0.034621,235.62238,0.231726,0.0,0.035324,0.9680427,8,6,3,0.75
GP010572_frame_000136_rain,GP010572_frame_000136_ref,test,rain,real_rain,0,0,476.064836,0.40371,0.284802,0.815686,7.61965,0.000438,0.07502,1.527233,0.058479,40.469757,13.487549,18.570755,0.824073,0.0,0.002533,479.496428,0.693984,0.003415,0.041276,1201.008655,0.299703,0.0,0.133675,518.695401,0.476451,1e-05,0.094102,539.923346,0.443086,0.0,0.063037,969.427926,0.165406,0.0,0.098029,257.075607,0.29908,3.9e-05,0.041882,237.087528,0.273835,0.000478,0.037188,76.886137,0.158685,0.0,0.01088,0.96558285,6,5,4,0.8333
GP010572_frame_000142_rain,GP010572_frame_000142_ref,test,rain,real_rain,0,0,179.24344,0.57566,0.235239,0.705882,7.43662,0.000174,0.026434,0.853943,0.029865,21.284616,8.384138,167.406993,0.765329,0.0,0.016804,46.736631,0.835389,0.0,0.004703,2.281196,0.75438,0.0,0.0,189.575776,0.57588,0.0,0.041207,172.562293,0.654425,0.0,0.026971,147.071887,0.680708,0.0,0.019819,235.450117,0.294082,0.000196,0.042831,400.090979,0.318928,0.001366,0.055777,268.543845,0.301606,0.0,0.05886,0.9068095,7,7,7,1.0
GP010572_frame_000147_rain,GP010572_frame_000147_ref,test,rain,real_rain,0,0,202.744809,0.51991,0.253593,0.752941,7.454563,0.0,0.053444,0.970165,0.032943,23.322981,13.147156,183.113799,0.752208,0.0,0.020638,14.715805,0.807376,0.0,0.001825,11.136601,0.711872,0.0,0.000615,281.024752,0.501529,0.0,0.05803,216.61189,0.553806,0.0,0.036632,355.186581,0.581946,0.0,0.056538,176.111101,0.255235,0.0,0.029235,320.057697,0.282021,0.0,0.050849,273.737587,0.233079,0.0,0.040281,0.9746057,8,5,6,0.625
GP010572_frame_000167_rain,GP010572_frame_000167_ref,test,rain,real_rain,0,0,364.200785,0.506801,0.260511,0.705882,7.377057,4.1e-05,0.014654,1.433807,0.051548,32.771721,13.71732,156.467478,0.771668,0.0,0.019982,43.124589,0.839951,0.0,0.004986,13.810557,0.752078,0.0,0.000537,563.686119,0.415746,0.0,0.095178,447.36694,0.580511,0.0,0.060217,843.616125,0.383884,0.0,0.118423,276.637162,0.284376,2e-05,0.037236,592.075839,0.327601,0.000351,0.067311,351.530891,0.205281,0.0,0.056792,0.97735715,9,8,3,0.8889
GP010572_frame_000178_rain,GP010572_frame_000178_ref,test,rain,real_rain,0,0,1040.785895,0.440938,0.277482,0.784314,7.610489,0.000332,0.030101,2.306688,0.096075,61.882427,16.257013,212.955143,0.854177,0.0,0.032189,933.925386,0.744929,0.001415,0.064227,3751.03416,0.395111,0.001454,0.265164,605.590064,0.450018,6.8e-05,0.101809,1399.359661,0.414056,0.0,0.134963,1734.269707,0.374743,0.0,0.150995,170.74666,0.229865,0.0,0.024707,234.43752,0.216099,4.9e-05,0.026327,359.742954,0.289937,0.0,0.060402,0.96462184,6,3,10,0.5
GP010572_frame_000186_rain,GP010572_frame_000186_ref,test,rain,real_rain,0,0,1085.986039,0.517059,0.303075,0.85098,7.771407,0.011875,0.037948,2.2207,0.094817,66.113251,12.832997,32.985106,0.722635,0.089407,0.010886,1415.207424,0.86739,0.016169,0.103601,4222.258446,0.506461,0.000771,0.2629,477.882184,0.575504,0.0,0.083549,707.739198,0.693346,0.0,0.067252,1929.377664,0.445693,0.0,0.156665,211.174792,0.276137,0.0,0.040933,399.255362,0.349204,0.000654,0.054196,423.347879,0.217211,0.0,0.071233,0.97239166,12,10,8,0.8333
GP010572_frame_000737_rain,GP010572_frame_000737_ref,test,rain,real_rain,0,0,795.241184,0.464622,0.305097,0.85098,7.377539,0.023525,0.022012,1.775376,0.096066,60.54998,13.987162,2025.568147,0.593035,0.009576,0.16204,177.231005,0.923632,0.177918,0.024444,841.353309,0.851678,0.023946,0.08023,744.522446,0.346225,1e-05,0.124912,976.050134,0.325713,0.000117,0.130786,1102.497151,0.326201,2e-05,0.139032,366.190023,0.239365,0.0,0.055448,496.049969,0.251019,0.0,0.066013,466.747842,0.324227,0.0,0.078893,0.949757,8,7,7,0.875
GP010572_frame_000771_rain,GP010572_frame_000771_ref,test,rain,real_rain,0,0,465.277916,0.446298,0.322668,0.894118,7.510048,0.002875,0.076523,1.309042,0.06565,40.196198,11.467522,77.011772,0.893115,0.0,0.010847,267.675553,0.921783,0.025351,0.020326,682.49444,0.355039,0.000478,0.081489,803.728729,0.353193,0.0,0.131064,1024.259676,0.581549,2e-05,0.149961,344.63758,0.234896,0.0,0.044945,391.704937,0.211507,0.0,0.048865,465.089514,0.291048,1e-05,0.069214,164.032922,0.174824,0.0,0.03025,0.9683133,14,11,3,0.7857
GP010572_frame_000779_rain,GP010572_frame_000779_ref,test,rain,real_rain,0,0,403.082819,0.351468,0.280524,0.941176,7.099215,0.099837,0.091401,1.468393,0.068263,42.829826,15.07743,391.151526,0.35928,0.0,0.087461,510.169638,0.805115,0.669984,0.065535,602.762323,0.448481,0.162178,0.112783,225.592035,0.175541,0.0,0.047838,688.630143,0.498221,0.064286,0.110226,431.159971,0.25593,0.000703,0.081704,110.270799,0.155435,0.0,0.013879,442.018695,0.304768,0.000683,0.051366,245.887755,0.159589,0.0,0.039637,0.98687637,10,9,3,0.9
GP010572_frame_000785_rain,GP010572_frame_000785_ref,test,rain,real_rain,0,0,471.428378,0.437946,0.317327,0.901961,7.321858,0.07745,0.036733,1.388995,0.062192,42.254055,11.861608,846.58228,0.826145,0.157032,0.073327,126.362339,0.949091,0.52782,0.011797,471.892577,0.370417,0.011983,0.078581,545.163367,0.23684,2.9e-05,0.069562,978.745377,0.539944,1e-05,0.097658,546.833283,0.270536,0.0,0.07904,268.610276,0.235627,0.0,0.051594,304.443924,0.331309,0.0,0.045384,182.843814,0.181572,0.0,0.049941,0.970988,7,7,7,1.0
GP010572_frame_000790_rain,GP010572_frame_000790_ref,test,rain,real_rain,0,0,464.152862,0.342107,0.272909,0.882353,7.191049,0.005924,0.050749,1.472862,0.06989,44.966431,12.990974,754.521784,0.273,0.003609,0.093838,421.042013,0.870634,0.048546,0.035812,659.347996,0.434548,0.001132,0.119692,507.357805,0.202683,0.0,0.092185,661.457564,0.432422,0.0,0.076971,529.374122,0.271484,0.0,0.108226,178.823039,0.186872,0.0,0.027347,351.7972,0.274741,0.0,0.050215,130.018551,0.131723,0.0,0.021643,1.0,6,6,5,1.0
GP010572_frame_000795_rain,GP010572_frame_000795_ref,test,rain,real_rain,0,0,471.743903,0.336612,0.295808,0.94902,7.041432,0.093835,0.126123,1.575236,0.061885,39.758091,11.57087,446.061351,0.564333,0.316207,0.089456,1322.511025,0.730807,0.496058,0.104645,377.651903,0.274044,0.030786,0.0508,531.420083,0.352376,0.000225,0.096919,673.698298,0.343935,0.000654,0.069282,163.96896,0.116847,0.0,0.024756,506.971088,0.301231,0.000665,0.085221,224.499513,0.234552,0.0,0.032075,21.986504,0.111867,0.0,0.002596,0.9924676,4,3,2,0.75
GP010572_frame_000800_rain,GP010572_frame_000800_ref,test,rain,real_rain,0,0,350.8278,0.359508,0.30853,0.92549,6.729379,0.141769,0.065073,1.398849,0.053024,35.655247,9.64719,403.434535,0.372052,0.113576,0.086639,159.417356,0.985259,0.967379,0.010929,568.989944,0.39322,0.15966,0.051434,429.725599,0.238541,0.0,0.106406,900.203643,0.487514,0.034514,0.097336,84.824365,0.174853,0.0,0.007631,244.668315,0.191847,0.0,0.062725,338.880669,0.267796,5.9e-05,0.049112,44.344252,0.123847,0.0,0.002166,1.0,2,2,2,1.0
GP010572_frame_000806_rain,GP010572_frame_000806_ref,test,rain,real_rain,0,0,588.149547,0.315301,0.29699,0.921569,6.733021,0.102541,0.071577,1.648256,0.055404,41.280766,14.245081,1226.474834,0.782374,0.505203,0.117879,1362.883677,0.607282,0.417779,0.081655,736.685373,0.18783,0.000215,0.067974,319.917853,0.157517,0.0,0.055438,917.079986,0.326484,0.000137,0.071751,52.476265,0.119477,0.0,0.004489,291.073541,0.226508,0.0,0.046107,371.64055,0.320098,0.0,0.048907,25.317005,0.110655,0.0,0.001942,0.9758672,3,3,5,1.0
GP010572_frame_000826_rain,GP010572_frame_000826_ref,test,rain,real_rain,0,0,658.212645,0.366567,0.296866,0.933333,7.088689,0.115521,0.094878,1.895891,0.079249,50.215374,19.015095,1120.481529,0.497219,0.185612,0.155898,1408.58903,0.820479,0.596068,0.12902,772.342227,0.265365,0.011778,0.075195,826.273653,0.230418,0.001193,0.136395,994.247167,0.606056,0.244155,0.084807,167.555347,0.18497,0.0,0.017272,254.441608,0.204,0.0,0.046655,368.155035,0.368548,0.000507,0.058626,48.158867,0.121657,0.0,0.006079,0.9780513,3,3,4,1.0
GP010572_frame_000833_rain,GP010572_frame_000833_ref,test,rain,real_rain,0,0,608.434551,0.360269,0.313413,0.913725,7.223262,0.057731,0.094135,1.770647,0.062533,44.524326,11.876465,2433.967038,0.547234,0.080067,0.223709,229.589801,0.94461,0.419009,0.018365,814.917767,0.337718,0.020101,0.086583,251.062345,0.167809,0.0,0.03527,1078.345074,0.544538,6.8e-05,0.115818,197.30185,0.149084,0.0,0.021946,110.976691,0.150211,0.0,0.017547,318.935426,0.285181,0.000117,0.038847,64.61591,0.11553,0.0,0.003962,0.99152905,2,1,2,0.5
GP010572_frame_000868_rain,GP010572_frame_000868_ref,test,rain,real_rain,0,0,441.778654,0.412034,0.28656,0.843137,7.417333,3.8e-05,0.048092,1.488238,0.075356,45.889015,13.456954,288.660098,0.853009,0.0,0.045863,104.388648,0.79603,1e-05,0.01289,587.583089,0.268707,0.000127,0.109309,692.627321,0.366232,0.0,0.148073,855.073036,0.467864,0.0,0.110109,643.233142,0.241803,0.0,0.11531,272.683181,0.222809,0.0,0.057121,463.88666,0.31937,0.000205,0.054986,93.250185,0.17296,0.0,0.018472,0.98587483,5,5,4,1.0
GP010572_frame_000874_rain,GP010572_frame_000874_ref,test,rain,real_rain,0,0,462.021177,0.419774,0.268112,0.843137,7.499739,0.000252,0.049869,1.489836,0.072595,44.187843,11.547836,519.925293,0.522717,0.0,0.084712,278.526676,0.908945,0.000781,0.023351,655.546184,0.447313,2e-05,0.110012,462.02178,0.34652,0.0,0.092175,908.05062,0.529208,0.0,0.120999,384.07028,0.313194,0.0,0.072395,288.840981,0.189092,0.000655,0.041275,518.946991,0.32873,0.00081,0.07138,167.1743,0.191777,0.0,0.033275,0.98401284,9,9,4,1.0
GP010572_frame_000880_rain,GP010572_frame_000880_ref,test,rain,real_rain,0,0,399.696526,0.435099,0.282924,0.811765,7.401337,0.0,0.03219,1.453827,0.062784,38.862862,13.706976,466.202428,0.836708,0.0,0.054675,72.958479,0.794615,0.0,0.014949,538.959315,0.497832,0.0,0.082816,634.661263,0.285686,0.0,0.089397,501.509309,0.395446,0.0,0.053298,772.94636,0.36574,0.0,0.137646,202.180718,0.241756,0.0,0.052387,208.932603,0.250225,0.0,0.035392,208.876854,0.248019,0.0,0.040964,0.9750549,5,4,2,0.8
GP010572_frame_000885_rain,GP010572_frame_000885_ref,test,rain,real_rain,0,0,380.324419,0.248084,0.25947,0.917647,6.804141,0.030762,0.196973,1.352438,0.038002,32.321163,12.538813,1207.140795,0.250989,0.000606,0.11829,588.861009,0.742674,0.275722,0.046409,169.258363,0.129671,0.0,0.018394,302.734072,0.11817,0.0,0.032169,715.061114,0.358158,0.000312,0.063827,27.938214,0.060093,0.0,0.003523,117.547017,0.157032,0.0,0.018838,245.728984,0.250555,0.0,0.030786,58.303149,0.164907,0.0,0.009173,0.9751937,2,2,2,1.0
GP010572_frame_000890_rain,GP010572_frame_000890_ref,test,rain,real_rain,0,0,284.508044,0.345211,0.317751,0.945098,6.983223,0.104533,0.158743,1.108525,0.036138,30.151846,11.090204,235.590278,0.846702,0.48035,0.039388,766.399246,0.577449,0.376512,0.06936,79.546757,0.083957,0.0,0.007153,647.909496,0.552665,0.046342,0.100205,389.352006,0.24375,0.038095,0.036427,41.033509,0.071525,0.0,0.004176,291.547887,0.370416,0.0,0.053707,90.642531,0.210763,0.0,0.011817,32.352012,0.151391,0.0,0.001698,0.9778749,4,2,1,0.5
GP010572_frame_000895_rain,GP010572_frame_000895_ref,test,rain,real_rain,0,0,340.10173,0.448781,0.334308,0.901961,6.794032,0.196272,0.035061,1.252233,0.041733,31.644733,10.741376,645.013006,0.590662,0.294924,0.070207,242.179584,0.962515,0.85042,0.017623,371.438834,0.790439,0.612422,0.047619,217.085086,0.304058,0.0,0.044513,798.915448,0.504344,0.001981,0.080952,328.187458,0.201962,0.006011,0.04232,80.392821,0.207237,0.0,0.015033,310.152178,0.306436,0.0,0.045599,80.068357,0.1708,0.0,0.009182,0.98060054,3,3,2,1.0
GP010572_frame_000901_rain,GP010572_frame_000901_ref,test,rain,real_rain,0,0,504.175619,0.403105,0.313896,0.898039,7.356969,0.024938,0.056928,1.694796,0.068998,43.86153,13.7728,1035.510135,0.624844,0.020804,0.097222,119.35896,0.867314,0.20119,0.01611,1057.3137,0.44927,0.002254,0.127059,652.177237,0.291058,2.9e-05,0.07632,642.736348,0.50641,2.9e-05,0.084504,478.558595,0.195199,0.0,0.107484,158.22187,0.226018,0.0,0.036101,257.150261,0.32193,1e-05,0.041423,157.376421,0.145745,0.0,0.031372,0.978443,1,1,2,1.0
GP010572_frame_000906_rain,GP010572_frame_000906_ref,test,rain,real_rain,0,0,417.936349,0.372993,0.308445,0.870588,7.205396,4.6e-05,0.059705,1.444873,0.046618,35.177402,11.699636,721.700724,0.575234,5.9e-05,0.077162,22.305269,0.910893,0.0,0.004303,750.201436,0.479027,2e-05,0.093696,515.274575,0.177376,0.0,0.05403,1048.911606,0.438641,0.0,0.091208,259.201392,0.188201,0.0,0.037539,136.349088,0.156404,0.0,0.023151,293.927985,0.278123,0.000332,0.034114,39.292205,0.152548,0.0,0.003571,0.95640814,8,8,6,1.0
GP010572_frame_000911_rain,GP010572_frame_000911_ref,test,rain,real_rain,0,0,945.362946,0.329852,0.25303,0.87451,7.344115,0.023085,0.065669,2.128677,0.074954,56.716236,9.79516,1486.501952,0.440324,0.041862,0.105125,2603.032897,0.498025,0.161114,0.129655,1438.829821,0.287003,0.004167,0.101981,657.602342,0.289861,0.000391,0.085211,1312.136208,0.520378,0.0,0.101073,489.623003,0.224321,0.000146,0.073849,180.916109,0.216567,0.0,0.023817,317.146044,0.337892,2e-05,0.042584,52.71849,0.154201,0.0,0.009055,1.0,3,2,8,0.6667
GP010572_frame_000916_rain,GP010572_frame_000916_ref,test,rain,real_rain,0,0,567.665134,0.4603,0.328743,0.858824,7.258658,0.000216,0.028867,1.608436,0.056069,42.306641,12.481815,463.757098,0.819078,0.000538,0.04733,77.068364,0.935411,7.8e-05,0.007923,1310.190904,0.45387,0.000468,0.076298,500.300652,0.341591,0.0,0.066716,876.808489,0.468733,0.0,0.078044,931.403528,0.348409,2.9e-05,0.078357,293.298104,0.242636,0.0,0.048983,369.237925,0.305158,0.000829,0.042994,303.695902,0.227865,0.0,0.056616,0.9581804,6,6,2,1.0
GP010573_frame_000001_rain,GP010573_frame_000001_ref,test,rain,real_rain,0,0,152.679751,0.49998,0.275622,0.819608,7.64047,0.0,0.041322,0.846382,0.037027,28.08914,9.915011,3.46379,0.67009,0.0,0.0,60.798361,0.829601,0.0,0.005299,3.957438,0.877042,0.0,0.001083,155.906631,0.408605,0.0,0.052445,222.850246,0.525564,0.0,0.044945,156.121512,0.431299,0.0,0.049239,200.836973,0.226407,0.0,0.050528,229.232347,0.289846,0.0,0.033402,347.628419,0.240912,0.0,0.092906,0.969942,8,8,9,1.0
GP010573_frame_000025_rain,GP010573_frame_000025_ref,test,rain,real_rain,0,0,897.93558,0.422084,0.245648,0.807843,7.715439,0.000116,0.04338,2.354674,0.126777,68.049957,17.06093,1578.392778,0.460716,0.0,0.224472,242.943968,0.814112,0.0,0.032797,506.780473,0.474894,0.0,0.116071,1327.085729,0.428298,0.0,0.168975,1114.050177,0.432716,0.0,0.170297,774.337217,0.359758,0.0,0.133724,815.657422,0.286493,0.0,0.101369,832.183896,0.286257,0.001044,0.076961,950.40194,0.255302,0.0,0.112158,0.8748627,11,9,1,0.8182
GP010573_frame_000039_rain,GP010573_frame_000039_ref,test,rain,real_rain,0,0,500.417653,0.332389,0.26308,0.941176,7.118717,0.088994,0.096497,1.802738,0.083692,47.389488,8.669426,879.012269,0.323058,0.0,0.157081,430.31357,0.815527,0.617301,0.058304,416.776171,0.298615,0.0,0.077244,715.494716,0.251744,1e-05,0.117645,969.230399,0.489314,0.183011,0.138681,219.957388,0.188658,0.0,0.048126,300.542364,0.172155,0.0,0.054802,392.50041,0.256688,0.0,0.061251,203.509113,0.195155,0.0,0.035012,0.9850884,2,2,3,1.0
GP010573_frame_000088_rain,GP010573_frame_000088_ref,test,rain,real_rain,0,0,543.970891,0.374182,0.301744,0.921569,6.998847,0.12621,0.056953,1.651466,0.073799,46.94886,8.038814,570.908789,0.486715,0.208196,0.109546,405.365639,0.915788,0.802586,0.039432,922.396894,0.370729,0.001347,0.113964,486.746702,0.226863,0.034145,0.073934,897.971157,0.534375,0.089256,0.100381,564.355915,0.272818,1e-05,0.085021,353.260143,0.169878,0.0,0.042263,569.102309,0.247873,0.0,0.074385,153.976356,0.142041,2.9e-05,0.020433,0.9601838,2,2,1,1.0
GP010573_frame_000102_rain,GP010573_frame_000102_ref,test,rain,real_rain,0,0,339.674711,0.442493,0.354491,0.894118,7.02585,0.051684,0.041179,1.131255,0.038638,33.779652,7.98214,325.154603,0.865425,0.042733,0.025587,286.043685,0.901809,0.299639,0.019506,554.120452,0.815246,0.122346,0.057289,383.85427,0.225464,0.0,0.054842,468.949374,0.2843,0.000127,0.053903,413.324085,0.36958,0.0,0.046507,95.08565,0.142231,0.0,0.009986,201.608419,0.185734,0.0,0.030113,343.583592,0.192425,4.9e-05,0.049024,0.94101363,13,12,6,0.9231
GP010573_frame_000142_rain,GP010573_frame_000142_ref,test,rain,real_rain,0,0,593.607522,0.357582,0.29079,0.952941,7.273918,0.095324,0.135901,1.843947,0.089519,51.459877,12.083532,419.85122,0.23284,0.0,0.096097,304.804586,0.8552,0.69595,0.044828,1276.159096,0.581988,0.129059,0.181645,568.590082,0.163776,0.000342,0.069151,1083.42538,0.493331,0.031899,0.149522,774.920145,0.289184,0.0,0.131079,119.248758,0.153368,0.0,0.020921,471.797436,0.278815,0.0,0.053484,345.14787,0.16851,0.0,0.055094,0.9930741,14,13,2,0.9286
GP010573_frame_000152_rain,GP010573_frame_000152_ref,test,rain,real_rain,0,0,427.657325,0.372278,0.288581,0.945098,7.236152,0.096813,0.118704,1.491929,0.068825,44.474052,12.969632,399.603868,0.337736,0.0,0.102475,421.22201,0.80266,0.656704,0.047043,605.926571,0.572683,0.135724,0.095355,429.802153,0.323358,0.000284,0.076809,585.075456,0.475712,0.077664,0.097209,559.676793,0.318418,0.000263,0.075166,166.374892,0.13058,0.0,0.031426,375.010204,0.254697,0.0,0.045648,328.469695,0.1339,0.0,0.043384,0.959865,7,4,2,0.5714
GP010573_frame_000168_rain,GP010573_frame_000168_ref,test,rain,real_rain,0,0,605.76064,0.359822,0.246959,0.85098,7.59552,1.8e-05,0.126806,1.908952,0.088963,50.124672,13.72911,524.564806,0.386955,0.0,0.096234,346.498636,0.776277,6.8e-05,0.042818,1163.045011,0.368042,0.0,0.140652,551.173847,0.294491,0.0,0.084967,1295.883681,0.491551,9.8e-05,0.179079,741.95099,0.314364,0.0,0.127039,246.453683,0.176734,0.0,0.039319,381.584324,0.305983,0.0,0.046263,221.79199,0.123482,0.0,0.038759,1.0,6,6,6,1.0
GP010573_frame_000178_rain,GP010573_frame_000178_ref,test,rain,real_rain,0,0,799.740104,0.356464,0.261935,0.882353,7.566482,0.000146,0.127265,2.329901,0.109812,60.146839,15.261412,713.066769,0.276905,0.0,0.121,688.412012,0.753421,0.000176,0.081265,1319.427164,0.402666,3.9e-05,0.168735,595.52184,0.258054,0.0,0.094131,1502.323029,0.561567,0.000947,0.183763,856.897304,0.304101,0.0,0.142359,327.752556,0.109396,0.0,0.050284,719.430322,0.358917,0.0,0.073429,503.056439,0.182153,0.000156,0.068862,0.9580539,13,11,4,0.8462
GP010573_frame_000185_rain,GP010573_frame_000185_ref,test,rain,real_rain,0,0,413.552754,0.418072,0.260408,0.831373,7.753143,8.9e-05,0.054983,1.52332,0.082609,48.321877,12.059484,367.522055,0.295153,0.0,0.100068,262.576524,0.69557,2.9e-05,0.043452,281.306719,0.599916,0.0,0.089959,309.340023,0.223093,0.0,0.069073,802.169784,0.572243,0.000712,0.130464,568.177539,0.510268,5.9e-05,0.126542,207.120603,0.143929,0.0,0.042371,420.884656,0.389669,0.0,0.054996,520.925915,0.331416,0.0,0.081235,0.9714735,8,6,3,0.75
GP010573_frame_000192_rain,GP010573_frame_000192_ref,test,rain,real_rain,0,0,692.925493,0.403319,0.267545,0.815686,7.599647,4.3e-05,0.064632,2.086055,0.090795,52.054817,14.816902,694.206764,0.335157,2e-05,0.118603,494.764057,0.739953,0.0,0.059797,408.822798,0.652978,0.0,0.061885,614.746249,0.257521,4.9e-05,0.117743,1079.79795,0.566781,0.000322,0.116842,1756.738634,0.385136,0.0,0.179557,136.615681,0.170283,0.0,0.028032,529.276183,0.30367,0.0,0.05926,548.499994,0.217345,0.0,0.071916,0.9686308,6,5,7,0.8333
GP010573_frame_000199_rain,GP010573_frame_000199_ref,test,rain,real_rain,0,0,422.607536,0.452846,0.291988,0.8,7.382239,1e-06,0.067815,1.513771,0.059422,36.475437,22.374699,101.762253,0.777618,0.0,0.020442,1.238348,0.800405,0.0,0.0,884.416578,0.35054,0.0,0.137959,1061.676535,0.426663,0.0,0.156719,477.858145,0.743277,0.0,0.045443,396.684578,0.144593,0.0,0.043247,141.896857,0.251251,0.0,0.023777,394.434723,0.43289,1e-05,0.050986,359.820451,0.148608,0.0,0.052654,0.9656401,4,4,4,1.0
GP010573_frame_000208_rain,GP010573_frame_000208_ref,test,rain,real_rain,0,0,422.395695,0.493635,0.231474,0.682353,7.341208,7e-06,0.042947,1.399326,0.055148,36.829853,16.800411,88.95391,0.704774,0.0,0.01204,7.791901,0.669776,0.0,0.0,461.008579,0.605626,0.0,0.052966,915.404059,0.416121,0.0,0.128727,217.36685,0.68028,0.0,0.030133,1173.510884,0.395425,0.0,0.140135,134.076829,0.274121,0.0,0.020687,393.759325,0.430264,5.9e-05,0.04636,433.472595,0.266123,0.0,0.063544,0.9765004,5,4,1,0.8
GP010573_frame_000228_rain,GP010573_frame_000228_ref,test,rain,real_rain,0,0,490.04668,0.533894,0.201216,0.576471,7.073961,0.0,0.002538,1.280815,0.057408,39.00914,20.990625,149.441604,0.653238,0.0,0.026291,6.331274,0.687596,0.0,0.000507,26.856615,0.717869,0.0,0.005406,985.674746,0.561246,0.0,0.105644,952.542029,0.635286,0.0,0.082923,1045.314129,0.534668,0.0,0.123741,473.177005,0.321114,0.0,0.063595,380.237689,0.357098,0.0,0.050947,422.336721,0.336778,0.0,0.056313,0.93025535,4,2,0,0.5
GP010573_frame_000248_rain,GP010573_frame_000248_ref,test,rain,real_rain,0,0,599.320629,0.453159,0.300316,0.882353,7.813473,0.001861,0.078519,1.506556,0.056579,41.894558,14.911076,5.758846,0.712813,0.0,4.9e-05,65.144652,0.901714,0.0,0.005211,2258.477201,0.588861,0.016354,0.140222,700.69717,0.45805,0.0,0.081612,1105.663407,0.442705,0.000117,0.103601,518.694863,0.368331,1e-05,0.057582,292.023559,0.205139,0.000117,0.049824,327.450546,0.173061,0.000137,0.037432,147.322499,0.227799,0.0,0.031518,0.9547845,8,7,4,0.875
GP010573_frame_000268_rain,GP010573_frame_000268_ref,test,rain,real_rain,0,0,469.955647,0.461515,0.330313,0.886275,7.454883,0.057841,0.024321,1.376609,0.063568,41.477627,9.108489,416.148225,0.707715,0.0,0.05179,858.331646,0.815955,0.045726,0.091091,173.469155,0.954798,0.473058,0.036534,437.603542,0.274862,0.0,0.064026,884.623461,0.283751,2e-05,0.09436,475.994696,0.409195,0.0,0.072365,178.840282,0.206093,6.8e-05,0.024707,346.317906,0.227086,0.00119,0.050703,480.173552,0.273725,9.8e-05,0.083782,0.99168885,6,6,1,1.0
GP010573_frame_000276_rain,GP010573_frame_000276_ref,test,rain,real_rain,0,0,456.798211,0.268168,0.326287,0.976471,6.476014,0.111903,0.405318,1.19864,0.044359,34.450722,7.925368,204.375332,0.915013,0.692234,0.027416,909.949062,0.461549,0.308216,0.054469,1093.691922,0.12218,0.002254,0.073312,366.473827,0.255717,0.0,0.079851,863.615086,0.212946,0.000244,0.085187,6.931858,0.029303,0.0,0.000468,247.788523,0.185201,0.001242,0.036356,413.772928,0.190955,0.003776,0.039442,15.62003,0.041942,0.0,0.001522,0.9501361,4,3,2,0.75
GP010573_frame_000289_rain,GP010573_frame_000289_ref,test,rain,real_rain,0,0,440.951281,0.276538,0.269535,0.968627,6.875556,0.08547,0.180432,1.440768,0.056416,37.207344,11.393339,394.09255,0.267363,0.003815,0.062559,681.633509,0.772761,0.615769,0.0754,600.289034,0.191537,0.001356,0.052332,448.168728,0.224188,0.0,0.093936,1153.279567,0.472875,0.143931,0.134787,114.951099,0.086882,0.002762,0.016911,118.363675,0.187152,0.0,0.019757,384.281456,0.177271,0.001005,0.036934,90.623604,0.108464,0.0,0.010753,0.9741898,1,1,0,1.0
GP010573_frame_000309_rain,GP010573_frame_000309_ref,test,rain,real_rain,0,0,483.466972,0.290034,0.269759,0.968627,6.95567,0.081434,0.159335,1.549218,0.063664,39.55257,12.533007,478.388257,0.286408,0.007541,0.068007,706.415981,0.776559,0.618716,0.079176,645.260399,0.189164,0.000322,0.074366,603.293705,0.28058,0.0,0.117674,1059.455124,0.467346,0.102332,0.12542,129.53069,0.086564,0.0,0.027469,166.049163,0.229151,0.0,0.018652,459.296059,0.186374,0.003445,0.041891,123.844419,0.10799,0.0,0.015623,0.97690165,3,3,1,1.0
GP010573_frame_000369_rain,GP010573_frame_000369_ref,test,rain,real_rain,0,0,427.833004,0.385091,0.278631,0.921569,7.231172,0.089275,0.059989,1.368535,0.063239,42.74839,10.229096,374.548,0.471309,0.139593,0.088752,270.165132,0.908046,0.652713,0.02419,646.551593,0.404137,0.000468,0.072014,479.383902,0.265389,0.0,0.083842,808.699343,0.520009,7.8e-05,0.123273,327.566559,0.219135,0.0,0.040544,337.762799,0.214329,0.002641,0.04421,474.236852,0.293719,0.007689,0.056167,150.416501,0.169267,0.0,0.033021,0.9740274,3,3,1,1.0
GP010573_frame_000378_rain,GP010573_frame_000378_ref,test,rain,real_rain,0,0,459.991478,0.367683,0.27743,0.94902,7.256984,0.085161,0.097816,1.566847,0.064143,42.639072,11.03483,424.802119,0.28997,0.028335,0.078922,260.357871,0.919995,0.724893,0.025117,811.342475,0.45541,0.01129,0.086944,366.912254,0.272887,0.0,0.05625,750.626086,0.472031,0.000137,0.11936,542.704242,0.322178,2.9e-05,0.058216,294.475255,0.226804,2e-05,0.046459,526.471233,0.227964,0.00121,0.060041,200.679982,0.12117,0.0,0.042477,0.9668477,12,12,2,1.0
GP010573_frame_000385_rain,GP010573_frame_000385_ref,test,rain,real_rain,0,0,425.429407,0.309978,0.265336,0.94902,7.13665,0.073982,0.137185,1.556083,0.061046,39.401566,9.68859,917.89474,0.484081,0.070872,0.1299,508.764137,0.70013,0.558802,0.058831,344.89435,0.198084,0.000703,0.059963,615.429581,0.277106,0.0,0.09865,766.39934,0.43162,0.033187,0.111036,148.381235,0.154056,3.9e-05,0.022453,205.284921,0.188083,0.0,0.033519,302.031273,0.23418,0.001883,0.029245,40.453554,0.122505,0.0,0.002879,0.97458994,2,2,4,1.0
GP010573_frame_000403_rain,GP010573_frame_000403_ref,test,rain,real_rain,0,0,359.967862,0.346364,0.298956,0.952941,6.956215,0.120036,0.152806,1.24603,0.047096,34.943417,12.376277,366.678481,0.572893,0.356289,0.046909,450.37497,0.804545,0.613212,0.047756,236.844564,0.182532,0.0,0.02378,618.241898,0.294811,0.011473,0.097144,738.317056,0.471319,0.098009,0.079557,62.441997,0.133769,0.0,0.006938,305.130099,0.215848,0.000156,0.045647,360.813728,0.261802,0.000995,0.053542,111.110468,0.179866,0.000205,0.018208,0.991306,3,3,1,1.0
GP010573_frame_000411_rain,GP010573_frame_000411_ref,test,rain,real_rain,0,0,478.002742,0.339905,0.262093,0.945098,7.035323,0.089967,0.101535,1.637168,0.067352,44.243813,12.573469,565.831905,0.326633,0.013312,0.099707,474.03784,0.816051,0.684738,0.044955,623.94878,0.338829,0.0,0.071243,474.42353,0.24271,0.0,0.091549,920.116802,0.516499,0.109895,0.114217,290.35656,0.175739,0.0,0.049268,187.839945,0.179793,0.0,0.033226,659.697608,0.284901,0.001161,0.073419,128.54964,0.177355,0.0,0.023107,0.9884916,5,5,6,1.0
GP010573_frame_000421_rain,GP010573_frame_000421_ref,test,rain,real_rain,0,0,357.49418,0.329296,0.278434,0.956863,7.059075,0.090653,0.138244,1.371305,0.049003,36.808598,14.958246,346.821454,0.34203,0.003648,0.057512,380.197927,0.8869,0.76897,0.035041,550.117217,0.347704,0.0,0.085461,236.243879,0.225488,0.000127,0.039906,557.78344,0.420548,0.042438,0.068023,240.174463,0.270364,0.0,0.033763,205.341311,0.145448,0.0,0.032522,530.717429,0.179384,6.8e-05,0.05848,193.806008,0.145156,0.0,0.027274,0.9856766,7,7,0,1.0
GP010573_frame_000485_rain,GP010573_frame_000485_ref,test,rain,real_rain,0,0,517.484434,0.375808,0.286312,0.909804,7.434338,0.050437,0.064543,1.508135,0.073525,46.515423,15.785233,481.312124,0.537311,0.066911,0.084908,369.190109,0.814869,0.383587,0.044926,469.241074,0.352968,0.0,0.088193,684.691996,0.307078,2e-05,0.107658,877.802287,0.503128,0.000107,0.105425,279.914669,0.19585,0.0,0.052937,729.472159,0.285777,0.00132,0.083764,698.779456,0.223617,0.001795,0.071946,96.389191,0.16168,0.0,0.018111,0.9950196,6,6,2,1.0
GP010573_frame_000505_rain,GP010573_frame_000505_ref,test,rain,real_rain,0,0,421.813966,0.351342,0.275209,0.913725,7.441852,0.047052,0.085602,1.399338,0.063176,43.348434,21.176165,443.755651,0.4264,0.005164,0.086708,292.865257,0.82847,0.413944,0.035539,456.247441,0.346942,0.0,0.080113,581.593728,0.274597,0.0,0.09642,734.992061,0.477587,9.8e-05,0.088359,249.006001,0.195895,0.0,0.040652,386.697206,0.23101,1e-05,0.058353,565.929478,0.218443,0.003932,0.059456,100.388856,0.16245,0.0,0.020199,1.0,7,7,0,1.0
GP010573_frame_000525_rain,GP010573_frame_000525_ref,test,rain,real_rain,0,0,668.611867,0.381599,0.324648,0.92549,7.355577,0.042886,0.149714,1.721525,0.062769,47.682961,17.121485,188.333737,0.804569,0.0116,0.019679,642.137198,0.914773,0.371848,0.030728,2134.157924,0.171681,0.001122,0.093091,557.234267,0.254858,0.0,0.077435,839.049244,0.483269,0.000234,0.101083,751.267054,0.219521,0.0,0.111905,271.822608,0.247396,0.0,0.0402,446.350227,0.211036,0.000898,0.048009,219.366525,0.127664,0.0,0.040457,0.9380964,5,5,2,1.0
GP010573_frame_000545_rain,GP010573_frame_000545_ref,test,rain,real_rain,0,0,311.628111,0.400483,0.315225,0.898039,7.326576,0.024038,0.071568,1.193258,0.048956,36.647766,15.418318,331.613783,0.571159,0.0,0.044885,157.50353,0.919851,0.212412,0.012373,289.456811,0.661008,0.003718,0.046116,344.498432,0.157329,0.0,0.049844,572.261685,0.420371,0.0,0.085178,496.399238,0.223822,2e-05,0.086329,178.209121,0.173045,2e-05,0.020295,265.232961,0.275814,0.0,0.042916,186.999525,0.201242,0.0,0.049132,0.96712893,2,2,3,1.0
GP010573_frame_000555_rain,GP010573_frame_000555_ref,test,rain,real_rain,0,0,445.340635,0.381423,0.264978,0.941176,7.386611,0.070238,0.080406,1.501824,0.070296,46.626606,12.470958,680.689365,0.475298,0.140317,0.111004,348.260596,0.848928,0.491442,0.035851,365.624657,0.404916,0.0,0.060343,521.882446,0.283973,0.0,0.085769,930.783312,0.496885,0.000195,0.146526,359.826626,0.211052,0.0,0.062383,198.872969,0.230242,0.0,0.032649,422.42126,0.305625,2e-05,0.05483,209.080768,0.175523,0.0,0.038593,0.9796039,12,9,5,0.75
GP010573_frame_000567_rain,GP010573_frame_000567_ref,test,rain,real_rain,0,0,481.923376,0.394976,0.2913,0.933333,6.994457,0.1346,0.072135,1.713367,0.071413,44.024269,12.774596,766.95121,0.517806,0.079235,0.130507,449.764931,0.782238,0.604879,0.057845,356.866711,0.723618,0.48064,0.055142,500.673384,0.232963,0.0,0.079978,764.255148,0.319274,0.011163,0.111573,607.861071,0.330872,0.03467,0.059709,212.583523,0.191868,4.9e-05,0.029529,255.433573,0.220763,0.0,0.035665,451.579106,0.234814,0.0,0.078357,0.9649421,4,4,6,1.0
GP010573_frame_000575_rain,GP010573_frame_000575_ref,test,rain,real_rain,0,0,316.846872,0.40332,0.271139,0.905882,7.095317,0.113037,0.038743,1.379183,0.057469,37.582855,13.546877,235.132563,0.297759,0.0,0.046293,215.667803,0.885336,0.737334,0.037129,404.947481,0.478278,0.082914,0.076483,160.472335,0.203896,0.000127,0.021821,649.054714,0.565052,0.196165,0.125732,458.74134,0.321939,0.0,0.078054,159.789244,0.204174,0.0,0.02991,312.965547,0.325247,0.0,0.047492,268.491647,0.347015,0.0,0.048995,0.96068084,5,4,1,0.8
GP010573_frame_000602_rain,GP010573_frame_000602_ref,test,rain,real_rain,0,0,498.816019,0.426222,0.272125,0.886275,7.323365,0.082462,0.022509,1.504049,0.073234,48.844822,13.168337,468.120982,0.572881,0.002367,0.075284,399.063651,0.769156,0.448429,0.054674,354.485851,0.680799,0.286241,0.053562,506.35139,0.316146,2e-05,0.073875,980.564368,0.471256,0.00445,0.12905,705.395429,0.398271,7.8e-05,0.1145,310.223913,0.182255,0.0,0.04599,446.069052,0.207974,0.0,0.0524,333.348674,0.236774,0.0,0.054986,0.9851517,6,2,3,0.3333
GP010573_frame_000622_rain,GP010573_frame_000622_ref,test,rain,real_rain,0,0,435.135611,0.368443,0.262117,0.921569,7.226511,0.081162,0.063911,1.44997,0.068622,45.735981,15.84695,505.435225,0.65725,0.230966,0.094131,705.075361,0.748188,0.498205,0.088427,316.193854,0.349088,0.0,0.059231,511.460954,0.349243,0.0,0.08706,972.370771,0.38502,0.00119,0.142008,221.859995,0.196717,0.0,0.040008,320.152986,0.208676,5.9e-05,0.046469,265.393863,0.252247,0.0,0.03711,124.817982,0.169813,1e-05,0.019526,0.9857682,4,4,3,1.0
GP010573_frame_000632_rain,GP010573_frame_000632_ref,test,rain,real_rain,0,0,494.609436,0.372447,0.283242,0.929412,7.104977,0.110055,0.078392,1.500477,0.070659,47.97509,17.823265,248.126311,0.258577,0.0,0.053717,614.995017,0.820816,0.68308,0.053679,595.092519,0.453721,0.102059,0.107699,188.381745,0.184286,0.000616,0.03438,1166.764064,0.512911,0.20323,0.136134,576.399017,0.333181,0.0,0.102352,185.729921,0.171043,0.0,0.023455,637.328353,0.428509,0.000742,0.074268,255.622648,0.187798,0.0,0.047102,0.9674593,12,12,5,1.0
GP010573_frame_000645_rain,GP010573_frame_000645_ref,test,rain,real_rain,0,0,648.321038,0.39007,0.302784,0.921569,7.31381,0.095281,0.068226,1.73106,0.081483,53.105583,20.040468,591.522315,0.830201,0.37365,0.05314,571.168917,0.780963,0.446028,0.059212,767.464243,0.371547,0.035402,0.111885,694.828511,0.234711,0.0,0.10489,1317.342196,0.40424,0.002586,0.144116,689.288094,0.217726,2e-05,0.077,403.417836,0.200612,2.9e-05,0.064192,508.689704,0.285226,2e-05,0.072482,317.058702,0.185628,0.0,0.042164,0.9576778,14,12,3,0.8571
GP010573_frame_000656_rain,GP010573_frame_000656_ref,test,rain,real_rain,0,0,527.186284,0.377926,0.292228,0.905882,7.401149,0.024666,0.079167,1.621325,0.072669,46.322773,15.620767,684.825916,0.379478,0.000499,0.123474,73.380789,0.9548,0.210744,0.004167,665.815034,0.434634,0.00161,0.101512,927.589969,0.197999,2.9e-05,0.115953,870.025398,0.4819,0.008938,0.093579,524.40195,0.257079,0.0,0.07178,191.77055,0.155586,0.0,0.031416,441.619249,0.256077,0.0,0.05322,397.77095,0.282847,0.0,0.056626,0.9744723,7,6,5,0.8571
GP010573_frame_000676_rain,GP010573_frame_000676_ref,test,rain,real_rain,0,0,698.727552,0.466958,0.316836,0.870588,7.170564,0.090981,0.015588,1.862242,0.085783,53.916656,25.321198,300.4816,0.879291,0.414065,0.048787,782.058891,0.551533,0.220541,0.089432,337.270867,0.80874,0.132982,0.038866,968.838365,0.474121,0.049677,0.129235,1156.425574,0.264974,0.001015,0.089725,819.957988,0.350892,0.000507,0.130221,588.16345,0.347678,0.0,0.083206,761.670438,0.27268,0.000137,0.089413,596.767281,0.253412,0.000351,0.068706,0.9743056,18,16,2,0.8889
GP010573_frame_000696_rain,GP010573_frame_000696_ref,test,rain,real_rain,0,0,666.873666,0.465479,0.317224,0.87451,7.225158,0.083241,0.018863,1.780135,0.086188,52.85421,25.733223,276.912524,0.867585,0.200499,0.049433,699.130697,0.558137,0.240262,0.093677,322.67368,0.8147,0.249161,0.039725,754.543901,0.45326,0.04509,0.112324,1120.462744,0.266321,0.01209,0.085002,762.231086,0.353662,0.00042,0.130006,522.532856,0.354353,0.0,0.077504,920.932005,0.288892,0.001044,0.104225,641.458403,0.233052,0.000595,0.079762,0.97437257,19,17,6,0.8947
GP010573_frame_000714_rain,GP010573_frame_000714_ref,test,rain,real_rain,0,0,474.94946,0.339498,0.311252,0.937255,7.095512,0.075881,0.116072,1.538502,0.05383,40.342041,17.56406,280.97153,0.560041,0.049619,0.047711,1001.951773,0.826771,0.615359,0.050517,785.676764,0.214613,0.001425,0.096155,514.994571,0.280603,0.0,0.071225,921.675655,0.437308,0.01611,0.07499,245.517489,0.134586,0.0,0.058733,193.963305,0.227996,0.0,0.034311,281.170451,0.287547,0.0,0.037139,70.07797,0.086132,0.0,0.010509,0.9837036,7,7,4,1.0
GP010573_frame_000728_rain,GP010573_frame_000728_ref,test,rain,real_rain,0,0,1945.389577,0.379222,0.270422,0.898039,7.269605,0.086372,0.035815,3.54389,0.142418,93.112877,23.044949,3157.897801,0.418096,0.03484,0.229431,2222.387244,0.795018,0.589549,0.11896,5309.295921,0.430876,0.037383,0.2601,1520.907204,0.301776,1e-05,0.183079,2641.65675,0.513483,0.108372,0.194106,1555.059641,0.273823,0.001395,0.141618,372.80311,0.220406,0.0,0.054108,641.603518,0.263525,0.004967,0.070238,162.105928,0.195532,0.000302,0.027293,0.94140327,9,8,4,0.8889
GP010573_frame_000748_rain,GP010573_frame_000748_ref,test,rain,real_rain,0,0,279.826928,0.482514,0.286923,0.85098,7.71738,0.00048,0.065799,1.03298,0.044084,30.27585,13.652622,33.895648,0.737504,0.0,0.00222,45.77092,0.899715,0.0,0.003913,230.90161,0.533315,0.0016,0.028327,410.780805,0.506415,0.0,0.084918,527.562126,0.60956,0.000322,0.076093,383.216012,0.315393,0.0,0.056499,224.587557,0.305838,0.0,0.037852,410.417908,0.290703,0.002391,0.065222,273.078161,0.14442,0.0,0.038486,0.9622776,5,5,5,1.0
GP010573_frame_000768_rain,GP010573_frame_000768_ref,test,rain,real_rain,0,0,410.37003,0.495845,0.273643,0.796078,7.632326,0.000434,0.032053,1.385753,0.057692,35.40395,12.612622,2.116872,0.781861,0.0,0.0,1.726161,0.862807,0.0,0.0,305.310578,0.550276,0.000205,0.055835,588.014768,0.49462,0.0,0.099922,537.090049,0.614351,0.0,0.072112,613.499438,0.439634,0.0,0.092838,499.503785,0.239111,0.000323,0.070061,868.326109,0.291902,0.003376,0.081216,293.685822,0.188107,0.0,0.043716,0.97712123,5,5,1,1.0
GP010573_frame_000788_rain,GP010573_frame_000788_ref,test,rain,real_rain,0,0,227.862738,0.521063,0.24427,0.694118,7.426008,0.000394,0.012515,1.049339,0.03889,27.143944,9.461305,126.007764,0.680293,0.0,0.028619,105.298653,0.767864,0.0,0.022082,11.638798,0.804271,0.0,0.0016,113.253832,0.52269,0.0,0.031299,515.122154,0.396562,0.0,0.084543,299.021413,0.578024,0.0,0.053786,198.611863,0.321217,0.000245,0.032023,518.363616,0.281577,0.003298,0.061944,175.873198,0.336975,0.0,0.032221,0.9753749,5,4,2,0.8
GP010573_frame_000794_rain,GP010573_frame_000794_ref,test,rain,real_rain,0,0,594.874205,0.359267,0.251168,0.847059,7.486165,0.001477,0.054544,1.833044,0.071602,47.009312,12.052137,217.81359,0.518689,0.000254,0.066461,984.419383,0.715209,0.012373,0.095463,1014.485261,0.234906,0.000273,0.092955,507.288176,0.402289,2e-05,0.12187,1425.510362,0.445984,2e-05,0.107309,557.615415,0.136587,0.0,0.055006,227.17427,0.252371,0.0,0.043457,327.654709,0.320785,0.000342,0.040857,119.270656,0.206812,0.0,0.017564,1.0,5,5,1,1.0
GP010573_frame_000799_rain,GP010573_frame_000799_ref,test,rain,real_rain,0,0,298.76391,0.493791,0.28832,0.815686,7.547506,0.00018,0.037868,1.062573,0.053669,34.972336,11.239451,269.735984,0.77034,0.0,0.046899,14.015632,0.851008,0.0,0.000703,26.62787,0.606589,0.0,0.004089,691.955105,0.344847,0.0,0.14284,334.914979,0.657402,0.0,0.051883,608.214978,0.378919,0.0,0.109495,251.789321,0.26547,0.000655,0.037754,289.4052,0.334054,0.000966,0.045931,219.695981,0.235259,0.0,0.040135,0.99048436,7,7,15,1.0
GP010573_frame_000804_rain,GP010573_frame_000804_ref,test,rain,real_rain,0,0,178.639482,0.426262,0.286243,0.796078,7.424412,0.0,0.042248,0.947674,0.034875,26.707607,9.167574,148.287809,0.34428,0.0,0.037969,69.519821,0.817223,0.0,0.020267,15.691184,0.795578,0.0,0.003152,399.945776,0.307272,0.0,0.099384,386.876193,0.599402,0.0,0.068999,229.870767,0.370173,0.0,0.036466,52.707167,0.205358,0.0,0.003658,233.736819,0.23712,0.0,0.030113,79.1367,0.158967,0.0,0.010246,0.9833585,0,0,1,
GP010573_frame_000837_rain,GP010573_frame_000837_ref,test,rain,real_rain,0,0,275.134587,0.469312,0.2906,0.784314,7.399124,0.0,0.033357,1.137753,0.040707,26.872921,10.849844,124.582049,0.427275,0.0,0.019298,14.159258,0.85386,0.0,8.8e-05,16.587998,0.735739,0.0,0.0,428.342902,0.258919,0.0,0.082981,344.166032,0.691621,0.0,0.040271,437.447774,0.634104,0.0,0.056157,73.574956,0.139157,0.0,0.00802,534.025151,0.205326,0.0,0.066364,514.197724,0.276441,0.0,0.091169,0.9913488,3,2,0,0.6667
GP010573_frame_000850_rain,GP010573_frame_000850_ref,test,rain,real_rain,0,0,310.171101,0.499035,0.286711,0.784314,7.491013,4e-06,0.025421,1.243584,0.049171,33.820007,13.290373,115.57518,0.768854,0.0,0.019611,109.400244,0.853435,0.0,0.021946,159.498437,0.798662,0.0,0.02096,534.859573,0.417236,0.0,0.091031,377.785372,0.374935,3.9e-05,0.051103,501.379248,0.434565,0.0,0.071721,188.142653,0.258159,0.0,0.030604,405.97243,0.257756,0.0,0.057797,415.776705,0.327594,0.0,0.075098,0.99249387,6,5,5,0.8333
GP010573_frame_000870_rain,GP010573_frame_000870_ref,test,rain,real_rain,0,0,483.349927,0.478987,0.300641,0.827451,7.523885,4.4e-05,0.009661,1.51102,0.06611,42.003582,17.688019,259.735719,0.860459,0.000362,0.044953,341.334815,0.738775,0.0,0.052157,425.729524,0.753358,0.0,0.050517,514.276826,0.341875,0.0,0.07721,717.523549,0.369921,0.0,0.078337,782.347665,0.44635,0.0,0.095502,340.325331,0.274979,0.0,0.063302,434.355249,0.256413,0.0,0.053005,548.791049,0.268847,3.9e-05,0.077391,0.9800986,4,3,1,0.75
GP010573_frame_000890_rain,GP010573_frame_000890_ref,test,rain,real_rain,0,0,321.043782,0.416743,0.32106,0.870588,7.421377,0.001029,0.049405,1.242985,0.049506,35.921898,8.729247,183.931469,0.710051,0.0,0.033725,223.135323,0.818198,0.007514,0.036417,380.673675,0.663977,0.001181,0.043657,511.419187,0.325835,0.0,0.097066,574.146896,0.420146,1e-05,0.054313,370.979251,0.167133,0.0,0.060109,327.367236,0.250287,0.00045,0.054274,172.486069,0.229533,9.8e-05,0.023644,170.768002,0.165613,0.0,0.038329,0.97424734,9,9,7,1.0
GP010573_frame_000896_rain,GP010573_frame_000896_ref,test,rain,real_rain,0,0,424.841849,0.331055,0.292298,0.862745,7.346595,0.002171,0.141147,1.40338,0.059242,41.390305,11.721586,523.303012,0.522426,1e-05,0.09956,443.51412,0.732984,0.017145,0.060158,1040.240011,0.204218,0.002264,0.096673,419.927217,0.19069,0.0,0.071626,654.61941,0.565859,0.0,0.061173,161.334572,0.107818,0.0,0.02458,156.376936,0.187766,0.0,0.032463,336.02162,0.311636,0.000107,0.053288,114.016337,0.155878,0.0,0.03146,0.99849355,8,7,1,0.875
GP010573_frame_000901_rain,GP010573_frame_000901_ref,test,rain,real_rain,0,0,231.782418,0.346229,0.337604,0.913725,6.970443,0.044715,0.146513,1.028673,0.031161,25.324411,11.230389,273.463871,0.650382,3.9e-05,0.029176,135.424377,0.912032,0.401639,0.008724,163.667045,0.170559,0.000361,0.029391,267.212814,0.167712,0.0,0.029333,531.510636,0.494224,3.9e-05,0.049405,150.920753,0.165462,0.0,0.030767,160.993694,0.152917,0.0,0.027758,329.833903,0.276966,3.9e-05,0.056665,94.02783,0.125647,0.0,0.015993,0.97046036,1,1,1,1.0
GP010573_frame_000911_rain,GP010573_frame_000911_ref,test,rain,real_rain,0,0,561.905383,0.504025,0.314953,0.866667,7.63968,0.002999,0.079916,1.494419,0.055677,41.856041,8.682882,228.792835,0.837256,0.0,0.026164,863.910751,0.768546,0.026386,0.058392,2286.042959,0.57637,0.000215,0.144565,279.036462,0.312028,0.0,0.045305,531.25533,0.649517,0.0,0.072531,147.574204,0.530829,0.0,0.023068,214.956748,0.267446,0.000225,0.03393,302.158505,0.338788,0.000146,0.047521,226.182988,0.255221,0.0,0.047151,0.971681,11,9,15,0.8182
GP010573_frame_000917_rain,GP010573_frame_000917_ref,test,rain,real_rain,0,0,304.037388,0.502183,0.294069,0.807843,7.443766,0.0,0.050144,1.155525,0.053258,32.825825,8.982205,165.064388,0.777787,0.0,0.023288,82.78705,0.845873,0.0,0.00848,2.17901,0.834474,0.0,0.0,438.782125,0.448988,0.0,0.061678,739.147535,0.489608,0.0,0.114793,389.572152,0.415598,0.0,0.0649,278.699645,0.286159,0.0,0.062862,243.58622,0.235921,0.0,0.042116,405.94461,0.185255,0.0,0.097746,0.9842379,10,9,10,0.9
GP010573_frame_000937_rain,GP010573_frame_000937_ref,test,rain,real_rain,0,0,389.31259,0.428917,0.306222,0.847059,7.363562,4.8e-05,0.028404,1.27961,0.052159,38.168972,13.679177,289.115499,0.505285,0.0,0.067694,629.583675,0.772845,0.000107,0.05283,20.69594,0.893159,0.0,0.0,337.192916,0.269195,0.0,0.082375,969.635431,0.270034,0.0,0.09639,555.823215,0.469853,0.0,0.055669,91.895551,0.186944,0.0,0.019171,341.581623,0.24724,7.8e-05,0.048126,280.333902,0.244939,0.000244,0.044116,0.96663463,11,10,5,0.9091
GP010573_frame_000944_rain,GP010573_frame_000944_ref,test,rain,real_rain,0,0,689.879465,0.30079,0.271015,0.898039,7.10179,0.038595,0.096627,1.750991,0.064029,49.906368,13.563387,1666.418889,0.248218,0.030233,0.132541,957.487272,0.55192,0.312968,0.078503,938.017377,0.670634,0.001395,0.070355,579.94788,0.125406,0.0,0.062911,864.98885,0.232593,0.002069,0.07298,741.702302,0.283286,0.0,0.067721,111.285934,0.16392,0.0,0.019621,129.881734,0.201755,0.000488,0.014617,251.832249,0.228522,0.0,0.05485,0.97487915,8,7,5,0.875
GP010573_frame_000950_rain,GP010573_frame_000950_ref,test,rain,real_rain,0,0,1766.450958,0.38942,0.278279,0.905882,7.449398,0.064086,0.04745,3.318198,0.123785,85.320045,14.854283,2504.060377,0.300251,0.041412,0.150186,4369.659833,0.672047,0.310831,0.223165,3585.144504,0.615618,0.08751,0.256235,1934.603742,0.315575,0.01472,0.150919,1596.082035,0.40546,0.118716,0.105679,1171.089334,0.319772,0.003181,0.101571,256.520446,0.31824,0.0,0.0348,284.78586,0.317305,8.8e-05,0.034797,282.010968,0.239967,0.0,0.055064,0.908654,0,0,1,
GP010573_frame_000964_rain,GP010573_frame_000964_ref,test,rain,real_rain,0,0,701.431306,0.405453,0.341168,0.882353,7.209987,4e-06,0.108753,1.637042,0.058251,43.399891,12.415197,2570.947894,0.398846,0.0,0.183236,302.624737,0.901008,3.9e-05,0.018326,56.819838,0.88881,0.0,0.003396,1506.714418,0.176297,0.0,0.112989,654.854075,0.497871,0.0,0.053913,800.083308,0.3362,0.0,0.087578,175.407307,0.169673,0.0,0.02859,233.048487,0.188946,0.0,0.031206,40.808528,0.090318,0.0,0.003581,0.9363281,3,3,1,1.0
GP010573_frame_000984_rain,GP010573_frame_000984_ref,test,rain,real_rain,0,0,1366.536474,0.399628,0.318974,0.941176,7.133714,0.137343,0.088473,2.852298,0.112092,75.874939,13.368196,1594.375219,0.823912,0.51696,0.15401,2367.288038,0.789795,0.53912,0.151239,3065.518533,0.262558,0.00405,0.181674,1560.749834,0.437166,0.123875,0.13929,2019.739329,0.412146,0.052117,0.153074,922.155388,0.177316,2e-05,0.098039,301.328205,0.304785,0.0,0.05581,434.319224,0.285898,0.000478,0.060295,82.225185,0.103936,0.0,0.013339,0.8871186,3,2,6,0.6667
GP010573_frame_000990_rain,GP010573_frame_000990_ref,test,rain,real_rain,0,0,559.284808,0.515748,0.31508,0.87451,7.540428,0.036111,0.036348,1.503561,0.067375,44.745682,10.67588,435.741949,0.887932,0.145442,0.049354,210.825367,0.890938,0.171682,0.016657,329.826954,0.47645,0.000117,0.050039,1512.923064,0.596379,0.001897,0.127651,1034.25874,0.542238,0.005757,0.09518,662.369689,0.321465,1e-05,0.120375,352.218536,0.379145,0.0,0.065718,405.102496,0.356715,0.000185,0.056606,112.235372,0.191214,0.0,0.02098,0.9884421,6,5,3,0.8333
GP010573_frame_000999_rain,GP010573_frame_000999_ref,test,rain,real_rain,0,0,335.88794,0.494095,0.275105,0.780392,7.588402,8.6e-05,0.05741,1.169697,0.047115,33.990005,12.411646,102.997081,0.723068,0.0,0.011062,42.087999,0.826454,0.0,0.001366,370.645284,0.616398,0.0,0.050986,576.288359,0.46749,0.0,0.075156,592.750633,0.629578,0.000517,0.06292,554.519646,0.36585,0.0,0.087285,209.623226,0.372585,0.0,0.035231,363.636741,0.277063,0.000254,0.059387,225.002296,0.168562,0.0,0.037607,0.9808811,6,5,0,0.8333
GP010573_frame_001013_rain,GP010573_frame_001013_ref,test,rain,real_rain,0,0,276.606611,0.437767,0.327663,0.862745,7.375507,9e-06,0.125228,1.012599,0.043244,29.604378,10.970398,193.601271,0.796775,0.0,0.035475,38.114499,0.885011,0.0,0.003152,168.687324,0.520577,0.0,0.016032,473.393283,0.513819,7.8e-05,0.067234,278.372104,0.290788,0.0,0.036866,116.996252,0.125836,0.0,0.02702,270.987489,0.366576,0.0,0.044709,500.050566,0.245067,0.0,0.064071,470.662567,0.196302,0.0,0.092574,0.96106684,22,17,13,0.7727
GP010573_frame_001020_rain,GP010573_frame_001020_ref,test,rain,real_rain,0,0,447.994598,0.365967,0.29353,0.831373,7.283935,5.9e-05,0.109759,1.53604,0.056019,37.633297,15.857536,1388.677742,0.26922,0.0,0.149442,218.727907,0.82902,0.0,0.021341,187.286924,0.556715,0.0,0.024063,624.37161,0.204926,0.0,0.07991,358.219472,0.562197,0.0,0.041598,111.05427,0.114022,0.0,0.012383,231.351822,0.226169,2e-05,0.034849,535.345901,0.320012,0.000507,0.07057,395.181996,0.210492,0.0,0.067896,0.9676155,8,6,7,0.75
GP010573_frame_001026_rain,GP010573_frame_001026_ref,test,rain,real_rain,0,0,343.458462,0.338838,0.316851,0.945098,7.192703,0.037338,0.248549,1.176737,0.04376,32.73304,12.262912,487.687844,0.812083,0.122447,0.050743,208.244749,0.606026,0.157601,0.019272,51.133323,0.035773,0.0,0.004333,558.819392,0.359256,0.0,0.098249,503.305787,0.385219,0.053347,0.054303,290.836359,0.08744,0.0,0.038866,426.688685,0.28802,0.000871,0.056475,457.258815,0.328349,0.001776,0.047492,129.185932,0.148417,2.9e-05,0.022687,0.9773411,7,2,8,0.2857
GP010573_frame_001032_rain,GP010573_frame_001032_ref,test,rain,real_rain,0,0,348.848992,0.331942,0.306983,0.960784,7.208805,0.070039,0.220135,1.213659,0.051802,34.941662,11.977487,560.03002,0.445981,0.04332,0.114476,364.21895,0.796458,0.470316,0.026473,19.781614,0.051183,0.0,0.003796,426.814295,0.287921,1e-05,0.090513,691.052492,0.543518,0.114042,0.062715,194.342435,0.108518,1e-05,0.020404,348.181535,0.231728,0.002269,0.06028,440.617734,0.38331,0.0,0.063144,109.234717,0.138794,0.0,0.021712,0.9807684,5,5,7,1.0
GP010573_frame_001038_rain,GP010573_frame_001038_ref,test,rain,real_rain,0,0,477.534959,0.416006,0.309039,0.870588,7.484574,0.013722,0.048395,1.541112,0.068895,43.112064,13.169788,1119.927177,0.469286,9.8e-05,0.1357,32.734635,0.912121,0.028162,0.002371,555.50301,0.501727,0.039979,0.093277,633.949465,0.209175,0.0,0.07812,619.709701,0.629361,0.050634,0.073605,472.785602,0.244673,0.004528,0.093628,267.178756,0.163596,0.0,0.04196,468.618452,0.412589,0.0,0.070277,155.760771,0.200575,0.0,0.028474,0.9725866,8,8,3,1.0
GP010573_frame_001056_rain,GP010573_frame_001056_ref,test,rain,real_rain,0,0,373.680995,0.44899,0.296706,0.780392,7.348316,3e-06,0.029182,1.310771,0.053486,36.097717,22.802538,435.587429,0.765736,0.0,0.049218,16.326844,0.844918,0.0,0.000829,441.492632,0.584835,0.0,0.090642,718.112551,0.264316,0.0,0.079665,274.131065,0.592809,0.0,0.027957,556.024063,0.273356,0.0,0.107719,219.004608,0.19756,2.9e-05,0.025919,410.677267,0.33005,0.0,0.058353,318.62733,0.187055,0.0,0.037656,0.97721434,6,5,6,0.8333
GP020400_frame_000001_rain,GP020400_frame_000001_ref,test,rain,real_rain,0,0,774.029919,0.320712,0.317121,0.94902,7.036324,0.067714,0.189409,1.774718,0.059949,47.457352,10.931271,677.31027,0.862822,0.154509,0.035994,1976.797012,0.271458,0.138583,0.071038,828.128987,0.109472,0.001854,0.05806,779.489334,0.418112,0.107052,0.101751,1531.549851,0.449736,0.207026,0.100146,445.194261,0.119841,0.0,0.067779,217.376089,0.186699,0.0,0.039505,427.354727,0.323398,0.000537,0.047717,114.293485,0.146055,0.0,0.014208,0.9772726,5,5,10,1.0
GP020400_frame_000021_rain,GP020400_frame_000021_ref,test,rain,real_rain,0,0,362.554744,0.470762,0.323762,0.819608,7.08835,0.002256,0.004419,1.077257,0.046131,36.589973,17.178017,640.297099,0.813415,0.000147,0.049628,250.234488,0.938331,0.015632,0.025468,206.809934,0.711268,0.002742,0.038934,505.04577,0.241548,0.0,0.080556,654.16563,0.344983,0.001112,0.0859,429.941349,0.431951,5.9e-05,0.04435,127.394388,0.198232,0.0,0.020198,239.831318,0.262158,0.0,0.039598,222.08385,0.294598,0.000595,0.027527,0.9685962,9,9,10,1.0
GP020400_frame_000041_rain,GP020400_frame_000041_ref,test,rain,real_rain,0,0,459.533876,0.38776,0.328364,0.858824,6.937554,0.000643,0.037561,1.296167,0.038784,35.542767,8.620114,540.136818,0.851407,0.000293,0.038224,296.93577,0.9009,0.005084,0.021965,1731.068362,0.3112,0.000137,0.122873,383.633787,0.26411,1e-05,0.052025,622.012046,0.395197,4.9e-05,0.046185,236.024276,0.183149,0.0,0.029157,160.225669,0.204067,0.000215,0.022936,152.298897,0.238191,0.0,0.013339,29.779676,0.141985,0.0,0.000439,0.9517845,7,7,3,1.0
GP020400_frame_000048_rain,GP020400_frame_000048_ref,test,rain,real_rain,0,0,247.774075,0.352787,0.339678,0.913725,6.985164,0.024182,0.136077,1.037005,0.029171,26.816874,7.780645,509.30616,0.73753,0.010857,0.047574,363.818335,0.874433,0.206333,0.032611,174.569723,0.118168,0.0,0.027391,264.499908,0.252041,0.000147,0.028648,373.348937,0.487057,0.000137,0.028942,157.46849,0.15883,0.0,0.030055,135.046995,0.159751,0.0,0.020344,219.127006,0.279625,2e-05,0.033811,54.520771,0.10786,0.0,0.011924,0.9507045,6,6,1,1.0
GP020400_frame_000054_rain,GP020400_frame_000054_ref,test,rain,real_rain,0,0,318.475026,0.309375,0.28692,0.890196,7.30493,0.008003,0.169919,1.271633,0.031927,29.408268,8.517569,398.672277,0.488783,0.002152,0.025871,681.903697,0.687406,0.069155,0.041862,316.864918,0.229849,0.0,0.050332,219.815291,0.151534,1e-05,0.02234,564.727733,0.442917,0.000234,0.043501,181.179287,0.1973,0.0,0.030669,126.69943,0.147615,0.0,0.016148,313.636881,0.30142,0.000429,0.041208,79.691608,0.13722,0.0,0.013544,0.91903514,2,2,7,1.0
GP020400_frame_000061_rain,GP020400_frame_000061_ref,test,rain,real_rain,0,0,492.583137,0.345723,0.323657,0.894118,7.077813,0.017551,0.13522,1.432661,0.039538,33.458012,9.348049,642.75671,0.627775,0.038703,0.037745,884.762032,0.824697,0.119009,0.043238,902.935578,0.176446,0.0,0.059465,203.465702,0.147987,4.9e-05,0.02365,863.795524,0.550428,0.000166,0.078659,441.254853,0.19018,0.0,0.046653,114.399542,0.132718,0.0,0.013781,299.674562,0.334163,0.0,0.032436,98.085598,0.126807,0.0,0.019282,0.9944362,6,6,2,1.0
GP020400_frame_000069_rain,GP020400_frame_000069_ref,test,rain,real_rain,0,0,239.437034,0.491149,0.333842,0.85098,7.316597,3.7e-05,0.133441,0.911085,0.030836,22.727108,8.820131,396.99212,0.825718,0.0,0.024315,100.973271,0.892015,0.0,0.007397,52.372414,0.789815,0.0,0.004508,239.079504,0.296442,0.0,0.02857,516.231506,0.603089,0.0,0.067077,304.655765,0.499787,0.0,0.048936,158.598113,0.161694,0.0,0.034204,282.049814,0.21354,0.000332,0.035217,120.284675,0.137798,0.0,0.024024,0.9341692,7,4,5,0.5714
GP020400_frame_000075_rain,GP020400_frame_000075_ref,test,rain,real_rain,0,0,335.223744,0.445086,0.299626,0.815686,7.437162,1e-06,0.056451,1.080088,0.048701,35.437935,10.510098,157.746612,0.848135,0.0,0.021391,301.617639,0.814884,0.0,0.024951,406.085556,0.693116,0.0,0.034221,484.757992,0.409505,0.0,0.074286,577.198644,0.346453,0.0,0.118296,630.722031,0.219117,0.0,0.085997,192.706515,0.30089,0.0,0.031191,115.651177,0.224724,0.0,0.018921,162.313331,0.149474,1e-05,0.025234,0.97793174,5,5,2,1.0
GP020400_frame_000084_rain,GP020400_frame_000084_ref,test,rain,real_rain,0,0,794.573136,0.364954,0.293196,0.835294,7.129895,0.000687,0.027526,1.891487,0.064625,50.861969,12.8543,2154.120678,0.526265,0.003805,0.124853,1167.252053,0.731147,0.000332,0.080533,814.254977,0.591495,0.000166,0.086807,1463.050518,0.214312,6.8e-05,0.098924,647.897356,0.286732,2.9e-05,0.061095,271.770423,0.305655,0.0,0.030572,360.944254,0.223254,0.001575,0.049227,167.390665,0.228769,0.000215,0.018989,142.540251,0.176651,0.0,0.02821,0.9759462,5,5,2,1.0
GP020400_frame_000110_rain,GP020400_frame_000110_ref,test,rain,real_rain,0,0,428.582316,0.439335,0.291982,0.792157,7.328025,9.3e-05,0.013016,1.251124,0.041128,34.14957,11.15791,518.073816,0.486426,0.0,0.064378,787.41362,0.744225,0.0,0.048839,368.923534,0.767961,0.0,0.036163,408.658108,0.362055,0.0,0.058118,1182.590421,0.504973,0.0,0.073663,311.731493,0.384157,0.0,0.051698,56.399689,0.234243,0.0,0.00626,180.198456,0.302925,0.000839,0.018091,63.327666,0.166494,0.0,0.011027,0.9789213,1,1,1,1.0
GP020400_frame_000122_rain,GP020400_frame_000122_ref,test,rain,real_rain,0,0,954.232188,0.391006,0.307155,0.905882,7.014185,0.119902,0.032076,2.132464,0.071844,53.285938,11.758465,182.8138,0.814974,0.723005,0.020012,2336.043407,0.48652,0.271673,0.136866,2439.051563,0.604512,0.0512,0.175937,449.636864,0.284244,0.026389,0.050284,1223.847316,0.324093,0.007143,0.098624,1678.935827,0.331089,0.000351,0.124668,94.173674,0.238567,0.0,0.014319,128.106463,0.260418,0.000273,0.010578,83.344991,0.175021,0.0,0.012734,0.979724,1,1,1,1.0
GP020400_frame_000138_rain,GP020400_frame_000138_ref,test,rain,real_rain,0,0,785.952695,0.373969,0.290959,0.890196,6.939302,0.101406,0.016013,1.815952,0.065214,50.318104,12.02973,236.812621,0.648872,0.489045,0.031925,1642.140595,0.580791,0.420775,0.073819,2439.996855,0.468498,0.0016,0.171146,272.997514,0.297078,0.0,0.064603,449.154227,0.321204,0.001591,0.044253,1776.814303,0.367632,2.9e-05,0.15243,61.825357,0.227211,0.0,0.014104,119.269115,0.273628,4.9e-05,0.014208,94.167874,0.180927,0.0,0.018872,0.9804102,5,3,1,0.6
GP020400_frame_000142_rain,GP020400_frame_000142_ref,test,rain,real_rain,0,0,708.257594,0.316072,0.287508,0.933333,6.834591,0.106701,0.100262,1.903579,0.059728,46.195194,9.69322,308.28589,0.441178,0.284771,0.033881,1152.312482,0.701478,0.561973,0.072404,1752.724999,0.210238,0.000888,0.130816,134.979173,0.145732,0.0,0.01161,1203.53091,0.413855,0.110402,0.100293,1327.795612,0.241465,0.000127,0.116881,41.028631,0.166258,0.0,0.005839,354.562106,0.339493,0.002069,0.041432,132.683946,0.18449,0.0,0.02339,0.98032224,2,2,2,1.0
GP020571_frame_000001_rain,GP020571_frame_000001_ref,test,rain,real_rain,0,0,400.989339,0.399024,0.267462,0.823529,7.543373,0.000359,0.047822,1.16258,0.068294,44.190285,13.769377,266.308113,0.78111,0.0,0.050411,298.432425,0.734505,0.000332,0.044799,458.907295,0.423322,0.0,0.095989,549.642444,0.339425,1e-05,0.093515,722.360275,0.377002,6.8e-05,0.102235,363.943362,0.284394,3.9e-05,0.074171,318.17131,0.196266,0.000254,0.045951,470.886547,0.259933,0.002527,0.065993,176.813507,0.195537,0.0,0.038456,0.96680003,9,9,3,1.0
GP020571_frame_000010_rain,GP020571_frame_000010_ref,test,rain,real_rain,0,0,454.871833,0.421628,0.255652,0.882353,7.403848,0.070396,0.030336,1.18651,0.069628,47.665344,14.0104,373.750032,0.53499,0.064975,0.069043,306.458879,0.772926,0.446263,0.032514,431.570459,0.521909,0.00445,0.073117,424.731016,0.369251,0.0,0.087236,1010.160093,0.45871,0.114559,0.129196,641.121111,0.387686,1e-05,0.101591,133.610683,0.201059,0.00045,0.026007,522.124639,0.285764,0.002518,0.061436,282.230414,0.261984,0.0,0.041676,0.98848146,8,8,4,1.0
GP020571_frame_000019_rain,GP020571_frame_000019_ref,test,rain,real_rain,0,0,547.206322,0.412251,0.284953,0.901961,6.945872,0.133185,0.03263,1.669288,0.080027,48.767681,11.790561,359.046465,0.551613,0.309008,0.076135,544.675704,0.836849,0.694438,0.058402,389.789373,0.549292,0.143589,0.068004,809.29146,0.457019,0.049022,0.124022,1027.719128,0.306023,0.000137,0.136358,801.829887,0.295556,0.002371,0.09839,391.242485,0.304651,0.0,0.05582,415.195279,0.239022,0.0,0.063476,209.309543,0.170412,0.0,0.034904,0.977918,11,7,3,0.6364
GP020571_frame_000029_rain,GP020571_frame_000029_ref,test,rain,real_rain,0,0,478.211167,0.33316,0.278449,0.933333,7.143049,0.066819,0.084463,1.573233,0.072504,43.278831,9.107127,818.612677,0.376299,9.8e-05,0.166021,269.089329,0.873988,0.563134,0.019711,371.085154,0.236538,0.001464,0.058919,531.362746,0.202295,4.9e-05,0.113566,1047.118423,0.48716,0.035109,0.120053,266.873205,0.203424,0.000185,0.042018,314.430318,0.189079,0.0,0.05178,560.305294,0.302592,0.000859,0.061027,150.41179,0.126524,0.0,0.015876,0.99191874,6,5,4,0.8333
GP020571_frame_000037_rain,GP020571_frame_000037_ref,test,rain,real_rain,0,0,396.307289,0.445752,0.307502,0.866667,7.370751,0.05577,0.029539,1.362882,0.06309,38.947613,13.438583,405.575233,0.650496,0.0,0.075391,34.508439,0.959056,0.389861,0.001961,236.061792,0.602516,0.103454,0.036768,815.762099,0.37639,0.0,0.136483,958.490797,0.430313,0.002303,0.111485,484.386136,0.333005,0.005904,0.105767,183.05581,0.204717,0.0,0.032913,305.231012,0.22943,0.0,0.039715,163.599976,0.225595,2e-05,0.026151,0.9916503,3,3,3,1.0
GP020571_frame_000050_rain,GP020571_frame_000050_ref,test,rain,real_rain,0,0,529.270638,0.424154,0.269584,0.811765,7.418608,0.00055,0.0225,1.536186,0.075508,44.869823,15.89071,828.241716,0.74705,0.004313,0.089026,396.397633,0.739073,1e-05,0.04155,304.035747,0.348962,0.0,0.079498,1007.637502,0.301903,0.000235,0.148054,852.43937,0.53793,0.0,0.107172,372.966539,0.275669,0.0,0.058958,455.388983,0.297626,0.000274,0.065092,437.090101,0.368762,0.000127,0.058811,141.222773,0.200585,0.0,0.026864,0.986531,5,5,3,1.0
GP020571_frame_000055_rain,GP020571_frame_000055_ref,test,rain,real_rain,0,0,453.07289,0.407271,0.296638,0.831373,7.318881,0.000393,0.029813,1.449805,0.063035,39.273197,12.498256,500.180331,0.794181,0.002475,0.076761,303.975263,0.793891,8.8e-05,0.031567,280.439908,0.199638,0.0,0.070492,1223.576511,0.370867,0.000245,0.136962,903.982856,0.51761,0.0,0.096995,224.78766,0.216886,0.000342,0.054274,214.652383,0.268699,0.0,0.038693,372.109992,0.322489,0.00039,0.045541,69.222905,0.181671,0.0,0.012256,0.9609994,3,3,6,1.0
GP020571_frame_000065_rain,GP020571_frame_000065_ref,test,rain,real_rain,0,0,693.728499,0.382712,0.300474,0.843137,7.309632,0.000214,0.066449,1.777496,0.070304,47.243004,16.565542,2341.506411,0.655769,0.000665,0.174932,325.035858,0.841525,0.000595,0.02824,464.799901,0.36061,0.0,0.069477,885.645231,0.22456,1e-05,0.080184,1054.95804,0.564391,0.0,0.093179,285.627679,0.182578,0.0,0.066091,197.118171,0.243918,0.0,0.029626,537.165381,0.229363,0.000654,0.056674,185.791092,0.14164,0.0,0.031996,0.96967906,6,5,2,0.8333
GP020571_frame_000084_rain,GP020571_frame_000084_ref,test,rain,real_rain,0,0,713.405952,0.38008,0.30788,0.85098,7.304226,0.000118,0.100612,1.838762,0.064732,46.643894,18.588459,472.34189,0.851021,6.8e-05,0.041148,1129.072607,0.689111,0.000937,0.074502,1972.879497,0.196678,0.0,0.114335,922.613841,0.406963,0.0,0.106054,757.244124,0.415285,0.0,0.063554,158.791074,0.096011,0.0,0.017057,432.822537,0.329422,2.9e-05,0.077915,424.124264,0.302639,2.9e-05,0.055738,168.413886,0.134634,0.0,0.028425,0.96372753,6,4,1,0.6667
GP020571_frame_000099_rain,GP020571_frame_000099_ref,test,rain,real_rain,0,0,929.229029,0.385279,0.305814,0.862745,7.4348,0.001055,0.072383,2.148357,0.078174,56.336472,15.906899,1058.15617,0.799741,2e-05,0.072858,1446.904088,0.792649,0.008499,0.103201,3238.277941,0.347327,0.000381,0.228874,322.704545,0.156188,0.0,0.028658,1065.911496,0.498475,0.0,0.090369,482.291748,0.132878,0.0,0.056382,296.229394,0.25101,8.8e-05,0.046831,311.463506,0.315595,0.000488,0.036768,182.68699,0.173767,1e-05,0.037646,0.9585481,9,9,5,1.0
GP020571_frame_000105_rain,GP020571_frame_000105_ref,test,rain,real_rain,0,0,856.462008,0.359414,0.291043,0.85098,7.33344,0.000238,0.057639,2.191018,0.08055,53.599213,14.699883,685.171715,0.59024,0.0,0.072066,923.940191,0.798239,0.001269,0.063515,2915.273123,0.290401,0.000244,0.220345,441.078454,0.178723,0.0,0.048132,939.323277,0.491431,0.0,0.078952,761.489608,0.170453,0.0,0.094594,376.148281,0.250917,0.000421,0.051897,468.500975,0.300636,0.000205,0.058411,230.586344,0.16355,0.0,0.03389,0.9982353,14,12,4,0.8571
GP020571_frame_000111_rain,GP020571_frame_000111_ref,test,rain,real_rain,0,0,462.018942,0.468791,0.310052,0.835294,7.447571,0.000194,0.031836,1.371273,0.055421,39.187416,11.296239,1143.657289,0.573187,0.0,0.092606,136.305318,0.859255,0.0,0.011836,218.630474,0.853357,1e-05,0.02097,547.956148,0.239688,0.0,0.061933,656.911373,0.459909,0.0,0.081889,478.986433,0.390851,0.0,0.086144,355.93434,0.269035,0.000646,0.03706,238.363245,0.299421,1e-05,0.036339,407.345279,0.273655,0.001083,0.067564,0.9832355,12,8,3,0.6667
GP020571_frame_000117_rain,GP020571_frame_000117_ref,test,rain,real_rain,0,0,323.871866,0.493759,0.301941,0.831373,7.495071,0.000356,0.058103,1.079227,0.042899,29.698765,11.693044,423.823273,0.662427,0.0,0.051448,109.739383,0.87952,4.9e-05,0.011875,92.703502,0.825266,0.0,0.014403,507.007271,0.434582,0.0,0.094464,810.364986,0.546847,0.0,0.090818,333.638438,0.288687,0.0,0.027976,261.497997,0.305704,0.002103,0.044748,342.956779,0.336073,0.001054,0.042242,50.117452,0.164541,0.0,0.005591,0.999596,6,5,10,0.8333
GP020571_frame_000124_rain,GP020571_frame_000124_ref,test,rain,real_rain,0,0,333.465325,0.550869,0.251353,0.709804,7.401385,0.000173,0.017586,1.211073,0.051385,34.258873,12.376553,440.360706,0.770571,0.0,0.054509,69.439722,0.869155,0.0,0.011046,149.806835,0.600198,0.0,0.032953,494.328689,0.52704,0.0,0.097164,613.779401,0.646939,0.0,0.075576,351.25397,0.491179,0.0,0.060002,236.040034,0.352932,3.9e-05,0.032923,486.192027,0.402016,0.001512,0.063769,178.529656,0.297782,0.0,0.030543,0.9654952,5,5,10,1.0
GP020571_frame_000146_rain,GP020571_frame_000146_ref,test,rain,real_rain,0,0,721.112951,0.351227,0.28257,0.898039,6.772451,0.117177,0.018264,2.048538,0.064337,49.365391,13.023637,1193.901025,0.615803,0.342615,0.123318,896.502416,0.818665,0.669643,0.072814,2410.44434,0.330378,0.036339,0.162568,230.66771,0.223923,0.0,0.041716,848.443725,0.264243,0.002147,0.070121,278.15131,0.162313,0.0,0.020365,184.087,0.247376,0.0,0.032287,415.500375,0.327409,0.003825,0.049053,65.479087,0.171011,0.0,0.003679,1.0,5,5,3,1.0
GP020571_frame_000153_rain,GP020571_frame_000153_ref,test,rain,real_rain,0,0,890.902602,0.386077,0.300139,0.898039,6.870926,0.12877,0.024202,2.212842,0.084858,56.498638,25.857975,611.910689,0.266523,0.045002,0.056367,542.304967,0.853665,0.774551,0.036163,2657.985415,0.646679,0.165818,0.248039,787.114456,0.205688,3.9e-05,0.06875,1499.089043,0.519295,0.172658,0.104294,1143.676085,0.264913,4.9e-05,0.149863,105.594718,0.182528,0.0,0.011571,372.158713,0.34257,1e-05,0.042974,326.379113,0.191652,0.0,0.043735,0.9604675,0,0,1,
GP020571_frame_000173_rain,GP020571_frame_000173_ref,test,rain,real_rain,0,0,441.70686,0.453386,0.326537,0.847059,7.307667,9.3e-05,0.043738,1.249189,0.058315,38.770092,16.136076,655.14506,0.684602,0.000841,0.063341,75.746625,0.906017,0.0,0.005055,171.686765,0.794078,0.0,0.026581,534.570715,0.167638,0.0,0.104274,822.886023,0.479682,0.0,0.071194,824.154073,0.343025,0.0,0.115486,217.35379,0.183984,0.0,0.049501,303.066829,0.281609,0.0,0.043247,387.123516,0.239078,0.0,0.044077,0.9742706,3,3,0,1.0
GP020571_frame_000193_rain,GP020571_frame_000193_ref,test,rain,real_rain,0,0,391.978912,0.440411,0.333754,0.858824,7.286,0.001143,0.045266,1.264622,0.051874,35.863113,14.757758,717.279335,0.70238,0.010241,0.063723,86.120386,0.901454,0.0,0.00565,171.290839,0.787912,0.0,0.026249,530.400181,0.164766,0.0,0.100509,628.033897,0.465993,0.0,0.056079,734.31372,0.310718,0.0,0.104479,152.769696,0.167823,0.0,0.038146,277.183069,0.26438,5.9e-05,0.037998,239.153633,0.197601,0.0,0.033216,0.97118694,9,9,5,1.0
GP020571_frame_000213_rain,GP020571_frame_000213_ref,test,rain,real_rain,0,0,399.014112,0.441324,0.333534,0.878431,7.377259,0.021558,0.047304,1.2847,0.053156,36.150318,15.621937,796.232022,0.723613,0.192909,0.069073,95.086302,0.899752,0.001415,0.005689,170.477571,0.775277,0.0,0.026981,561.251277,0.168457,0.0,0.102905,574.058938,0.468093,0.0,0.05362,777.942721,0.313325,0.0,0.108938,146.741759,0.163456,0.0,0.036287,195.06286,0.264141,0.0,0.030406,285.161997,0.195172,0.0,0.043794,0.96939087,9,9,3,1.0
GP020571_frame_000233_rain,GP020571_frame_000233_ref,test,rain,real_rain,0,0,443.154531,0.415303,0.325625,0.890196,7.344703,0.011123,0.066921,1.483152,0.063346,38.082115,12.911245,402.820523,0.890904,0.063869,0.037128,88.671035,0.912798,0.036027,0.007387,575.400594,0.377142,0.0,0.108343,599.532401,0.26234,0.0,0.082688,898.179809,0.497358,0.0,0.083724,460.577495,0.205275,0.0,0.103747,101.011467,0.138977,0.0,0.010299,258.463249,0.285523,0.000283,0.035402,616.01784,0.167518,0.0,0.097775,0.96023923,2,2,3,1.0
GP020571_frame_000242_rain,GP020571_frame_000242_ref,test,rain,real_rain,0,0,581.1561,0.352621,0.317536,0.905882,7.18335,0.020496,0.105377,1.615149,0.053241,38.607681,8.578003,1686.245521,0.594447,0.079607,0.129304,294.683328,0.923064,0.104469,0.022804,514.881936,0.347098,0.0,0.067428,293.944347,0.108413,0.0,0.019532,1674.828782,0.421869,0.0,0.111427,361.883919,0.214412,0.0,0.075302,67.44449,0.132635,0.0,0.007179,245.073526,0.273707,0.000429,0.026942,108.432025,0.157425,0.0,0.016725,0.9917817,8,5,4,0.625
GP020571_frame_000248_rain,GP020571_frame_000248_ref,test,rain,real_rain,0,0,429.435993,0.443818,0.348817,0.92549,7.200386,0.115828,0.068228,1.416428,0.047367,36.003979,9.981213,775.78458,0.696197,0.304832,0.067821,159.016267,0.970994,0.719292,0.013905,999.345818,0.587407,0.018169,0.10203,465.460256,0.382932,0.0,0.059341,665.607043,0.560729,4.9e-05,0.05524,436.493462,0.190447,0.0,0.065291,171.315903,0.208028,0.0,0.025646,147.29734,0.256161,1e-05,0.023283,61.922014,0.141366,0.0,0.011856,0.97068447,1,0,8,0.0
GP020573_frame_000001_rain,GP020573_frame_000001_ref,test,rain,real_rain,0,0,389.528727,0.47245,0.29997,0.803922,7.461,9e-06,0.06248,1.246824,0.050256,35.315239,12.839539,1080.343613,0.380958,0.0,0.115053,49.109172,0.812778,0.0,0.005152,75.695657,0.838451,0.0,0.006626,661.351965,0.204143,2.9e-05,0.087881,420.432845,0.537468,0.0,0.050888,199.753766,0.662788,0.0,0.029469,190.911398,0.188298,3.9e-05,0.023142,309.287532,0.283718,0.0,0.050263,531.768803,0.341945,1e-05,0.081635,0.9978116,11,11,6,1.0
GP020573_frame_000021_rain,GP020573_frame_000021_ref,test,rain,real_rain,0,0,399.677536,0.362976,0.336092,0.92549,7.123998,0.069727,0.116821,1.321901,0.051071,36.52409,12.178727,497.967948,0.65425,0.000333,0.076007,325.401865,0.933261,0.611719,0.02095,678.763999,0.173056,0.014247,0.07861,578.825763,0.270866,0.0,0.089896,490.990028,0.542192,0.000576,0.0367,125.73475,0.09433,0.0,0.01896,259.676995,0.181049,0.0,0.043897,463.959709,0.279349,0.000176,0.06128,202.490757,0.138469,0.0,0.031304,0.97988725,8,8,4,1.0
GP020573_frame_000027_rain,GP020573_frame_000027_ref,test,rain,real_rain,0,0,322.600534,0.35983,0.328118,0.913725,7.129822,0.062965,0.091784,1.204282,0.039223,29.871248,10.907576,363.660336,0.609753,0.024638,0.033549,269.061062,0.946016,0.53267,0.015603,278.386664,0.208428,0.008753,0.028337,408.532518,0.192526,0.0,0.063899,744.756301,0.514673,2.9e-05,0.056479,185.473781,0.166791,0.0,0.045423,121.164139,0.136978,0.0,0.02231,373.272032,0.299188,0.000215,0.05364,191.714999,0.16379,0.0,0.031596,0.9794052,0,0,3,
GP020573_frame_000032_rain,GP020573_frame_000032_ref,test,rain,real_rain,0,0,740.958745,0.397074,0.328863,0.917647,7.427593,0.048273,0.130638,1.852202,0.066747,44.755035,11.182443,357.030096,0.545592,0.00448,0.037304,559.673447,0.908943,0.374561,0.039696,1481.639606,0.498378,0.053503,0.147795,242.451101,0.126743,0.0,0.03796,1251.929813,0.548258,9.8e-05,0.083929,1881.619534,0.25961,0.0,0.118804,341.301632,0.188467,0.00134,0.050773,392.221015,0.29828,0.000146,0.050449,194.770765,0.198624,0.0,0.030445,0.9602148,6,5,9,0.8333
GP020573_frame_000038_rain,GP020573_frame_000038_ref,test,rain,real_rain,0,0,317.773336,0.527894,0.317167,0.858824,7.572979,1.5e-05,0.083766,1.118215,0.0474,29.810011,8.086913,316.790182,0.727823,0.0,0.031759,75.765183,0.904041,4.9e-05,0.009358,110.38143,0.864592,2.9e-05,0.00727,317.226196,0.247007,0.0,0.044484,568.004793,0.634101,0.0,0.071829,342.233473,0.58553,0.0,0.051727,280.206354,0.191355,5.9e-05,0.039534,334.711167,0.326716,0.0,0.058821,524.101218,0.268904,0.0,0.106382,0.8903453,12,11,3,0.9167
GP020573_frame_000045_rain,GP020573_frame_000045_ref,test,rain,real_rain,0,0,351.410275,0.474934,0.284846,0.807843,7.531475,3e-06,0.053896,1.292113,0.051835,33.938976,13.265839,219.690111,0.717535,0.0,0.023504,53.096213,0.86252,0.0,0.003337,107.262783,0.826566,0.0,0.008958,496.09256,0.380171,0.0,0.079734,839.467187,0.409713,2e-05,0.11855,605.327899,0.326159,0.0,0.091413,299.472561,0.232528,0.0,0.049061,207.554713,0.263475,0.0,0.031626,349.37908,0.255518,1e-05,0.057797,0.98632026,8,6,2,0.75
GP020573_frame_000065_rain,GP020573_frame_000065_ref,test,rain,real_rain,0,0,530.010067,0.496875,0.275103,0.792157,7.577942,6.5e-05,0.021634,1.458683,0.071464,43.214535,12.604377,357.630147,0.726054,0.0,0.036052,272.518237,0.86172,1e-05,0.020599,237.080652,0.843247,0.0,0.022843,678.438583,0.394678,0.0,0.097486,1002.706094,0.412209,2e-05,0.156753,908.72977,0.35692,0.0,0.114686,451.460809,0.286974,0.000548,0.06472,348.373903,0.289758,0.0,0.043023,537.219723,0.300122,1e-05,0.082231,0.9819543,9,7,6,0.7778
GP020573_frame_000117_rain,GP020573_frame_000117_ref,test,rain,real_rain,0,0,334.333173,0.361234,0.273801,0.913725,6.996571,0.110738,0.046555,1.230896,0.056497,37.21677,11.74893,344.608405,0.322772,0.008167,0.059556,319.097669,0.865645,0.757689,0.0371,396.778756,0.37905,0.0,0.077039,128.608038,0.177926,0.0,0.024374,981.437269,0.554414,0.230025,0.14477,285.039729,0.256782,0.0,0.066071,130.797347,0.144516,0.0,0.024932,367.396111,0.351885,0.0,0.056274,74.030151,0.197087,0.0,0.0141,0.9987707,3,3,9,1.0
GP020573_frame_000125_rain,GP020573_frame_000125_ref,test,rain,real_rain,0,0,483.349482,0.325943,0.261281,0.933333,6.952065,0.09147,0.075894,1.718948,0.079632,44.295055,12.685942,308.363087,0.267864,0.0,0.080751,451.320316,0.805708,0.658987,0.058421,1098.625546,0.318194,0.019214,0.167047,206.802826,0.195697,0.0,0.055194,1074.817503,0.528581,0.144389,0.137539,808.464586,0.240403,0.0,0.139861,56.493941,0.141454,0.0,0.014006,266.946358,0.254665,0.0,0.040427,94.099756,0.180051,0.0,0.018745,0.9886037,2,2,5,1.0
GP020573_frame_000133_rain,GP020573_frame_000133_ref,test,rain,real_rain,0,0,301.499605,0.362787,0.275145,0.941176,7.092092,0.102357,0.093663,1.154741,0.047871,34.498768,16.805363,321.927274,0.31073,0.0,0.049081,311.395903,0.807315,0.598507,0.036661,334.818749,0.468838,0.158216,0.052371,247.456354,0.147039,0.0,0.051174,760.271534,0.57211,0.163769,0.100107,272.066011,0.343228,0.0,0.067125,44.948252,0.115894,0.0,0.003912,234.653126,0.319444,0.0,0.030786,201.111337,0.179277,0.0,0.036466,0.98040473,7,4,6,0.5714
GP020573_frame_000142_rain,GP020573_frame_000142_ref,test,rain,real_rain,0,0,300.278221,0.343501,0.264207,0.929412,7.205134,0.072848,0.075947,1.173411,0.045126,33.267048,10.531842,275.359622,0.477095,0.0,0.035231,417.648838,0.801917,0.532016,0.043013,283.832227,0.277756,0.0,0.057582,236.165347,0.216504,0.0,0.033187,809.706527,0.543084,0.123107,0.10603,167.697325,0.196772,0.0,0.036417,152.227709,0.126558,0.0,0.030086,300.906831,0.284152,0.0,0.04436,78.482076,0.167176,0.0,0.017369,0.98272204,8,7,6,0.875
GP020573_frame_000149_rain,GP020573_frame_000149_ref,test,rain,real_rain,0,0,331.639257,0.3702,0.269636,0.937255,7.297984,0.074887,0.086028,1.190378,0.046918,33.633282,8.536551,273.678549,0.420285,0.000528,0.044601,245.923197,0.783854,0.526786,0.027196,493.263708,0.47196,0.020053,0.068726,235.17736,0.253654,9.8e-05,0.039065,888.165129,0.549081,0.125995,0.113583,251.784678,0.251836,0.0,0.038115,171.546992,0.119126,0.0,0.026643,314.035588,0.292054,0.0,0.044692,121.989502,0.189209,0.0,0.016364,0.9130754,8,8,6,1.0
GP020573_frame_000156_rain,GP020573_frame_000156_ref,test,rain,real_rain,0,0,341.177213,0.340185,0.26339,0.937255,7.302,0.055627,0.122738,1.387903,0.053138,35.776875,14.533179,257.715755,0.401922,0.0,0.031974,287.159675,0.800047,0.456655,0.029908,603.657755,0.276081,0.0,0.092125,187.508786,0.285525,0.001066,0.042381,853.928215,0.519504,0.042535,0.118911,357.163848,0.231463,0.0,0.067711,68.686007,0.095587,0.0,0.015121,289.306551,0.300727,0.0,0.043667,175.712802,0.150252,0.0,0.031762,1.0,5,5,3,1.0
GP020573_frame_000171_rain,GP020573_frame_000171_ref,test,rain,real_rain,0,0,708.36297,0.373911,0.266792,0.945098,7.391918,0.073149,0.111964,1.883837,0.073763,49.802776,17.853256,344.077489,0.259341,0.0,0.07456,2037.899072,0.637306,0.440749,0.108138,689.552908,0.601844,0.114217,0.09193,201.922687,0.289332,0.0,0.042263,1452.013295,0.428756,0.101444,0.12821,869.010032,0.449249,0.001415,0.108821,38.112474,0.111947,0.0,0.003893,430.624185,0.30662,0.0,0.048448,323.532972,0.279723,0.0,0.054557,0.96296924,8,5,3,0.625
GP020573_frame_000182_rain,GP020573_frame_000182_ref,test,rain,real_rain,0,0,369.585696,0.339358,0.275639,0.952941,7.148204,0.088998,0.116099,1.392598,0.048712,35.414715,11.891396,400.459614,0.332792,0.123543,0.058588,524.532014,0.763251,0.539452,0.058216,293.941148,0.397304,0.0,0.040574,390.332779,0.130503,0.0,0.04195,959.223768,0.512658,0.137656,0.122512,246.034846,0.212463,0.0,0.036007,160.123045,0.146108,0.0,0.026262,285.992018,0.355368,0.0,0.037227,77.477841,0.202819,0.0,0.0129,0.9741789,11,10,2,0.9091
GP020573_frame_000202_rain,GP020573_frame_000202_ref,test,rain,real_rain,0,0,429.969395,0.372209,0.332363,0.964706,7.267557,0.109053,0.208367,1.267001,0.055111,37.32082,10.179717,42.516879,0.063125,0.0,0.007707,632.349364,0.611459,0.430162,0.060002,258.916647,0.761035,0.408929,0.040984,196.80872,0.117293,0.0,0.041853,990.173469,0.530406,0.069311,0.114052,908.784001,0.615048,0.072307,0.097248,140.198596,0.161588,0.0,0.028042,360.263402,0.287173,0.0,0.052049,353.629824,0.200939,0.0,0.051561,0.9614717,9,8,0,0.8889
GP020573_frame_000214_rain,GP020573_frame_000214_ref,test,rain,real_rain,0,0,383.698887,0.397671,0.287814,0.85098,7.62007,2.9e-05,0.10187,1.192437,0.051739,34.863159,8.891583,126.081167,0.671939,0.0,0.017655,95.168906,0.839771,1e-05,0.010324,544.648322,0.430306,0.0,0.072609,483.663151,0.241198,0.0,0.076868,1104.634169,0.548816,0.000254,0.096146,407.262491,0.29534,0.0,0.064783,111.484699,0.11553,0.0,0.019943,439.373807,0.255177,0.0,0.068306,160.55829,0.180575,0.0,0.035217,0.9613681,6,6,4,1.0
GP020573_frame_000222_rain,GP020573_frame_000222_ref,test,rain,real_rain,0,0,297.655307,0.305976,0.263707,0.913725,7.239823,0.027485,0.099809,1.123737,0.039688,33.496086,9.001053,257.892046,0.316886,8.8e-05,0.047584,369.964558,0.736646,0.055279,0.032221,272.473919,0.192259,0.0,0.047629,134.001324,0.261248,0.0,0.031514,967.689464,0.516808,0.191803,0.095706,116.203454,0.139444,0.0,0.015876,60.088204,0.145239,0.0,0.012764,444.651149,0.292831,0.0,0.061358,78.073945,0.151967,0.0,0.010226,0.9728592,7,7,2,1.0
GP020573_frame_000233_rain,GP020573_frame_000233_ref,test,rain,real_rain,0,0,325.677157,0.322862,0.273799,0.917647,7.360109,0.021573,0.118112,1.254015,0.053589,37.140804,15.798908,497.885801,0.318292,0.0,0.091285,210.97657,0.854458,0.080347,0.017955,274.084805,0.270159,0.000322,0.064061,351.026935,0.215347,0.0,0.06742,761.423487,0.428585,0.113339,0.099893,238.928096,0.193023,0.0,0.03066,188.064815,0.201515,0.0,0.037793,290.834875,0.240604,0.0,0.042672,135.38426,0.183229,0.0,0.027137,0.95360965,11,11,5,1.0
GP020573_frame_000241_rain,GP020573_frame_000241_ref,test,rain,real_rain,0,0,514.173959,0.377293,0.266956,0.909804,7.432962,0.044314,0.072399,1.366429,0.076036,49.041275,15.593143,418.779488,0.454309,0.0,0.079998,287.757148,0.728505,0.193277,0.031567,898.637889,0.476234,0.032055,0.096751,521.788891,0.331448,0.000205,0.100186,971.839297,0.461055,0.17298,0.124678,698.653205,0.320218,0.0,0.111895,155.679927,0.162454,0.0,0.028228,416.272466,0.298781,0.0,0.060148,282.164002,0.162204,0.0,0.044721,0.9739959,12,10,3,0.8333
GP020573_frame_000252_rain,GP020573_frame_000252_ref,test,rain,real_rain,0,0,457.775646,0.344911,0.2885,0.956863,7.183943,0.089926,0.138393,1.293333,0.067133,43.139797,17.480938,561.380746,0.291671,0.0,0.095608,408.577793,0.846987,0.445111,0.039217,361.991129,0.474946,0.14515,0.044819,372.183399,0.209992,0.0,0.079225,923.712131,0.494919,0.218443,0.126581,750.478464,0.21314,0.0,0.072131,256.365324,0.120023,0.0,0.058529,362.449644,0.310736,0.0,0.055308,146.666271,0.140813,0.0,0.02862,0.9894535,10,9,3,0.9
GP020573_frame_000272_rain,GP020573_frame_000272_ref,test,rain,real_rain,0,0,398.206928,0.370899,0.278545,0.933333,7.179527,0.098455,0.080228,1.377199,0.059364,38.798508,17.680241,306.693818,0.449052,0.0107,0.054157,435.302421,0.851876,0.720726,0.048614,410.971765,0.262235,0.0004,0.074873,230.657059,0.275592,0.000127,0.041911,879.100644,0.58242,0.15244,0.104333,487.545035,0.216861,2e-05,0.073351,150.120412,0.149663,0.0,0.034204,511.558203,0.372443,0.001015,0.065535,191.26677,0.177395,0.0,0.031479,0.9666831,4,4,1,1.0
GP020573_frame_000280_rain,GP020573_frame_000280_ref,test,rain,real_rain,0,0,399.139394,0.422192,0.324306,0.890196,7.400838,0.002363,0.066075,1.21794,0.056047,38.620872,8.931003,286.031746,0.724629,0.0,0.046508,454.86533,0.829311,0.020072,0.038983,584.50225,0.66671,0.001015,0.064042,634.74215,0.310963,1e-05,0.10088,516.495653,0.397208,0.0,0.064256,467.59729,0.184686,0.0,0.075742,235.869885,0.274244,0.000156,0.040493,223.685403,0.227186,0.0,0.034221,199.246696,0.184893,0.0,0.036407,0.96814615,1,1,0,1.0
GP020573_frame_000348_rain,GP020573_frame_000348_ref,test,rain,real_rain,0,0,648.487405,0.406875,0.309396,0.937255,7.452233,0.070077,0.083098,1.600195,0.087271,52.806335,8.512715,547.498464,0.703976,0.04553,0.060906,198.410875,0.921949,0.489227,0.014286,958.216588,0.412545,0.094867,0.136066,924.197085,0.266387,1e-05,0.11739,1422.499042,0.509216,0.0,0.14517,727.33088,0.244671,0.0,0.151337,273.394138,0.200352,0.0,0.052074,474.799249,0.280291,0.000673,0.057963,324.035747,0.122367,0.0,0.046019,0.9302257,12,12,7,1.0
GP020573_frame_000353_rain,GP020573_frame_000353_ref,test,rain,real_rain,0,0,561.47921,0.390849,0.28481,0.933333,7.434075,0.075946,0.076048,1.542801,0.072398,48.186455,10.316644,1350.383224,0.4986,0.102856,0.137568,172.924914,0.912142,0.509329,0.020814,504.791735,0.481542,0.069994,0.077801,757.426725,0.25575,2e-05,0.095364,1059.97636,0.481328,3.9e-05,0.140066,391.430717,0.278948,0.0,0.057289,213.259242,0.15801,0.0,0.0415,218.006731,0.279008,0.000986,0.026747,410.900106,0.171704,0.0,0.050585,0.96491414,6,3,1,0.5
GP020573_frame_000359_rain,GP020573_frame_000359_ref,test,rain,real_rain,0,0,476.736228,0.373949,0.291194,0.929412,7.3134,0.078957,0.074583,1.380502,0.069972,46.515251,16.487877,851.662454,0.331869,0.0,0.138605,284.478058,0.876461,0.45362,0.035714,325.062022,0.547918,0.256323,0.038251,395.729016,0.176889,0.0,0.073895,986.362023,0.549897,0.000117,0.127703,485.706419,0.21971,0.0,0.055611,262.940384,0.132008,0.0,0.041344,381.602349,0.318891,0.0,0.048351,337.769153,0.210772,0.0,0.067116,0.9670666,8,7,8,0.875
GP020573_frame_000367_rain,GP020573_frame_000367_ref,test,rain,real_rain,0,0,417.138432,0.403661,0.325101,0.92549,7.148445,0.114291,0.062126,1.162579,0.06553,40.50951,22.044914,352.594048,0.607689,0.188605,0.075665,426.334942,0.832555,0.537529,0.053815,401.862883,0.539407,0.301532,0.037998,461.128366,0.276314,0.0,0.091422,919.263975,0.50006,1e-05,0.127,451.233673,0.230674,0.000224,0.069516,190.617714,0.169197,0.0,0.037725,372.882674,0.298271,0.000361,0.051727,190.922101,0.17841,0.0,0.042047,0.96109277,5,5,1,1.0
GP020573_frame_000375_rain,GP020573_frame_000375_ref,test,rain,real_rain,0,0,390.020484,0.362245,0.282383,0.913725,7.379729,0.056415,0.071168,1.278092,0.061503,40.568607,12.989913,473.171002,0.344228,0.0,0.092782,636.315638,0.775184,0.447951,0.079245,274.847264,0.549752,0.05928,0.030055,242.383138,0.237887,0.0,0.053492,822.77493,0.502742,1e-05,0.11412,328.546597,0.248503,9.8e-05,0.053874,101.032746,0.14182,0.0,0.022457,343.123613,0.262652,0.0,0.046819,298.477255,0.196589,0.0,0.057309,1.0,1,1,3,1.0
GP020573_frame_000381_rain,GP020573_frame_000381_ref,test,rain,real_rain,0,0,462.1921,0.380107,0.30153,0.921569,7.269312,0.102145,0.060146,1.472944,0.073796,46.615025,16.332933,493.120544,0.44667,0.089887,0.104705,99.166354,0.953783,0.748468,0.007309,1081.617886,0.469229,0.07863,0.152332,527.947158,0.25414,1e-05,0.097291,1000.44496,0.510987,0.0016,0.115935,387.291633,0.17181,0.0,0.07258,117.042986,0.151022,0.0,0.026037,309.602538,0.284945,0.000205,0.042867,154.736489,0.177699,0.0,0.038827,0.9777238,7,4,9,0.5714
GP020573_frame_000387_rain,GP020573_frame_000387_ref,test,rain,real_rain,0,0,504.314079,0.362543,0.287007,0.937255,7.205005,0.094567,0.086561,1.482254,0.074028,46.221172,16.988516,548.413019,0.332646,0.069151,0.107815,268.141887,0.922793,0.763378,0.02298,1017.128358,0.435395,0.013622,0.11773,413.686665,0.20223,0.0,0.077279,1079.101254,0.512916,0.004333,0.133011,509.331823,0.177324,0.0,0.075966,226.714602,0.188858,0.0,0.046547,363.496659,0.327962,0.000117,0.049502,136.831741,0.16191,0.0,0.030513,0.9882844,11,11,12,1.0
GP020573_frame_000393_rain,GP020573_frame_000393_ref,test,rain,real_rain,0,0,410.521902,0.377329,0.290814,0.937255,7.258133,0.10315,0.098227,1.333544,0.062157,40.636936,10.641427,466.635308,0.445349,0.082717,0.074257,125.376428,0.948217,0.785744,0.009212,595.511952,0.298993,0.054674,0.094848,298.949594,0.194761,0.0,0.050861,972.933175,0.536709,0.004684,0.107299,589.567685,0.24023,0.0,0.096897,214.826164,0.168451,0.0,0.039818,245.4563,0.361613,0.0,0.038954,203.661462,0.200876,0.0,0.04235,0.9686808,11,9,3,0.8182
GP020573_frame_000399_rain,GP020573_frame_000399_ref,test,rain,real_rain,0,0,309.595341,0.356913,0.294982,0.941176,7.155054,0.101037,0.108219,1.261428,0.053189,34.422352,17.061287,351.594325,0.443234,0.127504,0.081328,151.98579,0.886496,0.722443,0.014052,362.460577,0.283662,0.058626,0.0492,441.617511,0.248199,0.0,0.079529,730.545455,0.527506,0.000342,0.100634,179.873739,0.118103,0.0,0.034221,188.227386,0.2043,0.0,0.045931,281.961699,0.365566,1e-05,0.048419,111.532021,0.134746,0.0,0.021526,0.98819506,4,2,6,0.5
GP020573_frame_000404_rain,GP020573_frame_000404_ref,test,rain,real_rain,0,0,417.579147,0.398303,0.294398,0.94902,7.496012,0.084117,0.113475,1.3625,0.061923,38.309486,11.45146,745.276735,0.464777,0.024237,0.107277,165.44064,0.948303,0.713505,0.018452,692.114132,0.425586,0.018706,0.091881,500.203071,0.219861,0.0,0.085084,777.374988,0.585293,0.0,0.089256,244.10202,0.198208,0.0,0.048273,168.27756,0.176763,0.0,0.034116,319.557863,0.374374,6.8e-05,0.044779,161.474265,0.190782,0.0,0.035363,0.95215833,11,7,12,0.6364
GP020573_frame_000424_rain,GP020573_frame_000424_ref,test,rain,real_rain,0,0,414.813693,0.412665,0.306659,0.921569,7.55205,0.024836,0.083779,1.342783,0.056985,35.600231,9.771921,525.169767,0.621461,0.165728,0.097643,136.854802,0.929825,0.058011,0.008041,688.495403,0.443019,0.0,0.103044,505.594812,0.302253,0.0,0.043995,856.833889,0.571691,0.0,0.078679,342.577355,0.192871,0.0,0.060295,171.130867,0.177351,0.0,0.030781,332.383221,0.29332,0.0,0.046438,192.310988,0.181869,0.0,0.039335,0.97196066,8,6,9,0.75
GP020573_frame_000444_rain,GP020573_frame_000444_ref,test,rain,real_rain,0,0,1161.694554,0.441718,0.316478,0.890196,7.595604,4.2e-05,0.088126,2.320176,0.082768,56.256313,11.493215,34.871913,0.906065,0.000196,0.002964,1675.273248,0.873576,0.000185,0.081743,3844.39968,0.345289,0.0,0.224258,683.97462,0.40008,0.0,0.082981,1679.282061,0.53825,0.0,0.104333,1692.0355,0.214145,0.0,0.110792,199.742447,0.281174,0.0,0.038889,450.537058,0.278307,0.0,0.061339,228.462666,0.139187,0.0,0.036446,0.96473795,5,5,2,1.0
GP020573_frame_000464_rain,GP020573_frame_000464_ref,test,rain,real_rain,0,0,945.278968,0.442472,0.313774,0.878431,7.547122,5e-06,0.084619,2.094448,0.079182,51.48909,10.923429,22.242654,0.907148,2e-05,0.002553,1083.152541,0.867552,0.0,0.076952,3063.345128,0.34708,0.0,0.209377,613.891534,0.404156,0.0,0.078883,1219.156802,0.545685,0.0,0.08792,1601.962432,0.212486,0.0,0.110265,238.895119,0.280515,2.9e-05,0.040395,451.11447,0.282608,0.0,0.062842,244.540065,0.135638,0.0,0.040408,0.9604763,10,10,3,1.0
GP020573_frame_000497_rain,GP020573_frame_000497_ref,test,rain,real_rain,0,0,214.554652,0.477419,0.297362,0.792157,7.315895,2e-06,0.061148,1.105778,0.033339,25.362656,9.418671,287.695821,0.658871,0.0,0.049726,33.540524,0.853317,0.0,0.00244,84.960469,0.799422,0.0,0.012188,397.24511,0.251353,0.0,0.052465,284.689143,0.525496,0.0,0.044594,213.922843,0.421854,0.0,0.032923,187.532609,0.264199,0.0,0.033236,290.979693,0.294968,2e-05,0.046965,161.684684,0.22669,0.0,0.022941,0.97555786,2,1,3,0.5
GP020573_frame_000505_rain,GP020573_frame_000505_ref,test,rain,real_rain,0,0,453.532205,0.451802,0.314158,0.847059,7.268243,9.4e-05,0.041914,1.441994,0.064131,41.11657,15.141059,774.938292,0.819831,0.000245,0.076643,349.494474,0.866459,0.000595,0.034778,519.262896,0.771035,0.0,0.043394,469.204188,0.309777,0.0,0.07636,679.991906,0.401692,0.0,0.116237,676.58353,0.210953,0.0,0.101327,167.194305,0.213632,0.0,0.029167,214.340673,0.262496,0.0,0.03306,255.072858,0.210314,1e-05,0.062344,0.9765579,2,2,3,1.0
GP020573_frame_000511_rain,GP020573_frame_000511_ref,test,rain,real_rain,0,0,447.573923,0.295874,0.268615,0.941176,6.853261,0.085365,0.10909,1.460537,0.06488,40.227089,16.324823,500.769088,0.255687,0.00893,0.080595,646.05068,0.795596,0.685773,0.07057,414.825823,0.19785,0.0,0.069487,563.268922,0.178029,0.0,0.079998,980.03621,0.466284,0.073,0.126366,296.622479,0.171545,0.0,0.050703,231.772355,0.127717,0.0,0.035221,339.451089,0.302276,0.0,0.052293,78.477649,0.167121,0.0,0.013271,0.97690165,2,1,6,0.5
GP020573_frame_000529_rain,GP020573_frame_000529_ref,test,rain,real_rain,0,0,535.082963,0.454667,0.302328,0.854902,7.373004,2.1e-05,0.056615,1.53158,0.073989,46.207855,12.964274,1087.081136,0.614396,2e-05,0.107658,340.305397,0.869658,0.000117,0.033997,430.966701,0.768086,0.0,0.049454,389.47241,0.25012,0.0,0.073239,764.133187,0.46006,2.9e-05,0.098897,845.257251,0.40359,1e-05,0.129938,223.642376,0.195249,0.0,0.047496,453.573964,0.291393,0.0,0.073214,299.220301,0.238739,1e-05,0.046468,0.97896343,14,11,5,0.7857
GP020573_frame_000549_rain,GP020573_frame_000549_ref,test,rain,real_rain,0,0,475.637222,0.413617,0.305678,0.894118,7.343574,0.017421,0.046062,1.438679,0.062132,43.05386,10.822986,797.110729,0.731398,0.007962,0.071146,1104.838986,0.61658,0.113486,0.099629,190.466585,0.758859,0.033587,0.031606,594.555963,0.327865,0.0,0.097369,552.226625,0.272827,0.000537,0.065984,481.088469,0.419367,0.001112,0.088105,124.566876,0.175863,0.0,0.025391,102.82747,0.155419,0.0,0.013368,347.203444,0.264364,0.0,0.063651,0.9595418,4,3,5,0.75
GP020573_frame_000561_rain,GP020573_frame_000561_ref,test,rain,real_rain,0,0,809.100439,0.355404,0.273137,0.937255,7.325323,0.066796,0.088513,2.035792,0.094214,57.792896,15.192983,907.857779,0.380236,0.017019,0.150528,1098.994726,0.783739,0.522336,0.088915,1832.997938,0.489047,0.060685,0.169838,291.061843,0.207266,0.0,0.044249,1064.205319,0.412515,0.00042,0.125195,1500.061426,0.288096,0.000273,0.150029,116.223376,0.16645,0.0,0.022995,282.887325,0.257585,0.0,0.045648,223.319971,0.212971,0.0,0.048,1.0,2,1,3,0.5
GP020573_frame_000568_rain,GP020573_frame_000568_ref,test,rain,real_rain,0,0,798.621858,0.368628,0.292524,0.929412,7.183861,0.103793,0.091021,1.871235,0.089255,55.777748,9.185122,1157.914895,0.715145,0.426223,0.123484,2120.814622,0.696485,0.374571,0.179235,534.257222,0.351292,0.0,0.082884,1114.197945,0.413909,0.021929,0.158783,1621.035823,0.418266,0.111739,0.142291,93.45851,0.139332,0.0,0.013417,238.97376,0.231169,0.0,0.039251,298.122307,0.233218,0.0,0.053786,38.383522,0.119435,0.0,0.00766,0.97692186,1,1,1,1.0
GP020573_frame_000576_rain,GP020573_frame_000576_ref,test,rain,real_rain,0,0,853.446713,0.354178,0.288102,0.941176,7.183841,0.101514,0.095765,1.986821,0.084284,57.661606,10.594895,1129.171887,0.477921,0.204548,0.124912,1840.03423,0.770434,0.569399,0.105299,566.454376,0.273366,0.0,0.074356,574.88708,0.271418,0.000127,0.099051,2392.520496,0.518603,0.138954,0.149688,413.447234,0.169265,0.000361,0.059299,183.962282,0.220059,0.0,0.035084,514.22946,0.329621,0.0,0.083489,102.868542,0.156693,0.0,0.023741,0.9978767,1,1,4,1.0
GP020573_frame_000596_rain,GP020573_frame_000596_ref,test,rain,real_rain,0,0,554.435417,0.443357,0.324211,0.87451,7.344328,4.1e-05,0.073427,1.475312,0.062665,41.640285,8.259139,722.81202,0.776917,0.000303,0.072985,214.415911,0.929579,2.9e-05,0.013212,383.900729,0.329294,0.0,0.056157,1053.105415,0.345466,0.0,0.106172,971.320272,0.478954,0.0,0.083714,666.089783,0.337947,2.9e-05,0.093657,314.68458,0.27326,1e-05,0.049257,442.911817,0.289268,0.0,0.048292,239.016818,0.229684,0.0,0.037754,0.93710977,4,3,3,0.75
GP020573_frame_000613_rain,GP020573_frame_000613_ref,test,rain,real_rain,0,0,374.008817,0.399957,0.294048,0.85098,7.22429,5e-06,0.064735,1.401416,0.063827,39.058064,9.903876,81.756252,0.724522,0.0,0.018329,249.267252,0.863727,4.9e-05,0.029498,890.045929,0.281265,0.0,0.157045,214.78704,0.334046,0.0,0.052279,705.90116,0.527461,0.0,0.105211,637.822145,0.181489,0.0,0.104079,89.058705,0.19825,0.0,0.019327,244.046723,0.302476,0.0,0.037598,265.269661,0.186514,0.0,0.046253,0.9689767,5,3,2,0.6
GP020573_frame_000620_rain,GP020573_frame_000620_ref,test,rain,real_rain,0,0,504.417833,0.415434,0.313439,0.866667,7.334738,0.000576,0.06989,1.400337,0.069178,44.212711,11.239691,318.081717,0.88162,0.0,0.039965,992.917897,0.866801,0.004235,0.075068,569.926804,0.279895,0.000156,0.115379,564.810746,0.517403,0.000196,0.079069,694.018101,0.319516,0.000283,0.100098,416.074397,0.176523,0.0,0.078445,306.602064,0.292546,0.000313,0.040219,343.796817,0.216964,0.0,0.04759,347.254613,0.188682,0.0,0.043043,0.9653481,4,4,2,1.0
GP020573_frame_000627_rain,GP020573_frame_000627_ref,test,rain,real_rain,0,0,372.708262,0.415964,0.304813,0.854902,7.385066,7.1e-05,0.066671,1.217531,0.055334,37.708424,11.414357,381.63973,0.742909,0.0,0.052367,350.634681,0.787142,0.000283,0.037988,288.172225,0.187919,0.0,0.05485,488.104345,0.501234,0.0,0.080634,590.847505,0.533654,0.0,0.069867,259.985672,0.162094,0.0,0.06291,400.36758,0.327291,0.000352,0.063644,372.491419,0.315267,0.0,0.039764,234.462391,0.186922,0.0,0.033128,0.964317,12,10,10,0.8333
GP020573_frame_000635_rain,GP020573_frame_000635_ref,test,rain,real_rain,0,0,607.355077,0.453568,0.313841,0.854902,7.464959,3.7e-05,0.09497,1.48133,0.073027,48.503174,14.351433,133.322418,0.871608,0.0,0.023044,532.432372,0.852975,0.000263,0.046868,513.690042,0.127215,0.0,0.060168,756.741818,0.46512,0.0,0.090209,720.641522,0.634662,5.9e-05,0.072619,1636.166338,0.22765,0.0,0.152966,288.238709,0.317656,0.0,0.056602,442.810274,0.354329,1e-05,0.066413,499.731095,0.231587,0.0,0.085441,0.98253655,6,6,2,1.0
GP020573_frame_000655_rain,GP020573_frame_000655_ref,test,rain,real_rain,0,0,426.711746,0.458273,0.308896,0.811765,7.21733,0.00017,0.049398,1.44474,0.056304,37.332378,14.52242,489.478709,0.722614,0.0,0.053521,124.192222,0.868937,0.0,0.012266,397.029983,0.667621,0.0,0.053571,604.064144,0.290086,0.0,0.078394,621.231042,0.577821,0.0,0.069048,594.388456,0.264012,0.0,0.092847,358.975472,0.299592,0.0,0.053208,472.321445,0.228039,0.001532,0.061612,190.791286,0.205592,0.0,0.029469,0.98533624,7,7,6,1.0
GP020573_frame_000666_rain,GP020573_frame_000666_ref,test,rain,real_rain,0,0,298.651331,0.530563,0.272048,0.72549,7.10905,0.0,0.02603,1.155385,0.049691,30.858374,8.076398,274.960067,0.790228,0.0,0.032942,118.405981,0.831331,0.0,0.015974,13.220217,0.836307,0.0,0.001161,565.577912,0.309881,0.0,0.102827,620.863734,0.524537,0.0,0.089891,332.143975,0.618044,0.0,0.067974,189.88969,0.253522,0.0,0.031553,290.502112,0.30148,0.0,0.049346,296.822495,0.309182,0.0,0.051483,0.9077803,5,5,16,1.0
GP020573_frame_000681_rain,GP020573_frame_000681_ref,test,rain,real_rain,0,0,372.056933,0.511304,0.279236,0.745098,7.254698,0.0,0.022077,1.249074,0.058469,36.990162,11.217563,184.178001,0.789066,0.0,0.023425,226.701003,0.85831,0.0,0.020863,155.099434,0.802989,0.0,0.015935,635.269587,0.343702,0.0,0.097525,687.139626,0.462382,0.0,0.107309,499.912822,0.55295,0.0,0.097609,219.265691,0.247259,0.0,0.035876,422.467336,0.251629,0.0,0.056382,332.737879,0.293089,0.0,0.068345,0.9537974,3,2,5,0.6667
GP020573_frame_000692_rain,GP020573_frame_000692_ref,test,rain,real_rain,0,0,563.774259,0.477664,0.255927,0.745098,7.563375,7e-06,0.009944,1.741618,0.086166,49.576855,16.811119,661.006209,0.54448,0.0,0.138752,146.965447,0.869343,0.0,0.015164,1140.573033,0.592642,0.0,0.113983,606.444302,0.324991,0.0,0.126653,1054.616506,0.505235,0.0,0.137002,609.147144,0.553837,0.0,0.086807,236.141765,0.274234,5.9e-05,0.037656,266.881461,0.353377,0.0,0.04113,372.929643,0.280157,0.0,0.073039,0.9750525,10,10,4,1.0
GP020573_frame_000699_rain,GP020573_frame_000699_ref,test,rain,real_rain,0,0,782.509934,0.466145,0.244803,0.772549,7.660162,2e-06,0.025544,2.256348,0.107682,56.058971,16.99674,587.461696,0.64887,2e-05,0.096811,859.77174,0.692783,0.0,0.086358,1833.977349,0.583913,0.0,0.192769,874.333238,0.331966,0.0,0.156397,1111.600695,0.489481,0.0,0.149288,908.708603,0.541701,0.0,0.114452,201.617418,0.230846,0.0,0.033314,288.83672,0.350294,0.0,0.046497,410.014635,0.325018,0.0,0.087754,0.91604716,2,2,3,1.0
GP020573_frame_000705_rain,GP020573_frame_000705_ref,test,rain,real_rain,0,0,952.024294,0.464171,0.243367,0.764706,7.689001,5e-06,0.027778,2.608777,0.131391,69.200447,16.880672,668.45531,0.601628,3.9e-05,0.100822,1710.777746,0.706123,1e-05,0.19111,2396.483466,0.540293,0.0,0.279859,692.515104,0.341393,0.0,0.135329,1296.466847,0.536613,0.0,0.15604,781.328999,0.563989,0.0,0.115242,260.419191,0.214351,0.0,0.049452,314.594766,0.364371,0.0,0.041998,471.700234,0.308225,0.0,0.108568,0.83271724,4,4,4,1.0
GP020573_frame_000712_rain,GP020573_frame_000712_ref,test,rain,real_rain,0,0,662.876156,0.422144,0.274245,0.847059,7.658027,4e-06,0.058913,1.948173,0.084641,50.644669,12.176838,484.914327,0.722064,3.9e-05,0.056563,1161.03546,0.607139,0.0,0.105504,1136.480916,0.357792,0.0,0.114539,541.486185,0.347481,0.0,0.100254,832.819458,0.511226,0.0,0.099249,995.993311,0.419284,0.0,0.129557,275.254836,0.230173,0.0,0.049081,321.927635,0.331396,0.0,0.053932,248.605025,0.272822,0.0,0.04837,0.96673185,8,7,3,0.875
GP020573_frame_000721_rain,GP020573_frame_000721_ref,test,rain,real_rain,0,0,206.979517,0.54328,0.248585,0.67451,7.178185,2e-06,0.020319,0.883124,0.034146,25.547905,11.55719,83.619366,0.751615,0.0,0.009409,1.221574,0.820667,0.0,0.0,137.709865,0.799486,0.0,0.010236,365.144227,0.470316,0.0,0.074462,257.587264,0.577514,0.0,0.038612,335.455539,0.550203,0.0,0.057816,237.614805,0.280681,0.0,0.042801,230.936452,0.357857,2e-05,0.036036,224.409974,0.280888,0.0,0.0359,0.94442534,3,3,4,1.0
GP020573_frame_000728_rain,GP020573_frame_000728_ref,test,rain,real_rain,0,0,293.048644,0.463111,0.272913,0.8,7.430731,0.000228,0.060514,1.178816,0.046378,33.015564,14.09926,185.487501,0.635717,0.0,0.025802,8.331782,0.774062,0.0,0.005367,16.115532,0.797209,0.0,0.00243,476.686378,0.352453,0.0,0.100714,523.345032,0.429742,0.0,0.062851,599.048626,0.403372,0.0,0.087032,238.999374,0.232824,0.0,0.047995,412.836335,0.310862,0.002049,0.052791,185.540846,0.231365,0.0,0.028571,0.99818075,9,9,2,1.0
GP020573_frame_000748_rain,GP020573_frame_000748_ref,test,rain,real_rain,0,0,577.125003,0.491742,0.293287,0.776471,7.356492,4e-06,0.006851,1.677577,0.077751,47.803005,18.979078,1680.241075,0.587771,0.0,0.167302,53.713153,0.891345,0.0,0.003493,60.180093,0.87963,0.0,0.004733,704.510964,0.285028,0.0,0.10938,822.68331,0.422153,0.0,0.136563,857.859603,0.519337,0.0,0.091511,295.472025,0.23998,0.0,0.066344,436.45069,0.290123,0.0,0.073175,301.192911,0.309465,3.9e-05,0.044028,0.9905175,1,1,7,1.0
GP020573_frame_000758_rain,GP020573_frame_000758_ref,test,rain,real_rain,0,0,1536.696514,0.377473,0.274378,0.878431,7.51108,0.028987,0.046033,2.829816,0.124864,88.962631,12.794342,1406.165845,0.582583,0.06695,0.125871,4960.766592,0.553151,0.148712,0.239871,2894.627128,0.364007,0.029294,0.18628,589.673437,0.34866,7.8e-05,0.157766,1322.454673,0.491068,0.012939,0.086095,1855.519715,0.28318,0.002127,0.158499,188.342392,0.270771,0.0,0.04377,294.186707,0.322483,0.000732,0.043999,396.926612,0.181515,0.0,0.079625,0.90334636,3,3,4,1.0
GP020573_frame_000764_rain,GP020573_frame_000764_ref,test,rain,real_rain,0,0,319.933629,0.543968,0.322582,0.878431,7.53877,0.036248,0.039876,1.198803,0.05171,34.01799,10.790608,287.085912,0.641667,0.031543,0.067478,10.706079,0.830819,0.23752,0.001005,1.284573,0.937712,0.055777,0.0,592.935019,0.320269,0.0,0.115884,520.044872,0.707306,0.0,0.05807,454.351843,0.600159,0.0,0.075224,314.239007,0.277849,0.000303,0.049345,472.38338,0.376382,0.000907,0.061056,242.168481,0.202632,0.0,0.035158,0.9820346,6,5,10,0.8333
GP020573_frame_000770_rain,GP020573_frame_000770_ref,test,rain,real_rain,0,0,314.592423,0.456147,0.287994,0.815686,7.415769,0.0,0.044902,1.180291,0.052395,33.558289,9.801024,363.524879,0.324479,0.0,0.096166,330.226003,0.818918,0.0,0.037929,4.57533,0.878193,0.0,0.000546,514.004751,0.304224,0.0,0.101154,522.305685,0.577724,0.0,0.072229,386.407869,0.419949,0.0,0.058304,193.695488,0.247729,0.0,0.034184,310.559283,0.320696,0.0,0.034016,219.007836,0.212258,0.0,0.034153,0.97948796,5,1,0,0.2
GP020573_frame_000815_rain,GP020573_frame_000815_ref,test,rain,real_rain,0,0,332.732554,0.467193,0.292933,0.784314,7.379853,0.0,0.047043,1.159499,0.048031,31.188961,10.978245,255.768162,0.39124,0.0,0.03794,14.848907,0.835223,0.0,0.0,74.794897,0.839903,0.0,0.00967,368.866119,0.265263,0.0,0.078961,513.43755,0.564781,0.0,0.057641,615.053231,0.582845,0.0,0.074805,117.812157,0.147388,0.0,0.018095,577.534578,0.278538,0.0,0.077927,473.988938,0.298151,0.0,0.074307,0.9788067,3,2,0,0.6667
GP020573_frame_000825_rain,GP020573_frame_000825_ref,test,rain,real_rain,0,0,423.964379,0.484255,0.279792,0.737255,7.260192,0.0,0.015791,1.341932,0.054269,37.301495,13.867456,162.817364,0.760734,0.0,0.017205,710.284726,0.736967,0.0,0.070511,11.461033,0.854425,0.0,0.000986,586.653758,0.424033,0.0,0.088204,869.741403,0.299554,0.0,0.084397,475.927857,0.491714,0.0,0.06735,270.954265,0.296663,0.0,0.056534,383.106953,0.266483,0.0,0.050312,372.287686,0.227786,0.0,0.050224,0.9593587,7,7,1,1.0
GP020573_frame_000845_rain,GP020573_frame_000845_ref,test,rain,real_rain,0,0,766.480311,0.444516,0.285046,0.803922,7.428568,1e-06,0.016925,1.909707,0.080903,55.02026,21.577782,1484.168148,0.28041,0.0,0.149902,613.682406,0.719168,0.0,0.051737,179.001258,0.889262,1e-05,0.019555,1316.128142,0.297025,0.0,0.13749,1335.589656,0.494615,0.0,0.104986,809.236413,0.480375,0.0,0.099824,299.338309,0.217432,0.0,0.042234,498.067099,0.298124,0.0,0.064696,438.417846,0.322974,0.0,0.056167,0.9297115,1,1,3,1.0
GP020573_frame_000864_rain,GP020573_frame_000864_ref,test,rain,real_rain,0,0,681.925064,0.328422,0.282337,0.870588,6.978349,0.012095,0.044935,1.663198,0.066375,49.819218,15.224398,599.340159,0.827116,0.001536,0.063527,2374.113556,0.667527,0.098663,0.143374,1238.545002,0.225078,0.008441,0.094584,836.751947,0.34295,0.0,0.131133,545.140242,0.20322,0.0,0.068433,216.088789,0.127844,0.0,0.04597,100.096741,0.196298,0.000137,0.013762,143.060078,0.206969,0.0,0.017906,105.584373,0.159686,0.0,0.015349,0.99695855,5,4,3,0.8
GP020573_frame_000874_rain,GP020573_frame_000874_ref,test,rain,real_rain,0,0,392.247587,0.439157,0.290702,0.894118,7.048822,0.140661,0.026417,1.391408,0.049769,36.241692,13.793434,524.879507,0.528657,0.198073,0.063566,201.557176,0.941413,0.837168,0.025371,735.316481,0.54633,0.011202,0.093843,538.819538,0.324224,0.0,0.073973,986.971522,0.579441,0.218891,0.117438,138.97075,0.238733,0.0,0.018189,114.814422,0.182373,0.0,0.01741,250.627418,0.403,8.8e-05,0.031391,65.983957,0.207578,0.0,0.004947,0.96314436,1,1,4,1.0
GP020573_frame_000880_rain,GP020573_frame_000880_ref,test,rain,real_rain,0,0,392.014979,0.438839,0.299726,0.901961,7.24797,0.110518,0.03378,1.306974,0.056581,38.242188,11.78647,327.773686,0.904983,0.429783,0.050939,477.522181,0.818308,0.561222,0.061027,211.815966,0.386193,0.0,0.033792,848.639067,0.441908,4.9e-05,0.137656,891.548185,0.417027,0.003132,0.098858,106.983516,0.179722,0.0,0.021516,340.755601,0.296022,0.000704,0.053101,312.950228,0.279627,0.0,0.04597,26.227175,0.226526,0.0,0.003972,0.96661294,2,2,3,1.0
GP020573_frame_000887_rain,GP020573_frame_000887_ref,test,rain,real_rain,0,0,848.166068,0.342916,0.266789,0.921569,7.038498,0.091939,0.058219,1.944122,0.09285,60.144821,14.206652,1193.138121,0.534854,0.244826,0.113038,1340.187106,0.772097,0.574512,0.092701,1990.059552,0.263056,0.007797,0.167018,599.532457,0.299162,7.8e-05,0.08123,1267.757506,0.419715,0.000166,0.157221,770.639646,0.195989,0.0,0.128386,71.839545,0.176239,0.0,0.011933,213.85865,0.257574,0.0,0.029586,244.198805,0.167517,0.0,0.052459,0.9982606,5,4,1,0.8
GP030573_frame_000073_rain,GP030573_frame_000073_ref,test,rain,real_rain,0,0,630.293592,0.488899,0.274214,0.796078,7.69243,0.0,0.029002,1.724882,0.078154,47.895916,15.74183,983.776312,0.508153,0.0,0.107306,143.85806,0.833681,0.0,0.010744,168.546185,0.852175,0.0,0.021214,871.858792,0.264232,0.0,0.111532,1060.20062,0.559824,0.0,0.125322,935.704772,0.418588,0.0,0.124678,306.372748,0.266419,0.0,0.045158,595.3037,0.360393,0.0,0.074356,622.611429,0.335629,0.0,0.078659,0.8255367,5,5,3,1.0
GP030573_frame_000104_rain,GP030573_frame_000104_ref,test,rain,real_rain,0,0,899.322138,0.37555,0.264197,0.835294,7.494684,0.000362,0.037719,2.230593,0.088515,55.369205,16.042284,201.682062,0.642996,0.0,0.032962,1681.141677,0.704408,0.003015,0.116403,2367.569739,0.423406,0.000244,0.18709,640.18007,0.420374,0.0,0.117791,1293.729068,0.287608,0.0,0.127361,1276.165351,0.174986,0.0,0.097951,240.382379,0.273347,0.0,0.037823,284.766859,0.253662,0.0,0.035617,138.489982,0.19965,0.0,0.041618,0.9809056,5,5,5,1.0
GP030573_frame_000124_rain,GP030573_frame_000124_ref,test,rain,real_rain,0,0,1326.798662,0.394645,0.27045,0.835294,7.51964,0.020953,0.024386,2.678019,0.108183,70.607277,17.815826,239.083558,0.907771,0.160994,0.026829,3557.52472,0.383073,0.023214,0.1976,2592.158452,0.258379,0.003718,0.174405,873.835723,0.50357,0.0,0.124296,1971.998237,0.415894,0.00041,0.151952,1503.363613,0.194274,0.000429,0.114315,386.05156,0.339744,2.9e-05,0.056504,683.95872,0.324043,1e-05,0.087998,188.479255,0.226382,0.0,0.036934,0.9329345,8,5,5,0.625
GP030573_frame_000134_rain,GP030573_frame_000134_ref,test,rain,real_rain,0,0,408.023984,0.47949,0.273646,0.8,7.620434,2e-06,0.041629,1.173569,0.063491,41.766575,21.467894,165.603142,0.824437,0.0,0.024315,399.574802,0.743292,1e-05,0.050312,349.770715,0.556016,1e-05,0.055464,511.775124,0.601432,0.0,0.079959,720.417234,0.420336,0.0,0.105621,442.125587,0.233469,0.0,0.085763,247.235338,0.41124,0.0,0.044141,388.311609,0.268019,0.0,0.046633,471.24638,0.258099,0.0,0.076161,0.96133924,5,4,8,0.8
GP030573_frame_000141_rain,GP030573_frame_000141_ref,test,rain,real_rain,0,0,309.423603,0.498559,0.260174,0.741176,7.512606,0.0,0.04102,1.076982,0.053048,35.104904,18.572811,15.576007,0.810827,0.0,0.000411,63.645037,0.805607,0.0,0.007065,322.406134,0.488056,0.0,0.056011,434.873586,0.524228,0.0,0.069532,687.739945,0.563053,0.0,0.095804,584.438098,0.407793,0.0,0.094496,257.228508,0.284257,0.0,0.064828,236.594082,0.308919,0.0,0.040935,193.071972,0.294584,0.0,0.04515,0.9724409,3,3,5,1.0
GP030573_frame_000151_rain,GP030573_frame_000151_ref,test,rain,real_rain,0,0,494.540999,0.510959,0.246572,0.713725,7.571249,1e-05,0.005582,1.386318,0.081249,46.896267,13.353041,118.216888,0.820411,0.0,0.02007,433.999837,0.809142,2.9e-05,0.0508,498.184677,0.315773,0.0,0.081167,679.659383,0.592943,2e-05,0.100812,1012.629793,0.475811,3.9e-05,0.146311,799.33745,0.536184,0.0,0.159143,271.415958,0.298924,0.0,0.063018,382.259144,0.286799,0.0,0.055113,284.439615,0.463061,0.0,0.049863,0.9576796,3,3,1,1.0
GP030573_frame_000171_rain,GP030573_frame_000171_ref,test,rain,real_rain,0,0,577.428025,0.436388,0.275996,0.831373,7.594436,0.000181,0.033236,1.496348,0.08626,49.339962,17.456413,868.806924,0.459378,0.0,0.120677,508.261843,0.69744,0.0,0.056567,122.879891,0.889846,0.00163,0.01289,674.846062,0.303732,0.0,0.117958,835.8823,0.346816,0.0,0.139715,573.196566,0.498488,0.0,0.095609,329.556825,0.244288,0.0,0.050147,335.030181,0.23541,0.0,0.040525,973.882433,0.251384,0.0,0.138007,0.9731873,16,13,15,0.8125
GP030573_frame_000181_rain,GP030573_frame_000181_ref,test,rain,real_rain,0,0,468.354384,0.492326,0.324216,0.901961,7.616928,0.026252,0.063299,1.266335,0.062284,41.070965,17.459455,926.984371,0.667908,0.0,0.100528,263.671407,0.918821,0.086768,0.02098,345.664977,0.852194,0.149317,0.025615,715.780727,0.319116,0.0,0.125196,678.001638,0.544866,0.0,0.098878,473.530305,0.400936,0.0,0.054957,164.535668,0.183245,0.0,0.027181,313.877147,0.274355,0.0,0.046809,361.213895,0.268779,0.0,0.056977,0.992076,9,8,1,0.8889
GP030573_frame_000201_rain,GP030573_frame_000201_ref,test,rain,real_rain,0,0,339.383728,0.447246,0.318495,0.87451,7.511467,0.000126,0.098513,1.105467,0.043691,31.900944,12.920933,164.947654,0.597161,0.0,0.022604,219.397385,0.882072,0.001112,0.017116,268.359632,0.789111,2e-05,0.01977,352.006425,0.404853,0.0,0.040826,723.207425,0.593262,0.0,0.074053,399.783344,0.259495,0.0,0.059055,159.691648,0.113333,0.0,0.025538,398.427966,0.18915,0.0,0.060988,380.995506,0.19625,0.0,0.070502,0.9603092,15,13,2,0.8667
GP030573_frame_000215_rain,GP030573_frame_000215_ref,test,rain,real_rain,0,0,250.831369,0.420354,0.318713,0.870588,7.495733,0.00031,0.124702,0.985892,0.040776,28.841311,10.079933,131.143072,0.649012,0.0,0.023592,202.706885,0.843184,0.002791,0.018355,34.243442,0.803949,0.0,0.007611,350.772651,0.279201,0.0,0.072731,383.391035,0.33824,0.0,0.065154,397.679829,0.216552,0.0,0.044428,257.809274,0.208503,0.0,0.053042,157.715804,0.238933,0.0,0.021146,356.658234,0.20532,0.0,0.059524,0.9540639,5,3,2,0.6
GP030573_frame_000222_rain,GP030573_frame_000222_ref,test,rain,real_rain,0,0,526.967529,0.306209,0.276389,0.960784,7.022946,0.080266,0.21167,1.394481,0.063536,42.025063,12.395931,650.139468,0.510398,0.073249,0.113175,360.959487,0.627771,0.500302,0.034299,851.84912,0.062599,0.0,0.022082,651.900712,0.334561,0.0,0.121489,930.474102,0.417497,0.148429,0.107055,537.280943,0.093034,0.0,0.04192,219.487945,0.243064,2e-05,0.047574,410.426973,0.334661,0.0,0.054362,145.856046,0.132693,0.0,0.028249,0.9737352,6,5,3,0.8333
GP030573_frame_000237_rain,GP030573_frame_000237_ref,test,rain,real_rain,0,0,466.033414,0.43384,0.253502,0.717647,7.529293,0.0,0.016497,1.531487,0.067635,41.631424,16.502874,1222.143197,0.31533,0.0,0.158637,189.650854,0.776953,0.0,0.023058,434.960987,0.691428,0.0,0.069018,942.097511,0.200686,0.0,0.147496,437.627767,0.501734,0.0,0.053786,243.264491,0.579105,0.0,0.046858,142.829223,0.194731,0.0,0.016461,370.279908,0.33241,0.0,0.047326,226.990344,0.310801,0.0,0.044848,0.97046924,3,3,2,1.0
GP030573_frame_000244_rain,GP030573_frame_000244_ref,test,rain,real_rain,0,0,656.573948,0.406739,0.280367,0.792157,7.527747,0.0,0.040664,1.783496,0.066747,48.049171,19.502731,2215.747076,0.478121,0.0,0.200186,807.451885,0.761416,0.0,0.055006,198.456263,0.597628,0.0,0.018813,957.996444,0.269553,0.0,0.126741,848.851561,0.351,0.0,0.076591,407.437025,0.526232,0.0,0.05201,178.340326,0.229351,0.0,0.029176,149.911311,0.215976,0.0,0.020921,168.090164,0.230807,0.0,0.019926,0.89035696,6,5,4,0.8333
GP030573_frame_000250_rain,GP030573_frame_000250_ref,test,rain,real_rain,0,0,1619.028171,0.336479,0.240365,0.894118,7.209428,0.055783,0.032304,3.204682,0.137696,89.059242,22.246487,1644.385526,0.678361,0.445579,0.134576,3024.465244,0.319564,0.00646,0.197639,3208.93821,0.383906,0.025937,0.208733,1656.311225,0.296006,0.001086,0.173445,1625.6513,0.275045,0.002235,0.149629,2449.743958,0.378117,0.021409,0.198741,257.002087,0.246163,0.0,0.047819,265.205239,0.210789,0.0,0.034495,511.073916,0.240858,0.0,0.090476,0.9926793,4,4,4,1.0
GP030573_frame_000270_rain,GP030573_frame_000270_ref,test,rain,real_rain,0,0,2145.326822,0.463609,0.24612,0.870588,7.63975,0.061051,0.01301,3.865293,0.160265,101.195984,17.500532,1508.913718,0.562795,0.06251,0.213459,3287.291485,0.712485,0.375673,0.189881,4578.790475,0.389706,0.026893,0.230181,1178.267432,0.443943,0.000137,0.181397,3914.539763,0.55672,0.063007,0.257621,3143.030043,0.494887,0.02016,0.157201,534.54653,0.283268,0.000108,0.073885,876.018939,0.371755,0.000527,0.086934,355.347212,0.356683,0.000166,0.049053,0.89609146,9,8,2,0.8889
GP030573_frame_000290_rain,GP030573_frame_000290_ref,test,rain,real_rain,0,0,792.027787,0.482236,0.297204,0.835294,7.667185,0.000404,0.029956,1.788524,0.085979,55.285522,23.800671,704.943234,0.685056,0.001399,0.092058,579.243206,0.819811,0.001103,0.044955,475.769465,0.77435,0.0,0.042681,1079.055289,0.336125,0.0,0.160915,2196.118333,0.424606,0.0,0.166423,952.823922,0.553211,0.0,0.100371,196.678933,0.216431,0.0,0.036532,457.489295,0.24969,0.000488,0.05805,499.880663,0.280352,0.000644,0.068599,0.9710815,2,2,2,1.0
GP030573_frame_000330_rain,GP030573_frame_000330_ref,test,rain,real_rain,0,0,816.731088,0.474736,0.300589,0.843137,7.637188,0.002717,0.026089,1.765574,0.08535,56.359184,18.9016,706.462457,0.688914,0.0058,0.088312,559.326366,0.827762,0.018648,0.039354,411.810123,0.746098,0.0,0.041276,1104.709047,0.330494,0.0,0.161405,2390.89804,0.415539,0.0,0.161632,895.421251,0.498739,0.0,0.087305,242.804087,0.201095,0.0,0.032375,532.955785,0.263681,0.0,0.068989,548.588517,0.29983,0.0,0.084836,0.97028637,7,6,1,0.8571
GP030573_frame_000370_rain,GP030573_frame_000370_ref,test,rain,real_rain,0,0,590.111843,0.426771,0.31052,0.878431,7.509017,0.000335,0.063275,1.622733,0.075668,48.784046,15.198807,878.62881,0.583749,0.000489,0.08885,483.639412,0.779782,0.0012,0.065144,656.156801,0.824556,0.001064,0.068891,518.946871,0.250284,0.0,0.074247,978.989037,0.44493,0.000263,0.120384,932.664921,0.377882,0.0,0.129869,243.259472,0.184358,0.0,0.034478,430.64756,0.202717,0.0,0.060246,203.902204,0.192069,0.0,0.034768,0.9785197,9,7,2,0.7778
GP030573_frame_000390_rain,GP030573_frame_000390_ref,test,rain,real_rain,0,0,463.29618,0.371621,0.318805,0.933333,6.699223,0.165359,0.084213,1.365344,0.060834,38.574184,11.358584,323.891998,0.751443,0.595608,0.037422,378.277392,0.857541,0.722434,0.041589,466.228082,0.300779,0.0,0.057601,653.15591,0.270478,0.032522,0.102719,1354.361516,0.444807,0.137968,0.152147,238.613585,0.131518,0.0,0.028318,200.820746,0.18043,0.0,0.035417,488.767597,0.285866,1e-05,0.074629,94.121919,0.12193,0.0,0.014696,0.9665899,4,4,0,1.0
GP030573_frame_000399_rain,GP030573_frame_000399_ref,test,rain,real_rain,0,0,1086.682081,0.318926,0.290852,0.945098,7.044022,0.09312,0.117531,2.159917,0.095238,62.091568,13.974079,545.18714,0.300678,0.086806,0.089887,3399.955195,0.776637,0.507533,0.138427,1632.487685,0.383954,0.042496,0.145892,444.910171,0.223953,0.0,0.077543,1999.527149,0.465578,0.200712,0.158694,1135.509242,0.21762,7.8e-05,0.123585,65.860187,0.105835,0.0,0.011043,466.442245,0.261956,0.0,0.079313,132.687137,0.133355,0.0,0.028562,0.9761092,3,3,3,1.0
GP030573_frame_000519_rain,GP030573_frame_000519_ref,test,rain,real_rain,0,0,327.190677,0.373506,0.3124,0.890196,7.289251,0.029846,0.091726,1.204246,0.051221,34.60894,11.804447,87.794283,0.703113,0.0,0.014143,232.804334,0.928768,0.257065,0.01776,633.055122,0.244409,0.009973,0.119018,124.933983,0.273746,0.0,0.024531,818.705298,0.473165,0.001366,0.103376,572.306086,0.169045,0.0,0.095209,67.478531,0.160624,0.0,0.012774,268.217209,0.270517,0.0,0.042145,156.403601,0.138205,0.0,0.029986,0.9755462,10,8,4,0.8
GP030573_frame_000539_rain,GP030573_frame_000539_ref,test,rain,real_rain,0,0,503.749442,0.431606,0.313777,0.898039,7.550949,0.041877,0.058104,1.422865,0.066896,43.504177,13.619848,79.880231,0.821592,0.0,0.006064,475.94656,0.876057,0.280943,0.043355,698.805334,0.487498,0.095365,0.100439,645.501491,0.430639,0.0,0.087656,1116.195345,0.39474,0.000244,0.133128,530.517451,0.176514,0.0,0.088534,398.196803,0.283018,4.9e-05,0.057913,313.122857,0.249458,0.0,0.035148,295.233899,0.165501,0.0,0.044809,0.98283005,7,7,4,1.0
GP030573_frame_000559_rain,GP030573_frame_000559_ref,test,rain,real_rain,0,0,393.99856,0.409846,0.313684,0.929412,7.456188,0.061268,0.081506,1.233822,0.062734,40.472836,11.976036,331.254986,0.789633,0.000313,0.031592,543.230985,0.921305,0.463622,0.036056,532.840835,0.283226,0.085363,0.102752,454.673978,0.475842,0.0,0.071381,773.801687,0.353607,0.001473,0.114432,342.573926,0.162152,0.0,0.071311,248.823186,0.282353,0.000215,0.055125,166.594259,0.240927,0.0,0.035002,178.51008,0.180318,0.0,0.040554,0.98425645,8,6,6,0.75
GP030573_frame_000579_rain,GP030573_frame_000579_ref,test,rain,real_rain,0,0,469.61086,0.411531,0.307973,0.886275,7.578791,0.03119,0.072163,1.385655,0.065484,43.070004,12.280559,493.033043,0.834423,5.9e-05,0.0576,335.47095,0.779226,0.279967,0.040096,325.525433,0.229854,0.000224,0.073653,727.103678,0.490503,0.0,0.097721,719.536818,0.483994,0.0,0.070141,485.375057,0.158423,0.0,0.078689,522.160835,0.296029,0.000245,0.074804,440.75081,0.26363,0.0,0.054401,200.188797,0.168601,0.0,0.040193,0.98545,11,10,5,0.9091
GP030573_frame_000599_rain,GP030573_frame_000599_ref,test,rain,real_rain,0,0,359.402363,0.414224,0.333208,0.894118,7.559327,0.009845,0.147359,1.134995,0.049842,34.250393,13.319308,177.629296,0.853119,0.0,0.024765,315.095954,0.881349,0.088515,0.028288,392.842075,0.193975,0.0,0.073507,467.003186,0.530871,0.0,0.064437,632.154956,0.553553,0.0,0.063632,419.182,0.134168,2e-05,0.066891,146.121695,0.164548,0.0,0.023014,406.719072,0.297386,0.0,0.054206,297.116024,0.11976,0.0,0.047063,0.96789974,14,13,6,0.9286
GP030573_frame_000606_rain,GP030573_frame_000606_ref,test,rain,real_rain,0,0,249.471495,0.468486,0.336593,0.866667,7.386592,1e-06,0.090405,0.905535,0.035004,26.91036,10.233419,280.114328,0.734995,0.0,0.040591,62.020653,0.885882,0.0,0.003601,81.15001,0.895059,0.0,0.003571,484.037278,0.291528,0.0,0.071156,517.979757,0.456804,0.0,0.059817,256.701861,0.333173,0.0,0.04074,164.360054,0.208589,0.0,0.027807,228.906408,0.252739,1e-05,0.032328,179.286609,0.157206,0.0,0.030582,0.94259363,10,9,7,0.9
GP030573_frame_000626_rain,GP030573_frame_000626_ref,test,rain,real_rain,0,0,480.437732,0.457847,0.319975,0.882353,7.510131,7.7e-05,0.083121,1.403316,0.059517,39.166279,12.310534,389.849301,0.728697,0.0,0.038087,343.722084,0.856241,0.00042,0.026269,245.126483,0.748432,1e-05,0.029059,807.042111,0.315499,0.0,0.098347,806.851818,0.510866,0.0,0.085988,604.821011,0.222558,0.0,0.086524,465.524948,0.266947,0.000225,0.074912,490.585652,0.333638,3.9e-05,0.062929,213.110073,0.137599,0.0,0.030289,0.96857166,9,8,6,0.8889
GP030573_frame_000638_rain,GP030573_frame_000638_ref,test,rain,real_rain,0,0,388.172525,0.505264,0.281615,0.796078,7.463674,3e-06,0.033336,1.247324,0.059446,36.932404,9.01041,564.271589,0.703319,0.0,0.071596,175.47363,0.730874,0.0,0.022482,114.479923,0.866296,2.9e-05,0.006626,617.445341,0.268838,0.0,0.106436,726.333642,0.481908,0.0,0.093238,402.623621,0.603406,0.0,0.07217,204.349092,0.230237,0.0,0.043104,378.603398,0.351177,0.0,0.057953,332.314484,0.310584,0.0,0.057914,0.99896157,7,7,1,1.0
GP030573_frame_000658_rain,GP030573_frame_000658_ref,test,rain,real_rain,0,0,395.372062,0.483936,0.30434,0.827451,7.516082,0.0,0.046819,1.246091,0.059004,37.104927,16.84395,285.024313,0.73723,0.0,0.036297,116.685083,0.89133,0.0,0.007601,217.175057,0.846347,0.0,0.017672,610.106317,0.250476,0.0,0.095374,822.663376,0.436471,0.0,0.116725,581.244207,0.524822,0.0,0.10846,224.814996,0.196433,0.0,0.036952,286.613533,0.183436,0.0,0.0359,431.016041,0.288255,0.0,0.07297,0.9661632,14,14,5,1.0
GP030573_frame_000678_rain,GP030573_frame_000678_ref,test,rain,real_rain,0,0,572.925711,0.483863,0.289454,0.792157,7.490735,2e-06,0.022019,1.53106,0.081404,47.317585,13.45108,276.646449,0.777112,0.0,0.03882,181.739861,0.875027,0.0,0.022365,1333.379787,0.695053,0.0,0.099034,641.030669,0.302756,0.0,0.13886,711.951921,0.487723,0.0,0.12783,920.48848,0.517848,0.0,0.123829,332.855951,0.206904,0.0,0.041647,322.562454,0.227736,2e-05,0.047356,452.391912,0.264225,0.0,0.089139,0.9877349,6,6,3,1.0
GP030573_frame_000698_rain,GP030573_frame_000698_ref,test,rain,real_rain,0,0,497.950093,0.468747,0.299126,0.882353,7.384501,0.098088,0.0163,1.565163,0.076942,47.619541,26.418888,90.400389,0.956442,0.399648,0.011317,324.316665,0.739386,0.472053,0.066062,636.058276,0.322265,0.0,0.10805,856.818419,0.577155,0.001692,0.138644,724.764309,0.474498,0.008929,0.11248,797.37199,0.309118,1e-05,0.110461,316.776326,0.305053,0.000469,0.036757,409.706765,0.253388,0.000244,0.052966,340.761589,0.282428,0.0,0.053259,0.9686531,15,13,2,0.8667
GP030573_frame_000718_rain,GP030573_frame_000718_ref,test,rain,real_rain,0,0,363.716212,0.43244,0.318658,0.858824,7.395286,5.1e-05,0.069026,1.241448,0.055905,37.433628,15.190794,67.200107,0.857516,0.0,0.010387,59.863485,0.911768,0.000449,0.009153,560.447855,0.432007,1e-05,0.099707,585.135201,0.347098,0.0,0.072584,423.827591,0.484761,0.0,0.063525,725.294982,0.230261,0.0,0.10444,155.814563,0.187071,0.0,0.02679,398.265257,0.258991,0.0,0.058899,312.324744,0.18271,0.0,0.055123,0.98199886,12,9,3,0.75
GP030573_frame_000731_rain,GP030573_frame_000731_ref,test,rain,real_rain,0,0,277.008433,0.466427,0.331579,0.890196,6.870884,0.187403,0.029954,1.012807,0.039989,31.651598,9.228321,178.039347,0.525494,0.200264,0.037911,114.368017,0.942818,0.807201,0.019936,358.259477,0.935254,0.678123,0.030094,93.239659,0.150798,0.0,0.013801,474.773198,0.445137,1e-05,0.064891,702.520606,0.41374,5.9e-05,0.094643,138.922354,0.177367,1e-05,0.025636,171.617366,0.291365,2e-05,0.019516,280.437334,0.314591,9.8e-05,0.049854,0.981417,2,2,3,1.0
GP030573_frame_000741_rain,GP030573_frame_000741_ref,test,rain,real_rain,0,0,202.310356,0.3833,0.298238,0.913725,7.320768,0.072895,0.051778,1.030722,0.032018,26.388027,14.116619,204.432222,0.759813,0.23395,0.041207,96.589637,0.806389,0.421965,0.012793,204.272277,0.271141,0.0,0.028093,365.482113,0.25501,0.0,0.05624,455.433565,0.495205,0.0,0.071751,152.912602,0.168763,0.0,0.020638,91.315805,0.23433,0.0,0.016246,175.863776,0.310616,2e-05,0.026669,83.32824,0.148661,0.000156,0.011632,0.9689519,1,0,4,0.0
GP030573_frame_000746_rain,GP030573_frame_000746_ref,test,rain,real_rain,0,0,264.263061,0.360157,0.271733,0.886275,7.315765,0.050161,0.034245,1.27604,0.051254,35.270153,10.301537,441.448956,0.487194,0.048259,0.087167,184.379701,0.845737,0.402879,0.030904,427.590677,0.210275,0.0,0.092925,311.340221,0.265762,0.0,0.049765,378.201577,0.516655,0.0,0.070785,246.908346,0.193951,0.0,0.061329,110.865299,0.229695,0.0,0.018056,218.506451,0.330922,6.8e-05,0.027771,74.058989,0.160993,0.0,0.016032,1.0,1,1,3,1.0
GP030573_frame_000766_rain,GP030573_frame_000766_ref,test,rain,real_rain,0,0,320.452935,0.395019,0.293707,0.878431,7.337419,0.058469,0.02114,1.300882,0.057437,36.22834,12.972938,212.189257,0.766696,0.175059,0.038224,118.043267,0.800405,0.347951,0.018872,386.676647,0.258951,0.0,0.095404,425.475783,0.282944,0.0,0.06965,500.669855,0.543707,0.0,0.092808,458.229596,0.217784,0.00283,0.084738,209.213092,0.275064,7.8e-05,0.032952,363.834608,0.240869,0.000302,0.045677,223.22894,0.169076,0.0,0.034143,0.9620948,3,3,2,1.0
GP030573_frame_000777_rain,GP030573_frame_000777_ref,test,rain,real_rain,0,0,479.312364,0.382888,0.288048,0.905882,7.578565,0.012972,0.08545,1.522574,0.067487,41.496136,10.59107,939.328333,0.719566,0.015209,0.110495,504.901757,0.76957,0.101308,0.054977,570.857613,0.325479,0.0,0.105484,467.355546,0.261893,0.0,0.064319,851.39154,0.442678,0.0,0.115906,376.178447,0.244607,0.0,0.06413,285.656854,0.258139,5.9e-05,0.048327,281.988121,0.275472,0.000117,0.036036,57.337635,0.148805,0.0,0.006226,0.96726555,5,5,6,1.0
GP030573_frame_000782_rain,GP030573_frame_000782_ref,test,rain,real_rain,0,0,421.932558,0.409487,0.292331,0.886275,7.568925,0.017051,0.059146,1.344426,0.064923,39.881565,12.206775,740.122151,0.804114,0.043867,0.086189,401.66995,0.838534,0.109387,0.040486,362.235633,0.248948,0.0,0.059846,854.440984,0.282002,0.0,0.137031,593.177914,0.467202,0.0,0.088476,261.482796,0.289775,0.0,0.059631,219.213681,0.258187,4.9e-05,0.04109,299.546962,0.304215,0.000137,0.045463,89.672618,0.192674,0.0,0.020492,0.97192836,5,3,2,0.6
GP030573_frame_000787_rain,GP030573_frame_000787_ref,test,rain,real_rain,0,0,407.211862,0.400636,0.299388,0.890196,7.495228,0.016128,0.061653,1.411379,0.061456,39.103359,13.824532,484.159702,0.80518,0.039955,0.074384,337.670038,0.829612,0.105074,0.032309,377.263148,0.219632,0.0,0.084377,1054.484024,0.341746,0.0,0.137285,649.471227,0.446513,0.0,0.079352,200.432254,0.215212,8.8e-05,0.046702,212.107501,0.265275,0.0,0.038155,294.403658,0.302972,2e-05,0.043784,66.191237,0.18007,0.0,0.012734,0.9540794,2,1,6,0.5
GP030573_frame_000792_rain,GP030573_frame_000792_ref,test,rain,real_rain,0,0,534.687212,0.415892,0.295624,0.878431,7.558809,0.00253,0.060813,1.668055,0.06739,44.373081,15.616342,1720.166846,0.711859,0.002113,0.145843,242.543825,0.910826,0.020355,0.023673,558.349403,0.361711,0.000137,0.105708,601.478113,0.243337,0.0,0.083862,723.944634,0.513077,0.0,0.072414,414.872929,0.298239,0.0,0.076639,221.79904,0.229677,0.000137,0.03928,218.331102,0.28707,2e-05,0.035705,133.008808,0.187089,0.0,0.021614,0.9662796,2,2,3,1.0
GP030573_frame_000797_rain,GP030573_frame_000797_ref,test,rain,real_rain,0,0,573.706511,0.391584,0.33863,0.917647,7.352427,0.03498,0.1175,1.663338,0.057216,41.260567,15.501198,378.284432,0.911674,0.14376,0.036923,667.753542,0.893289,0.170911,0.043862,1054.270779,0.145539,0.000215,0.078415,780.935209,0.372993,0.0,0.082932,1207.381323,0.437027,0.0,0.11208,294.282334,0.113035,0.0,0.044594,314.454907,0.274979,2e-05,0.054949,338.613817,0.267273,1e-05,0.038203,147.604244,0.109345,0.0,0.021673,0.9460618,4,4,3,1.0
GP030573_frame_000801_rain,GP030573_frame_000801_ref,test,rain,real_rain,0,0,781.579252,0.388776,0.298539,0.882353,7.49166,0.001536,0.067522,1.99337,0.079933,53.442665,22.212729,415.380918,0.853771,0.00043,0.050303,1008.684099,0.692475,0.012158,0.083724,3005.961552,0.291296,0.00123,0.212783,419.08908,0.335648,0.0,0.07096,651.281093,0.358636,0.0,0.067106,864.053459,0.209276,0.0,0.106372,198.360612,0.282754,0.0,0.046097,296.592588,0.269522,0.0,0.037627,203.597575,0.206321,0.0,0.041794,0.94115514,6,6,4,1.0
GP030573_frame_000808_rain,GP030573_frame_000808_ref,test,rain,real_rain,0,0,824.616195,0.429999,0.318604,0.886275,7.462116,0.017472,0.044671,2.105653,0.08024,54.204945,19.060593,1080.655665,0.479921,0.016598,0.13974,213.745571,0.933757,0.119418,0.022248,2161.97456,0.657974,0.020394,0.138359,455.545261,0.191698,0.0,0.052181,860.392559,0.514892,2.9e-05,0.078435,1580.294838,0.346138,0.0,0.130396,361.968969,0.240692,0.000646,0.056504,414.253565,0.316131,5.9e-05,0.05524,328.789099,0.187902,2e-05,0.047199,0.97853893,8,7,2,0.875
GP030573_frame_000817_rain,GP030573_frame_000817_ref,test,rain,real_rain,0,0,550.8567,0.387014,0.302683,0.847059,7.45473,0.000162,0.069991,1.595836,0.059881,42.675381,12.78294,1195.931486,0.239,0.000196,0.090982,250.20778,0.889053,0.000976,0.021965,818.839136,0.575397,0.0,0.086651,474.292835,0.145905,7.8e-05,0.068359,654.070073,0.578361,2e-05,0.070726,778.476126,0.319537,0.0,0.088388,215.430329,0.202761,0.0,0.030839,388.859478,0.351793,0.000185,0.049551,210.451432,0.179974,0.0,0.029167,0.96151793,6,6,8,1.0
GP030573_frame_000824_rain,GP030573_frame_000824_ref,test,rain,real_rain,0,0,402.571232,0.426926,0.259353,0.811765,7.725658,0.000122,0.041565,1.282284,0.069138,44.161537,16.894043,360.21873,0.568496,0.0,0.04555,468.493885,0.776447,0.00039,0.092438,398.052396,0.44942,0.0,0.115749,484.890718,0.474896,0.0,0.091109,671.320611,0.533039,0.0,0.103171,361.234813,0.189767,0.0,0.03791,284.258865,0.325132,4.9e-05,0.053218,460.958256,0.335471,0.000654,0.056606,144.116106,0.189872,0.0,0.022853,0.9813179,8,8,11,1.0
GP030573_frame_000839_rain,GP030573_frame_000839_ref,test,rain,real_rain,0,0,228.167741,0.347214,0.271651,0.921569,7.108756,0.085139,0.06165,1.074509,0.037272,30.855135,11.470901,251.561993,0.272017,0.0,0.056025,278.048443,0.904578,0.736856,0.036378,287.594544,0.456662,0.0,0.052771,118.141402,0.213844,0.0,0.029812,681.904268,0.443077,0.028796,0.084485,104.477068,0.214251,0.0,0.01574,76.831053,0.159296,0.0,0.012578,192.589273,0.330299,0.0,0.030455,82.874119,0.129974,0.0,0.015164,0.9822666,2,1,0,0.5
GP030573_frame_000844_rain,GP030573_frame_000844_ref,test,rain,real_rain,0,0,701.155538,0.31515,0.259065,0.909804,6.806971,0.088439,0.041102,1.914917,0.078136,51.70208,18.245403,471.039828,0.283209,0.028638,0.095618,895.455598,0.816013,0.708694,0.057748,2554.616084,0.289384,0.008607,0.17783,364.892466,0.20531,0.0,0.080409,938.099582,0.348501,0.049454,0.090876,412.84188,0.201215,0.0,0.080211,164.905363,0.171558,0.0,0.02769,336.403871,0.307306,0.0,0.053513,209.727536,0.213186,0.0,0.03267,0.9851637,1,1,0,1.0
GP030573_frame_000849_rain,GP030573_frame_000849_ref,test,rain,real_rain,0,0,646.566096,0.300428,0.244915,0.909804,6.652419,0.079629,0.040595,1.803158,0.054817,45.165634,14.493626,929.912928,0.333885,0.092332,0.081651,885.52783,0.78515,0.615125,0.06007,1605.028548,0.253494,0.005016,0.122687,64.295382,0.131342,0.0,0.007062,899.379228,0.230412,0.003835,0.065135,1067.290006,0.237849,1e-05,0.098527,157.713717,0.221894,0.0,0.027964,151.289172,0.273981,0.0,0.019545,78.942388,0.235343,0.0,0.009553,0.9795555,3,3,0,1.0
GP030573_frame_000855_rain,GP030573_frame_000855_ref,test,rain,real_rain,0,0,990.604821,0.379501,0.289644,0.905882,6.994562,0.115471,0.036261,2.235223,0.092681,60.390022,28.81476,1146.454769,0.239936,0.013351,0.077025,860.172937,0.845568,0.732562,0.059163,2933.682144,0.608593,0.14839,0.260363,924.318318,0.223478,0.001203,0.108813,1423.613946,0.492132,0.142652,0.091784,1045.579722,0.245717,0.000283,0.131538,148.475519,0.19525,0.0,0.029822,308.749266,0.360247,2e-05,0.041745,162.101923,0.203464,0.0,0.031196,0.98890465,1,1,0,1.0
GP030573_frame_000875_rain,GP030573_frame_000875_ref,test,rain,real_rain,0,0,716.629438,0.386527,0.345669,0.913725,7.063453,0.080618,0.07792,1.721676,0.064898,48.135468,17.047804,2052.890331,0.475979,0.067381,0.138615,128.021282,0.948822,0.398195,0.007631,1166.14295,0.639622,0.259212,0.095902,441.067986,0.12171,0.0,0.051154,1019.768332,0.473285,9.8e-05,0.071116,746.599164,0.259734,0.000195,0.094194,163.753726,0.163751,0.0,0.024834,448.187394,0.187766,7.8e-05,0.050429,306.188508,0.20714,0.0,0.048458,0.95867026,2,1,1,0.5
GP030573_frame_000895_rain,GP030573_frame_000895_ref,test,rain,real_rain,0,0,427.997309,0.39124,0.348967,0.898039,7.036024,0.002351,0.100901,1.315649,0.047709,36.360451,10.395779,1222.844663,0.435717,0.003423,0.10222,228.168957,0.92373,0.009768,0.019135,186.038783,0.886853,0.007114,0.015886,227.885346,0.11334,0.0,0.046557,766.694244,0.41763,0.0,0.06251,523.255145,0.228995,0.0,0.077205,162.839639,0.140825,0.0,0.0259,367.213975,0.21139,0.000849,0.049815,190.977941,0.161552,0.0,0.028932,0.9441608,3,3,2,1.0
GP030573_frame_000904_rain,GP030573_frame_000904_ref,test,rain,real_rain,0,0,430.428644,0.416488,0.320916,0.886275,7.355449,0.003203,0.076158,1.442491,0.060013,39.723579,15.378999,429.454804,0.825405,0.000479,0.040131,36.931213,0.833058,0.025898,0.008333,594.415626,0.44116,0.002332,0.099366,495.790281,0.202438,0.0,0.084223,1067.917771,0.515247,0.0,0.076639,468.992436,0.224153,0.0,0.09315,340.360798,0.196627,7.8e-05,0.066236,323.976276,0.340105,2e-05,0.050039,132.482249,0.170144,0.0,0.018921,0.9689593,3,3,1,1.0
GP030573_frame_000909_rain,GP030573_frame_000909_ref,test,rain,real_rain,0,0,604.080594,0.358385,0.301924,0.898039,7.198079,0.003155,0.107842,1.633124,0.051349,38.761475,11.330647,833.601948,0.444424,0.000303,0.058901,553.666994,0.887703,0.027488,0.02905,402.274775,0.456427,0.000585,0.052488,341.316227,0.127838,0.0,0.032923,2403.264341,0.394354,0.0,0.128854,418.184933,0.249715,0.0,0.072258,146.973751,0.155971,0.0,0.029705,232.731594,0.30577,0.0,0.037637,132.187588,0.202453,0.0,0.017545,0.9928529,3,3,1,1.0
GP030573_frame_000914_rain,GP030573_frame_000914_ref,test,rain,real_rain,0,0,617.749158,0.42666,0.336741,0.898039,7.289716,0.007234,0.076253,1.736905,0.058162,42.340096,13.734025,404.890917,0.883292,0.001721,0.038752,421.641802,0.819434,0.031762,0.032133,2366.815096,0.466217,0.03145,0.171907,480.838243,0.384701,5.9e-05,0.061747,1070.112353,0.431014,1e-05,0.082445,249.915083,0.119107,0.0,0.043491,267.312454,0.255834,0.0,0.04242,241.152801,0.340306,5.9e-05,0.034963,78.788612,0.140609,0.0,0.012754,0.96946746,3,3,0,1.0
