image_id,n_gt,tp,fp,fn,precision,recall
GOPR0400_frame_000216_ref,0,0,1,0,0.0,
GOPR0400_frame_000216_rain1,0,0,1,0,0.0,
GOPR0400_frame_000216_rain2,0,0,1,0,0.0,
GOPR0400_frame_000216_rain3,0,0,0,0,0.0,
GOPR0400_frame_000216_blur1,0,0,1,0,0.0,
GOPR0400_frame_000216_blur2,0,0,0,0,0.0,
GOPR0400_frame_000216_blur3,0,0,0,0,0.0,
GOPR0400_frame_000216_blur4,0,0,0,0,0.0,
GOPR0400_frame_000216_noise1,0,0,1,0,0.0,
GOPR0400_frame_000216_noise2,0,0,1,0,0.0,
GOPR0400_frame_000216_noise3,0,0,0,0,0.0,
GOPR0400_frame_000216_dark1,0,0,1,0,0.0,
GOPR0400_frame_000216_dark2,0,0,1,0,0.0,
GOPR0400_frame_000216_overexposure1,0,0,1,0,0.0,
GOPR0400_frame_000216_overexposure2,0,0,0,0,0.0,
GOPR0400_frame_000224_ref,0,0,0,0,0.0,
GOPR0400_frame_000224_rain1,0,0,0,0,0.0,
GOPR0400_frame_000224_rain2,0,0,0,0,0.0,
GOPR0400_frame_000224_rain3,0,0,0,0,0.0,
GOPR0400_frame_000224_blur1,0,0,0,0,0.0,
GOPR0400_frame_000224_blur2,0,0,0,0,0.0,
GOPR0400_frame_000224_blur3,0,0,0,0,0.0,
GOPR0400_frame_000224_blur4,0,0,0,0,0.0,
GOPR0400_frame_000224_noise1,0,0,0,0,0.0,
GOPR0400_frame_000224_noise2,0,0,0,0,0.0,
GOPR0400_frame_000224_noise3,0,0,0,0,0.0,
GOPR0400_frame_000224_dark1,0,0,0,0,0.0,
GOPR0400_frame_000224_dark2,0,0,0,0,0.0,
GOPR0400_frame_000224_overexposure1,0,0,0,0,0.0,
GOPR0400_frame_000224_overexposure2,0,0,0,0,0.0,
GOPR0400_frame_000228_ref,3,2,1,1,0.6667,0.6667
GOPR0400_frame_000228_rain1,3,1,1,2,0.5,0.3333
GOPR0400_frame_000228_rain2,3,2,1,1,0.6667,0.6667
GOPR0400_frame_000228_rain3,3,0,1,3,0.0,0.0
GOPR0400_frame_000228_blur1,3,2,1,1,0.6667,0.6667
GOPR0400_frame_000228_blur2,3,3,1,0,0.75,1.0
GOPR0400_frame_000228_blur3,3,1,1,2,0.5,0.3333
GOPR0400_frame_000228_blur4,3,1,1,2,0.5,0.3333
GOPR0400_frame_000228_noise1,3,2,1,1,0.6667,0.6667
GOPR0400_frame_000228_noise2,3,2,1,1,0.6667,0.6667
GOPR0400_frame_000228_noise3,3,1,0,2,1.0,0.3333
GOPR0400_frame_000228_dark1,3,1,1,2,0.5,0.3333
GOPR0400_frame_000228_dark2,3,1,1,2,0.5,0.3333
GOPR0400_frame_000228_overexposure1,3,1,1,2,0.5,0.3333
GOPR0400_frame_000228_overexposure2,3,2,1,1,0.6667,0.6667
GOPR0400_frame_000248_ref,1,1,0,0,1.0,1.0
GOPR0400_frame_000248_rain1,1,1,0,0,1.0,1.0
GOPR0400_frame_000248_rain2,1,0,0,1,0.0,0.0
GOPR0400_frame_000248_rain3,1,0,0,1,0.0,0.0
GOPR0400_frame_000248_blur1,1,1,0,0,1.0,1.0
GOPR0400_frame_000248_blur2,1,1,0,0,1.0,1.0
GOPR0400_frame_000248_blur3,1,1,0,0,1.0,1.0
GOPR0400_frame_000248_blur4,1,0,0,1,0.0,0.0
GOPR0400_frame_000248_noise1,1,1,0,0,1.0,1.0
GOPR0400_frame_000248_noise2,1,1,0,0,1.0,1.0
GOPR0400_frame_000248_noise3,1,0,0,1,0.0,0.0
GOPR0400_frame_000248_dark1,1,1,0,0,1.0,1.0
GOPR0400_frame_000248_dark2,1,1,0,0,1.0,1.0
GOPR0400_frame_000248_overexposure1,1,1,0,0,1.0,1.0
GOPR0400_frame_000248_overexposure2,1,1,0,0,1.0,1.0
GOPR0400_frame_000252_ref,1,1,0,0,1.0,1.0
GOPR0400_frame_000252_rain1,1,1,0,0,1.0,1.0
GOPR0400_frame_000252_rain2,1,1,0,0,1.0,1.0
GOPR0400_frame_000252_rain3,1,1,0,0,1.0,1.0
GOPR0400_frame_000252_blur1,1,1,0,0,1.0,1.0
GOPR0400_frame_000252_blur2,1,1,0,0,1.0,1.0
GOPR0400_frame_000252_blur3,1,0,0,1,0.0,0.0
GOPR0400_frame_000252_blur4,1,0,0,1,0.0,0.0
GOPR0400_frame_000252_noise1,1,1,0,0,1.0,1.0
GOPR0400_frame_000252_noise2,1,1,2,0,0.3333,1.0
GOPR0400_frame_000252_noise3,1,0,0,1,0.0,0.0
GOPR0400_frame_000252_dark1,1,1,0,0,1.0,1.0
GOPR0400_frame_000252_dark2,1,1,0,0,1.0,1.0
GOPR0400_frame_000252_overexposure1,1,1,1,0,0.5,1.0
GOPR0400_frame_000252_overexposure2,1,1,0,0,1.0,1.0
GOPR0400_frame_000256_ref,0,0,2,0,0.0,
GOPR0400_frame_000256_rain1,0,0,3,0,0.0,
GOPR0400_frame_000256_rain2,0,0,2,0,0.0,
GOPR0400_frame_000256_rain3,0,0,1,0,0.0,
GOPR0400_frame_000256_blur1,0,0,3,0,0.0,
GOPR0400_frame_000256_blur2,0,0,2,0,0.0,
GOPR0400_frame_000256_blur3,0,0,1,0,0.0,
GOPR0400_frame_000256_blur4,0,0,0,0,0.0,
GOPR0400_frame_000256_noise1,0,0,3,0,0.0,
GOPR0400_frame_000256_noise2,0,0,2,0,0.0,
GOPR0400_frame_000256_noise3,0,0,0,0,0.0,
GOPR0400_frame_000256_dark1,0,0,2,0,0.0,
GOPR0400_frame_000256_dark2,0,0,2,0,0.0,
GOPR0400_frame_000256_overexposure1,0,0,3,0,0.0,
GOPR0400_frame_000256_overexposure2,0,0,2,0,0.0,
GOPR0400_frame_000261_ref,2,2,0,0,1.0,1.0
GOPR0400_frame_000261_rain1,2,2,1,0,0.6667,1.0
GOPR0400_frame_000261_rain2,2,2,0,0,1.0,1.0
GOPR0400_frame_000261_rain3,2,1,1,1,0.5,0.5
GOPR0400_frame_000261_blur1,2,2,2,0,0.5,1.0
GOPR0400_frame_000261_blur2,2,2,1,0,0.6667,1.0
GOPR0400_frame_000261_blur3,2,2,1,0,0.6667,1.0
GOPR0400_frame_000261_blur4,2,1,0,1,1.0,0.5
GOPR0400_frame_000261_noise1,2,2,1,0,0.6667,1.0
GOPR0400_frame_000261_noise2,2,2,0,0,1.0,1.0
GOPR0400_frame_000261_noise3,2,1,0,1,1.0,0.5
GOPR0400_frame_000261_dark1,2,2,1,0,0.6667,1.0
GOPR0400_frame_000261_dark2,2,2,1,0,0.6667,1.0
GOPR0400_frame_000261_overexposure1,2,2,1,0,0.6667,1.0
GOPR0400_frame_000261_overexposure2,2,2,1,0,0.6667,1.0
GOPR0400_frame_000266_ref,2,2,1,0,0.6667,1.0
GOPR0400_frame_000266_rain1,2,2,1,0,0.6667,1.0
GOPR0400_frame_000266_rain2,2,2,1,0,0.6667,1.0
GOPR0400_frame_000266_rain3,2,2,0,0,1.0,1.0
GOPR0400_frame_000266_blur1,2,2,1,0,0.6667,1.0
GOPR0400_frame_000266_blur2,2,2,0,0,1.0,1.0
GOPR0400_frame_000266_blur3,2,2,0,0,1.0,1.0
GOPR0400_frame_000266_blur4,2,1,0,1,1.0,0.5
GOPR0400_frame_000266_noise1,2,2,1,0,0.6667,1.0
GOPR0400_frame_000266_noise2,2,2,1,0,0.6667,1.0
GOPR0400_frame_000266_noise3,2,2,0,0,1.0,1.0
GOPR0400_frame_000266_dark1,2,2,1,0,0.6667,1.0
GOPR0400_frame_000266_dark2,2,2,1,0,0.6667,1.0
GOPR0400_frame_000266_overexposure1,2,2,1,0,0.6667,1.0
GOPR0400_frame_000266_overexposure2,2,2,1,0,0.6667,1.0
GOPR0400_frame_000272_ref,2,2,0,0,1.0,1.0
GOPR0400_frame_000272_rain1,2,2,0,0,1.0,1.0
GOPR0400_frame_000272_rain2,2,2,0,0,1.0,1.0
GOPR0400_frame_000272_rain3,2,1,1,1,0.5,0.5
GOPR0400_frame_000272_blur1,2,1,0,1,1.0,0.5
GOPR0400_frame_000272_blur2,2,1,0,1,1.0,0.5
GOPR0400_frame_000272_blur3,2,1,0,1,1.0,0.5
GOPR0400_frame_000272_blur4,2,1,0,1,1.0,0.5
GOPR0400_frame_000272_noise1,2,2,0,0,1.0,1.0
GOPR0400_frame_000272_noise2,2,2,0,0,1.0,1.0
GOPR0400_frame_000272_noise3,2,1,0,1,1.0,0.5
GOPR0400_frame_000272_dark1,2,2,0,0,1.0,1.0
GOPR0400_frame_000272_dark2,2,2,0,0,1.0,1.0
GOPR0400_frame_000272_overexposure1,2,1,0,1,1.0,0.5
GOPR0400_frame_000272_overexposure2,2,2,2,0,0.5,1.0
GOPR0400_frame_000280_ref,0,0,1,0,0.0,
GOPR0400_frame_000280_rain1,0,0,1,0,0.0,
GOPR0400_frame_000280_rain2,0,0,1,0,0.0,
GOPR0400_frame_000280_rain3,0,0,0,0,0.0,
GOPR0400_frame_000280_blur1,0,0,1,0,0.0,
GOPR0400_frame_000280_blur2,0,0,1,0,0.0,
GOPR0400_frame_000280_blur3,0,0,1,0,0.0,
GOPR0400_frame_000280_blur4,0,0,0,0,0.0,
GOPR0400_frame_000280_noise1,0,0,1,0,0.0,
GOPR0400_frame_000280_noise2,0,0,2,0,0.0,
GOPR0400_frame_000280_noise3,0,0,0,0,0.0,
GOPR0400_frame_000280_dark1,0,0,1,0,0.0,
GOPR0400_frame_000280_dark2,0,0,2,0,0.0,
GOPR0400_frame_000280_overexposure1,0,0,1,0,0.0,
GOPR0400_frame_000280_overexposure2,0,0,1,0,0.0,
GOPR0400_frame_000298_ref,0,0,3,0,0.0,
GOPR0400_frame_000298_rain1,0,0,2,0,0.0,
GOPR0400_frame_000298_rain2,0,0,0,0,0.0,
GOPR0400_frame_000298_rain3,0,0,0,0,0.0,
GOPR0400_frame_000298_blur1,0,0,2,0,0.0,
GOPR0400_frame_000298_blur2,0,0,0,0,0.0,
GOPR0400_frame_000298_blur3,0,0,0,0,0.0,
GOPR0400_frame_000298_blur4,0,0,0,0,0.0,
GOPR0400_frame_000298_noise1,0,0,2,0,0.0,
GOPR0400_frame_000298_noise2,0,0,0,0,0.0,
GOPR0400_frame_000298_noise3,0,0,0,0,0.0,
GOPR0400_frame_000298_dark1,0,0,2,0,0.0,
GOPR0400_frame_000298_dark2,0,0,0,0,0.0,
GOPR0400_frame_000298_overexposure1,0,0,2,0,0.0,
GOPR0400_frame_000298_overexposure2,0,0,2,0,0.0,
GOPR0400_frame_000328_ref,2,2,0,0,1.0,1.0
GOPR0400_frame_000328_rain1,2,2,0,0,1.0,1.0
GOPR0400_frame_000328_rain2,2,1,0,1,1.0,0.5
GOPR0400_frame_000328_rain3,2,1,0,1,1.0,0.5
GOPR0400_frame_000328_blur1,2,2,0,0,1.0,1.0
GOPR0400_frame_000328_blur2,2,2,0,0,1.0,1.0
GOPR0400_frame_000328_blur3,2,2,0,0,1.0,1.0
GOPR0400_frame_000328_blur4,2,1,0,1,1.0,0.5
GOPR0400_frame_000328_noise1,2,2,1,0,0.6667,1.0
GOPR0400_frame_000328_noise2,2,1,0,1,1.0,0.5
GOPR0400_frame_000328_noise3,2,1,0,1,1.0,0.5
GOPR0400_frame_000328_dark1,2,2,0,0,1.0,1.0
GOPR0400_frame_000328_dark2,2,2,0,0,1.0,1.0
GOPR0400_frame_000328_overexposure1,2,2,0,0,1.0,1.0
GOPR0400_frame_000328_overexposure2,2,1,1,1,0.5,0.5
GOPR0400_frame_000337_ref,8,7,6,1,0.5385,0.875
GOPR0400_frame_000337_rain1,8,7,1,1,0.875,0.875
GOPR0400_frame_000337_rain2,8,7,0,1,1.0,0.875
GOPR0400_frame_000337_rain3,8,2,1,6,0.6667,0.25
GOPR0400_frame_000337_blur1,8,7,2,1,0.7778,0.875
GOPR0400_frame_000337_blur2,8,7,2,1,0.7778,0.875
GOPR0400_frame_000337_blur3,8,4,2,4,0.6667,0.5
GOPR0400_frame_000337_blur4,8,0,0,8,0.0,0.0
GOPR0400_frame_000337_noise1,8,7,3,1,0.7,0.875
GOPR0400_frame_000337_noise2,8,6,3,2,0.6667,0.75
GOPR0400_frame_000337_noise3,8,1,0,7,1.0,0.125
GOPR0400_frame_000337_dark1,8,7,5,1,0.5833,0.875
GOPR0400_frame_000337_dark2,8,6,4,2,0.6,0.75
GOPR0400_frame_000337_overexposure1,8,7,5,1,0.5833,0.875
GOPR0400_frame_000337_overexposure2,8,8,4,0,0.6667,1.0
GOPR0400_frame_000350_ref,12,11,2,1,0.8462,0.9167
GOPR0400_frame_000350_rain1,12,11,4,1,0.7333,0.9167
GOPR0400_frame_000350_rain2,12,8,1,4,0.8889,0.6667
GOPR0400_frame_000350_rain3,12,2,0,10,1.0,0.1667
GOPR0400_frame_000350_blur1,12,12,3,0,0.8,1.0
GOPR0400_frame_000350_blur2,12,11,2,1,0.8462,0.9167
GOPR0400_frame_000350_blur3,12,3,0,9,1.0,0.25
GOPR0400_frame_000350_blur4,12,2,2,10,0.5,0.1667
GOPR0400_frame_000350_noise1,12,11,2,1,0.8462,0.9167
GOPR0400_frame_000350_noise2,12,8,0,4,1.0,0.6667
GOPR0400_frame_000350_noise3,12,4,0,8,1.0,0.3333
GOPR0400_frame_000350_dark1,12,12,1,0,0.9231,1.0
GOPR0400_frame_000350_dark2,12,10,1,2,0.9091,0.8333
GOPR0400_frame_000350_overexposure1,12,12,0,0,1.0,1.0
GOPR0400_frame_000350_overexposure2,12,11,1,1,0.9167,0.9167
GOPR0400_frame_000370_ref,13,11,6,2,0.6471,0.8462
GOPR0400_frame_000370_rain1,13,11,5,2,0.6875,0.8462
GOPR0400_frame_000370_rain2,13,8,2,5,0.8,0.6154
GOPR0400_frame_000370_rain3,13,3,1,10,0.75,0.2308
GOPR0400_frame_000370_blur1,13,11,4,2,0.7333,0.8462
GOPR0400_frame_000370_blur2,13,10,0,3,1.0,0.7692
GOPR0400_frame_000370_blur3,13,8,0,5,1.0,0.6154
GOPR0400_frame_000370_blur4,13,3,0,10,1.0,0.2308
GOPR0400_frame_000370_noise1,13,10,3,3,0.7692,0.7692
GOPR0400_frame_000370_noise2,13,8,1,5,0.8889,0.6154
GOPR0400_frame_000370_noise3,13,4,0,9,1.0,0.3077
GOPR0400_frame_000370_dark1,13,11,4,2,0.7333,0.8462
GOPR0400_frame_000370_dark2,13,9,1,4,0.9,0.6923
GOPR0400_frame_000370_overexposure1,13,12,6,1,0.6667,0.9231
GOPR0400_frame_000370_overexposure2,13,10,4,3,0.7143,0.7692
GOPR0400_frame_000405_ref,10,10,1,0,0.9091,1.0
GOPR0400_frame_000405_rain1,10,10,1,0,0.9091,1.0
GOPR0400_frame_000405_rain2,10,8,2,2,0.8,0.8
GOPR0400_frame_000405_rain3,10,0,0,10,0.0,0.0
GOPR0400_frame_000405_blur1,10,9,1,1,0.9,0.9
GOPR0400_frame_000405_blur2,10,7,1,3,0.875,0.7
GOPR0400_frame_000405_blur3,10,1,1,9,0.5,0.1
GOPR0400_frame_000405_blur4,10,0,0,10,0.0,0.0
GOPR0400_frame_000405_noise1,10,9,2,1,0.8182,0.9
GOPR0400_frame_000405_noise2,10,7,0,3,1.0,0.7
GOPR0400_frame_000405_noise3,10,0,0,10,0.0,0.0
GOPR0400_frame_000405_dark1,10,10,1,0,0.9091,1.0
GOPR0400_frame_000405_dark2,10,7,2,3,0.7778,0.7
GOPR0400_frame_000405_overexposure1,10,10,3,0,0.7692,1.0
GOPR0400_frame_000405_overexposure2,10,6,2,4,0.75,0.6
GOPR0400_frame_000431_ref,1,1,3,0,0.25,1.0
GOPR0400_frame_000431_rain1,1,1,3,0,0.25,1.0
GOPR0400_frame_000431_rain2,1,0,2,1,0.0,0.0
GOPR0400_frame_000431_rain3,1,0,0,1,0.0,0.0
GOPR0400_frame_000431_blur1,1,1,2,0,0.3333,1.0
GOPR0400_frame_000431_blur2,1,1,0,0,1.0,1.0
GOPR0400_frame_000431_blur3,1,0,0,1,0.0,0.0
GOPR0400_frame_000431_blur4,1,0,0,1,0.0,0.0
GOPR0400_frame_000431_noise1,1,1,4,0,0.2,1.0
GOPR0400_frame_000431_noise2,1,0,2,1,0.0,0.0
GOPR0400_frame_000431_noise3,1,0,0,1,0.0,0.0
GOPR0400_frame_000431_dark1,1,1,3,0,0.25,1.0
GOPR0400_frame_000431_dark2,1,0,1,1,0.0,0.0
GOPR0400_frame_000431_overexposure1,1,1,3,0,0.25,1.0
GOPR0400_frame_000431_overexposure2,1,1,3,0,0.25,1.0
GOPR0400_frame_000436_ref,1,1,0,0,1.0,1.0
GOPR0400_frame_000436_rain1,1,1,0,0,1.0,1.0
GOPR0400_frame_000436_rain2,1,1,0,0,1.0,1.0
GOPR0400_frame_000436_rain3,1,1,0,0,1.0,1.0
GOPR0400_frame_000436_blur1,1,1,0,0,1.0,1.0
GOPR0400_frame_000436_blur2,1,1,1,0,0.5,1.0
GOPR0400_frame_000436_blur3,1,1,1,0,0.5,1.0
GOPR0400_frame_000436_blur4,1,1,0,0,1.0,1.0
GOPR0400_frame_000436_noise1,1,1,1,0,0.5,1.0
GOPR0400_frame_000436_noise2,1,1,1,0,0.5,1.0
GOPR0400_frame_000436_noise3,1,1,0,0,1.0,1.0
GOPR0400_frame_000436_dark1,1,1,0,0,1.0,1.0
GOPR0400_frame_000436_dark2,1,1,0,0,1.0,1.0
GOPR0400_frame_000436_overexposure1,1,1,1,0,0.5,1.0
GOPR0400_frame_000436_overexposure2,1,1,1,0,0.5,1.0
GOPR0400_frame_000443_ref,1,1,0,0,1.0,1.0
GOPR0400_frame_000443_rain1,1,1,0,0,1.0,1.0
GOPR0400_frame_000443_rain2,1,1,0,0,1.0,1.0
GOPR0400_frame_000443_rain3,1,1,0,0,1.0,1.0
GOPR0400_frame_000443_blur1,1,1,0,0,1.0,1.0
GOPR0400_frame_000443_blur2,1,1,0,0,1.0,1.0
GOPR0400_frame_000443_blur3,1,1,0,0,1.0,1.0
GOPR0400_frame_000443_blur4,1,0,0,1,0.0,0.0
GOPR0400_frame_000443_noise1,1,1,0,0,1.0,1.0
GOPR0400_frame_000443_noise2,1,1,2,0,0.3333,1.0
GOPR0400_frame_000443_noise3,1,1,0,0,1.0,1.0
GOPR0400_frame_000443_dark1,1,1,1,0,0.5,1.0
GOPR0400_frame_000443_dark2,1,1,0,0,1.0,1.0
GOPR0400_frame_000443_overexposure1,1,1,0,0,1.0,1.0
GOPR0400_frame_000443_overexposure2,1,1,1,0,0.5,1.0
GOPR0400_frame_000454_ref,5,4,4,1,0.5,0.8
GOPR0400_frame_000454_rain1,5,4,4,1,0.5,0.8
GOPR0400_frame_000454_rain2,5,4,3,1,0.5714,0.8
GOPR0400_frame_000454_rain3,5,1,0,4,1.0,0.2
GOPR0400_frame_000454_blur1,5,4,4,1,0.5,0.8
GOPR0400_frame_000454_blur2,5,3,3,2,0.5,0.6
GOPR0400_frame_000454_blur3,5,2,1,3,0.6667,0.4
GOPR0400_frame_000454_blur4,5,1,0,4,1.0,0.2
GOPR0400_frame_000454_noise1,5,4,5,1,0.4444,0.8
GOPR0400_frame_000454_noise2,5,4,3,1,0.5714,0.8
GOPR0400_frame_000454_noise3,5,2,0,3,1.0,0.4
GOPR0400_frame_000454_dark1,5,4,4,1,0.5,0.8
GOPR0400_frame_000454_dark2,5,4,4,1,0.5,0.8
GOPR0400_frame_000454_overexposure1,5,3,5,2,0.375,0.6
GOPR0400_frame_000454_overexposure2,5,2,7,3,0.2222,0.4
GOPR0400_frame_000459_ref,6,5,3,1,0.625,0.8333
GOPR0400_frame_000459_rain1,6,5,2,1,0.7143,0.8333
GOPR0400_frame_000459_rain2,6,3,1,3,0.75,0.5
GOPR0400_frame_000459_rain3,6,1,0,5,1.0,0.1667
GOPR0400_frame_000459_blur1,6,4,2,2,0.6667,0.6667
GOPR0400_frame_000459_blur2,6,3,1,3,0.75,0.5
GOPR0400_frame_000459_blur3,6,1,0,5,1.0,0.1667
GOPR0400_frame_000459_blur4,6,0,0,6,0.0,0.0
GOPR0400_frame_000459_noise1,6,4,2,2,0.6667,0.6667
GOPR0400_frame_000459_noise2,6,1,2,5,0.3333,0.1667
GOPR0400_frame_000459_noise3,6,1,1,5,0.5,0.1667
GOPR0400_frame_000459_dark1,6,4,1,2,0.8,0.6667
GOPR0400_frame_000459_dark2,6,2,1,4,0.6667,0.3333
GOPR0400_frame_000459_overexposure1,6,5,3,1,0.625,0.8333
GOPR0400_frame_000459_overexposure2,6,5,4,1,0.5556,0.8333
GOPR0400_frame_000479_ref,5,5,3,0,0.625,1.0
GOPR0400_frame_000479_rain1,5,5,4,0,0.5556,1.0
GOPR0400_frame_000479_rain2,5,4,2,1,0.6667,0.8
GOPR0400_frame_000479_rain3,5,3,1,2,0.75,0.6
GOPR0400_frame_000479_blur1,5,5,2,0,0.7143,1.0
GOPR0400_frame_000479_blur2,5,5,0,0,1.0,1.0
GOPR0400_frame_000479_blur3,5,3,1,2,0.75,0.6
GOPR0400_frame_000479_blur4,5,0,0,5,0.0,0.0
GOPR0400_frame_000479_noise1,5,5,1,0,0.8333,1.0
GOPR0400_frame_000479_noise2,5,4,1,1,0.8,0.8
GOPR0400_frame_000479_noise3,5,2,0,3,1.0,0.4
GOPR0400_frame_000479_dark1,5,5,3,0,0.625,1.0
GOPR0400_frame_000479_dark2,5,5,0,0,1.0,1.0
GOPR0400_frame_000479_overexposure1,5,4,1,1,0.8,0.8
GOPR0400_frame_000479_overexposure2,5,3,0,2,1.0,0.6
GOPR0400_frame_000494_ref,7,7,1,0,0.875,1.0
GOPR0400_frame_000494_rain1,7,6,2,1,0.75,0.8571
GOPR0400_frame_000494_rain2,7,4,1,3,0.8,0.5714
GOPR0400_frame_000494_rain3,7,3,0,4,1.0,0.4286
GOPR0400_frame_000494_blur1,7,6,1,1,0.8571,0.8571
GOPR0400_frame_000494_blur2,7,4,1,3,0.8,0.5714
GOPR0400_frame_000494_blur3,7,3,0,4,1.0,0.4286
GOPR0400_frame_000494_blur4,7,2,0,5,1.0,0.2857
GOPR0400_frame_000494_noise1,7,4,2,3,0.6667,0.5714
GOPR0400_frame_000494_noise2,7,4,0,3,1.0,0.5714
GOPR0400_frame_000494_noise3,7,3,0,4,1.0,0.4286
GOPR0400_frame_000494_dark1,7,5,1,2,0.8333,0.7143
GOPR0400_frame_000494_dark2,7,4,1,3,0.8,0.5714
GOPR0400_frame_000494_overexposure1,7,5,2,2,0.7143,0.7143
GOPR0400_frame_000494_overexposure2,7,5,1,2,0.8333,0.7143
GOPR0400_frame_000504_ref,2,2,6,0,0.25,1.0
GOPR0400_frame_000504_rain1,2,2,7,0,0.2222,1.0
GOPR0400_frame_000504_rain2,2,2,2,0,0.5,1.0
GOPR0400_frame_000504_rain3,2,1,0,1,1.0,0.5
GOPR0400_frame_000504_blur1,2,2,3,0,0.4,1.0
GOPR0400_frame_000504_blur2,2,2,1,0,0.6667,1.0
GOPR0400_frame_000504_blur3,2,2,1,0,0.6667,1.0
GOPR0400_frame_000504_blur4,2,1,0,1,1.0,0.5
GOPR0400_frame_000504_noise1,2,2,5,0,0.2857,1.0
GOPR0400_frame_000504_noise2,2,2,2,0,0.5,1.0
GOPR0400_frame_000504_noise3,2,1,0,1,1.0,0.5
GOPR0400_frame_000504_dark1,2,2,5,0,0.2857,1.0
GOPR0400_frame_000504_dark2,2,2,3,0,0.4,1.0
GOPR0400_frame_000504_overexposure1,2,2,4,0,0.3333,1.0
GOPR0400_frame_000504_overexposure2,2,1,3,1,0.25,0.5
GOPR0400_frame_000514_ref,3,3,2,0,0.6,1.0
GOPR0400_frame_000514_rain1,3,3,3,0,0.5,1.0
GOPR0400_frame_000514_rain2,3,2,2,1,0.5,0.6667
GOPR0400_frame_000514_rain3,3,0,0,3,0.0,0.0
GOPR0400_frame_000514_blur1,3,2,2,1,0.5,0.6667
GOPR0400_frame_000514_blur2,3,2,1,1,0.6667,0.6667
GOPR0400_frame_000514_blur3,3,1,0,2,1.0,0.3333
GOPR0400_frame_000514_blur4,3,0,0,3,0.0,0.0
GOPR0400_frame_000514_noise1,3,2,2,1,0.5,0.6667
GOPR0400_frame_000514_noise2,3,2,0,1,1.0,0.6667
GOPR0400_frame_000514_noise3,3,1,1,2,0.5,0.3333
GOPR0400_frame_000514_dark1,3,3,3,0,0.5,1.0
GOPR0400_frame_000514_dark2,3,2,2,1,0.5,0.6667
GOPR0400_frame_000514_overexposure1,3,3,2,0,0.6,1.0
GOPR0400_frame_000514_overexposure2,3,1,3,2,0.25,0.3333
GOPR0400_frame_000524_ref,7,6,2,1,0.75,0.8571
GOPR0400_frame_000524_rain1,7,5,2,2,0.7143,0.7143
GOPR0400_frame_000524_rain2,7,5,2,2,0.7143,0.7143
GOPR0400_frame_000524_rain3,7,3,1,4,0.75,0.4286
GOPR0400_frame_000524_blur1,7,6,4,1,0.6,0.8571
GOPR0400_frame_000524_blur2,7,4,3,3,0.5714,0.5714
GOPR0400_frame_000524_blur3,7,3,2,4,0.6,0.4286
GOPR0400_frame_000524_blur4,7,2,0,5,1.0,0.2857
GOPR0400_frame_000524_noise1,7,4,3,3,0.5714,0.5714
GOPR0400_frame_000524_noise2,7,5,4,2,0.5556,0.7143
GOPR0400_frame_000524_noise3,7,2,0,5,1.0,0.2857
GOPR0400_frame_000524_dark1,7,6,5,1,0.5455,0.8571
GOPR0400_frame_000524_dark2,7,6,1,1,0.8571,0.8571
GOPR0400_frame_000524_overexposure1,7,6,2,1,0.75,0.8571
GOPR0400_frame_000524_overexposure2,7,5,1,2,0.8333,0.7143
GOPR0400_frame_000545_ref,1,1,3,0,0.25,1.0
GOPR0400_frame_000545_rain1,1,1,2,0,0.3333,1.0
GOPR0400_frame_000545_rain2,1,1,2,0,0.3333,1.0
GOPR0400_frame_000545_rain3,1,0,1,1,0.0,0.0
GOPR0400_frame_000545_blur1,1,1,2,0,0.3333,1.0
GOPR0400_frame_000545_blur2,1,1,0,0,1.0,1.0
GOPR0400_frame_000545_blur3,1,1,0,0,1.0,1.0
GOPR0400_frame_000545_blur4,1,0,1,1,0.0,0.0
GOPR0400_frame_000545_noise1,1,1,4,0,0.2,1.0
GOPR0400_frame_000545_noise2,1,1,5,0,0.1667,1.0
GOPR0400_frame_000545_noise3,1,0,1,1,0.0,0.0
GOPR0400_frame_000545_dark1,1,1,2,0,0.3333,1.0
GOPR0400_frame_000545_dark2,1,1,2,0,0.3333,1.0
GOPR0400_frame_000545_overexposure1,1,1,5,0,0.1667,1.0
GOPR0400_frame_000545_overexposure2,1,1,3,0,0.25,1.0
GOPR0400_frame_000550_ref,3,3,4,0,0.4286,1.0
GOPR0400_frame_000550_rain1,3,1,3,2,0.25,0.3333
GOPR0400_frame_000550_rain2,3,1,1,2,0.5,0.3333
GOPR0400_frame_000550_rain3,3,1,0,2,1.0,0.3333
GOPR0400_frame_000550_blur1,3,2,5,1,0.2857,0.6667
GOPR0400_frame_000550_blur2,3,1,2,2,0.3333,0.3333
GOPR0400_frame_000550_blur3,3,1,2,2,0.3333,0.3333
GOPR0400_frame_000550_blur4,3,1,1,2,0.5,0.3333
GOPR0400_frame_000550_noise1,3,2,5,1,0.2857,0.6667
GOPR0400_frame_000550_noise2,3,1,1,2,0.5,0.3333
GOPR0400_frame_000550_noise3,3,1,0,2,1.0,0.3333
GOPR0400_frame_000550_dark1,3,2,5,1,0.2857,0.6667
GOPR0400_frame_000550_dark2,3,2,2,1,0.5,0.6667
GOPR0400_frame_000550_overexposure1,3,2,4,1,0.3333,0.6667
GOPR0400_frame_000550_overexposure2,3,2,2,1,0.5,0.6667
GOPR0400_frame_000570_ref,1,1,1,0,0.5,1.0
GOPR0400_frame_000570_rain1,1,1,1,0,0.5,1.0
GOPR0400_frame_000570_rain2,1,0,0,1,0.0,0.0
GOPR0400_frame_000570_rain3,1,0,0,1,0.0,0.0
GOPR0400_frame_000570_blur1,1,1,1,0,0.5,1.0
GOPR0400_frame_000570_blur2,1,0,0,1,0.0,0.0
GOPR0400_frame_000570_blur3,1,0,0,1,0.0,0.0
GOPR0400_frame_000570_blur4,1,0,0,1,0.0,0.0
GOPR0400_frame_000570_noise1,1,0,0,1,0.0,0.0
GOPR0400_frame_000570_noise2,1,0,0,1,0.0,0.0
GOPR0400_frame_000570_noise3,1,0,0,1,0.0,0.0
GOPR0400_frame_000570_dark1,1,1,1,0,0.5,1.0
GOPR0400_frame_000570_dark2,1,1,0,0,1.0,1.0
GOPR0400_frame_000570_overexposure1,1,1,0,0,1.0,1.0
GOPR0400_frame_000570_overexposure2,1,0,0,1,0.0,0.0
GOPR0400_frame_000575_ref,4,4,0,0,1.0,1.0
GOPR0400_frame_000575_rain1,4,3,0,1,1.0,0.75
GOPR0400_frame_000575_rain2,4,3,0,1,1.0,0.75
GOPR0400_frame_000575_rain3,4,0,0,4,0.0,0.0
GOPR0400_frame_000575_blur1,4,4,0,0,1.0,1.0
GOPR0400_frame_000575_blur2,4,2,3,2,0.4,0.5
GOPR0400_frame_000575_blur3,4,2,1,2,0.6667,0.5
GOPR0400_frame_000575_blur4,4,2,0,2,1.0,0.5
GOPR0400_frame_000575_noise1,4,3,2,1,0.6,0.75
GOPR0400_frame_000575_noise2,4,3,0,1,1.0,0.75
GOPR0400_frame_000575_noise3,4,2,0,2,1.0,0.5
GOPR0400_frame_000575_dark1,4,3,1,1,0.75,0.75
GOPR0400_frame_000575_dark2,4,3,2,1,0.6,0.75
GOPR0400_frame_000575_overexposure1,4,4,0,0,1.0,1.0
GOPR0400_frame_000575_overexposure2,4,3,1,1,0.75,0.75
GOPR0400_frame_000580_ref,1,1,1,0,0.5,1.0
GOPR0400_frame_000580_rain1,1,1,1,0,0.5,1.0
GOPR0400_frame_000580_rain2,1,0,0,1,0.0,0.0
GOPR0400_frame_000580_rain3,1,0,0,1,0.0,0.0
GOPR0400_frame_000580_blur1,1,1,1,0,0.5,1.0
GOPR0400_frame_000580_blur2,1,1,0,0,1.0,1.0
GOPR0400_frame_000580_blur3,1,0,1,1,0.0,0.0
GOPR0400_frame_000580_blur4,1,0,1,1,0.0,0.0
GOPR0400_frame_000580_noise1,1,1,0,0,1.0,1.0
GOPR0400_frame_000580_noise2,1,0,1,1,0.0,0.0
GOPR0400_frame_000580_noise3,1,0,0,1,0.0,0.0
GOPR0400_frame_000580_dark1,1,1,0,0,1.0,1.0
GOPR0400_frame_000580_dark2,1,0,0,1,0.0,0.0
GOPR0400_frame_000580_overexposure1,1,1,2,0,0.3333,1.0
GOPR0400_frame_000580_overexposure2,1,1,4,0,0.2,1.0
GOPR0400_frame_000585_ref,3,3,1,0,0.75,1.0
GOPR0400_frame_000585_rain1,3,3,1,0,0.75,1.0
GOPR0400_frame_000585_rain2,3,2,0,1,1.0,0.6667
GOPR0400_frame_000585_rain3,3,0,1,3,0.0,0.0
GOPR0400_frame_000585_blur1,3,3,0,0,1.0,1.0
GOPR0400_frame_000585_blur2,3,3,0,0,1.0,1.0
GOPR0400_frame_000585_blur3,3,1,1,2,0.5,0.3333
GOPR0400_frame_000585_blur4,3,0,0,3,0.0,0.0
GOPR0400_frame_000585_noise1,3,3,1,0,0.75,1.0
GOPR0400_frame_000585_noise2,3,2,1,1,0.6667,0.6667
GOPR0400_frame_000585_noise3,3,0,0,3,0.0,0.0
GOPR0400_frame_000585_dark1,3,3,1,0,0.75,1.0
GOPR0400_frame_000585_dark2,3,2,0,1,1.0,0.6667
GOPR0400_frame_000585_overexposure1,3,3,1,0,0.75,1.0
GOPR0400_frame_000585_overexposure2,3,3,2,0,0.6,1.0
GOPR0400_frame_000597_ref,6,6,4,0,0.6,1.0
GOPR0400_frame_000597_rain1,6,5,2,1,0.7143,0.8333
GOPR0400_frame_000597_rain2,6,5,1,1,0.8333,0.8333
GOPR0400_frame_000597_rain3,6,0,0,6,0.0,0.0
GOPR0400_frame_000597_blur1,6,4,2,2,0.6667,0.6667
GOPR0400_frame_000597_blur2,6,5,2,1,0.7143,0.8333
GOPR0400_frame_000597_blur3,6,4,0,2,1.0,0.6667
GOPR0400_frame_000597_blur4,6,0,0,6,0.0,0.0
GOPR0400_frame_000597_noise1,6,3,3,3,0.5,0.5
GOPR0400_frame_000597_noise2,6,4,1,2,0.8,0.6667
GOPR0400_frame_000597_noise3,6,2,0,4,1.0,0.3333
GOPR0400_frame_000597_dark1,6,3,3,3,0.5,0.5
GOPR0400_frame_000597_dark2,6,3,2,3,0.6,0.5
GOPR0400_frame_000597_overexposure1,6,6,3,0,0.6667,1.0
GOPR0400_frame_000597_overexposure2,6,5,10,1,0.3333,0.8333
GOPR0400_frame_000622_ref,5,5,6,0,0.4545,1.0
GOPR0400_frame_000622_rain1,5,5,3,0,0.625,1.0
GOPR0400_frame_000622_rain2,5,4,2,1,0.6667,0.8
GOPR0400_frame_000622_rain3,5,0,0,5,0.0,0.0
GOPR0400_frame_000622_blur1,5,5,1,0,0.8333,1.0
GOPR0400_frame_000622_blur2,5,4,2,1,0.6667,0.8
GOPR0400_frame_000622_blur3,5,1,1,4,0.5,0.2
GOPR0400_frame_000622_blur4,5,0,0,5,0.0,0.0
GOPR0400_frame_000622_noise1,5,5,3,0,0.625,1.0
GOPR0400_frame_000622_noise2,5,5,0,0,1.0,1.0
GOPR0400_frame_000622_noise3,5,2,0,3,1.0,0.4
GOPR0400_frame_000622_dark1,5,5,1,0,0.8333,1.0
GOPR0400_frame_000622_dark2,5,5,0,0,1.0,1.0
GOPR0400_frame_000622_overexposure1,5,5,4,0,0.5556,1.0
GOPR0400_frame_000622_overexposure2,5,4,7,1,0.3636,0.8
GOPR0400_frame_000636_ref,3,3,3,0,0.5,1.0
GOPR0400_frame_000636_rain1,3,1,3,2,0.25,0.3333
GOPR0400_frame_000636_rain2,3,1,1,2,0.5,0.3333
GOPR0400_frame_000636_rain3,3,0,0,3,0.0,0.0
GOPR0400_frame_000636_blur1,3,2,3,1,0.4,0.6667
GOPR0400_frame_000636_blur2,3,2,0,1,1.0,0.6667
GOPR0400_frame_000636_blur3,3,0,0,3,0.0,0.0
GOPR0400_frame_000636_blur4,3,0,0,3,0.0,0.0
GOPR0400_frame_000636_noise1,3,3,3,0,0.5,1.0
GOPR0400_frame_000636_noise2,3,0,1,3,0.0,0.0
GOPR0400_frame_000636_noise3,3,0,0,3,0.0,0.0
GOPR0400_frame_000636_dark1,3,2,2,1,0.5,0.6667
GOPR0400_frame_000636_dark2,3,1,2,2,0.3333,0.3333
GOPR0400_frame_000636_overexposure1,3,3,2,0,0.6,1.0
GOPR0400_frame_000636_overexposure2,3,2,0,1,1.0,0.6667
GOPR0400_frame_000642_ref,6,6,1,0,0.8571,1.0
GOPR0400_frame_000642_rain1,6,6,1,0,0.8571,1.0
GOPR0400_frame_000642_rain2,6,4,0,2,1.0,0.6667
GOPR0400_frame_000642_rain3,6,0,0,6,0.0,0.0
GOPR0400_frame_000642_blur1,6,6,0,0,1.0,1.0
GOPR0400_frame_000642_blur2,6,6,0,0,1.0,1.0
GOPR0400_frame_000642_blur3,6,5,0,1,1.0,0.8333
GOPR0400_frame_000642_blur4,6,0,1,6,0.0,0.0
GOPR0400_frame_000642_noise1,6,6,2,0,0.75,1.0
GOPR0400_frame_000642_noise2,6,5,1,1,0.8333,0.8333
GOPR0400_frame_000642_noise3,6,2,0,4,1.0,0.3333
GOPR0400_frame_000642_dark1,6,6,2,0,0.75,1.0
GOPR0400_frame_000642_dark2,6,4,0,2,1.0,0.6667
GOPR0400_frame_000642_overexposure1,6,5,0,1,1.0,0.8333
GOPR0400_frame_000642_overexposure2,6,5,1,1,0.8333,0.8333
GOPR0400_frame_000662_ref,7,7,4,0,0.6364,1.0
GOPR0400_frame_000662_rain1,7,7,1,0,0.875,1.0
GOPR0400_frame_000662_rain2,7,7,2,0,0.7778,1.0
GOPR0400_frame_000662_rain3,7,6,2,1,0.75,0.8571
GOPR0400_frame_000662_blur1,7,7,1,0,0.875,1.0
GOPR0400_frame_000662_blur2,7,7,2,0,0.7778,1.0
GOPR0400_frame_000662_blur3,7,7,3,0,0.7,1.0
GOPR0400_frame_000662_blur4,7,2,1,5,0.6667,0.2857
GOPR0400_frame_000662_noise1,7,7,3,0,0.7,1.0
GOPR0400_frame_000662_noise2,7,7,1,0,0.875,1.0
GOPR0400_frame_000662_noise3,7,5,1,2,0.8333,0.7143
GOPR0400_frame_000662_dark1,7,7,2,0,0.7778,1.0
GOPR0400_frame_000662_dark2,7,7,2,0,0.7778,1.0
GOPR0400_frame_000662_overexposure1,7,7,2,0,0.7778,1.0
GOPR0400_frame_000662_overexposure2,7,7,1,0,0.875,1.0
GOPR0400_frame_000668_ref,3,3,5,0,0.375,1.0
GOPR0400_frame_000668_rain1,3,3,5,0,0.375,1.0
GOPR0400_frame_000668_rain2,3,3,3,0,0.5,1.0
GOPR0400_frame_000668_rain3,3,0,1,3,0.0,0.0
GOPR0400_frame_000668_blur1,3,3,3,0,0.5,1.0
GOPR0400_frame_000668_blur2,3,3,1,0,0.75,1.0
GOPR0400_frame_000668_blur3,3,0,1,3,0.0,0.0
GOPR0400_frame_000668_blur4,3,1,1,2,0.5,0.3333
GOPR0400_frame_000668_noise1,3,3,4,0,0.4286,1.0
GOPR0400_frame_000668_noise2,3,1,2,2,0.3333,0.3333
GOPR0400_frame_000668_noise3,3,1,1,2,0.5,0.3333
GOPR0400_frame_000668_dark1,3,3,3,0,0.5,1.0
GOPR0400_frame_000668_dark2,3,2,2,1,0.5,0.6667
GOPR0400_frame_000668_overexposure1,3,3,2,0,0.6,1.0
GOPR0400_frame_000668_overexposure2,3,3,2,0,0.6,1.0
GOPR0400_frame_000674_ref,3,3,1,0,0.75,1.0
GOPR0400_frame_000674_rain1,3,3,1,0,0.75,1.0
GOPR0400_frame_000674_rain2,3,3,0,0,1.0,1.0
GOPR0400_frame_000674_rain3,3,3,0,0,1.0,1.0
GOPR0400_frame_000674_blur1,3,3,0,0,1.0,1.0
GOPR0400_frame_000674_blur2,3,2,0,1,1.0,0.6667
GOPR0400_frame_000674_blur3,3,2,0,1,1.0,0.6667
GOPR0400_frame_000674_blur4,3,1,0,2,1.0,0.3333
GOPR0400_frame_000674_noise1,3,3,1,0,0.75,1.0
GOPR0400_frame_000674_noise2,3,3,0,0,1.0,1.0
GOPR0400_frame_000674_noise3,3,2,1,1,0.6667,0.6667
GOPR0400_frame_000674_dark1,3,3,1,0,0.75,1.0
GOPR0400_frame_000674_dark2,3,3,0,0,1.0,1.0
GOPR0400_frame_000674_overexposure1,3,3,0,0,1.0,1.0
GOPR0400_frame_000674_overexposure2,3,1,0,2,1.0,0.3333
GOPR0400_frame_000678_ref,4,4,3,0,0.5714,1.0
GOPR0400_frame_000678_rain1,4,3,3,1,0.5,0.75
GOPR0400_frame_000678_rain2,4,4,3,0,0.5714,1.0
GOPR0400_frame_000678_rain3,4,2,0,2,1.0,0.5
GOPR0400_frame_000678_blur1,4,4,4,0,0.5,1.0
GOPR0400_frame_000678_blur2,4,4,2,0,0.6667,1.0
GOPR0400_frame_000678_blur3,4,4,0,0,1.0,1.0
GOPR0400_frame_000678_blur4,4,1,1,3,0.5,0.25
GOPR0400_frame_000678_noise1,4,4,3,0,0.5714,1.0
GOPR0400_frame_000678_noise2,4,4,1,0,0.8,1.0
GOPR0400_frame_000678_noise3,4,1,0,3,1.0,0.25
GOPR0400_frame_000678_dark1,4,4,4,0,0.5,1.0
GOPR0400_frame_000678_dark2,4,4,4,0,0.5,1.0
GOPR0400_frame_000678_overexposure1,4,4,2,0,0.6667,1.0
GOPR0400_frame_000678_overexposure2,4,3,1,1,0.75,0.75
GOPR0400_frame_000683_ref,4,4,2,0,0.6667,1.0
GOPR0400_frame_000683_rain1,4,4,3,0,0.5714,1.0
GOPR0400_frame_000683_rain2,4,4,1,0,0.8,1.0
GOPR0400_frame_000683_rain3,4,2,1,2,0.6667,0.5
GOPR0400_frame_000683_blur1,4,4,1,0,0.8,1.0
GOPR0400_frame_000683_blur2,4,4,0,0,1.0,1.0
GOPR0400_frame_000683_blur3,4,4,1,0,0.8,1.0
GOPR0400_frame_000683_blur4,4,2,1,2,0.6667,0.5
GOPR0400_frame_000683_noise1,4,4,1,0,0.8,1.0
GOPR0400_frame_000683_noise2,4,4,0,0,1.0,1.0
GOPR0400_frame_000683_noise3,4,2,2,2,0.5,0.5
GOPR0400_frame_000683_dark1,4,4,0,0,1.0,1.0
GOPR0400_frame_000683_dark2,4,4,1,0,0.8,1.0
GOPR0400_frame_000683_overexposure1,4,4,2,0,0.6667,1.0
GOPR0400_frame_000683_overexposure2,4,3,2,1,0.6,0.75
GOPR0400_frame_000693_ref,3,3,2,0,0.6,1.0
GOPR0400_frame_000693_rain1,3,3,2,0,0.6,1.0
GOPR0400_frame_000693_rain2,3,3,1,0,0.75,1.0
GOPR0400_frame_000693_rain3,3,2,1,1,0.6667,0.6667
GOPR0400_frame_000693_blur1,3,3,1,0,0.75,1.0
GOPR0400_frame_000693_blur2,3,2,1,1,0.6667,0.6667
GOPR0400_frame_000693_blur3,3,2,1,1,0.6667,0.6667
GOPR0400_frame_000693_blur4,3,1,3,2,0.25,0.3333
GOPR0400_frame_000693_noise1,3,3,1,0,0.75,1.0
GOPR0400_frame_000693_noise2,3,3,1,0,0.75,1.0
GOPR0400_frame_000693_noise3,3,2,0,1,1.0,0.6667
GOPR0400_frame_000693_dark1,3,3,2,0,0.6,1.0
GOPR0400_frame_000693_dark2,3,3,2,0,0.6,1.0
GOPR0400_frame_000693_overexposure1,3,3,2,0,0.6,1.0
GOPR0400_frame_000693_overexposure2,3,1,1,2,0.5,0.3333
GOPR0400_frame_000698_ref,4,4,2,0,0.6667,1.0
GOPR0400_frame_000698_rain1,4,4,2,0,0.6667,1.0
GOPR0400_frame_000698_rain2,4,4,3,0,0.5714,1.0
GOPR0400_frame_000698_rain3,4,3,1,1,0.75,0.75
GOPR0400_frame_000698_blur1,4,4,1,0,0.8,1.0
GOPR0400_frame_000698_blur2,4,4,2,0,0.6667,1.0
GOPR0400_frame_000698_blur3,4,3,1,1,0.75,0.75
GOPR0400_frame_000698_blur4,4,2,1,2,0.6667,0.5
GOPR0400_frame_000698_noise1,4,4,2,0,0.6667,1.0
GOPR0400_frame_000698_noise2,4,4,2,0,0.6667,1.0
GOPR0400_frame_000698_noise3,4,3,2,1,0.6,0.75
GOPR0400_frame_000698_dark1,4,4,1,0,0.8,1.0
GOPR0400_frame_000698_dark2,4,4,1,0,0.8,1.0
GOPR0400_frame_000698_overexposure1,4,4,2,0,0.6667,1.0
GOPR0400_frame_000698_overexposure2,4,3,3,1,0.5,0.75
GOPR0400_frame_000702_ref,2,2,3,0,0.4,1.0
GOPR0400_frame_000702_rain1,2,2,3,0,0.4,1.0
GOPR0400_frame_000702_rain2,2,2,2,0,0.5,1.0
GOPR0400_frame_000702_rain3,2,1,0,1,1.0,0.5
GOPR0400_frame_000702_blur1,2,2,3,0,0.4,1.0
GOPR0400_frame_000702_blur2,2,2,2,0,0.5,1.0
GOPR0400_frame_000702_blur3,2,2,0,0,1.0,1.0
GOPR0400_frame_000702_blur4,2,1,0,1,1.0,0.5
GOPR0400_frame_000702_noise1,2,2,3,0,0.4,1.0
GOPR0400_frame_000702_noise2,2,2,1,0,0.6667,1.0
GOPR0400_frame_000702_noise3,2,2,0,0,1.0,1.0
GOPR0400_frame_000702_dark1,2,2,3,0,0.4,1.0
GOPR0400_frame_000702_dark2,2,2,2,0,0.5,1.0
GOPR0400_frame_000702_overexposure1,2,2,2,0,0.5,1.0
GOPR0400_frame_000702_overexposure2,2,2,2,0,0.5,1.0
GOPR0400_frame_000706_ref,3,2,4,1,0.3333,0.6667
GOPR0400_frame_000706_rain1,3,2,5,1,0.2857,0.6667
GOPR0400_frame_000706_rain2,3,2,4,1,0.3333,0.6667
GOPR0400_frame_000706_rain3,3,0,3,3,0.0,0.0
GOPR0400_frame_000706_blur1,3,2,4,1,0.3333,0.6667
GOPR0400_frame_000706_blur2,3,2,4,1,0.3333,0.6667
GOPR0400_frame_000706_blur3,3,2,1,1,0.6667,0.6667
GOPR0400_frame_000706_blur4,3,1,0,2,1.0,0.3333
GOPR0400_frame_000706_noise1,3,2,4,1,0.3333,0.6667
GOPR0400_frame_000706_noise2,3,2,4,1,0.3333,0.6667
GOPR0400_frame_000706_noise3,3,1,0,2,1.0,0.3333
GOPR0400_frame_000706_dark1,3,2,4,1,0.3333,0.6667
GOPR0400_frame_000706_dark2,3,2,4,1,0.3333,0.6667
GOPR0400_frame_000706_overexposure1,3,1,6,2,0.1429,0.3333
GOPR0400_frame_000706_overexposure2,3,1,8,2,0.1111,0.3333
GOPR0400_frame_000711_ref,3,3,5,0,0.375,1.0
GOPR0400_frame_000711_rain1,3,3,5,0,0.375,1.0
GOPR0400_frame_000711_rain2,3,3,5,0,0.375,1.0
GOPR0400_frame_000711_rain3,3,1,4,2,0.2,0.3333
GOPR0400_frame_000711_blur1,3,3,6,0,0.3333,1.0
GOPR0400_frame_000711_blur2,3,3,3,0,0.5,1.0
GOPR0400_frame_000711_blur3,3,2,3,1,0.4,0.6667
GOPR0400_frame_000711_blur4,3,1,1,2,0.5,0.3333
GOPR0400_frame_000711_noise1,3,3,7,0,0.3,1.0
GOPR0400_frame_000711_noise2,3,3,8,0,0.2727,1.0
GOPR0400_frame_000711_noise3,3,2,2,1,0.5,0.6667
GOPR0400_frame_000711_dark1,3,3,6,0,0.3333,1.0
GOPR0400_frame_000711_dark2,3,3,4,0,0.4286,1.0
GOPR0400_frame_000711_overexposure1,3,3,6,0,0.3333,1.0
GOPR0400_frame_000711_overexposure2,3,3,3,0,0.5,1.0
GOPR0400_frame_000716_ref,6,6,8,0,0.4286,1.0
GOPR0400_frame_000716_rain1,6,4,8,2,0.3333,0.6667
GOPR0400_frame_000716_rain2,6,5,8,1,0.3846,0.8333
GOPR0400_frame_000716_rain3,6,3,2,3,0.6,0.5
GOPR0400_frame_000716_blur1,6,5,8,1,0.3846,0.8333
GOPR0400_frame_000716_blur2,6,3,8,3,0.2727,0.5
GOPR0400_frame_000716_blur3,6,3,4,3,0.4286,0.5
GOPR0400_frame_000716_blur4,6,0,1,6,0.0,0.0
GOPR0400_frame_000716_noise1,6,5,10,1,0.3333,0.8333
GOPR0400_frame_000716_noise2,6,5,8,1,0.3846,0.8333
GOPR0400_frame_000716_noise3,6,4,5,2,0.4444,0.6667
GOPR0400_frame_000716_dark1,6,6,8,0,0.4286,1.0
GOPR0400_frame_000716_dark2,6,5,8,1,0.3846,0.8333
GOPR0400_frame_000716_overexposure1,6,5,7,1,0.4167,0.8333
GOPR0400_frame_000716_overexposure2,6,4,7,2,0.3636,0.6667
GOPR0400_frame_000727_ref,5,4,0,1,1.0,0.8
GOPR0400_frame_000727_rain1,5,4,2,1,0.6667,0.8
GOPR0400_frame_000727_rain2,5,4,2,1,0.6667,0.8
GOPR0400_frame_000727_rain3,5,2,0,3,1.0,0.4
GOPR0400_frame_000727_blur1,5,4,2,1,0.6667,0.8
GOPR0400_frame_000727_blur2,5,5,1,0,0.8333,1.0
GOPR0400_frame_000727_blur3,5,4,2,1,0.6667,0.8
GOPR0400_frame_000727_blur4,5,3,0,2,1.0,0.6
GOPR0400_frame_000727_noise1,5,4,2,1,0.6667,0.8
GOPR0400_frame_000727_noise2,5,4,1,1,0.8,0.8
GOPR0400_frame_000727_noise3,5,3,1,2,0.75,0.6
GOPR0400_frame_000727_dark1,5,5,1,0,0.8333,1.0
GOPR0400_frame_000727_dark2,5,5,1,0,0.8333,1.0
GOPR0400_frame_000727_overexposure1,5,4,0,1,1.0,0.8
GOPR0400_frame_000727_overexposure2,5,4,0,1,1.0,0.8
GOPR0400_frame_000747_ref,5,5,3,0,0.625,1.0
GOPR0400_frame_000747_rain1,5,4,2,1,0.6667,0.8
GOPR0400_frame_000747_rain2,5,4,2,1,0.6667,0.8
GOPR0400_frame_000747_rain3,5,2,1,3,0.6667,0.4
GOPR0400_frame_000747_blur1,5,5,3,0,0.625,1.0
GOPR0400_frame_000747_blur2,5,5,2,0,0.7143,1.0
GOPR0400_frame_000747_blur3,5,4,0,1,1.0,0.8
GOPR0400_frame_000747_blur4,5,2,0,3,1.0,0.4
GOPR0400_frame_000747_noise1,5,5,2,0,0.7143,1.0
GOPR0400_frame_000747_noise2,5,5,3,0,0.625,1.0
GOPR0400_frame_000747_noise3,5,4,1,1,0.8,0.8
GOPR0400_frame_000747_dark1,5,5,3,0,0.625,1.0
GOPR0400_frame_000747_dark2,5,5,2,0,0.7143,1.0
GOPR0400_frame_000747_overexposure1,5,5,4,0,0.5556,1.0
GOPR0400_frame_000747_overexposure2,5,3,5,2,0.375,0.6
GOPR0400_frame_000783_ref,4,3,1,1,0.75,0.75
GOPR0400_frame_000783_rain1,4,3,1,1,0.75,0.75
GOPR0400_frame_000783_rain2,4,3,1,1,0.75,0.75
GOPR0400_frame_000783_rain3,4,2,2,2,0.5,0.5
GOPR0400_frame_000783_blur1,4,3,1,1,0.75,0.75
GOPR0400_frame_000783_blur2,4,3,1,1,0.75,0.75
GOPR0400_frame_000783_blur3,4,2,2,2,0.5,0.5
GOPR0400_frame_000783_blur4,4,1,0,3,1.0,0.25
GOPR0400_frame_000783_noise1,4,3,2,1,0.6,0.75
GOPR0400_frame_000783_noise2,4,3,1,1,0.75,0.75
GOPR0400_frame_000783_noise3,4,3,3,1,0.5,0.75
GOPR0400_frame_000783_dark1,4,3,2,1,0.6,0.75
GOPR0400_frame_000783_dark2,4,2,3,2,0.4,0.5
GOPR0400_frame_000783_overexposure1,4,3,2,1,0.6,0.75
GOPR0400_frame_000783_overexposure2,4,3,1,1,0.75,0.75
GOPR0400_frame_000803_ref,5,5,2,0,0.7143,1.0
GOPR0400_frame_000803_rain1,5,5,1,0,0.8333,1.0
GOPR0400_frame_000803_rain2,5,5,2,0,0.7143,1.0
GOPR0400_frame_000803_rain3,5,4,0,1,1.0,0.8
GOPR0400_frame_000803_blur1,5,5,1,0,0.8333,1.0
GOPR0400_frame_000803_blur2,5,5,1,0,0.8333,1.0
GOPR0400_frame_000803_blur3,5,4,2,1,0.6667,0.8
GOPR0400_frame_000803_blur4,5,3,0,2,1.0,0.6
GOPR0400_frame_000803_noise1,5,5,2,0,0.7143,1.0
GOPR0400_frame_000803_noise2,5,5,2,0,0.7143,1.0
GOPR0400_frame_000803_noise3,5,4,2,1,0.6667,0.8
GOPR0400_frame_000803_dark1,5,5,1,0,0.8333,1.0
GOPR0400_frame_000803_dark2,5,5,1,0,0.8333,1.0
GOPR0400_frame_000803_overexposure1,5,5,2,0,0.7143,1.0
GOPR0400_frame_000803_overexposure2,5,4,4,1,0.5,0.8
GOPR0400_frame_000811_ref,6,6,3,0,0.6667,1.0
GOPR0400_frame_000811_rain1,6,6,2,0,0.75,1.0
GOPR0400_frame_000811_rain2,6,6,2,0,0.75,1.0
GOPR0400_frame_000811_rain3,6,5,3,1,0.625,0.8333
GOPR0400_frame_000811_blur1,6,6,3,0,0.6667,1.0
GOPR0400_frame_000811_blur2,6,5,4,1,0.5556,0.8333
GOPR0400_frame_000811_blur3,6,4,2,2,0.6667,0.6667
GOPR0400_frame_000811_blur4,6,0,0,6,0.0,0.0
GOPR0400_frame_000811_noise1,6,6,4,0,0.6,1.0
GOPR0400_frame_000811_noise2,6,5,1,1,0.8333,0.8333
GOPR0400_frame_000811_noise3,6,1,1,5,0.5,0.1667
GOPR0400_frame_000811_dark1,6,6,2,0,0.75,1.0
GOPR0400_frame_000811_dark2,6,5,4,1,0.5556,0.8333
GOPR0400_frame_000811_overexposure1,6,6,3,0,0.6667,1.0
GOPR0400_frame_000811_overexposure2,6,5,4,1,0.5556,0.8333
GOPR0400_frame_000829_ref,2,2,1,0,0.6667,1.0
GOPR0400_frame_000829_rain1,2,1,1,1,0.5,0.5
GOPR0400_frame_000829_rain2,2,1,1,1,0.5,0.5
GOPR0400_frame_000829_rain3,2,0,0,2,0.0,0.0
GOPR0400_frame_000829_blur1,2,1,1,1,0.5,0.5
GOPR0400_frame_000829_blur2,2,1,1,1,0.5,0.5
GOPR0400_frame_000829_blur3,2,1,0,1,1.0,0.5
GOPR0400_frame_000829_blur4,2,0,0,2,0.0,0.0
GOPR0400_frame_000829_noise1,2,1,1,1,0.5,0.5
GOPR0400_frame_000829_noise2,2,1,0,1,1.0,0.5
GOPR0400_frame_000829_noise3,2,1,0,1,1.0,0.5
GOPR0400_frame_000829_dark1,2,2,1,0,0.6667,1.0
GOPR0400_frame_000829_dark2,2,1,1,1,0.5,0.5
GOPR0400_frame_000829_overexposure1,2,2,2,0,0.5,1.0
GOPR0400_frame_000829_overexposure2,2,1,1,1,0.5,0.5
GOPR0400_frame_000836_ref,10,9,7,1,0.5625,0.9
GOPR0400_frame_000836_rain1,10,10,7,0,0.5882,1.0
GOPR0400_frame_000836_rain2,10,10,4,0,0.7143,1.0
GOPR0400_frame_000836_rain3,10,3,2,7,0.6,0.3
GOPR0400_frame_000836_blur1,10,10,7,0,0.5882,1.0
GOPR0400_frame_000836_blur2,10,10,3,0,0.7692,1.0
GOPR0400_frame_000836_blur3,10,2,0,8,1.0,0.2
GOPR0400_frame_000836_blur4,10,0,0,10,0.0,0.0
GOPR0400_frame_000836_noise1,10,9,8,1,0.5294,0.9
GOPR0400_frame_000836_noise2,10,7,3,3,0.7,0.7
GOPR0400_frame_000836_noise3,10,2,0,8,1.0,0.2
GOPR0400_frame_000836_dark1,10,9,6,1,0.6,0.9
GOPR0400_frame_000836_dark2,10,8,4,2,0.6667,0.8
GOPR0400_frame_000836_overexposure1,10,8,6,2,0.5714,0.8
GOPR0400_frame_000836_overexposure2,10,9,3,1,0.75,0.9
GOPR0400_frame_000856_ref,6,6,3,0,0.6667,1.0
GOPR0400_frame_000856_rain1,6,5,2,1,0.7143,0.8333
GOPR0400_frame_000856_rain2,6,3,0,3,1.0,0.5
GOPR0400_frame_000856_rain3,6,0,0,6,0.0,0.0
GOPR0400_frame_000856_blur1,6,5,2,1,0.7143,0.8333
GOPR0400_frame_000856_blur2,6,4,2,2,0.6667,0.6667
GOPR0400_frame_000856_blur3,6,4,3,2,0.5714,0.6667
GOPR0400_frame_000856_blur4,6,1,1,5,0.5,0.1667
GOPR0400_frame_000856_noise1,6,4,3,2,0.5714,0.6667
GOPR0400_frame_000856_noise2,6,2,3,4,0.4,0.3333
GOPR0400_frame_000856_noise3,6,0,0,6,0.0,0.0
GOPR0400_frame_000856_dark1,6,5,2,1,0.7143,0.8333
GOPR0400_frame_000856_dark2,6,4,3,2,0.5714,0.6667
GOPR0400_frame_000856_overexposure1,6,5,4,1,0.5556,0.8333
GOPR0400_frame_000856_overexposure2,6,5,3,1,0.625,0.8333
GOPR0400_frame_000876_ref,3,3,2,0,0.6,1.0
GOPR0400_frame_000876_rain1,3,3,1,0,0.75,1.0
GOPR0400_frame_000876_rain2,3,2,0,1,1.0,0.6667
GOPR0400_frame_000876_rain3,3,0,0,3,0.0,0.0
GOPR0400_frame_000876_blur1,3,3,4,0,0.4286,1.0
GOPR0400_frame_000876_blur2,3,3,0,0,1.0,1.0
GOPR0400_frame_000876_blur3,3,3,0,0,1.0,1.0
GOPR0400_frame_000876_blur4,3,2,0,1,1.0,0.6667
GOPR0400_frame_000876_noise1,3,2,5,1,0.2857,0.6667
GOPR0400_frame_000876_noise2,3,2,1,1,0.6667,0.6667
GOPR0400_frame_000876_noise3,3,1,0,2,1.0,0.3333
GOPR0400_frame_000876_dark1,3,3,2,0,0.6,1.0
GOPR0400_frame_000876_dark2,3,2,2,1,0.5,0.6667
GOPR0400_frame_000876_overexposure1,3,3,3,0,0.5,1.0
GOPR0400_frame_000876_overexposure2,3,3,2,0,0.6,1.0
GOPR0400_frame_000896_ref,9,8,1,1,0.8889,0.8889
GOPR0400_frame_000896_rain1,9,6,4,3,0.6,0.6667
GOPR0400_frame_000896_rain2,9,4,0,5,1.0,0.4444
GOPR0400_frame_000896_rain3,9,0,0,9,0.0,0.0
GOPR0400_frame_000896_blur1,9,7,0,2,1.0,0.7778
GOPR0400_frame_000896_blur2,9,5,0,4,1.0,0.5556
GOPR0400_frame_000896_blur3,9,4,0,5,1.0,0.4444
GOPR0400_frame_000896_blur4,9,1,1,8,0.5,0.1111
GOPR0400_frame_000896_noise1,9,5,0,4,1.0,0.5556
GOPR0400_frame_000896_noise2,9,3,1,6,0.75,0.3333
GOPR0400_frame_000896_noise3,9,0,0,9,0.0,0.0
GOPR0400_frame_000896_dark1,9,6,0,3,1.0,0.6667
GOPR0400_frame_000896_dark2,9,5,2,4,0.7143,0.5556
GOPR0400_frame_000896_overexposure1,9,8,1,1,0.8889,0.8889
GOPR0400_frame_000896_overexposure2,9,9,1,0,0.9,1.0
GOPR0400_frame_000914_ref,2,2,0,0,1.0,1.0
GOPR0400_frame_000914_rain1,2,2,0,0,1.0,1.0
GOPR0400_frame_000914_rain2,2,0,0,2,0.0,0.0
GOPR0400_frame_000914_rain3,2,0,0,2,0.0,0.0
GOPR0400_frame_000914_blur1,2,2,0,0,1.0,1.0
GOPR0400_frame_000914_blur2,2,2,2,0,0.5,1.0
GOPR0400_frame_000914_blur3,2,2,1,0,0.6667,1.0
GOPR0400_frame_000914_blur4,2,1,1,1,0.5,0.5
GOPR0400_frame_000914_noise1,2,2,0,0,1.0,1.0
GOPR0400_frame_000914_noise2,2,2,1,0,0.6667,1.0
GOPR0400_frame_000914_noise3,2,0,0,2,0.0,0.0
GOPR0400_frame_000914_dark1,2,2,0,0,1.0,1.0
GOPR0400_frame_000914_dark2,2,2,0,0,1.0,1.0
GOPR0400_frame_000914_overexposure1,2,2,0,0,1.0,1.0
GOPR0400_frame_000914_overexposure2,2,2,1,0,0.6667,1.0
GOPR0400_frame_000922_ref,9,9,2,0,0.8182,1.0
GOPR0400_frame_000922_rain1,9,9,1,0,0.9,1.0
GOPR0400_frame_000922_rain2,9,8,2,1,0.8,0.8889
GOPR0400_frame_000922_rain3,9,7,1,2,0.875,0.7778
GOPR0400_frame_000922_blur1,9,9,1,0,0.9,1.0
GOPR0400_frame_000922_blur2,9,8,1,1,0.8889,0.8889
GOPR0400_frame_000922_blur3,9,8,2,1,0.8,0.8889
GOPR0400_frame_000922_blur4,9,0,0,9,0.0,0.0
GOPR0400_frame_000922_noise1,9,8,0,1,1.0,0.8889
GOPR0400_frame_000922_noise2,9,8,0,1,1.0,0.8889
GOPR0400_frame_000922_noise3,9,6,2,3,0.75,0.6667
GOPR0400_frame_000922_dark1,9,9,2,0,0.8182,1.0
GOPR0400_frame_000922_dark2,9,8,3,1,0.7273,0.8889
GOPR0400_frame_000922_overexposure1,9,9,1,0,0.9,1.0
GOPR0400_frame_000922_overexposure2,9,9,2,0,0.8182,1.0
GOPR0400_frame_000935_ref,3,3,1,0,0.75,1.0
GOPR0400_frame_000935_rain1,3,3,1,0,0.75,1.0
GOPR0400_frame_000935_rain2,3,2,0,1,1.0,0.6667
GOPR0400_frame_000935_rain3,3,0,0,3,0.0,0.0
GOPR0400_frame_000935_blur1,3,3,0,0,1.0,1.0
GOPR0400_frame_000935_blur2,3,3,1,0,0.75,1.0
GOPR0400_frame_000935_blur3,3,3,0,0,1.0,1.0
GOPR0400_frame_000935_blur4,3,0,0,3,0.0,0.0
GOPR0400_frame_000935_noise1,3,3,1,0,0.75,1.0
GOPR0400_frame_000935_noise2,3,3,2,0,0.6,1.0
GOPR0400_frame_000935_noise3,3,0,0,3,0.0,0.0
GOPR0400_frame_000935_dark1,3,3,1,0,0.75,1.0
GOPR0400_frame_000935_dark2,3,3,1,0,0.75,1.0
GOPR0400_frame_000935_overexposure1,3,3,0,0,1.0,1.0
GOPR0400_frame_000935_overexposure2,3,1,2,2,0.3333,0.3333
GOPR0400_frame_000940_ref,2,2,0,0,1.0,1.0
GOPR0400_frame_000940_rain1,2,2,0,0,1.0,1.0
GOPR0400_frame_000940_rain2,2,2,0,0,1.0,1.0
GOPR0400_frame_000940_rain3,2,1,0,1,1.0,0.5
GOPR0400_frame_000940_blur1,2,2,0,0,1.0,1.0
GOPR0400_frame_000940_blur2,2,2,0,0,1.0,1.0
GOPR0400_frame_000940_blur3,2,2,1,0,0.6667,1.0
GOPR0400_frame_000940_blur4,2,1,0,1,1.0,0.5
GOPR0400_frame_000940_noise1,2,2,0,0,1.0,1.0
GOPR0400_frame_000940_noise2,2,2,0,0,1.0,1.0
GOPR0400_frame_000940_noise3,2,1,0,1,1.0,0.5
GOPR0400_frame_000940_dark1,2,2,0,0,1.0,1.0
GOPR0400_frame_000940_dark2,2,2,0,0,1.0,1.0
GOPR0400_frame_000940_overexposure1,2,2,0,0,1.0,1.0
GOPR0400_frame_000940_overexposure2,2,1,0,1,1.0,0.5
GOPR0400_frame_000945_ref,0,0,3,0,0.0,
GOPR0400_frame_000945_rain1,0,0,2,0,0.0,
GOPR0400_frame_000945_rain2,0,0,0,0,0.0,
GOPR0400_frame_000945_rain3,0,0,0,0,0.0,
GOPR0400_frame_000945_blur1,0,0,1,0,0.0,
GOPR0400_frame_000945_blur2,0,0,0,0,0.0,
GOPR0400_frame_000945_blur3,0,0,0,0,0.0,
GOPR0400_frame_000945_blur4,0,0,0,0,0.0,
GOPR0400_frame_000945_noise1,0,0,0,0,0.0,
GOPR0400_frame_000945_noise2,0,0,0,0,0.0,
GOPR0400_frame_000945_noise3,0,0,0,0,0.0,
GOPR0400_frame_000945_dark1,0,0,1,0,0.0,
GOPR0400_frame_000945_dark2,0,0,1,0,0.0,
GOPR0400_frame_000945_overexposure1,0,0,3,0,0.0,
GOPR0400_frame_000945_overexposure2,0,0,2,0,0.0,
GOPR0400_frame_000950_ref,3,3,2,0,0.6,1.0
GOPR0400_frame_000950_rain1,3,2,1,1,0.6667,0.6667
GOPR0400_frame_000950_rain2,3,2,0,1,1.0,0.6667
GOPR0400_frame_000950_rain3,3,1,0,2,1.0,0.3333
GOPR0400_frame_000950_blur1,3,3,1,0,0.75,1.0
GOPR0400_frame_000950_blur2,3,3,0,0,1.0,1.0
GOPR0400_frame_000950_blur3,3,1,0,2,1.0,0.3333
GOPR0400_frame_000950_blur4,3,0,0,3,0.0,0.0
GOPR0400_frame_000950_noise1,3,3,2,0,0.6,1.0
GOPR0400_frame_000950_noise2,3,2,1,1,0.6667,0.6667
GOPR0400_frame_000950_noise3,3,0,0,3,0.0,0.0
GOPR0400_frame_000950_dark1,3,3,1,0,0.75,1.0
GOPR0400_frame_000950_dark2,3,2,1,1,0.6667,0.6667
GOPR0400_frame_000950_overexposure1,3,3,0,0,1.0,1.0
GOPR0400_frame_000950_overexposure2,3,2,2,1,0.5,0.6667
GOPR0400_frame_000960_ref,0,0,0,0,0.0,
GOPR0400_frame_000960_rain1,0,0,0,0,0.0,
GOPR0400_frame_000960_rain2,0,0,0,0,0.0,
GOPR0400_frame_000960_rain3,0,0,0,0,0.0,
GOPR0400_frame_000960_blur1,0,0,0,0,0.0,
GOPR0400_frame_000960_blur2,0,0,0,0,0.0,
GOPR0400_frame_000960_blur3,0,0,0,0,0.0,
GOPR0400_frame_000960_blur4,0,0,0,0,0.0,
GOPR0400_frame_000960_noise1,0,0,0,0,0.0,
GOPR0400_frame_000960_noise2,0,0,0,0,0.0,
GOPR0400_frame_000960_noise3,0,0,0,0,0.0,
GOPR0400_frame_000960_dark1,0,0,0,0,0.0,
GOPR0400_frame_000960_dark2,0,0,0,0,0.0,
GOPR0400_frame_000960_overexposure1,0,0,0,0,0.0,
GOPR0400_frame_000960_overexposure2,0,0,0,0,0.0,
GOPR0400_frame_000969_ref,1,0,4,1,0.0,0.0
GOPR0400_frame_000969_rain1,1,0,2,1,0.0,0.0
GOPR0400_frame_000969_rain2,1,0,0,1,0.0,0.0
GOPR0400_frame_000969_rain3,1,0,0,1,0.0,0.0
GOPR0400_frame_000969_blur1,1,0,1,1,0.0,0.0
GOPR0400_frame_000969_blur2,1,0,0,1,0.0,0.0
GOPR0400_frame_000969_blur3,1,0,0,1,0.0,0.0
GOPR0400_frame_000969_blur4,1,0,0,1,0.0,0.0
GOPR0400_frame_000969_noise1,1,0,3,1,0.0,0.0
GOPR0400_frame_000969_noise2,1,0,1,1,0.0,0.0
GOPR0400_frame_000969_noise3,1,0,0,1,0.0,0.0
GOPR0400_frame_000969_dark1,1,0,2,1,0.0,0.0
GOPR0400_frame_000969_dark2,1,0,1,1,0.0,0.0
GOPR0400_frame_000969_overexposure1,1,0,4,1,0.0,0.0
GOPR0400_frame_000969_overexposure2,1,0,0,1,0.0,0.0
GOPR0400_frame_000989_ref,4,4,3,0,0.5714,1.0
GOPR0400_frame_000989_rain1,4,4,3,0,0.5714,1.0
GOPR0400_frame_000989_rain2,4,3,2,1,0.6,0.75
GOPR0400_frame_000989_rain3,4,0,0,4,0.0,0.0
GOPR0400_frame_000989_blur1,4,4,5,0,0.4444,1.0
GOPR0400_frame_000989_blur2,4,4,3,0,0.5714,1.0
GOPR0400_frame_000989_blur3,4,1,1,3,0.5,0.25
GOPR0400_frame_000989_blur4,4,0,1,4,0.0,0.0
GOPR0400_frame_000989_noise1,4,4,1,0,0.8,1.0
GOPR0400_frame_000989_noise2,4,3,3,1,0.5,0.75
GOPR0400_frame_000989_noise3,4,2,0,2,1.0,0.5
GOPR0400_frame_000989_dark1,4,4,3,0,0.5714,1.0
GOPR0400_frame_000989_dark2,4,3,1,1,0.75,0.75
GOPR0400_frame_000989_overexposure1,4,4,5,0,0.4444,1.0
GOPR0400_frame_000989_overexposure2,4,4,7,0,0.3636,1.0
GOPR0400_frame_000998_ref,5,3,2,2,0.6,0.6
GOPR0400_frame_000998_rain1,5,3,4,2,0.4286,0.6
GOPR0400_frame_000998_rain2,5,2,3,3,0.4,0.4
GOPR0400_frame_000998_rain3,5,1,0,4,1.0,0.2
GOPR0400_frame_000998_blur1,5,3,4,2,0.4286,0.6
GOPR0400_frame_000998_blur2,5,3,4,2,0.4286,0.6
GOPR0400_frame_000998_blur3,5,2,2,3,0.5,0.4
GOPR0400_frame_000998_blur4,5,0,0,5,0.0,0.0
GOPR0400_frame_000998_noise1,5,3,2,2,0.6,0.6
GOPR0400_frame_000998_noise2,5,2,3,3,0.4,0.4
GOPR0400_frame_000998_noise3,5,2,0,3,1.0,0.4
GOPR0400_frame_000998_dark1,5,4,2,1,0.6667,0.8
GOPR0400_frame_000998_dark2,5,2,3,3,0.4,0.4
GOPR0400_frame_000998_overexposure1,5,3,4,2,0.4286,0.6
GOPR0400_frame_000998_overexposure2,5,3,3,2,0.5,0.6
GOPR0400_frame_001003_ref,7,7,0,0,1.0,1.0
GOPR0400_frame_001003_rain1,7,6,0,1,1.0,0.8571
GOPR0400_frame_001003_rain2,7,5,0,2,1.0,0.7143
GOPR0400_frame_001003_rain3,7,0,0,7,0.0,0.0
GOPR0400_frame_001003_blur1,7,7,0,0,1.0,1.0
GOPR0400_frame_001003_blur2,7,5,3,2,0.625,0.7143
GOPR0400_frame_001003_blur3,7,3,0,4,1.0,0.4286
GOPR0400_frame_001003_blur4,7,2,0,5,1.0,0.2857
GOPR0400_frame_001003_noise1,7,7,0,0,1.0,1.0
GOPR0400_frame_001003_noise2,7,5,0,2,1.0,0.7143
GOPR0400_frame_001003_noise3,7,0,0,7,0.0,0.0
GOPR0400_frame_001003_dark1,7,7,0,0,1.0,1.0
GOPR0400_frame_001003_dark2,7,6,0,1,1.0,0.8571
GOPR0400_frame_001003_overexposure1,7,6,0,1,1.0,0.8571
GOPR0400_frame_001003_overexposure2,7,4,1,3,0.8,0.5714
GOPR0400_frame_001009_ref,3,3,8,0,0.2727,1.0
GOPR0400_frame_001009_rain1,3,1,2,2,0.3333,0.3333
GOPR0400_frame_001009_rain2,3,1,2,2,0.3333,0.3333
GOPR0400_frame_001009_rain3,3,0,0,3,0.0,0.0
GOPR0400_frame_001009_blur1,3,3,2,0,0.6,1.0
GOPR0400_frame_001009_blur2,3,3,4,0,0.4286,1.0
GOPR0400_frame_001009_blur3,3,1,1,2,0.5,0.3333
GOPR0400_frame_001009_blur4,3,0,0,3,0.0,0.0
GOPR0400_frame_001009_noise1,3,2,4,1,0.3333,0.6667
GOPR0400_frame_001009_noise2,3,0,0,3,0.0,0.0
GOPR0400_frame_001009_noise3,3,0,0,3,0.0,0.0
GOPR0400_frame_001009_dark1,3,3,2,0,0.6,1.0
GOPR0400_frame_001009_dark2,3,0,1,3,0.0,0.0
GOPR0400_frame_001009_overexposure1,3,3,5,0,0.375,1.0
GOPR0400_frame_001009_overexposure2,3,3,2,0,0.6,1.0
GOPR0400_frame_001015_ref,1,1,2,0,0.3333,1.0
GOPR0400_frame_001015_rain1,1,1,2,0,0.3333,1.0
GOPR0400_frame_001015_rain2,1,1,0,0,1.0,1.0
GOPR0400_frame_001015_rain3,1,1,0,0,1.0,1.0
GOPR0400_frame_001015_blur1,1,1,2,0,0.3333,1.0
GOPR0400_frame_001015_blur2,1,1,0,0,1.0,1.0
GOPR0400_frame_001015_blur3,1,1,0,0,1.0,1.0
GOPR0400_frame_001015_blur4,1,1,0,0,1.0,1.0
GOPR0400_frame_001015_noise1,1,1,2,0,0.3333,1.0
GOPR0400_frame_001015_noise2,1,1,0,0,1.0,1.0
GOPR0400_frame_001015_noise3,1,1,1,0,0.5,1.0
GOPR0400_frame_001015_dark1,1,1,1,0,0.5,1.0
GOPR0400_frame_001015_dark2,1,1,0,0,1.0,1.0
GOPR0400_frame_001015_overexposure1,1,1,2,0,0.3333,1.0
GOPR0400_frame_001015_overexposure2,1,1,1,0,0.5,1.0
GOPR0400_frame_001022_ref,8,6,10,2,0.375,0.75
GOPR0400_frame_001022_rain1,8,6,9,2,0.4,0.75
GOPR0400_frame_001022_rain2,8,4,1,4,0.8,0.5
GOPR0400_frame_001022_rain3,8,0,0,8,0.0,0.0
GOPR0400_frame_001022_blur1,8,6,4,2,0.6,0.75
GOPR0400_frame_001022_blur2,8,5,5,3,0.5,0.625
GOPR0400_frame_001022_blur3,8,3,0,5,1.0,0.375
GOPR0400_frame_001022_blur4,8,0,0,8,0.0,0.0
GOPR0400_frame_001022_noise1,8,6,7,2,0.4615,0.75
GOPR0400_frame_001022_noise2,8,3,1,5,0.75,0.375
GOPR0400_frame_001022_noise3,8,0,0,8,0.0,0.0
GOPR0400_frame_001022_dark1,8,6,6,2,0.5,0.75
GOPR0400_frame_001022_dark2,8,4,3,4,0.5714,0.5
GOPR0400_frame_001022_overexposure1,8,6,7,2,0.4615,0.75
GOPR0400_frame_001022_overexposure2,8,5,3,3,0.625,0.625
GOPR0400_frame_001028_ref,2,2,5,0,0.2857,1.0
GOPR0400_frame_001028_rain1,2,2,3,0,0.4,1.0
GOPR0400_frame_001028_rain2,2,1,2,1,0.3333,0.5
GOPR0400_frame_001028_rain3,2,0,0,2,0.0,0.0
GOPR0400_frame_001028_blur1,2,2,5,0,0.2857,1.0
GOPR0400_frame_001028_blur2,2,2,1,0,0.6667,1.0
GOPR0400_frame_001028_blur3,2,1,0,1,1.0,0.5
GOPR0400_frame_001028_blur4,2,1,2,1,0.3333,0.5
GOPR0400_frame_001028_noise1,2,2,3,0,0.4,1.0
GOPR0400_frame_001028_noise2,2,2,4,0,0.3333,1.0
GOPR0400_frame_001028_noise3,2,0,0,2,0.0,0.0
GOPR0400_frame_001028_dark1,2,2,3,0,0.4,1.0
GOPR0400_frame_001028_dark2,2,1,3,1,0.25,0.5
GOPR0400_frame_001028_overexposure1,2,2,7,0,0.2222,1.0
GOPR0400_frame_001028_overexposure2,2,1,4,1,0.2,0.5
GOPR0400_frame_001044_ref,3,3,1,0,0.75,1.0
GOPR0400_frame_001044_rain1,3,3,2,0,0.6,1.0
GOPR0400_frame_001044_rain2,3,2,1,1,0.6667,0.6667
GOPR0400_frame_001044_rain3,3,2,1,1,0.6667,0.6667
GOPR0400_frame_001044_blur1,3,3,1,0,0.75,1.0
GOPR0400_frame_001044_blur2,3,3,1,0,0.75,1.0
GOPR0400_frame_001044_blur3,3,2,1,1,0.6667,0.6667
GOPR0400_frame_001044_blur4,3,1,0,2,1.0,0.3333
GOPR0400_frame_001044_noise1,3,3,3,0,0.5,1.0
GOPR0400_frame_001044_noise2,3,2,3,1,0.4,0.6667
GOPR0400_frame_001044_noise3,3,2,2,1,0.5,0.6667
GOPR0400_frame_001044_dark1,3,3,3,0,0.5,1.0
GOPR0400_frame_001044_dark2,3,2,2,1,0.5,0.6667
GOPR0400_frame_001044_overexposure1,3,3,1,0,0.75,1.0
GOPR0400_frame_001044_overexposure2,3,3,1,0,0.75,1.0
GOPR0400_frame_001049_ref,3,3,2,0,0.6,1.0
GOPR0400_frame_001049_rain1,3,2,3,1,0.4,0.6667
GOPR0400_frame_001049_rain2,3,1,0,2,1.0,0.3333
GOPR0400_frame_001049_rain3,3,2,1,1,0.6667,0.6667
GOPR0400_frame_001049_blur1,3,2,0,1,1.0,0.6667
GOPR0400_frame_001049_blur2,3,2,1,1,0.6667,0.6667
GOPR0400_frame_001049_blur3,3,2,1,1,0.6667,0.6667
GOPR0400_frame_001049_blur4,3,0,0,3,0.0,0.0
GOPR0400_frame_001049_noise1,3,3,3,0,0.5,1.0
GOPR0400_frame_001049_noise2,3,1,1,2,0.5,0.3333
GOPR0400_frame_001049_noise3,3,0,0,3,0.0,0.0
GOPR0400_frame_001049_dark1,3,2,3,1,0.4,0.6667
GOPR0400_frame_001049_dark2,3,1,4,2,0.2,0.3333
GOPR0400_frame_001049_overexposure1,3,3,2,0,0.6,1.0
GOPR0400_frame_001049_overexposure2,3,3,1,0,0.75,1.0
GOPR0400_frame_001054_ref,3,3,3,0,0.5,1.0
GOPR0400_frame_001054_rain1,3,3,3,0,0.5,1.0
GOPR0400_frame_001054_rain2,3,3,3,0,0.5,1.0
GOPR0400_frame_001054_rain3,3,0,2,3,0.0,0.0
GOPR0400_frame_001054_blur1,3,3,3,0,0.5,1.0
GOPR0400_frame_001054_blur2,3,3,6,0,0.3333,1.0
GOPR0400_frame_001054_blur3,3,3,4,0,0.4286,1.0
GOPR0400_frame_001054_blur4,3,1,0,2,1.0,0.3333
GOPR0400_frame_001054_noise1,3,3,4,0,0.4286,1.0
GOPR0400_frame_001054_noise2,3,3,5,0,0.375,1.0
GOPR0400_frame_001054_noise3,3,1,1,2,0.5,0.3333
GOPR0400_frame_001054_dark1,3,3,3,0,0.5,1.0
GOPR0400_frame_001054_dark2,3,3,3,0,0.5,1.0
GOPR0400_frame_001054_overexposure1,3,3,3,0,0.5,1.0
GOPR0400_frame_001054_overexposure2,3,3,3,0,0.5,1.0
GOPR0402_frame_000485_ref,7,6,2,1,0.75,0.8571
GOPR0402_frame_000485_rain1,7,4,4,3,0.5,0.5714
GOPR0402_frame_000485_rain2,7,2,2,5,0.5,0.2857
GOPR0402_frame_000485_rain3,7,0,0,7,0.0,0.0
GOPR0402_frame_000485_blur1,7,6,1,1,0.8571,0.8571
GOPR0402_frame_000485_blur2,7,5,1,2,0.8333,0.7143
GOPR0402_frame_000485_blur3,7,3,3,4,0.5,0.4286
GOPR0402_frame_000485_blur4,7,0,0,7,0.0,0.0
GOPR0402_frame_000485_noise1,7,6,2,1,0.75,0.8571
GOPR0402_frame_000485_noise2,7,3,2,4,0.6,0.4286
GOPR0402_frame_000485_noise3,7,1,0,6,1.0,0.1429
GOPR0402_frame_000485_dark1,7,5,1,2,0.8333,0.7143
GOPR0402_frame_000485_dark2,7,4,1,3,0.8,0.5714
GOPR0402_frame_000485_overexposure1,7,5,2,2,0.7143,0.7143
GOPR0402_frame_000485_overexposure2,7,4,3,3,0.5714,0.5714
GOPR0402_frame_000491_ref,2,2,2,0,0.5,1.0
GOPR0402_frame_000491_rain1,2,2,1,0,0.6667,1.0
GOPR0402_frame_000491_rain2,2,1,0,1,1.0,0.5
GOPR0402_frame_000491_rain3,2,0,0,2,0.0,0.0
GOPR0402_frame_000491_blur1,2,2,1,0,0.6667,1.0
GOPR0402_frame_000491_blur2,2,1,1,1,0.5,0.5
GOPR0402_frame_000491_blur3,2,1,0,1,1.0,0.5
GOPR0402_frame_000491_blur4,2,0,0,2,0.0,0.0
GOPR0402_frame_000491_noise1,2,2,0,0,1.0,1.0
GOPR0402_frame_000491_noise2,2,1,0,1,1.0,0.5
GOPR0402_frame_000491_noise3,2,0,0,2,0.0,0.0
GOPR0402_frame_000491_dark1,2,2,1,0,0.6667,1.0
GOPR0402_frame_000491_dark2,2,1,1,1,0.5,0.5
GOPR0402_frame_000491_overexposure1,2,2,3,0,0.4,1.0
GOPR0402_frame_000491_overexposure2,2,2,3,0,0.4,1.0
GOPR0402_frame_000496_ref,7,7,2,0,0.7778,1.0
GOPR0402_frame_000496_rain1,7,7,3,0,0.7,1.0
GOPR0402_frame_000496_rain2,7,4,2,3,0.6667,0.5714
GOPR0402_frame_000496_rain3,7,1,0,6,1.0,0.1429
GOPR0402_frame_000496_blur1,7,6,2,1,0.75,0.8571
GOPR0402_frame_000496_blur2,7,6,2,1,0.75,0.8571
GOPR0402_frame_000496_blur3,7,5,0,2,1.0,0.7143
GOPR0402_frame_000496_blur4,7,1,0,6,1.0,0.1429
GOPR0402_frame_000496_noise1,7,6,1,1,0.8571,0.8571
GOPR0402_frame_000496_noise2,7,6,0,1,1.0,0.8571
GOPR0402_frame_000496_noise3,7,2,0,5,1.0,0.2857
GOPR0402_frame_000496_dark1,7,6,3,1,0.6667,0.8571
GOPR0402_frame_000496_dark2,7,5,0,2,1.0,0.7143
GOPR0402_frame_000496_overexposure1,7,7,2,0,0.7778,1.0
GOPR0402_frame_000496_overexposure2,7,7,2,0,0.7778,1.0
GOPR0402_frame_000506_ref,1,1,0,0,1.0,1.0
GOPR0402_frame_000506_rain1,1,1,0,0,1.0,1.0
GOPR0402_frame_000506_rain2,1,1,0,0,1.0,1.0
GOPR0402_frame_000506_rain3,1,0,0,1,0.0,0.0
GOPR0402_frame_000506_blur1,1,1,0,0,1.0,1.0
GOPR0402_frame_000506_blur2,1,1,0,0,1.0,1.0
GOPR0402_frame_000506_blur3,1,1,0,0,1.0,1.0
GOPR0402_frame_000506_blur4,1,0,0,1,0.0,0.0
GOPR0402_frame_000506_noise1,1,1,0,0,1.0,1.0
GOPR0402_frame_000506_noise2,1,0,0,1,0.0,0.0
GOPR0402_frame_000506_noise3,1,0,0,1,0.0,0.0
GOPR0402_frame_000506_dark1,1,1,0,0,1.0,1.0
GOPR0402_frame_000506_dark2,1,1,0,0,1.0,1.0
GOPR0402_frame_000506_overexposure1,1,1,0,0,1.0,1.0
GOPR0402_frame_000506_overexposure2,1,1,0,0,1.0,1.0
GOPR0402_frame_000511_ref,2,2,1,0,0.6667,1.0
GOPR0402_frame_000511_rain1,2,2,0,0,1.0,1.0
GOPR0402_frame_000511_rain2,2,1,0,1,1.0,0.5
GOPR0402_frame_000511_rain3,2,0,0,2,0.0,0.0
GOPR0402_frame_000511_blur1,2,2,0,0,1.0,1.0
GOPR0402_frame_000511_blur2,2,1,0,1,1.0,0.5
GOPR0402_frame_000511_blur3,2,1,0,1,1.0,0.5
GOPR0402_frame_000511_blur4,2,0,0,2,0.0,0.0
GOPR0402_frame_000511_noise1,2,1,1,1,0.5,0.5
GOPR0402_frame_000511_noise2,2,0,0,2,0.0,0.0
GOPR0402_frame_000511_noise3,2,0,0,2,0.0,0.0
GOPR0402_frame_000511_dark1,2,2,0,0,1.0,1.0
GOPR0402_frame_000511_dark2,2,0,0,2,0.0,0.0
GOPR0402_frame_000511_overexposure1,2,2,1,0,0.6667,1.0
GOPR0402_frame_000511_overexposure2,2,2,1,0,0.6667,1.0
GOPR0402_frame_000516_ref,2,2,0,0,1.0,1.0
GOPR0402_frame_000516_rain1,2,2,0,0,1.0,1.0
GOPR0402_frame_000516_rain2,2,1,0,1,1.0,0.5
GOPR0402_frame_000516_rain3,2,0,0,2,0.0,0.0
GOPR0402_frame_000516_blur1,2,2,0,0,1.0,1.0
GOPR0402_frame_000516_blur2,2,1,0,1,1.0,0.5
GOPR0402_frame_000516_blur3,2,1,0,1,1.0,0.5
GOPR0402_frame_000516_blur4,2,0,0,2,0.0,0.0
GOPR0402_frame_000516_noise1,2,2,0,0,1.0,1.0
GOPR0402_frame_000516_noise2,2,1,0,1,1.0,0.5
GOPR0402_frame_000516_noise3,2,0,0,2,0.0,0.0
GOPR0402_frame_000516_dark1,2,2,0,0,1.0,1.0
GOPR0402_frame_000516_dark2,2,1,0,1,1.0,0.5
GOPR0402_frame_000516_overexposure1,2,2,0,0,1.0,1.0
GOPR0402_frame_000516_overexposure2,2,2,0,0,1.0,1.0
GOPR0402_frame_000521_ref,1,1,1,0,0.5,1.0
GOPR0402_frame_000521_rain1,1,1,0,0,1.0,1.0
GOPR0402_frame_000521_rain2,1,1,0,0,1.0,1.0
GOPR0402_frame_000521_rain3,1,0,0,1,0.0,0.0
GOPR0402_frame_000521_blur1,1,1,0,0,1.0,1.0
GOPR0402_frame_000521_blur2,1,1,0,0,1.0,1.0
GOPR0402_frame_000521_blur3,1,1,0,0,1.0,1.0
GOPR0402_frame_000521_blur4,1,0,0,1,0.0,0.0
GOPR0402_frame_000521_noise1,1,1,0,0,1.0,1.0
GOPR0402_frame_000521_noise2,1,1,0,0,1.0,1.0
GOPR0402_frame_000521_noise3,1,0,0,1,0.0,0.0
GOPR0402_frame_000521_dark1,1,1,1,0,0.5,1.0
GOPR0402_frame_000521_dark2,1,1,0,0,1.0,1.0
GOPR0402_frame_000521_overexposure1,1,1,1,0,0.5,1.0
GOPR0402_frame_000521_overexposure2,1,1,0,0,1.0,1.0
GOPR0402_frame_000531_ref,3,3,2,0,0.6,1.0
GOPR0402_frame_000531_rain1,3,3,3,0,0.5,1.0
GOPR0402_frame_000531_rain2,3,3,1,0,0.75,1.0
GOPR0402_frame_000531_rain3,3,0,0,3,0.0,0.0
GOPR0402_frame_000531_blur1,3,3,1,0,0.75,1.0
GOPR0402_frame_000531_blur2,3,3,1,0,0.75,1.0
GOPR0402_frame_000531_blur3,3,3,0,0,1.0,1.0
GOPR0402_frame_000531_blur4,3,2,0,1,1.0,0.6667
GOPR0402_frame_000531_noise1,3,3,1,0,0.75,1.0
GOPR0402_frame_000531_noise2,3,3,1,0,0.75,1.0
GOPR0402_frame_000531_noise3,3,2,0,1,1.0,0.6667
GOPR0402_frame_000531_dark1,3,3,1,0,0.75,1.0
GOPR0402_frame_000531_dark2,3,3,2,0,0.6,1.0
GOPR0402_frame_000531_overexposure1,3,3,2,0,0.6,1.0
GOPR0402_frame_000531_overexposure2,3,3,3,0,0.5,1.0
GOPR0402_frame_000536_ref,6,6,6,0,0.5,1.0
GOPR0402_frame_000536_rain1,6,5,4,1,0.5556,0.8333
GOPR0402_frame_000536_rain2,6,4,2,2,0.6667,0.6667
GOPR0402_frame_000536_rain3,6,0,0,6,0.0,0.0
GOPR0402_frame_000536_blur1,6,5,3,1,0.625,0.8333
GOPR0402_frame_000536_blur2,6,5,4,1,0.5556,0.8333
GOPR0402_frame_000536_blur3,6,3,0,3,1.0,0.5
GOPR0402_frame_000536_blur4,6,1,0,5,1.0,0.1667
GOPR0402_frame_000536_noise1,6,5,3,1,0.625,0.8333
GOPR0402_frame_000536_noise2,6,4,2,2,0.6667,0.6667
GOPR0402_frame_000536_noise3,6,0,0,6,0.0,0.0
GOPR0402_frame_000536_dark1,6,5,3,1,0.625,0.8333
GOPR0402_frame_000536_dark2,6,4,1,2,0.8,0.6667
GOPR0402_frame_000536_overexposure1,6,5,6,1,0.4545,0.8333
GOPR0402_frame_000536_overexposure2,6,5,4,1,0.5556,0.8333
GOPR0402_frame_000541_ref,3,3,4,0,0.4286,1.0
GOPR0402_frame_000541_rain1,3,3,3,0,0.5,1.0
GOPR0402_frame_000541_rain2,3,3,0,0,1.0,1.0
GOPR0402_frame_000541_rain3,3,0,0,3,0.0,0.0
GOPR0402_frame_000541_blur1,3,3,3,0,0.5,1.0
GOPR0402_frame_000541_blur2,3,3,0,0,1.0,1.0
GOPR0402_frame_000541_blur3,3,3,0,0,1.0,1.0
GOPR0402_frame_000541_blur4,3,0,0,3,0.0,0.0
GOPR0402_frame_000541_noise1,3,3,2,0,0.6,1.0
GOPR0402_frame_000541_noise2,3,3,0,0,1.0,1.0
GOPR0402_frame_000541_noise3,3,0,0,3,0.0,0.0
GOPR0402_frame_000541_dark1,3,3,2,0,0.6,1.0
GOPR0402_frame_000541_dark2,3,3,0,0,1.0,1.0
GOPR0402_frame_000541_overexposure1,3,3,3,0,0.5,1.0
GOPR0402_frame_000541_overexposure2,3,3,3,0,0.5,1.0
GOPR0402_frame_000546_ref,5,5,4,0,0.5556,1.0
GOPR0402_frame_000546_rain1,5,5,2,0,0.7143,1.0
GOPR0402_frame_000546_rain2,5,4,3,1,0.5714,0.8
GOPR0402_frame_000546_rain3,5,0,0,5,0.0,0.0
GOPR0402_frame_000546_blur1,5,5,2,0,0.7143,1.0
GOPR0402_frame_000546_blur2,5,5,1,0,0.8333,1.0
GOPR0402_frame_000546_blur3,5,5,1,0,0.8333,1.0
GOPR0402_frame_000546_blur4,5,3,0,2,1.0,0.6
GOPR0402_frame_000546_noise1,5,5,2,0,0.7143,1.0
GOPR0402_frame_000546_noise2,5,5,1,0,0.8333,1.0
GOPR0402_frame_000546_noise3,5,1,1,4,0.5,0.2
GOPR0402_frame_000546_dark1,5,5,1,0,0.8333,1.0
GOPR0402_frame_000546_dark2,5,5,1,0,0.8333,1.0
GOPR0402_frame_000546_overexposure1,5,5,4,0,0.5556,1.0
GOPR0402_frame_000546_overexposure2,5,5,4,0,0.5556,1.0
GOPR0402_frame_000551_ref,5,5,5,0,0.5,1.0
GOPR0402_frame_000551_rain1,5,5,7,0,0.4167,1.0
GOPR0402_frame_000551_rain2,5,2,2,3,0.5,0.4
GOPR0402_frame_000551_rain3,5,0,0,5,0.0,0.0
GOPR0402_frame_000551_blur1,5,5,6,0,0.4545,1.0
GOPR0402_frame_000551_blur2,5,4,4,1,0.5,0.8
GOPR0402_frame_000551_blur3,5,3,2,2,0.6,0.6
GOPR0402_frame_000551_blur4,5,0,0,5,0.0,0.0
GOPR0402_frame_000551_noise1,5,4,7,1,0.3636,0.8
GOPR0402_frame_000551_noise2,5,1,1,4,0.5,0.2
GOPR0402_frame_000551_noise3,5,0,0,5,0.0,0.0
GOPR0402_frame_000551_dark1,5,4,6,1,0.4,0.8
GOPR0402_frame_000551_dark2,5,2,1,3,0.6667,0.4
GOPR0402_frame_000551_overexposure1,5,5,5,0,0.5,1.0
GOPR0402_frame_000551_overexposure2,5,5,8,0,0.3846,1.0
GOPR0402_frame_000556_ref,3,2,2,1,0.5,0.6667
GOPR0402_frame_000556_rain1,3,3,2,0,0.6,1.0
GOPR0402_frame_000556_rain2,3,0,0,3,0.0,0.0
GOPR0402_frame_000556_rain3,3,0,0,3,0.0,0.0
GOPR0402_frame_000556_blur1,3,3,2,0,0.6,1.0
GOPR0402_frame_000556_blur2,3,2,2,1,0.5,0.6667
GOPR0402_frame_000556_blur3,3,2,2,1,0.5,0.6667
GOPR0402_frame_000556_blur4,3,0,0,3,0.0,0.0
GOPR0402_frame_000556_noise1,3,2,3,1,0.4,0.6667
GOPR0402_frame_000556_noise2,3,2,1,1,0.6667,0.6667
GOPR0402_frame_000556_noise3,3,0,0,3,0.0,0.0
GOPR0402_frame_000556_dark1,3,2,3,1,0.4,0.6667
GOPR0402_frame_000556_dark2,3,2,2,1,0.5,0.6667
GOPR0402_frame_000556_overexposure1,3,3,2,0,0.6,1.0
GOPR0402_frame_000556_overexposure2,3,3,3,0,0.5,1.0
GOPR0402_frame_000561_ref,2,2,2,0,0.5,1.0
GOPR0402_frame_000561_rain1,2,2,2,0,0.5,1.0
GOPR0402_frame_000561_rain2,2,1,2,1,0.3333,0.5
GOPR0402_frame_000561_rain3,2,0,0,2,0.0,0.0
GOPR0402_frame_000561_blur1,2,1,2,1,0.3333,0.5
GOPR0402_frame_000561_blur2,2,1,2,1,0.3333,0.5
GOPR0402_frame_000561_blur3,2,1,1,1,0.5,0.5
GOPR0402_frame_000561_blur4,2,0,0,2,0.0,0.0
GOPR0402_frame_000561_noise1,2,2,3,0,0.4,1.0
GOPR0402_frame_000561_noise2,2,0,1,2,0.0,0.0
GOPR0402_frame_000561_noise3,2,0,0,2,0.0,0.0
GOPR0402_frame_000561_dark1,2,2,3,0,0.4,1.0
GOPR0402_frame_000561_dark2,2,0,2,2,0.0,0.0
GOPR0402_frame_000561_overexposure1,2,2,2,0,0.5,1.0
GOPR0402_frame_000561_overexposure2,2,1,2,1,0.3333,0.5
GOPR0402_frame_000567_ref,1,1,7,0,0.125,1.0
GOPR0402_frame_000567_rain1,1,1,4,0,0.2,1.0
GOPR0402_frame_000567_rain2,1,1,2,0,0.3333,1.0
GOPR0402_frame_000567_rain3,1,0,0,1,0.0,0.0
GOPR0402_frame_000567_blur1,1,1,5,0,0.1667,1.0
GOPR0402_frame_000567_blur2,1,1,1,0,0.5,1.0
GOPR0402_frame_000567_blur3,1,1,0,0,1.0,1.0
GOPR0402_frame_000567_blur4,1,0,0,1,0.0,0.0
GOPR0402_frame_000567_noise1,1,1,5,0,0.1667,1.0
GOPR0402_frame_000567_noise2,1,1,0,0,1.0,1.0
GOPR0402_frame_000567_noise3,1,1,0,0,1.0,1.0
GOPR0402_frame_000567_dark1,1,1,5,0,0.1667,1.0
GOPR0402_frame_000567_dark2,1,1,1,0,0.5,1.0
GOPR0402_frame_000567_overexposure1,1,1,7,0,0.125,1.0
GOPR0402_frame_000567_overexposure2,1,1,7,0,0.125,1.0
GOPR0402_frame_000587_ref,5,4,5,1,0.4444,0.8
GOPR0402_frame_000587_rain1,5,5,4,0,0.5556,1.0
GOPR0402_frame_000587_rain2,5,1,2,4,0.3333,0.2
GOPR0402_frame_000587_rain3,5,0,0,5,0.0,0.0
GOPR0402_frame_000587_blur1,5,5,2,0,0.7143,1.0
GOPR0402_frame_000587_blur2,5,5,1,0,0.8333,1.0
GOPR0402_frame_000587_blur3,5,1,1,4,0.5,0.2
GOPR0402_frame_000587_blur4,5,0,0,5,0.0,0.0
GOPR0402_frame_000587_noise1,5,5,2,0,0.7143,1.0
GOPR0402_frame_000587_noise2,5,1,0,4,1.0,0.2
GOPR0402_frame_000587_noise3,5,0,0,5,0.0,0.0
GOPR0402_frame_000587_dark1,5,5,2,0,0.7143,1.0
GOPR0402_frame_000587_dark2,5,2,1,3,0.6667,0.4
GOPR0402_frame_000587_overexposure1,5,4,5,1,0.4444,0.8
GOPR0402_frame_000587_overexposure2,5,4,6,1,0.4,0.8
GOPR0402_frame_000598_ref,1,1,1,0,0.5,1.0
GOPR0402_frame_000598_rain1,1,1,1,0,0.5,1.0
GOPR0402_frame_000598_rain2,1,1,0,0,1.0,1.0
GOPR0402_frame_000598_rain3,1,0,0,1,0.0,0.0
GOPR0402_frame_000598_blur1,1,1,1,0,0.5,1.0
GOPR0402_frame_000598_blur2,1,1,0,0,1.0,1.0
GOPR0402_frame_000598_blur3,1,1,0,0,1.0,1.0
GOPR0402_frame_000598_blur4,1,1,0,0,1.0,1.0
GOPR0402_frame_000598_noise1,1,1,0,0,1.0,1.0
GOPR0402_frame_000598_noise2,1,1,0,0,1.0,1.0
GOPR0402_frame_000598_noise3,1,0,0,1,0.0,0.0
GOPR0402_frame_000598_dark1,1,1,1,0,0.5,1.0
GOPR0402_frame_000598_dark2,1,1,0,0,1.0,1.0
GOPR0402_frame_000598_overexposure1,1,1,1,0,0.5,1.0
GOPR0402_frame_000598_overexposure2,1,1,1,0,0.5,1.0
GOPR0402_frame_000605_ref,1,1,2,0,0.3333,1.0
GOPR0402_frame_000605_rain1,1,1,0,0,1.0,1.0
GOPR0402_frame_000605_rain2,1,1,0,0,1.0,1.0
GOPR0402_frame_000605_rain3,1,0,0,1,0.0,0.0
GOPR0402_frame_000605_blur1,1,1,1,0,0.5,1.0
GOPR0402_frame_000605_blur2,1,1,1,0,0.5,1.0
GOPR0402_frame_000605_blur3,1,0,0,1,0.0,0.0
GOPR0402_frame_000605_blur4,1,0,0,1,0.0,0.0
GOPR0402_frame_000605_noise1,1,1,1,0,0.5,1.0
GOPR0402_frame_000605_noise2,1,1,0,0,1.0,1.0
GOPR0402_frame_000605_noise3,1,0,0,1,0.0,0.0
GOPR0402_frame_000605_dark1,1,1,1,0,0.5,1.0
GOPR0402_frame_000605_dark2,1,1,0,0,1.0,1.0
GOPR0402_frame_000605_overexposure1,1,1,2,0,0.3333,1.0
GOPR0402_frame_000605_overexposure2,1,1,3,0,0.25,1.0
GOPR0402_frame_000612_ref,3,2,1,1,0.6667,0.6667
GOPR0402_frame_000612_rain1,3,3,0,0,1.0,1.0
GOPR0402_frame_000612_rain2,3,0,0,3,0.0,0.0
GOPR0402_frame_000612_rain3,3,0,0,3,0.0,0.0
GOPR0402_frame_000612_blur1,3,2,0,1,1.0,0.6667
GOPR0402_frame_000612_blur2,3,1,0,2,1.0,0.3333
GOPR0402_frame_000612_blur3,3,0,0,3,0.0,0.0
GOPR0402_frame_000612_blur4,3,0,0,3,0.0,0.0
GOPR0402_frame_000612_noise1,3,1,0,2,1.0,0.3333
GOPR0402_frame_000612_noise2,3,0,0,3,0.0,0.0
GOPR0402_frame_000612_noise3,3,0,0,3,0.0,0.0
GOPR0402_frame_000612_dark1,3,2,0,1,1.0,0.6667
GOPR0402_frame_000612_dark2,3,0,0,3,0.0,0.0
GOPR0402_frame_000612_overexposure1,3,2,1,1,0.6667,0.6667
GOPR0402_frame_000612_overexposure2,3,2,1,1,0.6667,0.6667
GOPR0402_frame_000632_ref,2,2,2,0,0.5,1.0
GOPR0402_frame_000632_rain1,2,1,3,1,0.25,0.5
GOPR0402_frame_000632_rain2,2,0,0,2,0.0,0.0
GOPR0402_frame_000632_rain3,2,0,0,2,0.0,0.0
GOPR0402_frame_000632_blur1,2,1,1,1,0.5,0.5
GOPR0402_frame_000632_blur2,2,1,0,1,1.0,0.5
GOPR0402_frame_000632_blur3,2,1,0,1,1.0,0.5
GOPR0402_frame_000632_blur4,2,1,0,1,1.0,0.5
GOPR0402_frame_000632_noise1,2,1,1,1,0.5,0.5
GOPR0402_frame_000632_noise2,2,2,0,0,1.0,1.0
GOPR0402_frame_000632_noise3,2,0,0,2,0.0,0.0
GOPR0402_frame_000632_dark1,2,2,2,0,0.5,1.0
GOPR0402_frame_000632_dark2,2,1,0,1,1.0,0.5
GOPR0402_frame_000632_overexposure1,2,2,3,0,0.4,1.0
GOPR0402_frame_000632_overexposure2,2,2,1,0,0.6667,1.0
GOPR0402_frame_000652_ref,5,5,2,0,0.7143,1.0
GOPR0402_frame_000652_rain1,5,5,2,0,0.7143,1.0
GOPR0402_frame_000652_rain2,5,3,2,2,0.6,0.6
GOPR0402_frame_000652_rain3,5,2,0,3,1.0,0.4
GOPR0402_frame_000652_blur1,5,5,2,0,0.7143,1.0
GOPR0402_frame_000652_blur2,5,4,2,1,0.6667,0.8
GOPR0402_frame_000652_blur3,5,3,0,2,1.0,0.6
GOPR0402_frame_000652_blur4,5,2,0,3,1.0,0.4
GOPR0402_frame_000652_noise1,5,5,2,0,0.7143,1.0
GOPR0402_frame_000652_noise2,5,4,1,1,0.8,0.8
GOPR0402_frame_000652_noise3,5,1,0,4,1.0,0.2
GOPR0402_frame_000652_dark1,5,5,2,0,0.7143,1.0
GOPR0402_frame_000652_dark2,5,3,1,2,0.75,0.6
GOPR0402_frame_000652_overexposure1,5,5,2,0,0.7143,1.0
GOPR0402_frame_000652_overexposure2,5,5,1,0,0.8333,1.0
GOPR0402_frame_000661_ref,3,3,4,0,0.4286,1.0
GOPR0402_frame_000661_rain1,3,3,2,0,0.6,1.0
GOPR0402_frame_000661_rain2,3,2,1,1,0.6667,0.6667
GOPR0402_frame_000661_rain3,3,0,0,3,0.0,0.0
GOPR0402_frame_000661_blur1,3,3,3,0,0.5,1.0
GOPR0402_frame_000661_blur2,3,2,2,1,0.5,0.6667
GOPR0402_frame_000661_blur3,3,2,0,1,1.0,0.6667
GOPR0402_frame_000661_blur4,3,0,0,3,0.0,0.0
GOPR0402_frame_000661_noise1,3,3,2,0,0.6,1.0
GOPR0402_frame_000661_noise2,3,1,0,2,1.0,0.3333
GOPR0402_frame_000661_noise3,3,0,1,3,0.0,0.0
GOPR0402_frame_000661_dark1,3,3,4,0,0.4286,1.0
GOPR0402_frame_000661_dark2,3,1,1,2,0.5,0.3333
GOPR0402_frame_000661_overexposure1,3,3,4,0,0.4286,1.0
GOPR0402_frame_000661_overexposure2,3,3,2,0,0.6,1.0
GOPR0402_frame_000668_ref,8,8,1,0,0.8889,1.0
GOPR0402_frame_000668_rain1,8,8,1,0,0.8889,1.0
GOPR0402_frame_000668_rain2,8,7,1,1,0.875,0.875
GOPR0402_frame_000668_rain3,8,0,0,8,0.0,0.0
GOPR0402_frame_000668_blur1,8,8,1,0,0.8889,1.0
GOPR0402_frame_000668_blur2,8,5,1,3,0.8333,0.625
GOPR0402_frame_000668_blur3,8,5,1,3,0.8333,0.625
GOPR0402_frame_000668_blur4,8,2,2,6,0.5,0.25
GOPR0402_frame_000668_noise1,8,8,2,0,0.8,1.0
GOPR0402_frame_000668_noise2,8,5,0,3,1.0,0.625
GOPR0402_frame_000668_noise3,8,2,1,6,0.6667,0.25
GOPR0402_frame_000668_dark1,8,8,1,0,0.8889,1.0
GOPR0402_frame_000668_dark2,8,7,1,1,0.875,0.875
GOPR0402_frame_000668_overexposure1,8,8,1,0,0.8889,1.0
GOPR0402_frame_000668_overexposure2,8,8,1,0,0.8889,1.0
GOPR0402_frame_000675_ref,1,1,2,0,0.3333,1.0
GOPR0402_frame_000675_rain1,1,1,4,0,0.2,1.0
GOPR0402_frame_000675_rain2,1,1,0,0,1.0,1.0
GOPR0402_frame_000675_rain3,1,1,0,0,1.0,1.0
GOPR0402_frame_000675_blur1,1,1,0,0,1.0,1.0
GOPR0402_frame_000675_blur2,1,1,0,0,1.0,1.0
GOPR0402_frame_000675_blur3,1,1,0,0,1.0,1.0
GOPR0402_frame_000675_blur4,1,0,0,1,0.0,0.0
GOPR0402_frame_000675_noise1,1,1,1,0,0.5,1.0
GOPR0402_frame_000675_noise2,1,1,0,0,1.0,1.0
GOPR0402_frame_000675_noise3,1,0,0,1,0.0,0.0
GOPR0402_frame_000675_dark1,1,1,2,0,0.3333,1.0
GOPR0402_frame_000675_dark2,1,1,0,0,1.0,1.0
GOPR0402_frame_000675_overexposure1,1,1,2,0,0.3333,1.0
GOPR0402_frame_000675_overexposure2,1,1,0,0,1.0,1.0
GOPR0402_frame_000681_ref,2,2,2,0,0.5,1.0
GOPR0402_frame_000681_rain1,2,1,2,1,0.3333,0.5
GOPR0402_frame_000681_rain2,2,0,0,2,0.0,0.0
GOPR0402_frame_000681_rain3,2,0,0,2,0.0,0.0
GOPR0402_frame_000681_blur1,2,1,1,1,0.5,0.5
GOPR0402_frame_000681_blur2,2,0,2,2,0.0,0.0
GOPR0402_frame_000681_blur3,2,0,1,2,0.0,0.0
GOPR0402_frame_000681_blur4,2,0,0,2,0.0,0.0
GOPR0402_frame_000681_noise1,2,2,1,0,0.6667,1.0
GOPR0402_frame_000681_noise2,2,0,1,2,0.0,0.0
GOPR0402_frame_000681_noise3,2,0,0,2,0.0,0.0
GOPR0402_frame_000681_dark1,2,1,2,1,0.3333,0.5
GOPR0402_frame_000681_dark2,2,0,1,2,0.0,0.0
GOPR0402_frame_000681_overexposure1,2,1,3,1,0.25,0.5
GOPR0402_frame_000681_overexposure2,2,1,1,1,0.5,0.5
GOPR0402_frame_000687_ref,0,0,5,0,0.0,
GOPR0402_frame_000687_rain1,0,0,4,0,0.0,
GOPR0402_frame_000687_rain2,0,0,1,0,0.0,
GOPR0402_frame_000687_rain3,0,0,0,0,0.0,
GOPR0402_frame_000687_blur1,0,0,3,0,0.0,
GOPR0402_frame_000687_blur2,0,0,3,0,0.0,
GOPR0402_frame_000687_blur3,0,0,2,0,0.0,
GOPR0402_frame_000687_blur4,0,0,0,0,0.0,
GOPR0402_frame_000687_noise1,0,0,4,0,0.0,
GOPR0402_frame_000687_noise2,0,0,3,0,0.0,
GOPR0402_frame_000687_noise3,0,0,0,0,0.0,
GOPR0402_frame_000687_dark1,0,0,2,0,0.0,
GOPR0402_frame_000687_dark2,0,0,2,0,0.0,
GOPR0402_frame_000687_overexposure1,0,0,5,0,0.0,
GOPR0402_frame_000687_overexposure2,0,0,3,0,0.0,
GOPR0402_frame_000699_ref,2,2,0,0,1.0,1.0
GOPR0402_frame_000699_rain1,2,2,0,0,1.0,1.0
GOPR0402_frame_000699_rain2,2,2,0,0,1.0,1.0
GOPR0402_frame_000699_rain3,2,0,0,2,0.0,0.0
GOPR0402_frame_000699_blur1,2,2,0,0,1.0,1.0
GOPR0402_frame_000699_blur2,2,2,0,0,1.0,1.0
GOPR0402_frame_000699_blur3,2,1,0,1,1.0,0.5
GOPR0402_frame_000699_blur4,2,0,0,2,0.0,0.0
GOPR0402_frame_000699_noise1,2,2,0,0,1.0,1.0
GOPR0402_frame_000699_noise2,2,2,1,0,0.6667,1.0
GOPR0402_frame_000699_noise3,2,0,0,2,0.0,0.0
GOPR0402_frame_000699_dark1,2,2,0,0,1.0,1.0
GOPR0402_frame_000699_dark2,2,2,0,0,1.0,1.0
GOPR0402_frame_000699_overexposure1,2,2,1,0,0.6667,1.0
GOPR0402_frame_000699_overexposure2,2,2,1,0,0.6667,1.0
GOPR0402_frame_000705_ref,4,4,1,0,0.8,1.0
GOPR0402_frame_000705_rain1,4,3,1,1,0.75,0.75
GOPR0402_frame_000705_rain2,4,3,3,1,0.5,0.75
GOPR0402_frame_000705_rain3,4,0,1,4,0.0,0.0
GOPR0402_frame_000705_blur1,4,3,1,1,0.75,0.75
GOPR0402_frame_000705_blur2,4,3,1,1,0.75,0.75
GOPR0402_frame_000705_blur3,4,2,1,2,0.6667,0.5
GOPR0402_frame_000705_blur4,4,1,0,3,1.0,0.25
GOPR0402_frame_000705_noise1,4,3,1,1,0.75,0.75
GOPR0402_frame_000705_noise2,4,3,1,1,0.75,0.75
GOPR0402_frame_000705_noise3,4,1,0,3,1.0,0.25
GOPR0402_frame_000705_dark1,4,3,1,1,0.75,0.75
GOPR0402_frame_000705_dark2,4,3,2,1,0.6,0.75
GOPR0402_frame_000705_overexposure1,4,4,1,0,0.8,1.0
GOPR0402_frame_000705_overexposure2,4,3,1,1,0.75,0.75
GOPR0402_frame_000712_ref,1,1,4,0,0.2,1.0
GOPR0402_frame_000712_rain1,1,1,5,0,0.1667,1.0
GOPR0402_frame_000712_rain2,1,1,1,0,0.5,1.0
GOPR0402_frame_000712_rain3,1,1,0,0,1.0,1.0
GOPR0402_frame_000712_blur1,1,1,3,0,0.25,1.0
GOPR0402_frame_000712_blur2,1,1,2,0,0.3333,1.0
GOPR0402_frame_000712_blur3,1,1,2,0,0.3333,1.0
GOPR0402_frame_000712_blur4,1,1,0,0,1.0,1.0
GOPR0402_frame_000712_noise1,1,1,5,0,0.1667,1.0
GOPR0402_frame_000712_noise2,1,1,3,0,0.25,1.0
GOPR0402_frame_000712_noise3,1,1,0,0,1.0,1.0
GOPR0402_frame_000712_dark1,1,1,4,0,0.2,1.0
GOPR0402_frame_000712_dark2,1,1,1,0,0.5,1.0
GOPR0402_frame_000712_overexposure1,1,1,5,0,0.1667,1.0
GOPR0402_frame_000712_overexposure2,1,1,3,0,0.25,1.0
GOPR0402_frame_000718_ref,8,8,4,0,0.6667,1.0
GOPR0402_frame_000718_rain1,8,7,2,1,0.7778,0.875
GOPR0402_frame_000718_rain2,8,7,0,1,1.0,0.875
GOPR0402_frame_000718_rain3,8,0,0,8,0.0,0.0
GOPR0402_frame_000718_blur1,8,8,3,0,0.7273,1.0
GOPR0402_frame_000718_blur2,8,8,2,0,0.8,1.0
GOPR0402_frame_000718_blur3,8,5,0,3,1.0,0.625
GOPR0402_frame_000718_blur4,8,2,0,6,1.0,0.25
GOPR0402_frame_000718_noise1,8,8,2,0,0.8,1.0
GOPR0402_frame_000718_noise2,8,7,1,1,0.875,0.875
GOPR0402_frame_000718_noise3,8,1,0,7,1.0,0.125
GOPR0402_frame_000718_dark1,8,8,3,0,0.7273,1.0
GOPR0402_frame_000718_dark2,8,4,1,4,0.8,0.5
GOPR0402_frame_000718_overexposure1,8,8,4,0,0.6667,1.0
GOPR0402_frame_000718_overexposure2,8,8,2,0,0.8,1.0
GOPR0402_frame_000823_ref,8,8,7,0,0.5333,1.0
GOPR0402_frame_000823_rain1,8,6,3,2,0.6667,0.75
GOPR0402_frame_000823_rain2,8,4,1,4,0.8,0.5
GOPR0402_frame_000823_rain3,8,2,0,6,1.0,0.25
GOPR0402_frame_000823_blur1,8,6,4,2,0.6,0.75
GOPR0402_frame_000823_blur2,8,5,5,3,0.5,0.625
GOPR0402_frame_000823_blur3,8,3,2,5,0.6,0.375
GOPR0402_frame_000823_blur4,8,3,1,5,0.75,0.375
GOPR0402_frame_000823_noise1,8,6,4,2,0.6,0.75
GOPR0402_frame_000823_noise2,8,5,5,3,0.5,0.625
GOPR0402_frame_000823_noise3,8,3,1,5,0.75,0.375
GOPR0402_frame_000823_dark1,8,6,4,2,0.6,0.75
GOPR0402_frame_000823_dark2,8,6,3,2,0.6667,0.75
GOPR0402_frame_000823_overexposure1,8,7,5,1,0.5833,0.875
GOPR0402_frame_000823_overexposure2,8,6,6,2,0.5,0.75
GOPR0402_frame_000832_ref,12,12,2,0,0.8571,1.0
GOPR0402_frame_000832_rain1,12,11,2,1,0.8462,0.9167
GOPR0402_frame_000832_rain2,12,6,3,6,0.6667,0.5
GOPR0402_frame_000832_rain3,12,0,0,12,0.0,0.0
GOPR0402_frame_000832_blur1,12,10,3,2,0.7692,0.8333
GOPR0402_frame_000832_blur2,12,9,5,3,0.6429,0.75
GOPR0402_frame_000832_blur3,12,9,2,3,0.8182,0.75
GOPR0402_frame_000832_blur4,12,2,1,10,0.6667,0.1667
GOPR0402_frame_000832_noise1,12,10,4,2,0.7143,0.8333
GOPR0402_frame_000832_noise2,12,8,5,4,0.6154,0.6667
GOPR0402_frame_000832_noise3,12,4,2,8,0.6667,0.3333
GOPR0402_frame_000832_dark1,12,10,3,2,0.7692,0.8333
GOPR0402_frame_000832_dark2,12,9,4,3,0.6923,0.75
GOPR0402_frame_000832_overexposure1,12,11,3,1,0.7857,0.9167
GOPR0402_frame_000832_overexposure2,12,10,3,2,0.7692,0.8333
GOPR0402_frame_000841_ref,10,8,5,2,0.6154,0.8
GOPR0402_frame_000841_rain1,10,8,8,2,0.5,0.8
GOPR0402_frame_000841_rain2,10,3,3,7,0.5,0.3
GOPR0402_frame_000841_rain3,10,0,0,10,0.0,0.0
GOPR0402_frame_000841_blur1,10,7,5,3,0.5833,0.7
GOPR0402_frame_000841_blur2,10,5,5,5,0.5,0.5
GOPR0402_frame_000841_blur3,10,4,2,6,0.6667,0.4
GOPR0402_frame_000841_blur4,10,1,1,9,0.5,0.1
GOPR0402_frame_000841_noise1,10,6,3,4,0.6667,0.6
GOPR0402_frame_000841_noise2,10,5,4,5,0.5556,0.5
GOPR0402_frame_000841_noise3,10,1,0,9,1.0,0.1
GOPR0402_frame_000841_dark1,10,7,4,3,0.6364,0.7
GOPR0402_frame_000841_dark2,10,4,1,6,0.8,0.4
GOPR0402_frame_000841_overexposure1,10,8,9,2,0.4706,0.8
GOPR0402_frame_000841_overexposure2,10,7,7,3,0.5,0.7
GOPR0402_frame_000850_ref,11,10,9,1,0.5263,0.9091
GOPR0402_frame_000850_rain1,11,9,7,2,0.5625,0.8182
GOPR0402_frame_000850_rain2,11,6,1,5,0.8571,0.5455
GOPR0402_frame_000850_rain3,11,1,1,10,0.5,0.0909
GOPR0402_frame_000850_blur1,11,10,6,1,0.625,0.9091
GOPR0402_frame_000850_blur2,11,9,3,2,0.75,0.8182
GOPR0402_frame_000850_blur3,11,5,2,6,0.7143,0.4545
GOPR0402_frame_000850_blur4,11,1,0,10,1.0,0.0909
GOPR0402_frame_000850_noise1,11,9,6,2,0.6,0.8182
GOPR0402_frame_000850_noise2,11,5,1,6,0.8333,0.4545
GOPR0402_frame_000850_noise3,11,1,0,10,1.0,0.0909
GOPR0402_frame_000850_dark1,11,9,5,2,0.6429,0.8182
GOPR0402_frame_000850_dark2,11,3,2,8,0.6,0.2727
GOPR0402_frame_000850_overexposure1,11,10,8,1,0.5556,0.9091
GOPR0402_frame_000850_overexposure2,11,11,7,0,0.6111,1.0
GOPR0402_frame_000858_ref,10,9,3,1,0.75,0.9
GOPR0402_frame_000858_rain1,10,9,3,1,0.75,0.9
GOPR0402_frame_000858_rain2,10,7,6,3,0.5385,0.7
GOPR0402_frame_000858_rain3,10,1,1,9,0.5,0.1
GOPR0402_frame_000858_blur1,10,9,2,1,0.8182,0.9
GOPR0402_frame_000858_blur2,10,9,4,1,0.6923,0.9
GOPR0402_frame_000858_blur3,10,7,3,3,0.7,0.7
GOPR0402_frame_000858_blur4,10,2,2,8,0.5,0.2
GOPR0402_frame_000858_noise1,10,8,5,2,0.6154,0.8
GOPR0402_frame_000858_noise2,10,6,3,4,0.6667,0.6
GOPR0402_frame_000858_noise3,10,3,0,7,1.0,0.3
GOPR0402_frame_000858_dark1,10,9,4,1,0.6923,0.9
GOPR0402_frame_000858_dark2,10,6,2,4,0.75,0.6
GOPR0402_frame_000858_overexposure1,10,9,4,1,0.6923,0.9
GOPR0402_frame_000858_overexposure2,10,9,5,1,0.6429,0.9
GOPR0402_frame_000874_ref,8,8,4,0,0.6667,1.0
GOPR0402_frame_000874_rain1,8,8,6,0,0.5714,1.0
GOPR0402_frame_000874_rain2,8,5,6,3,0.4545,0.625
GOPR0402_frame_000874_rain3,8,1,0,7,1.0,0.125
GOPR0402_frame_000874_blur1,8,8,3,0,0.7273,1.0
GOPR0402_frame_000874_blur2,8,8,5,0,0.6154,1.0
GOPR0402_frame_000874_blur3,8,5,1,3,0.8333,0.625
GOPR0402_frame_000874_blur4,8,1,1,7,0.5,0.125
GOPR0402_frame_000874_noise1,8,6,6,2,0.5,0.75
GOPR0402_frame_000874_noise2,8,3,3,5,0.5,0.375
GOPR0402_frame_000874_noise3,8,1,0,7,1.0,0.125
GOPR0402_frame_000874_dark1,8,8,5,0,0.6154,1.0
GOPR0402_frame_000874_dark2,8,1,3,7,0.25,0.125
GOPR0402_frame_000874_overexposure1,8,8,5,0,0.6154,1.0
GOPR0402_frame_000874_overexposure2,8,8,8,0,0.5,1.0
GOPR0402_frame_000883_ref,6,6,5,0,0.5455,1.0
GOPR0402_frame_000883_rain1,6,6,4,0,0.6,1.0
GOPR0402_frame_000883_rain2,6,6,5,0,0.5455,1.0
GOPR0402_frame_000883_rain3,6,1,0,5,1.0,0.1667
GOPR0402_frame_000883_blur1,6,6,5,0,0.5455,1.0
GOPR0402_frame_000883_blur2,6,6,3,0,0.6667,1.0
GOPR0402_frame_000883_blur3,6,5,2,1,0.7143,0.8333
GOPR0402_frame_000883_blur4,6,1,1,5,0.5,0.1667
GOPR0402_frame_000883_noise1,6,6,5,0,0.5455,1.0
GOPR0402_frame_000883_noise2,6,4,3,2,0.5714,0.6667
GOPR0402_frame_000883_noise3,6,3,0,3,1.0,0.5
GOPR0402_frame_000883_dark1,6,6,4,0,0.6,1.0
GOPR0402_frame_000883_dark2,6,5,4,1,0.5556,0.8333
GOPR0402_frame_000883_overexposure1,6,6,6,0,0.5,1.0
GOPR0402_frame_000883_overexposure2,6,6,6,0,0.5,1.0
GOPR0402_frame_000892_ref,6,4,5,2,0.4444,0.6667
GOPR0402_frame_000892_rain1,6,3,2,3,0.6,0.5
GOPR0402_frame_000892_rain2,6,1,2,5,0.3333,0.1667
GOPR0402_frame_000892_rain3,6,0,0,6,0.0,0.0
GOPR0402_frame_000892_blur1,6,4,3,2,0.5714,0.6667
GOPR0402_frame_000892_blur2,6,3,1,3,0.75,0.5
GOPR0402_frame_000892_blur3,6,2,0,4,1.0,0.3333
GOPR0402_frame_000892_blur4,6,1,0,5,1.0,0.1667
GOPR0402_frame_000892_noise1,6,3,4,3,0.4286,0.5
GOPR0402_frame_000892_noise2,6,1,1,5,0.5,0.1667
GOPR0402_frame_000892_noise3,6,0,0,6,0.0,0.0
GOPR0402_frame_000892_dark1,6,4,3,2,0.5714,0.6667
GOPR0402_frame_000892_dark2,6,1,0,5,1.0,0.1667
GOPR0402_frame_000892_overexposure1,6,5,4,1,0.5556,0.8333
GOPR0402_frame_000892_overexposure2,6,5,2,1,0.7143,0.8333
GOPR0402_frame_000899_ref,4,3,3,1,0.5,0.75
GOPR0402_frame_000899_rain1,4,4,4,0,0.5,1.0
GOPR0402_frame_000899_rain2,4,1,3,3,0.25,0.25
GOPR0402_frame_000899_rain3,4,0,0,4,0.0,0.0
GOPR0402_frame_000899_blur1,4,3,3,1,0.5,0.75
GOPR0402_frame_000899_blur2,4,2,3,2,0.4,0.5
GOPR0402_frame_000899_blur3,4,2,1,2,0.6667,0.5
GOPR0402_frame_000899_blur4,4,1,0,3,1.0,0.25
GOPR0402_frame_000899_noise1,4,2,3,2,0.4,0.5
GOPR0402_frame_000899_noise2,4,3,1,1,0.75,0.75
GOPR0402_frame_000899_noise3,4,0,0,4,0.0,0.0
GOPR0402_frame_000899_dark1,4,3,2,1,0.6,0.75
GOPR0402_frame_000899_dark2,4,3,1,1,0.75,0.75
GOPR0402_frame_000899_overexposure1,4,3,3,1,0.5,0.75
GOPR0402_frame_000899_overexposure2,4,4,3,0,0.5714,1.0
GOPR0402_frame_000905_ref,5,5,4,0,0.5556,1.0
GOPR0402_frame_000905_rain1,5,5,5,0,0.5,1.0
GOPR0402_frame_000905_rain2,5,1,4,4,0.2,0.2
GOPR0402_frame_000905_rain3,5,0,0,5,0.0,0.0
GOPR0402_frame_000905_blur1,5,4,3,1,0.5714,0.8
GOPR0402_frame_000905_blur2,5,3,3,2,0.5,0.6
GOPR0402_frame_000905_blur3,5,3,1,2,0.75,0.6
GOPR0402_frame_000905_blur4,5,1,1,4,0.5,0.2
GOPR0402_frame_000905_noise1,5,5,1,0,0.8333,1.0
GOPR0402_frame_000905_noise2,5,2,1,3,0.6667,0.4
GOPR0402_frame_000905_noise3,5,0,1,5,0.0,0.0
GOPR0402_frame_000905_dark1,5,5,0,0,1.0,1.0
GOPR0402_frame_000905_dark2,5,2,0,3,1.0,0.4
GOPR0402_frame_000905_overexposure1,5,5,4,0,0.5556,1.0
GOPR0402_frame_000905_overexposure2,5,5,4,0,0.5556,1.0
GOPR0402_frame_000917_ref,6,4,2,2,0.6667,0.6667
GOPR0402_frame_000917_rain1,6,4,3,2,0.5714,0.6667
GOPR0402_frame_000917_rain2,6,4,2,2,0.6667,0.6667
GOPR0402_frame_000917_rain3,6,0,0,6,0.0,0.0
GOPR0402_frame_000917_blur1,6,4,4,2,0.5,0.6667
GOPR0402_frame_000917_blur2,6,4,4,2,0.5,0.6667
GOPR0402_frame_000917_blur3,6,4,2,2,0.6667,0.6667
GOPR0402_frame_000917_blur4,6,0,0,6,0.0,0.0
GOPR0402_frame_000917_noise1,6,5,2,1,0.7143,0.8333
GOPR0402_frame_000917_noise2,6,5,2,1,0.7143,0.8333
GOPR0402_frame_000917_noise3,6,1,0,5,1.0,0.1667
GOPR0402_frame_000917_dark1,6,5,1,1,0.8333,0.8333
GOPR0402_frame_000917_dark2,6,4,1,2,0.8,0.6667
GOPR0402_frame_000917_overexposure1,6,4,2,2,0.6667,0.6667
GOPR0402_frame_000917_overexposure2,6,4,2,2,0.6667,0.6667
GOPR0402_frame_000937_ref,7,6,1,1,0.8571,0.8571
GOPR0402_frame_000937_rain1,7,6,1,1,0.8571,0.8571
GOPR0402_frame_000937_rain2,7,2,2,5,0.5,0.2857
GOPR0402_frame_000937_rain3,7,0,0,7,0.0,0.0
GOPR0402_frame_000937_blur1,7,6,1,1,0.8571,0.8571
GOPR0402_frame_000937_blur2,7,6,2,1,0.75,0.8571
GOPR0402_frame_000937_blur3,7,3,1,4,0.75,0.4286
GOPR0402_frame_000937_blur4,7,1,0,6,1.0,0.1429
GOPR0402_frame_000937_noise1,7,6,1,1,0.8571,0.8571
GOPR0402_frame_000937_noise2,7,3,2,4,0.6,0.4286
GOPR0402_frame_000937_noise3,7,2,0,5,1.0,0.2857
GOPR0402_frame_000937_dark1,7,6,2,1,0.75,0.8571
GOPR0402_frame_000937_dark2,7,2,0,5,1.0,0.2857
GOPR0402_frame_000937_overexposure1,7,6,1,1,0.8571,0.8571
GOPR0402_frame_000937_overexposure2,7,6,1,1,0.8571,0.8571
GOPR0402_frame_000958_ref,9,7,4,2,0.6364,0.7778
GOPR0402_frame_000958_rain1,9,7,3,2,0.7,0.7778
GOPR0402_frame_000958_rain2,9,4,2,5,0.6667,0.4444
GOPR0402_frame_000958_rain3,9,0,0,9,0.0,0.0
GOPR0402_frame_000958_blur1,9,7,3,2,0.7,0.7778
GOPR0402_frame_000958_blur2,9,7,4,2,0.6364,0.7778
GOPR0402_frame_000958_blur3,9,4,0,5,1.0,0.4444
GOPR0402_frame_000958_blur4,9,1,0,8,1.0,0.1111
GOPR0402_frame_000958_noise1,9,7,3,2,0.7,0.7778
GOPR0402_frame_000958_noise2,9,4,4,5,0.5,0.4444
GOPR0402_frame_000958_noise3,9,0,0,9,0.0,0.0
GOPR0402_frame_000958_dark1,9,7,2,2,0.7778,0.7778
GOPR0402_frame_000958_dark2,9,3,1,6,0.75,0.3333
GOPR0402_frame_000958_overexposure1,9,7,4,2,0.6364,0.7778
GOPR0402_frame_000958_overexposure2,9,7,4,2,0.6364,0.7778
GOPR0402_frame_000964_ref,6,6,5,0,0.5455,1.0
GOPR0402_frame_000964_rain1,6,5,6,1,0.4545,0.8333
GOPR0402_frame_000964_rain2,6,2,1,4,0.6667,0.3333
GOPR0402_frame_000964_rain3,6,0,0,6,0.0,0.0
GOPR0402_frame_000964_blur1,6,4,5,2,0.4444,0.6667
GOPR0402_frame_000964_blur2,6,4,3,2,0.5714,0.6667
GOPR0402_frame_000964_blur3,6,5,3,1,0.625,0.8333
GOPR0402_frame_000964_blur4,6,1,0,5,1.0,0.1667
GOPR0402_frame_000964_noise1,6,5,2,1,0.7143,0.8333
GOPR0402_frame_000964_noise2,6,4,3,2,0.5714,0.6667
GOPR0402_frame_000964_noise3,6,0,0,6,0.0,0.0
GOPR0402_frame_000964_dark1,6,5,5,1,0.5,0.8333
GOPR0402_frame_000964_dark2,6,3,2,3,0.6,0.5
GOPR0402_frame_000964_overexposure1,6,6,4,0,0.6,1.0
GOPR0402_frame_000964_overexposure2,6,5,4,1,0.5556,0.8333
GOPR0402_frame_000969_ref,6,6,5,0,0.5455,1.0
GOPR0402_frame_000969_rain1,6,6,5,0,0.5455,1.0
GOPR0402_frame_000969_rain2,6,5,1,1,0.8333,0.8333
GOPR0402_frame_000969_rain3,6,2,0,4,1.0,0.3333
GOPR0402_frame_000969_blur1,6,6,3,0,0.6667,1.0
GOPR0402_frame_000969_blur2,6,6,2,0,0.75,1.0
GOPR0402_frame_000969_blur3,6,4,0,2,1.0,0.6667
GOPR0402_frame_000969_blur4,6,2,0,4,1.0,0.3333
GOPR0402_frame_000969_noise1,6,6,2,0,0.75,1.0
GOPR0402_frame_000969_noise2,6,4,1,2,0.8,0.6667
GOPR0402_frame_000969_noise3,6,2,0,4,1.0,0.3333
GOPR0402_frame_000969_dark1,6,6,5,0,0.5455,1.0
GOPR0402_frame_000969_dark2,6,3,0,3,1.0,0.5
GOPR0402_frame_000969_overexposure1,6,6,6,0,0.5,1.0
GOPR0402_frame_000969_overexposure2,6,6,4,0,0.6,1.0
GOPR0402_frame_000984_ref,2,2,5,0,0.2857,1.0
GOPR0402_frame_000984_rain1,2,2,0,0,1.0,1.0
GOPR0402_frame_000984_rain2,2,1,1,1,0.5,0.5
GOPR0402_frame_000984_rain3,2,0,0,2,0.0,0.0
GOPR0402_frame_000984_blur1,2,2,2,0,0.5,1.0
GOPR0402_frame_000984_blur2,2,2,1,0,0.6667,1.0
GOPR0402_frame_000984_blur3,2,2,0,0,1.0,1.0
GOPR0402_frame_000984_blur4,2,0,0,2,0.0,0.0
GOPR0402_frame_000984_noise1,2,2,2,0,0.5,1.0
GOPR0402_frame_000984_noise2,2,1,1,1,0.5,0.5
GOPR0402_frame_000984_noise3,2,0,0,2,0.0,0.0
GOPR0402_frame_000984_dark1,2,2,1,0,0.6667,1.0
GOPR0402_frame_000984_dark2,2,1,0,1,1.0,0.5
GOPR0402_frame_000984_overexposure1,2,2,3,0,0.4,1.0
GOPR0402_frame_000984_overexposure2,2,2,2,0,0.5,1.0
GOPR0402_frame_000989_ref,1,1,0,0,1.0,1.0
GOPR0402_frame_000989_rain1,1,1,0,0,1.0,1.0
GOPR0402_frame_000989_rain2,1,1,0,0,1.0,1.0
GOPR0402_frame_000989_rain3,1,0,0,1,0.0,0.0
GOPR0402_frame_000989_blur1,1,1,0,0,1.0,1.0
GOPR0402_frame_000989_blur2,1,1,0,0,1.0,1.0
GOPR0402_frame_000989_blur3,1,1,0,0,1.0,1.0
GOPR0402_frame_000989_blur4,1,0,0,1,0.0,0.0
GOPR0402_frame_000989_noise1,1,1,0,0,1.0,1.0
GOPR0402_frame_000989_noise2,1,1,0,0,1.0,1.0
GOPR0402_frame_000989_noise3,1,0,0,1,0.0,0.0
GOPR0402_frame_000989_dark1,1,1,0,0,1.0,1.0
GOPR0402_frame_000989_dark2,1,1,0,0,1.0,1.0
GOPR0402_frame_000989_overexposure1,1,1,0,0,1.0,1.0
GOPR0402_frame_000989_overexposure2,1,1,0,0,1.0,1.0
GOPR0402_frame_001014_ref,2,2,5,0,0.2857,1.0
GOPR0402_frame_001014_rain1,2,2,2,0,0.5,1.0
GOPR0402_frame_001014_rain2,2,2,3,0,0.4,1.0
GOPR0402_frame_001014_rain3,2,0,0,2,0.0,0.0
GOPR0402_frame_001014_blur1,2,2,2,0,0.5,1.0
GOPR0402_frame_001014_blur2,2,2,1,0,0.6667,1.0
GOPR0402_frame_001014_blur3,2,1,0,1,1.0,0.5
GOPR0402_frame_001014_blur4,2,0,0,2,0.0,0.0
GOPR0402_frame_001014_noise1,2,2,4,0,0.3333,1.0
GOPR0402_frame_001014_noise2,2,1,1,1,0.5,0.5
GOPR0402_frame_001014_noise3,2,0,0,2,0.0,0.0
GOPR0402_frame_001014_dark1,2,2,2,0,0.5,1.0
GOPR0402_frame_001014_dark2,2,2,1,0,0.6667,1.0
GOPR0402_frame_001014_overexposure1,2,2,5,0,0.2857,1.0
GOPR0402_frame_001014_overexposure2,2,2,4,0,0.3333,1.0
GOPR0402_frame_001022_ref,3,2,7,1,0.2222,0.6667
GOPR0402_frame_001022_rain1,3,2,7,1,0.2222,0.6667
GOPR0402_frame_001022_rain2,3,2,3,1,0.4,0.6667
GOPR0402_frame_001022_rain3,3,0,0,3,0.0,0.0
GOPR0402_frame_001022_blur1,3,2,7,1,0.2222,0.6667
GOPR0402_frame_001022_blur2,3,2,4,1,0.3333,0.6667
GOPR0402_frame_001022_blur3,3,2,2,1,0.5,0.6667
GOPR0402_frame_001022_blur4,3,0,0,3,0.0,0.0
GOPR0402_frame_001022_noise1,3,2,5,1,0.2857,0.6667
GOPR0402_frame_001022_noise2,3,2,3,1,0.4,0.6667
GOPR0402_frame_001022_noise3,3,0,0,3,0.0,0.0
GOPR0402_frame_001022_dark1,3,2,6,1,0.25,0.6667
GOPR0402_frame_001022_dark2,3,2,1,1,0.6667,0.6667
GOPR0402_frame_001022_overexposure1,3,2,6,1,0.25,0.6667
GOPR0402_frame_001022_overexposure2,3,2,5,1,0.2857,0.6667
GOPR0402_frame_001028_ref,3,3,4,0,0.4286,1.0
GOPR0402_frame_001028_rain1,3,2,3,1,0.4,0.6667
GOPR0402_frame_001028_rain2,3,1,2,2,0.3333,0.3333
GOPR0402_frame_001028_rain3,3,0,0,3,0.0,0.0
GOPR0402_frame_001028_blur1,3,1,3,2,0.25,0.3333
GOPR0402_frame_001028_blur2,3,1,2,2,0.3333,0.3333
GOPR0402_frame_001028_blur3,3,1,1,2,0.5,0.3333
GOPR0402_frame_001028_blur4,3,0,0,3,0.0,0.0
GOPR0402_frame_001028_noise1,3,3,4,0,0.4286,1.0
GOPR0402_frame_001028_noise2,3,1,0,2,1.0,0.3333
GOPR0402_frame_001028_noise3,3,0,0,3,0.0,0.0
GOPR0402_frame_001028_dark1,3,3,2,0,0.6,1.0
GOPR0402_frame_001028_dark2,3,1,1,2,0.5,0.3333
GOPR0402_frame_001028_overexposure1,3,3,2,0,0.6,1.0
GOPR0402_frame_001028_overexposure2,3,3,3,0,0.5,1.0
GOPR0402_frame_001034_ref,1,1,1,0,0.5,1.0
GOPR0402_frame_001034_rain1,1,1,1,0,0.5,1.0
GOPR0402_frame_001034_rain2,1,1,0,0,1.0,1.0
GOPR0402_frame_001034_rain3,1,0,0,1,0.0,0.0
GOPR0402_frame_001034_blur1,1,1,1,0,0.5,1.0
GOPR0402_frame_001034_blur2,1,1,0,0,1.0,1.0
GOPR0402_frame_001034_blur3,1,1,0,0,1.0,1.0
GOPR0402_frame_001034_blur4,1,0,0,1,0.0,0.0
GOPR0402_frame_001034_noise1,1,1,2,0,0.3333,1.0
GOPR0402_frame_001034_noise2,1,1,0,0,1.0,1.0
GOPR0402_frame_001034_noise3,1,0,0,1,0.0,0.0
GOPR0402_frame_001034_dark1,1,1,1,0,0.5,1.0
GOPR0402_frame_001034_dark2,1,1,0,0,1.0,1.0
GOPR0402_frame_001034_overexposure1,1,1,2,0,0.3333,1.0
GOPR0402_frame_001034_overexposure2,1,1,1,0,0.5,1.0
GOPR0402_frame_001040_ref,5,4,2,1,0.6667,0.8
GOPR0402_frame_001040_rain1,5,4,2,1,0.6667,0.8
GOPR0402_frame_001040_rain2,5,2,1,3,0.6667,0.4
GOPR0402_frame_001040_rain3,5,0,0,5,0.0,0.0
GOPR0402_frame_001040_blur1,5,4,2,1,0.6667,0.8
GOPR0402_frame_001040_blur2,5,4,0,1,1.0,0.8
GOPR0402_frame_001040_blur3,5,2,0,3,1.0,0.4
GOPR0402_frame_001040_blur4,5,0,0,5,0.0,0.0
GOPR0402_frame_001040_noise1,5,3,2,2,0.6,0.6
GOPR0402_frame_001040_noise2,5,2,1,3,0.6667,0.4
GOPR0402_frame_001040_noise3,5,0,0,5,0.0,0.0
GOPR0402_frame_001040_dark1,5,3,1,2,0.75,0.6
GOPR0402_frame_001040_dark2,5,1,1,4,0.5,0.2
GOPR0402_frame_001040_overexposure1,5,4,3,1,0.5714,0.8
GOPR0402_frame_001040_overexposure2,5,4,3,1,0.5714,0.8
GOPR0402_frame_001048_ref,1,1,1,0,0.5,1.0
GOPR0402_frame_001048_rain1,1,1,1,0,0.5,1.0
GOPR0402_frame_001048_rain2,1,1,0,0,1.0,1.0
GOPR0402_frame_001048_rain3,1,0,0,1,0.0,0.0
GOPR0402_frame_001048_blur1,1,1,1,0,0.5,1.0
GOPR0402_frame_001048_blur2,1,1,0,0,1.0,1.0
GOPR0402_frame_001048_blur3,1,1,2,0,0.3333,1.0
GOPR0402_frame_001048_blur4,1,0,0,1,0.0,0.0
GOPR0402_frame_001048_noise1,1,1,1,0,0.5,1.0
GOPR0402_frame_001048_noise2,1,1,0,0,1.0,1.0
GOPR0402_frame_001048_noise3,1,0,0,1,0.0,0.0
GOPR0402_frame_001048_dark1,1,1,3,0,0.25,1.0
GOPR0402_frame_001048_dark2,1,1,1,0,0.5,1.0
GOPR0402_frame_001048_overexposure1,1,1,1,0,0.5,1.0
GOPR0402_frame_001048_overexposure2,1,1,1,0,0.5,1.0
GOPR0402_frame_001056_ref,5,5,6,0,0.4545,1.0
GOPR0402_frame_001056_rain1,5,5,6,0,0.4545,1.0
GOPR0402_frame_001056_rain2,5,4,3,1,0.5714,0.8
GOPR0402_frame_001056_rain3,5,1,1,4,0.5,0.2
GOPR0402_frame_001056_blur1,5,4,4,1,0.5,0.8
GOPR0402_frame_001056_blur2,5,4,5,1,0.4444,0.8
GOPR0402_frame_001056_blur3,5,4,7,1,0.3636,0.8
GOPR0402_frame_001056_blur4,5,2,2,3,0.5,0.4
GOPR0402_frame_001056_noise1,5,5,9,0,0.3571,1.0
GOPR0402_frame_001056_noise2,5,3,2,2,0.6,0.6
GOPR0402_frame_001056_noise3,5,2,1,3,0.6667,0.4
GOPR0402_frame_001056_dark1,5,5,9,0,0.3571,1.0
GOPR0402_frame_001056_dark2,5,3,3,2,0.5,0.6
GOPR0402_frame_001056_overexposure1,5,5,8,0,0.3846,1.0
GOPR0402_frame_001056_overexposure2,5,5,9,0,0.3571,1.0
GP010400_frame_000001_ref,9,7,4,2,0.6364,0.7778
GP010400_frame_000001_rain1,9,8,5,1,0.6154,0.8889
GP010400_frame_000001_rain2,9,2,1,7,0.6667,0.2222
GP010400_frame_000001_rain3,9,1,0,8,1.0,0.1111
GP010400_frame_000001_blur1,9,7,6,2,0.5385,0.7778
GP010400_frame_000001_blur2,9,5,3,4,0.625,0.5556
GP010400_frame_000001_blur3,9,4,1,5,0.8,0.4444
GP010400_frame_000001_blur4,9,2,0,7,1.0,0.2222
GP010400_frame_000001_noise1,9,8,2,1,0.8,0.8889
GP010400_frame_000001_noise2,9,4,2,5,0.6667,0.4444
GP010400_frame_000001_noise3,9,2,0,7,1.0,0.2222
GP010400_frame_000001_dark1,9,7,3,2,0.7,0.7778
GP010400_frame_000001_dark2,9,4,3,5,0.5714,0.4444
GP010400_frame_000001_overexposure1,9,7,6,2,0.5385,0.7778
GP010400_frame_000001_overexposure2,9,6,8,3,0.4286,0.6667
GP010400_frame_000012_ref,3,2,7,1,0.2222,0.6667
GP010400_frame_000012_rain1,3,2,4,1,0.3333,0.6667
GP010400_frame_000012_rain2,3,2,2,1,0.5,0.6667
GP010400_frame_000012_rain3,3,0,0,3,0.0,0.0
GP010400_frame_000012_blur1,3,2,4,1,0.3333,0.6667
GP010400_frame_000012_blur2,3,2,2,1,0.5,0.6667
GP010400_frame_000012_blur3,3,2,0,1,1.0,0.6667
GP010400_frame_000012_blur4,3,2,0,1,1.0,0.6667
GP010400_frame_000012_noise1,3,2,8,1,0.2,0.6667
GP010400_frame_000012_noise2,3,2,3,1,0.4,0.6667
GP010400_frame_000012_noise3,3,2,0,1,1.0,0.6667
GP010400_frame_000012_dark1,3,2,4,1,0.3333,0.6667
GP010400_frame_000012_dark2,3,2,2,1,0.5,0.6667
GP010400_frame_000012_overexposure1,3,2,4,1,0.3333,0.6667
GP010400_frame_000012_overexposure2,3,2,4,1,0.3333,0.6667
GP010400_frame_000022_ref,1,1,0,0,1.0,1.0
GP010400_frame_000022_rain1,1,0,0,1,0.0,0.0
GP010400_frame_000022_rain2,1,0,0,1,0.0,0.0
GP010400_frame_000022_rain3,1,0,0,1,0.0,0.0
GP010400_frame_000022_blur1,1,0,0,1,0.0,0.0
GP010400_frame_000022_blur2,1,0,0,1,0.0,0.0
GP010400_frame_000022_blur3,1,0,0,1,0.0,0.0
GP010400_frame_000022_blur4,1,0,0,1,0.0,0.0
GP010400_frame_000022_noise1,1,0,0,1,0.0,0.0
GP010400_frame_000022_noise2,1,0,0,1,0.0,0.0
GP010400_frame_000022_noise3,1,0,0,1,0.0,0.0
GP010400_frame_000022_dark1,1,0,0,1,0.0,0.0
GP010400_frame_000022_dark2,1,0,0,1,0.0,0.0
GP010400_frame_000022_overexposure1,1,1,0,0,1.0,1.0
GP010400_frame_000022_overexposure2,1,1,0,0,1.0,1.0
GP010400_frame_000027_ref,0,0,1,0,0.0,
GP010400_frame_000027_rain1,0,0,1,0,0.0,
GP010400_frame_000027_rain2,0,0,1,0,0.0,
GP010400_frame_000027_rain3,0,0,0,0,0.0,
GP010400_frame_000027_blur1,0,0,0,0,0.0,
GP010400_frame_000027_blur2,0,0,0,0,0.0,
GP010400_frame_000027_blur3,0,0,0,0,0.0,
GP010400_frame_000027_blur4,0,0,0,0,0.0,
GP010400_frame_000027_noise1,0,0,1,0,0.0,
GP010400_frame_000027_noise2,0,0,0,0,0.0,
GP010400_frame_000027_noise3,0,0,0,0,0.0,
GP010400_frame_000027_dark1,0,0,1,0,0.0,
GP010400_frame_000027_dark2,0,0,0,0,0.0,
GP010400_frame_000027_overexposure1,0,0,1,0,0.0,
GP010400_frame_000027_overexposure2,0,0,0,0,0.0,
GP010400_frame_000032_ref,5,4,5,1,0.4444,0.8
GP010400_frame_000032_rain1,5,3,5,2,0.375,0.6
GP010400_frame_000032_rain2,5,1,2,4,0.3333,0.2
GP010400_frame_000032_rain3,5,0,0,5,0.0,0.0
GP010400_frame_000032_blur1,5,4,4,1,0.5,0.8
GP010400_frame_000032_blur2,5,3,2,2,0.6,0.6
GP010400_frame_000032_blur3,5,2,0,3,1.0,0.4
GP010400_frame_000032_blur4,5,1,0,4,1.0,0.2
GP010400_frame_000032_noise1,5,3,6,2,0.3333,0.6
GP010400_frame_000032_noise2,5,2,1,3,0.6667,0.4
GP010400_frame_000032_noise3,5,0,0,5,0.0,0.0
GP010400_frame_000032_dark1,5,3,5,2,0.375,0.6
GP010400_frame_000032_dark2,5,2,5,3,0.2857,0.4
GP010400_frame_000032_overexposure1,5,4,4,1,0.5,0.8
GP010400_frame_000032_overexposure2,5,4,4,1,0.5,0.8
GP010400_frame_000037_ref,5,5,4,0,0.5556,1.0
GP010400_frame_000037_rain1,5,4,3,1,0.5714,0.8
GP010400_frame_000037_rain2,5,4,2,1,0.6667,0.8
GP010400_frame_000037_rain3,5,1,3,4,0.25,0.2
GP010400_frame_000037_blur1,5,4,3,1,0.5714,0.8
GP010400_frame_000037_blur2,5,3,3,2,0.5,0.6
GP010400_frame_000037_blur3,5,2,3,3,0.4,0.4
GP010400_frame_000037_blur4,5,0,1,5,0.0,0.0
GP010400_frame_000037_noise1,5,4,5,1,0.4444,0.8
GP010400_frame_000037_noise2,5,3,2,2,0.6,0.6
GP010400_frame_000037_noise3,5,2,1,3,0.6667,0.4
GP010400_frame_000037_dark1,5,4,4,1,0.5,0.8
GP010400_frame_000037_dark2,5,3,4,2,0.4286,0.6
GP010400_frame_000037_overexposure1,5,5,4,0,0.5556,1.0
GP010400_frame_000037_overexposure2,5,2,4,3,0.3333,0.4
GP010400_frame_000042_ref,3,3,2,0,0.6,1.0
GP010400_frame_000042_rain1,3,3,3,0,0.5,1.0
GP010400_frame_000042_rain2,3,2,0,1,1.0,0.6667
GP010400_frame_000042_rain3,3,0,0,3,0.0,0.0
GP010400_frame_000042_blur1,3,2,1,1,0.6667,0.6667
GP010400_frame_000042_blur2,3,1,0,2,1.0,0.3333
GP010400_frame_000042_blur3,3,1,0,2,1.0,0.3333
GP010400_frame_000042_blur4,3,0,0,3,0.0,0.0
GP010400_frame_000042_noise1,3,2,2,1,0.5,0.6667
GP010400_frame_000042_noise2,3,1,0,2,1.0,0.3333
GP010400_frame_000042_noise3,3,0,0,3,0.0,0.0
GP010400_frame_000042_dark1,3,3,2,0,0.6,1.0
GP010400_frame_000042_dark2,3,2,0,1,1.0,0.6667
GP010400_frame_000042_overexposure1,3,3,1,0,0.75,1.0
GP010400_frame_000042_overexposure2,3,1,1,2,0.5,0.3333
GP010400_frame_000047_ref,4,4,2,0,0.6667,1.0
GP010400_frame_000047_rain1,4,4,2,0,0.6667,1.0
GP010400_frame_000047_rain2,4,4,2,0,0.6667,1.0
GP010400_frame_000047_rain3,4,4,1,0,0.8,1.0
GP010400_frame_000047_blur1,4,4,2,0,0.6667,1.0
GP010400_frame_000047_blur2,4,4,0,0,1.0,1.0
GP010400_frame_000047_blur3,4,2,0,2,1.0,0.5
GP010400_frame_000047_blur4,4,1,0,3,1.0,0.25
GP010400_frame_000047_noise1,4,4,2,0,0.6667,1.0
GP010400_frame_000047_noise2,4,4,1,0,0.8,1.0
GP010400_frame_000047_noise3,4,2,0,2,1.0,0.5
GP010400_frame_000047_dark1,4,4,3,0,0.5714,1.0
GP010400_frame_000047_dark2,4,4,2,0,0.6667,1.0
GP010400_frame_000047_overexposure1,4,3,2,1,0.6,0.75
GP010400_frame_000047_overexposure2,4,3,2,1,0.6,0.75
GP010400_frame_000052_ref,3,2,1,1,0.6667,0.6667
GP010400_frame_000052_rain1,3,3,3,0,0.5,1.0
GP010400_frame_000052_rain2,3,2,2,1,0.5,0.6667
GP010400_frame_000052_rain3,3,2,1,1,0.6667,0.6667
GP010400_frame_000052_blur1,3,2,1,1,0.6667,0.6667
GP010400_frame_000052_blur2,3,2,0,1,1.0,0.6667
GP010400_frame_000052_blur3,3,2,1,1,0.6667,0.6667
GP010400_frame_000052_blur4,3,2,1,1,0.6667,0.6667
GP010400_frame_000052_noise1,3,2,1,1,0.6667,0.6667
GP010400_frame_000052_noise2,3,2,1,1,0.6667,0.6667
GP010400_frame_000052_noise3,3,2,0,1,1.0,0.6667
GP010400_frame_000052_dark1,3,2,3,1,0.4,0.6667
GP010400_frame_000052_dark2,3,2,0,1,1.0,0.6667
GP010400_frame_000052_overexposure1,3,3,2,0,0.6,1.0
GP010400_frame_000052_overexposure2,3,2,0,1,1.0,0.6667
GP010400_frame_000059_ref,6,6,4,0,0.6,1.0
GP010400_frame_000059_rain1,6,6,3,0,0.6667,1.0
GP010400_frame_000059_rain2,6,5,6,1,0.4545,0.8333
GP010400_frame_000059_rain3,6,5,3,1,0.625,0.8333
GP010400_frame_000059_blur1,6,6,3,0,0.6667,1.0
GP010400_frame_000059_blur2,6,6,3,0,0.6667,1.0
GP010400_frame_000059_blur3,6,5,4,1,0.5556,0.8333
GP010400_frame_000059_blur4,6,4,0,2,1.0,0.6667
GP010400_frame_000059_noise1,6,5,5,1,0.5,0.8333
GP010400_frame_000059_noise2,6,5,2,1,0.7143,0.8333
GP010400_frame_000059_noise3,6,4,2,2,0.6667,0.6667
GP010400_frame_000059_dark1,6,5,5,1,0.5,0.8333
GP010400_frame_000059_dark2,6,5,2,1,0.7143,0.8333
GP010400_frame_000059_overexposure1,6,6,3,0,0.6667,1.0
GP010400_frame_000059_overexposure2,6,5,7,1,0.4167,0.8333
GP010400_frame_000066_ref,2,2,4,0,0.3333,1.0
GP010400_frame_000066_rain1,2,2,3,0,0.4,1.0
GP010400_frame_000066_rain2,2,2,1,0,0.6667,1.0
GP010400_frame_000066_rain3,2,1,1,1,0.5,0.5
GP010400_frame_000066_blur1,2,2,2,0,0.5,1.0
GP010400_frame_000066_blur2,2,2,1,0,0.6667,1.0
GP010400_frame_000066_blur3,2,2,0,0,1.0,1.0
GP010400_frame_000066_blur4,2,1,1,1,0.5,0.5
GP010400_frame_000066_noise1,2,2,2,0,0.5,1.0
GP010400_frame_000066_noise2,2,2,0,0,1.0,1.0
GP010400_frame_000066_noise3,2,1,1,1,0.5,0.5
GP010400_frame_000066_dark1,2,2,3,0,0.4,1.0
GP010400_frame_000066_dark2,2,2,2,0,0.5,1.0
GP010400_frame_000066_overexposure1,2,2,8,0,0.2,1.0
GP010400_frame_000066_overexposure2,2,2,7,0,0.2222,1.0
GP010400_frame_000071_ref,6,6,7,0,0.4615,1.0
GP010400_frame_000071_rain1,6,5,4,1,0.5556,0.8333
GP010400_frame_000071_rain2,6,3,5,3,0.375,0.5
GP010400_frame_000071_rain3,6,1,1,5,0.5,0.1667
GP010400_frame_000071_blur1,6,5,4,1,0.5556,0.8333
GP010400_frame_000071_blur2,6,3,5,3,0.375,0.5
GP010400_frame_000071_blur3,6,2,1,4,0.6667,0.3333
GP010400_frame_000071_blur4,6,0,0,6,0.0,0.0
GP010400_frame_000071_noise1,6,5,7,1,0.4167,0.8333
GP010400_frame_000071_noise2,6,2,4,4,0.3333,0.3333
GP010400_frame_000071_noise3,6,0,0,6,0.0,0.0
GP010400_frame_000071_dark1,6,4,7,2,0.3636,0.6667
GP010400_frame_000071_dark2,6,2,4,4,0.3333,0.3333
GP010400_frame_000071_overexposure1,6,6,3,0,0.6667,1.0
GP010400_frame_000071_overexposure2,6,4,6,2,0.4,0.6667
GP010400_frame_000081_ref,4,4,6,0,0.4,1.0
GP010400_frame_000081_rain1,4,4,7,0,0.3636,1.0
GP010400_frame_000081_rain2,4,4,7,0,0.3636,1.0
GP010400_frame_000081_rain3,4,2,0,2,1.0,0.5
GP010400_frame_000081_blur1,4,4,5,0,0.4444,1.0
GP010400_frame_000081_blur2,4,4,4,0,0.5,1.0
GP010400_frame_000081_blur3,4,4,4,0,0.5,1.0
GP010400_frame_000081_blur4,4,3,0,1,1.0,0.75
GP010400_frame_000081_noise1,4,3,9,1,0.25,0.75
GP010400_frame_000081_noise2,4,4,4,0,0.5,1.0
GP010400_frame_000081_noise3,4,4,3,0,0.5714,1.0
GP010400_frame_000081_dark1,4,4,7,0,0.3636,1.0
GP010400_frame_000081_dark2,4,4,5,0,0.4444,1.0
GP010400_frame_000081_overexposure1,4,4,7,0,0.3636,1.0
GP010400_frame_000081_overexposure2,4,4,6,0,0.4,1.0
GP010400_frame_000087_ref,11,10,10,1,0.5,0.9091
GP010400_frame_000087_rain1,11,9,9,2,0.5,0.8182
GP010400_frame_000087_rain2,11,7,4,4,0.6364,0.6364
GP010400_frame_000087_rain3,11,1,2,10,0.3333,0.0909
GP010400_frame_000087_blur1,11,10,7,1,0.5882,0.9091
GP010400_frame_000087_blur2,11,8,5,3,0.6154,0.7273
GP010400_frame_000087_blur3,11,4,3,7,0.5714,0.3636
GP010400_frame_000087_blur4,11,1,1,10,0.5,0.0909
GP010400_frame_000087_noise1,11,9,8,2,0.5294,0.8182
GP010400_frame_000087_noise2,11,5,3,6,0.625,0.4545
GP010400_frame_000087_noise3,11,4,3,7,0.5714,0.3636
GP010400_frame_000087_dark1,11,11,8,0,0.5789,1.0
GP010400_frame_000087_dark2,11,7,3,4,0.7,0.6364
GP010400_frame_000087_overexposure1,11,11,10,0,0.5238,1.0
GP010400_frame_000087_overexposure2,11,10,9,1,0.5263,0.9091
GP010400_frame_000095_ref,7,6,2,1,0.75,0.8571
GP010400_frame_000095_rain1,7,6,1,1,0.8571,0.8571
GP010400_frame_000095_rain2,7,5,0,2,1.0,0.7143
GP010400_frame_000095_rain3,7,0,0,7,0.0,0.0
GP010400_frame_000095_blur1,7,7,2,0,0.7778,1.0
GP010400_frame_000095_blur2,7,6,1,1,0.8571,0.8571
GP010400_frame_000095_blur3,7,6,1,1,0.8571,0.8571
GP010400_frame_000095_blur4,7,4,1,3,0.8,0.5714
GP010400_frame_000095_noise1,7,7,1,0,0.875,1.0
GP010400_frame_000095_noise2,7,6,1,1,0.8571,0.8571
GP010400_frame_000095_noise3,7,5,0,2,1.0,0.7143
GP010400_frame_000095_dark1,7,7,1,0,0.875,1.0
GP010400_frame_000095_dark2,7,6,1,1,0.8571,0.8571
GP010400_frame_000095_overexposure1,7,7,3,0,0.7,1.0
GP010400_frame_000095_overexposure2,7,7,4,0,0.6364,1.0
GP010400_frame_000101_ref,7,6,4,1,0.6,0.8571
GP010400_frame_000101_rain1,7,6,2,1,0.75,0.8571
GP010400_frame_000101_rain2,7,4,2,3,0.6667,0.5714
GP010400_frame_000101_rain3,7,1,1,6,0.5,0.1429
GP010400_frame_000101_blur1,7,5,4,2,0.5556,0.7143
GP010400_frame_000101_blur2,7,5,4,2,0.5556,0.7143
GP010400_frame_000101_blur3,7,1,3,6,0.25,0.1429
GP010400_frame_000101_blur4,7,1,0,6,1.0,0.1429
GP010400_frame_000101_noise1,7,7,2,0,0.7778,1.0
GP010400_frame_000101_noise2,7,3,2,4,0.6,0.4286
GP010400_frame_000101_noise3,7,1,0,6,1.0,0.1429
GP010400_frame_000101_dark1,7,7,1,0,0.875,1.0
GP010400_frame_000101_dark2,7,3,1,4,0.75,0.4286
GP010400_frame_000101_overexposure1,7,5,4,2,0.5556,0.7143
GP010400_frame_000101_overexposure2,7,5,5,2,0.5,0.7143
GP010400_frame_000112_ref,3,3,4,0,0.4286,1.0
GP010400_frame_000112_rain1,3,2,5,1,0.2857,0.6667
GP010400_frame_000112_rain2,3,1,3,2,0.25,0.3333
GP010400_frame_000112_rain3,3,0,1,3,0.0,0.0
GP010400_frame_000112_blur1,3,3,2,0,0.6,1.0
GP010400_frame_000112_blur2,3,3,2,0,0.6,1.0
GP010400_frame_000112_blur3,3,1,3,2,0.25,0.3333
GP010400_frame_000112_blur4,3,0,1,3,0.0,0.0
GP010400_frame_000112_noise1,3,3,5,0,0.375,1.0
GP010400_frame_000112_noise2,3,1,3,2,0.25,0.3333
GP010400_frame_000112_noise3,3,0,0,3,0.0,0.0
GP010400_frame_000112_dark1,3,3,3,0,0.5,1.0
GP010400_frame_000112_dark2,3,2,3,1,0.4,0.6667
GP010400_frame_000112_overexposure1,3,3,4,0,0.4286,1.0
GP010400_frame_000112_overexposure2,3,3,5,0,0.375,1.0
GP010400_frame_000117_ref,1,0,4,1,0.0,0.0
GP010400_frame_000117_rain1,1,1,2,0,0.3333,1.0
GP010400_frame_000117_rain2,1,0,1,1,0.0,0.0
GP010400_frame_000117_rain3,1,0,1,1,0.0,0.0
GP010400_frame_000117_blur1,1,1,2,0,0.3333,1.0
GP010400_frame_000117_blur2,1,1,1,0,0.5,1.0
GP010400_frame_000117_blur3,1,1,0,0,1.0,1.0
GP010400_frame_000117_blur4,1,0,1,1,0.0,0.0
GP010400_frame_000117_noise1,1,1,2,0,0.3333,1.0
GP010400_frame_000117_noise2,1,1,0,0,1.0,1.0
GP010400_frame_000117_noise3,1,1,1,0,0.5,1.0
GP010400_frame_000117_dark1,1,0,3,1,0.0,0.0
GP010400_frame_000117_dark2,1,1,4,0,0.2,1.0
GP010400_frame_000117_overexposure1,1,1,2,0,0.3333,1.0
GP010400_frame_000117_overexposure2,1,0,2,1,0.0,0.0
GP010400_frame_000128_ref,5,5,2,0,0.7143,1.0
GP010400_frame_000128_rain1,5,5,0,0,1.0,1.0
GP010400_frame_000128_rain2,5,4,0,1,1.0,0.8
GP010400_frame_000128_rain3,5,3,0,2,1.0,0.6
GP010400_frame_000128_blur1,5,5,1,0,0.8333,1.0
GP010400_frame_000128_blur2,5,5,1,0,0.8333,1.0
GP010400_frame_000128_blur3,5,4,1,1,0.8,0.8
GP010400_frame_000128_blur4,5,1,0,4,1.0,0.2
GP010400_frame_000128_noise1,5,5,1,0,0.8333,1.0
GP010400_frame_000128_noise2,5,4,2,1,0.6667,0.8
GP010400_frame_000128_noise3,5,2,0,3,1.0,0.4
GP010400_frame_000128_dark1,5,5,0,0,1.0,1.0
GP010400_frame_000128_dark2,5,5,1,0,0.8333,1.0
GP010400_frame_000128_overexposure1,5,5,1,0,0.8333,1.0
GP010400_frame_000128_overexposure2,5,4,3,1,0.5714,0.8
GP010400_frame_000133_ref,5,5,8,0,0.3846,1.0
GP010400_frame_000133_rain1,5,5,6,0,0.4545,1.0
GP010400_frame_000133_rain2,5,3,2,2,0.6,0.6
GP010400_frame_000133_rain3,5,1,0,4,1.0,0.2
GP010400_frame_000133_blur1,5,4,5,1,0.4444,0.8
GP010400_frame_000133_blur2,5,4,5,1,0.4444,0.8
GP010400_frame_000133_blur3,5,3,0,2,1.0,0.6
GP010400_frame_000133_blur4,5,1,0,4,1.0,0.2
GP010400_frame_000133_noise1,5,5,7,0,0.4167,1.0
GP010400_frame_000133_noise2,5,5,3,0,0.625,1.0
GP010400_frame_000133_noise3,5,2,0,3,1.0,0.4
GP010400_frame_000133_dark1,5,4,6,1,0.4,0.8
GP010400_frame_000133_dark2,5,3,3,2,0.5,0.6
GP010400_frame_000133_overexposure1,5,4,5,1,0.4444,0.8
GP010400_frame_000133_overexposure2,5,5,6,0,0.4545,1.0
GP010400_frame_000137_ref,4,3,2,1,0.6,0.75
GP010400_frame_000137_rain1,4,2,2,2,0.5,0.5
GP010400_frame_000137_rain2,4,2,1,2,0.6667,0.5
GP010400_frame_000137_rain3,4,2,0,2,1.0,0.5
GP010400_frame_000137_blur1,4,3,1,1,0.75,0.75
GP010400_frame_000137_blur2,4,2,0,2,1.0,0.5
GP010400_frame_000137_blur3,4,2,0,2,1.0,0.5
GP010400_frame_000137_blur4,4,1,0,3,1.0,0.25
GP010400_frame_000137_noise1,4,2,0,2,1.0,0.5
GP010400_frame_000137_noise2,4,3,2,1,0.6,0.75
GP010400_frame_000137_noise3,4,2,0,2,1.0,0.5
GP010400_frame_000137_dark1,4,3,0,1,1.0,0.75
GP010400_frame_000137_dark2,4,3,0,1,1.0,0.75
GP010400_frame_000137_overexposure1,4,3,1,1,0.75,0.75
GP010400_frame_000137_overexposure2,4,3,0,1,1.0,0.75
GP010400_frame_000141_ref,1,1,2,0,0.3333,1.0
GP010400_frame_000141_rain1,1,1,1,0,0.5,1.0
GP010400_frame_000141_rain2,1,0,1,1,0.0,0.0
GP010400_frame_000141_rain3,1,0,0,1,0.0,0.0
GP010400_frame_000141_blur1,1,1,1,0,0.5,1.0
GP010400_frame_000141_blur2,1,0,1,1,0.0,0.0
GP010400_frame_000141_blur3,1,0,0,1,0.0,0.0
GP010400_frame_000141_blur4,1,0,0,1,0.0,0.0
GP010400_frame_000141_noise1,1,1,1,0,0.5,1.0
GP010400_frame_000141_noise2,1,0,0,1,0.0,0.0
GP010400_frame_000141_noise3,1,0,0,1,0.0,0.0
GP010400_frame_000141_dark1,1,1,1,0,0.5,1.0
GP010400_frame_000141_dark2,1,0,1,1,0.0,0.0
GP010400_frame_000141_overexposure1,1,1,2,0,0.3333,1.0
GP010400_frame_000141_overexposure2,1,1,2,0,0.3333,1.0
GP010400_frame_000145_ref,2,2,2,0,0.5,1.0
GP010400_frame_000145_rain1,2,2,2,0,0.5,1.0
GP010400_frame_000145_rain2,2,2,1,0,0.6667,1.0
GP010400_frame_000145_rain3,2,2,1,0,0.6667,1.0
GP010400_frame_000145_blur1,2,2,1,0,0.6667,1.0
GP010400_frame_000145_blur2,2,2,0,0,1.0,1.0
GP010400_frame_000145_blur3,2,2,0,0,1.0,1.0
GP010400_frame_000145_blur4,2,1,1,1,0.5,0.5
GP010400_frame_000145_noise1,2,2,2,0,0.5,1.0
GP010400_frame_000145_noise2,2,2,1,0,0.6667,1.0
GP010400_frame_000145_noise3,2,1,0,1,1.0,0.5
GP010400_frame_000145_dark1,2,2,3,0,0.4,1.0
GP010400_frame_000145_dark2,2,2,3,0,0.4,1.0
GP010400_frame_000145_overexposure1,2,2,3,0,0.4,1.0
GP010400_frame_000145_overexposure2,2,2,0,0,1.0,1.0
GP010400_frame_000149_ref,1,1,0,0,1.0,1.0
GP010400_frame_000149_rain1,1,1,0,0,1.0,1.0
GP010400_frame_000149_rain2,1,1,0,0,1.0,1.0
GP010400_frame_000149_rain3,1,1,0,0,1.0,1.0
GP010400_frame_000149_blur1,1,1,0,0,1.0,1.0
GP010400_frame_000149_blur2,1,1,0,0,1.0,1.0
GP010400_frame_000149_blur3,1,1,0,0,1.0,1.0
GP010400_frame_000149_blur4,1,1,0,0,1.0,1.0
GP010400_frame_000149_noise1,1,1,0,0,1.0,1.0
GP010400_frame_000149_noise2,1,1,0,0,1.0,1.0
GP010400_frame_000149_noise3,1,1,0,0,1.0,1.0
GP010400_frame_000149_dark1,1,1,0,0,1.0,1.0
GP010400_frame_000149_dark2,1,1,0,0,1.0,1.0
GP010400_frame_000149_overexposure1,1,1,0,0,1.0,1.0
GP010400_frame_000149_overexposure2,1,1,0,0,1.0,1.0
GP010400_frame_000154_ref,0,0,1,0,0.0,
GP010400_frame_000154_rain1,0,0,1,0,0.0,
GP010400_frame_000154_rain2,0,0,0,0,0.0,
GP010400_frame_000154_rain3,0,0,0,0,0.0,
GP010400_frame_000154_blur1,0,0,0,0,0.0,
GP010400_frame_000154_blur2,0,0,1,0,0.0,
GP010400_frame_000154_blur3,0,0,1,0,0.0,
GP010400_frame_000154_blur4,0,0,0,0,0.0,
GP010400_frame_000154_noise1,0,0,1,0,0.0,
GP010400_frame_000154_noise2,0,0,0,0,0.0,
GP010400_frame_000154_noise3,0,0,0,0,0.0,
GP010400_frame_000154_dark1,0,0,1,0,0.0,
GP010400_frame_000154_dark2,0,0,0,0,0.0,
GP010400_frame_000154_overexposure1,0,0,1,0,0.0,
GP010400_frame_000154_overexposure2,0,0,0,0,0.0,
GP010400_frame_000159_ref,2,2,4,0,0.3333,1.0
GP010400_frame_000159_rain1,2,2,0,0,1.0,1.0
GP010400_frame_000159_rain2,2,2,1,0,0.6667,1.0
GP010400_frame_000159_rain3,2,0,0,2,0.0,0.0
GP010400_frame_000159_blur1,2,2,3,0,0.4,1.0
GP010400_frame_000159_blur2,2,2,1,0,0.6667,1.0
GP010400_frame_000159_blur3,2,2,1,0,0.6667,1.0
GP010400_frame_000159_blur4,2,1,0,1,1.0,0.5
GP010400_frame_000159_noise1,2,2,2,0,0.5,1.0
GP010400_frame_000159_noise2,2,2,1,0,0.6667,1.0
GP010400_frame_000159_noise3,2,2,0,0,1.0,1.0
GP010400_frame_000159_dark1,2,2,3,0,0.4,1.0
GP010400_frame_000159_dark2,2,2,1,0,0.6667,1.0
GP010400_frame_000159_overexposure1,2,2,3,0,0.4,1.0
GP010400_frame_000159_overexposure2,2,2,2,0,0.5,1.0
GP010400_frame_000169_ref,7,7,3,0,0.7,1.0
GP010400_frame_000169_rain1,7,6,3,1,0.6667,0.8571
GP010400_frame_000169_rain2,7,6,2,1,0.75,0.8571
GP010400_frame_000169_rain3,7,2,1,5,0.6667,0.2857
GP010400_frame_000169_blur1,7,7,2,0,0.7778,1.0
GP010400_frame_000169_blur2,7,6,1,1,0.8571,0.8571
GP010400_frame_000169_blur3,7,5,1,2,0.8333,0.7143
GP010400_frame_000169_blur4,7,2,2,5,0.5,0.2857
GP010400_frame_000169_noise1,7,7,3,0,0.7,1.0
GP010400_frame_000169_noise2,7,5,2,2,0.7143,0.7143
GP010400_frame_000169_noise3,7,4,4,3,0.5,0.5714
GP010400_frame_000169_dark1,7,7,1,0,0.875,1.0
GP010400_frame_000169_dark2,7,5,1,2,0.8333,0.7143
GP010400_frame_000169_overexposure1,7,7,4,0,0.6364,1.0
GP010400_frame_000169_overexposure2,7,7,6,0,0.5385,1.0
GP010400_frame_000174_ref,2,1,0,1,1.0,0.5
GP010400_frame_000174_rain1,2,1,0,1,1.0,0.5
GP010400_frame_000174_rain2,2,1,0,1,1.0,0.5
GP010400_frame_000174_rain3,2,0,0,2,0.0,0.0
GP010400_frame_000174_blur1,2,1,0,1,1.0,0.5
GP010400_frame_000174_blur2,2,1,0,1,1.0,0.5
GP010400_frame_000174_blur3,2,1,0,1,1.0,0.5
GP010400_frame_000174_blur4,2,0,0,2,0.0,0.0
GP010400_frame_000174_noise1,2,1,0,1,1.0,0.5
GP010400_frame_000174_noise2,2,1,0,1,1.0,0.5
GP010400_frame_000174_noise3,2,1,0,1,1.0,0.5
GP010400_frame_000174_dark1,2,1,0,1,1.0,0.5
GP010400_frame_000174_dark2,2,1,0,1,1.0,0.5
GP010400_frame_000174_overexposure1,2,1,0,1,1.0,0.5
GP010400_frame_000174_overexposure2,2,0,1,2,0.0,0.0
GP010400_frame_000179_ref,1,1,0,0,1.0,1.0
GP010400_frame_000179_rain1,1,1,0,0,1.0,1.0
GP010400_frame_000179_rain2,1,1,0,0,1.0,1.0
GP010400_frame_000179_rain3,1,0,0,1,0.0,0.0
GP010400_frame_000179_blur1,1,1,0,0,1.0,1.0
GP010400_frame_000179_blur2,1,1,0,0,1.0,1.0
GP010400_frame_000179_blur3,1,1,0,0,1.0,1.0
GP010400_frame_000179_blur4,1,0,0,1,0.0,0.0
GP010400_frame_000179_noise1,1,1,0,0,1.0,1.0
GP010400_frame_000179_noise2,1,1,0,0,1.0,1.0
GP010400_frame_000179_noise3,1,0,0,1,0.0,0.0
GP010400_frame_000179_dark1,1,1,0,0,1.0,1.0
GP010400_frame_000179_dark2,1,1,0,0,1.0,1.0
GP010400_frame_000179_overexposure1,1,1,0,0,1.0,1.0
GP010400_frame_000179_overexposure2,1,1,0,0,1.0,1.0
GP010400_frame_000184_ref,7,7,5,0,0.5833,1.0
GP010400_frame_000184_rain1,7,7,2,0,0.7778,1.0
GP010400_frame_000184_rain2,7,4,1,3,0.8,0.5714
GP010400_frame_000184_rain3,7,1,0,6,1.0,0.1429
GP010400_frame_000184_blur1,7,6,2,1,0.75,0.8571
GP010400_frame_000184_blur2,7,5,1,2,0.8333,0.7143
GP010400_frame_000184_blur3,7,4,1,3,0.8,0.5714
GP010400_frame_000184_blur4,7,2,0,5,1.0,0.2857
GP010400_frame_000184_noise1,7,7,8,0,0.4667,1.0
GP010400_frame_000184_noise2,7,7,2,0,0.7778,1.0
GP010400_frame_000184_noise3,7,1,0,6,1.0,0.1429
GP010400_frame_000184_dark1,7,7,4,0,0.6364,1.0
GP010400_frame_000184_dark2,7,6,0,1,1.0,0.8571
GP010400_frame_000184_overexposure1,7,7,5,0,0.5833,1.0
GP010400_frame_000184_overexposure2,7,7,2,0,0.7778,1.0
GP010400_frame_000189_ref,4,3,5,1,0.375,0.75
GP010400_frame_000189_rain1,4,2,4,2,0.3333,0.5
GP010400_frame_000189_rain2,4,2,2,2,0.5,0.5
GP010400_frame_000189_rain3,4,1,1,3,0.5,0.25
GP010400_frame_000189_blur1,4,2,3,2,0.4,0.5
GP010400_frame_000189_blur2,4,2,1,2,0.6667,0.5
GP010400_frame_000189_blur3,4,0,1,4,0.0,0.0
GP010400_frame_000189_blur4,4,0,1,4,0.0,0.0
GP010400_frame_000189_noise1,4,2,2,2,0.5,0.5
GP010400_frame_000189_noise2,4,2,2,2,0.5,0.5
GP010400_frame_000189_noise3,4,1,2,3,0.3333,0.25
GP010400_frame_000189_dark1,4,3,5,1,0.375,0.75
GP010400_frame_000189_dark2,4,3,2,1,0.6,0.75
GP010400_frame_000189_overexposure1,4,3,4,1,0.4286,0.75
GP010400_frame_000189_overexposure2,4,2,2,2,0.5,0.5
GP010400_frame_000194_ref,2,2,1,0,0.6667,1.0
GP010400_frame_000194_rain1,2,0,2,2,0.0,0.0
GP010400_frame_000194_rain2,2,1,0,1,1.0,0.5
GP010400_frame_000194_rain3,2,0,0,2,0.0,0.0
GP010400_frame_000194_blur1,2,2,1,0,0.6667,1.0
GP010400_frame_000194_blur2,2,2,1,0,0.6667,1.0
GP010400_frame_000194_blur3,2,1,1,1,0.5,0.5
GP010400_frame_000194_blur4,2,1,0,1,1.0,0.5
GP010400_frame_000194_noise1,2,2,1,0,0.6667,1.0
GP010400_frame_000194_noise2,2,1,0,1,1.0,0.5
GP010400_frame_000194_noise3,2,0,0,2,0.0,0.0
GP010400_frame_000194_dark1,2,2,1,0,0.6667,1.0
GP010400_frame_000194_dark2,2,1,0,1,1.0,0.5
GP010400_frame_000194_overexposure1,2,2,2,0,0.5,1.0
GP010400_frame_000194_overexposure2,2,2,2,0,0.5,1.0
GP010400_frame_000420_ref,2,2,4,0,0.3333,1.0
GP010400_frame_000420_rain1,2,2,3,0,0.4,1.0
GP010400_frame_000420_rain2,2,2,2,0,0.5,1.0
GP010400_frame_000420_rain3,2,0,0,2,0.0,0.0
GP010400_frame_000420_blur1,2,2,1,0,0.6667,1.0
GP010400_frame_000420_blur2,2,2,0,0,1.0,1.0
GP010400_frame_000420_blur3,2,0,2,2,0.0,0.0
GP010400_frame_000420_blur4,2,0,2,2,0.0,0.0
GP010400_frame_000420_noise1,2,2,2,0,0.5,1.0
GP010400_frame_000420_noise2,2,2,0,0,1.0,1.0
GP010400_frame_000420_noise3,2,0,1,2,0.0,0.0
GP010400_frame_000420_dark1,2,2,4,0,0.3333,1.0
GP010400_frame_000420_dark2,2,1,3,1,0.25,0.5
GP010400_frame_000420_overexposure1,2,2,4,0,0.3333,1.0
GP010400_frame_000420_overexposure2,2,1,3,1,0.25,0.5
GP010400_frame_000425_ref,1,1,1,0,0.5,1.0
GP010400_frame_000425_rain1,1,1,1,0,0.5,1.0
GP010400_frame_000425_rain2,1,1,1,0,0.5,1.0
GP010400_frame_000425_rain3,1,0,0,1,0.0,0.0
GP010400_frame_000425_blur1,1,1,1,0,0.5,1.0
GP010400_frame_000425_blur2,1,1,1,0,0.5,1.0
GP010400_frame_000425_blur3,1,1,0,0,1.0,1.0
GP010400_frame_000425_blur4,1,0,0,1,0.0,0.0
GP010400_frame_000425_noise1,1,1,1,0,0.5,1.0
GP010400_frame_000425_noise2,1,1,1,0,0.5,1.0
GP010400_frame_000425_noise3,1,1,0,0,1.0,1.0
GP010400_frame_000425_dark1,1,1,1,0,0.5,1.0
GP010400_frame_000425_dark2,1,1,1,0,0.5,1.0
GP010400_frame_000425_overexposure1,1,1,1,0,0.5,1.0
GP010400_frame_000425_overexposure2,1,1,3,0,0.25,1.0
GP010400_frame_000430_ref,1,1,3,0,0.25,1.0
GP010400_frame_000430_rain1,1,1,1,0,0.5,1.0
GP010400_frame_000430_rain2,1,1,1,0,0.5,1.0
GP010400_frame_000430_rain3,1,0,0,1,0.0,0.0
GP010400_frame_000430_blur1,1,1,2,0,0.3333,1.0
GP010400_frame_000430_blur2,1,1,2,0,0.3333,1.0
GP010400_frame_000430_blur3,1,1,0,0,1.0,1.0
GP010400_frame_000430_blur4,1,0,1,1,0.0,0.0
GP010400_frame_000430_noise1,1,1,3,0,0.25,1.0
GP010400_frame_000430_noise2,1,1,1,0,0.5,1.0
GP010400_frame_000430_noise3,1,0,1,1,0.0,0.0
GP010400_frame_000430_dark1,1,1,2,0,0.3333,1.0
GP010400_frame_000430_dark2,1,1,2,0,0.3333,1.0
GP010400_frame_000430_overexposure1,1,1,2,0,0.3333,1.0
GP010400_frame_000430_overexposure2,1,1,2,0,0.3333,1.0
GP010400_frame_000447_ref,4,4,3,0,0.5714,1.0
GP010400_frame_000447_rain1,4,2,2,2,0.5,0.5
GP010400_frame_000447_rain2,4,2,0,2,1.0,0.5
GP010400_frame_000447_rain3,4,1,0,3,1.0,0.25
GP010400_frame_000447_blur1,4,3,2,1,0.6,0.75
GP010400_frame_000447_blur2,4,3,0,1,1.0,0.75
GP010400_frame_000447_blur3,4,2,0,2,1.0,0.5
GP010400_frame_000447_blur4,4,2,0,2,1.0,0.5
GP010400_frame_000447_noise1,4,4,2,0,0.6667,1.0
GP010400_frame_000447_noise2,4,3,4,1,0.4286,0.75
GP010400_frame_000447_noise3,4,2,0,2,1.0,0.5
GP010400_frame_000447_dark1,4,3,2,1,0.6,0.75
GP010400_frame_000447_dark2,4,2,0,2,1.0,0.5
GP010400_frame_000447_overexposure1,4,3,1,1,0.75,0.75
GP010400_frame_000447_overexposure2,4,3,3,1,0.5,0.75
GP010400_frame_000452_ref,0,0,0,0,0.0,
GP010400_frame_000452_rain1,0,0,0,0,0.0,
GP010400_frame_000452_rain2,0,0,0,0,0.0,
GP010400_frame_000452_rain3,0,0,0,0,0.0,
GP010400_frame_000452_blur1,0,0,0,0,0.0,
GP010400_frame_000452_blur2,0,0,0,0,0.0,
GP010400_frame_000452_blur3,0,0,0,0,0.0,
GP010400_frame_000452_blur4,0,0,0,0,0.0,
GP010400_frame_000452_noise1,0,0,1,0,0.0,
GP010400_frame_000452_noise2,0,0,0,0,0.0,
GP010400_frame_000452_noise3,0,0,0,0,0.0,
GP010400_frame_000452_dark1,0,0,1,0,0.0,
GP010400_frame_000452_dark2,0,0,1,0,0.0,
GP010400_frame_000452_overexposure1,0,0,0,0,0.0,
GP010400_frame_000452_overexposure2,0,0,0,0,0.0,
GP010400_frame_000459_ref,1,1,2,0,0.3333,1.0
GP010400_frame_000459_rain1,1,1,1,0,0.5,1.0
GP010400_frame_000459_rain2,1,1,1,0,0.5,1.0
GP010400_frame_000459_rain3,1,0,0,1,0.0,0.0
GP010400_frame_000459_blur1,1,1,2,0,0.3333,1.0
GP010400_frame_000459_blur2,1,1,1,0,0.5,1.0
GP010400_frame_000459_blur3,1,0,0,1,0.0,0.0
GP010400_frame_000459_blur4,1,0,0,1,0.0,0.0
GP010400_frame_000459_noise1,1,1,2,0,0.3333,1.0
GP010400_frame_000459_noise2,1,0,0,1,0.0,0.0
GP010400_frame_000459_noise3,1,0,0,1,0.0,0.0
GP010400_frame_000459_dark1,1,1,4,0,0.2,1.0
GP010400_frame_000459_dark2,1,1,2,0,0.3333,1.0
GP010400_frame_000459_overexposure1,1,1,2,0,0.3333,1.0
GP010400_frame_000459_overexposure2,1,1,1,0,0.5,1.0
GP010400_frame_000479_ref,1,1,2,0,0.3333,1.0
GP010400_frame_000479_rain1,1,1,4,0,0.2,1.0
GP010400_frame_000479_rain2,1,0,1,1,0.0,0.0
GP010400_frame_000479_rain3,1,0,0,1,0.0,0.0
GP010400_frame_000479_blur1,1,1,1,0,0.5,1.0
GP010400_frame_000479_blur2,1,1,1,0,0.5,1.0
GP010400_frame_000479_blur3,1,0,0,1,0.0,0.0
GP010400_frame_000479_blur4,1,0,0,1,0.0,0.0
GP010400_frame_000479_noise1,1,1,2,0,0.3333,1.0
GP010400_frame_000479_noise2,1,0,0,1,0.0,0.0
GP010400_frame_000479_noise3,1,0,0,1,0.0,0.0
GP010400_frame_000479_dark1,1,1,2,0,0.3333,1.0
GP010400_frame_000479_dark2,1,1,2,0,0.3333,1.0
GP010400_frame_000479_overexposure1,1,1,0,0,1.0,1.0
GP010400_frame_000479_overexposure2,1,1,1,0,0.5,1.0
GP010400_frame_000493_ref,1,1,1,0,0.5,1.0
GP010400_frame_000493_rain1,1,0,1,1,0.0,0.0
GP010400_frame_000493_rain2,1,0,0,1,0.0,0.0
GP010400_frame_000493_rain3,1,0,0,1,0.0,0.0
GP010400_frame_000493_blur1,1,0,1,1,0.0,0.0
GP010400_frame_000493_blur2,1,0,0,1,0.0,0.0
GP010400_frame_000493_blur3,1,1,0,0,1.0,1.0
GP010400_frame_000493_blur4,1,0,0,1,0.0,0.0
GP010400_frame_000493_noise1,1,1,0,0,1.0,1.0
GP010400_frame_000493_noise2,1,0,0,1,0.0,0.0
GP010400_frame_000493_noise3,1,0,0,1,0.0,0.0
GP010400_frame_000493_dark1,1,1,2,0,0.3333,1.0
GP010400_frame_000493_dark2,1,0,0,1,0.0,0.0
GP010400_frame_000493_overexposure1,1,1,1,0,0.5,1.0
GP010400_frame_000493_overexposure2,1,1,1,0,0.5,1.0
GP010400_frame_000501_ref,1,1,0,0,1.0,1.0
GP010400_frame_000501_rain1,1,0,1,1,0.0,0.0
GP010400_frame_000501_rain2,1,0,0,1,0.0,0.0
GP010400_frame_000501_rain3,1,0,0,1,0.0,0.0
GP010400_frame_000501_blur1,1,1,0,0,1.0,1.0
GP010400_frame_000501_blur2,1,1,0,0,1.0,1.0
GP010400_frame_000501_blur3,1,1,0,0,1.0,1.0
GP010400_frame_000501_blur4,1,1,0,0,1.0,1.0
GP010400_frame_000501_noise1,1,1,0,0,1.0,1.0
GP010400_frame_000501_noise2,1,1,1,0,0.5,1.0
GP010400_frame_000501_noise3,1,1,0,0,1.0,1.0
GP010400_frame_000501_dark1,1,1,1,0,0.5,1.0
GP010400_frame_000501_dark2,1,1,0,0,1.0,1.0
GP010400_frame_000501_overexposure1,1,1,0,0,1.0,1.0
GP010400_frame_000501_overexposure2,1,1,0,0,1.0,1.0
GP010400_frame_000507_ref,1,1,1,0,0.5,1.0
GP010400_frame_000507_rain1,1,1,1,0,0.5,1.0
GP010400_frame_000507_rain2,1,1,1,0,0.5,1.0
GP010400_frame_000507_rain3,1,0,0,1,0.0,0.0
GP010400_frame_000507_blur1,1,1,1,0,0.5,1.0
GP010400_frame_000507_blur2,1,1,2,0,0.3333,1.0
GP010400_frame_000507_blur3,1,1,1,0,0.5,1.0
GP010400_frame_000507_blur4,1,0,0,1,0.0,0.0
GP010400_frame_000507_noise1,1,1,2,0,0.3333,1.0
GP010400_frame_000507_noise2,1,1,1,0,0.5,1.0
GP010400_frame_000507_noise3,1,0,0,1,0.0,0.0
GP010400_frame_000507_dark1,1,1,1,0,0.5,1.0
GP010400_frame_000507_dark2,1,1,2,0,0.3333,1.0
GP010400_frame_000507_overexposure1,1,1,1,0,0.5,1.0
GP010400_frame_000507_overexposure2,1,1,3,0,0.25,1.0
GP010400_frame_000513_ref,0,0,1,0,0.0,
GP010400_frame_000513_rain1,0,0,1,0,0.0,
GP010400_frame_000513_rain2,0,0,1,0,0.0,
GP010400_frame_000513_rain3,0,0,0,0,0.0,
GP010400_frame_000513_blur1,0,0,1,0,0.0,
GP010400_frame_000513_blur2,0,0,0,0,0.0,
GP010400_frame_000513_blur3,0,0,0,0,0.0,
GP010400_frame_000513_blur4,0,0,0,0,0.0,
GP010400_frame_000513_noise1,0,0,1,0,0.0,
GP010400_frame_000513_noise2,0,0,0,0,0.0,
GP010400_frame_000513_noise3,0,0,0,0,0.0,
GP010400_frame_000513_dark1,0,0,1,0,0.0,
GP010400_frame_000513_dark2,0,0,1,0,0.0,
GP010400_frame_000513_overexposure1,0,0,1,0,0.0,
GP010400_frame_000513_overexposure2,0,0,1,0,0.0,
GP010400_frame_000519_ref,5,5,2,0,0.7143,1.0
GP010400_frame_000519_rain1,5,5,1,0,0.8333,1.0
GP010400_frame_000519_rain2,5,5,1,0,0.8333,1.0
GP010400_frame_000519_rain3,5,2,1,3,0.6667,0.4
GP010400_frame_000519_blur1,5,5,1,0,0.8333,1.0
GP010400_frame_000519_blur2,5,5,1,0,0.8333,1.0
GP010400_frame_000519_blur3,5,4,0,1,1.0,0.8
GP010400_frame_000519_blur4,5,2,0,3,1.0,0.4
GP010400_frame_000519_noise1,5,5,1,0,0.8333,1.0
GP010400_frame_000519_noise2,5,5,1,0,0.8333,1.0
GP010400_frame_000519_noise3,5,2,0,3,1.0,0.4
GP010400_frame_000519_dark1,5,5,1,0,0.8333,1.0
GP010400_frame_000519_dark2,5,4,1,1,0.8,0.8
GP010400_frame_000519_overexposure1,5,5,1,0,0.8333,1.0
GP010400_frame_000519_overexposure2,5,4,0,1,1.0,0.8
GP010400_frame_000527_ref,1,1,1,0,0.5,1.0
GP010400_frame_000527_rain1,1,1,0,0,1.0,1.0
GP010400_frame_000527_rain2,1,1,0,0,1.0,1.0
GP010400_frame_000527_rain3,1,0,0,1,0.0,0.0
GP010400_frame_000527_blur1,1,1,0,0,1.0,1.0
GP010400_frame_000527_blur2,1,1,0,0,1.0,1.0
GP010400_frame_000527_blur3,1,1,0,0,1.0,1.0
GP010400_frame_000527_blur4,1,0,0,1,0.0,0.0
GP010400_frame_000527_noise1,1,1,0,0,1.0,1.0
GP010400_frame_000527_noise2,1,1,1,0,0.5,1.0
GP010400_frame_000527_noise3,1,0,0,1,0.0,0.0
GP010400_frame_000527_dark1,1,1,0,0,1.0,1.0
GP010400_frame_000527_dark2,1,1,0,0,1.0,1.0
GP010400_frame_000527_overexposure1,1,1,2,0,0.3333,1.0
GP010400_frame_000527_overexposure2,1,1,1,0,0.5,1.0
GP010400_frame_000533_ref,1,1,0,0,1.0,1.0
GP010400_frame_000533_rain1,1,1,0,0,1.0,1.0
GP010400_frame_000533_rain2,1,1,0,0,1.0,1.0
GP010400_frame_000533_rain3,1,0,0,1,0.0,0.0
GP010400_frame_000533_blur1,1,1,0,0,1.0,1.0
GP010400_frame_000533_blur2,1,1,0,0,1.0,1.0
GP010400_frame_000533_blur3,1,1,0,0,1.0,1.0
GP010400_frame_000533_blur4,1,0,0,1,0.0,0.0
GP010400_frame_000533_noise1,1,1,0,0,1.0,1.0
GP010400_frame_000533_noise2,1,1,0,0,1.0,1.0
GP010400_frame_000533_noise3,1,0,0,1,0.0,0.0
GP010400_frame_000533_dark1,1,1,0,0,1.0,1.0
GP010400_frame_000533_dark2,1,1,0,0,1.0,1.0
GP010400_frame_000533_overexposure1,1,1,1,0,0.5,1.0
GP010400_frame_000533_overexposure2,1,1,2,0,0.3333,1.0
GP010400_frame_000538_ref,5,4,4,1,0.5,0.8
GP010400_frame_000538_rain1,5,5,3,0,0.625,1.0
GP010400_frame_000538_rain2,5,2,0,3,1.0,0.4
GP010400_frame_000538_rain3,5,0,0,5,0.0,0.0
GP010400_frame_000538_blur1,5,4,1,1,0.8,0.8
GP010400_frame_000538_blur2,5,2,0,3,1.0,0.4
GP010400_frame_000538_blur3,5,1,0,4,1.0,0.2
GP010400_frame_000538_blur4,5,0,0,5,0.0,0.0
GP010400_frame_000538_noise1,5,4,3,1,0.5714,0.8
GP010400_frame_000538_noise2,5,0,0,5,0.0,0.0
GP010400_frame_000538_noise3,5,0,0,5,0.0,0.0
GP010400_frame_000538_dark1,5,4,2,1,0.6667,0.8
GP010400_frame_000538_dark2,5,2,2,3,0.5,0.4
GP010400_frame_000538_overexposure1,5,4,4,1,0.5,0.8
GP010400_frame_000538_overexposure2,5,3,3,2,0.5,0.6
GP010400_frame_000543_ref,6,5,2,1,0.7143,0.8333
GP010400_frame_000543_rain1,6,4,0,2,1.0,0.6667
GP010400_frame_000543_rain2,6,2,0,4,1.0,0.3333
GP010400_frame_000543_rain3,6,1,0,5,1.0,0.1667
GP010400_frame_000543_blur1,6,3,2,3,0.6,0.5
GP010400_frame_000543_blur2,6,2,1,4,0.6667,0.3333
GP010400_frame_000543_blur3,6,2,0,4,1.0,0.3333
GP010400_frame_000543_blur4,6,1,0,5,1.0,0.1667
GP010400_frame_000543_noise1,6,4,2,2,0.6667,0.6667
GP010400_frame_000543_noise2,6,3,1,3,0.75,0.5
GP010400_frame_000543_noise3,6,0,0,6,0.0,0.0
GP010400_frame_000543_dark1,6,3,2,3,0.6,0.5
GP010400_frame_000543_dark2,6,2,4,4,0.3333,0.3333
GP010400_frame_000543_overexposure1,6,5,2,1,0.7143,0.8333
GP010400_frame_000543_overexposure2,6,5,2,1,0.7143,0.8333
GP010400_frame_000548_ref,3,2,3,1,0.4,0.6667
GP010400_frame_000548_rain1,3,2,4,1,0.3333,0.6667
GP010400_frame_000548_rain2,3,1,0,2,1.0,0.3333
GP010400_frame_000548_rain3,3,0,0,3,0.0,0.0
GP010400_frame_000548_blur1,3,2,1,1,0.6667,0.6667
GP010400_frame_000548_blur2,3,2,0,1,1.0,0.6667
GP010400_frame_000548_blur3,3,2,0,1,1.0,0.6667
GP010400_frame_000548_blur4,3,1,0,2,1.0,0.3333
GP010400_frame_000548_noise1,3,2,2,1,0.5,0.6667
GP010400_frame_000548_noise2,3,1,0,2,1.0,0.3333
GP010400_frame_000548_noise3,3,0,0,3,0.0,0.0
GP010400_frame_000548_dark1,3,2,3,1,0.4,0.6667
GP010400_frame_000548_dark2,3,1,0,2,1.0,0.3333
GP010400_frame_000548_overexposure1,3,2,4,1,0.3333,0.6667
GP010400_frame_000548_overexposure2,3,3,5,0,0.375,1.0
GP010400_frame_000553_ref,2,1,4,1,0.2,0.5
GP010400_frame_000553_rain1,2,2,2,0,0.5,1.0
GP010400_frame_000553_rain2,2,1,0,1,1.0,0.5
GP010400_frame_000553_rain3,2,0,0,2,0.0,0.0
GP010400_frame_000553_blur1,2,1,2,1,0.3333,0.5
GP010400_frame_000553_blur2,2,1,2,1,0.3333,0.5
GP010400_frame_000553_blur3,2,1,1,1,0.5,0.5
GP010400_frame_000553_blur4,2,0,0,2,0.0,0.0
GP010400_frame_000553_noise1,2,2,3,0,0.4,1.0
GP010400_frame_000553_noise2,2,2,2,0,0.5,1.0
GP010400_frame_000553_noise3,2,1,1,1,0.5,0.5
GP010400_frame_000553_dark1,2,2,3,0,0.4,1.0
GP010400_frame_000553_dark2,2,2,2,0,0.5,1.0
GP010400_frame_000553_overexposure1,2,1,5,1,0.1667,0.5
GP010400_frame_000553_overexposure2,2,1,3,1,0.25,0.5
GP010400_frame_000558_ref,5,5,3,0,0.625,1.0
GP010400_frame_000558_rain1,5,4,3,1,0.5714,0.8
GP010400_frame_000558_rain2,5,3,3,2,0.5,0.6
GP010400_frame_000558_rain3,5,1,0,4,1.0,0.2
GP010400_frame_000558_blur1,5,4,1,1,0.8,0.8
GP010400_frame_000558_blur2,5,3,4,2,0.4286,0.6
GP010400_frame_000558_blur3,5,3,5,2,0.375,0.6
GP010400_frame_000558_blur4,5,1,1,4,0.5,0.2
GP010400_frame_000558_noise1,5,4,3,1,0.5714,0.8
GP010400_frame_000558_noise2,5,4,1,1,0.8,0.8
GP010400_frame_000558_noise3,5,2,0,3,1.0,0.4
GP010400_frame_000558_dark1,5,4,2,1,0.6667,0.8
GP010400_frame_000558_dark2,5,3,3,2,0.5,0.6
GP010400_frame_000558_overexposure1,5,5,4,0,0.5556,1.0
GP010400_frame_000558_overexposure2,5,5,3,0,0.625,1.0
GP010400_frame_000563_ref,0,0,2,0,0.0,
GP010400_frame_000563_rain1,0,0,1,0,0.0,
GP010400_frame_000563_rain2,0,0,1,0,0.0,
GP010400_frame_000563_rain3,0,0,0,0,0.0,
GP010400_frame_000563_blur1,0,0,1,0,0.0,
GP010400_frame_000563_blur2,0,0,0,0,0.0,
GP010400_frame_000563_blur3,0,0,0,0,0.0,
GP010400_frame_000563_blur4,0,0,0,0,0.0,
GP010400_frame_000563_noise1,0,0,1,0,0.0,
GP010400_frame_000563_noise2,0,0,0,0,0.0,
GP010400_frame_000563_noise3,0,0,0,0,0.0,
GP010400_frame_000563_dark1,0,0,1,0,0.0,
GP010400_frame_000563_dark2,0,0,1,0,0.0,
GP010400_frame_000563_overexposure1,0,0,3,0,0.0,
GP010400_frame_000563_overexposure2,0,0,1,0,0.0,
GP010400_frame_000568_ref,1,1,3,0,0.25,1.0
GP010400_frame_000568_rain1,1,1,2,0,0.3333,1.0
GP010400_frame_000568_rain2,1,1,1,0,0.5,1.0
GP010400_frame_000568_rain3,1,0,0,1,0.0,0.0
GP010400_frame_000568_blur1,1,1,4,0,0.2,1.0
GP010400_frame_000568_blur2,1,0,3,1,0.0,0.0
GP010400_frame_000568_blur3,1,0,0,1,0.0,0.0
GP010400_frame_000568_blur4,1,0,0,1,0.0,0.0
GP010400_frame_000568_noise1,1,1,1,0,0.5,1.0
GP010400_frame_000568_noise2,1,0,1,1,0.0,0.0
GP010400_frame_000568_noise3,1,0,0,1,0.0,0.0
GP010400_frame_000568_dark1,1,0,2,1,0.0,0.0
GP010400_frame_000568_dark2,1,0,1,1,0.0,0.0
GP010400_frame_000568_overexposure1,1,0,2,1,0.0,0.0
GP010400_frame_000568_overexposure2,1,0,3,1,0.0,0.0
GP010400_frame_000580_ref,3,3,3,0,0.5,1.0
GP010400_frame_000580_rain1,3,2,2,1,0.5,0.6667
GP010400_frame_000580_rain2,3,0,0,3,0.0,0.0
GP010400_frame_000580_rain3,3,0,0,3,0.0,0.0
GP010400_frame_000580_blur1,3,2,2,1,0.5,0.6667
GP010400_frame_000580_blur2,3,1,3,2,0.25,0.3333
GP010400_frame_000580_blur3,3,1,1,2,0.5,0.3333
GP010400_frame_000580_blur4,3,0,0,3,0.0,0.0
GP010400_frame_000580_noise1,3,1,4,2,0.2,0.3333
GP010400_frame_000580_noise2,3,0,0,3,0.0,0.0
GP010400_frame_000580_noise3,3,0,0,3,0.0,0.0
GP010400_frame_000580_dark1,3,1,2,2,0.3333,0.3333
GP010400_frame_000580_dark2,3,1,1,2,0.5,0.3333
GP010400_frame_000580_overexposure1,3,3,3,0,0.5,1.0
GP010400_frame_000580_overexposure2,3,1,1,2,0.5,0.3333
GP010400_frame_000597_ref,1,1,4,0,0.2,1.0
GP010400_frame_000597_rain1,1,1,2,0,0.3333,1.0
GP010400_frame_000597_rain2,1,1,0,0,1.0,1.0
GP010400_frame_000597_rain3,1,0,0,1,0.0,0.0
GP010400_frame_000597_blur1,1,1,1,0,0.5,1.0
GP010400_frame_000597_blur2,1,1,0,0,1.0,1.0
GP010400_frame_000597_blur3,1,1,0,0,1.0,1.0
GP010400_frame_000597_blur4,1,0,0,1,0.0,0.0
GP010400_frame_000597_noise1,1,1,2,0,0.3333,1.0
GP010400_frame_000597_noise2,1,1,1,0,0.5,1.0
GP010400_frame_000597_noise3,1,0,0,1,0.0,0.0
GP010400_frame_000597_dark1,1,1,2,0,0.3333,1.0
GP010400_frame_000597_dark2,1,1,0,0,1.0,1.0
GP010400_frame_000597_overexposure1,1,1,3,0,0.25,1.0
GP010400_frame_000597_overexposure2,1,1,6,0,0.1429,1.0
GP010400_frame_000605_ref,1,1,0,0,1.0,1.0
GP010400_frame_000605_rain1,1,1,1,0,0.5,1.0
GP010400_frame_000605_rain2,1,1,0,0,1.0,1.0
GP010400_frame_000605_rain3,1,0,0,1,0.0,0.0
GP010400_frame_000605_blur1,1,1,0,0,1.0,1.0
GP010400_frame_000605_blur2,1,1,0,0,1.0,1.0
GP010400_frame_000605_blur3,1,1,0,0,1.0,1.0
GP010400_frame_000605_blur4,1,0,0,1,0.0,0.0
GP010400_frame_000605_noise1,1,1,1,0,0.5,1.0
GP010400_frame_000605_noise2,1,1,0,0,1.0,1.0
GP010400_frame_000605_noise3,1,0,0,1,0.0,0.0
GP010400_frame_000605_dark1,1,1,0,0,1.0,1.0
GP010400_frame_000605_dark2,1,1,0,0,1.0,1.0
GP010400_frame_000605_overexposure1,1,1,0,0,1.0,1.0
GP010400_frame_000605_overexposure2,1,1,0,0,1.0,1.0
GP010400_frame_000610_ref,0,0,0,0,0.0,
GP010400_frame_000610_rain1,0,0,0,0,0.0,
GP010400_frame_000610_rain2,0,0,0,0,0.0,
GP010400_frame_000610_rain3,0,0,0,0,0.0,
GP010400_frame_000610_blur1,0,0,0,0,0.0,
GP010400_frame_000610_blur2,0,0,0,0,0.0,
GP010400_frame_000610_blur3,0,0,0,0,0.0,
GP010400_frame_000610_blur4,0,0,0,0,0.0,
GP010400_frame_000610_noise1,0,0,1,0,0.0,
GP010400_frame_000610_noise2,0,0,0,0,0.0,
GP010400_frame_000610_noise3,0,0,0,0,0.0,
GP010400_frame_000610_dark1,0,0,1,0,0.0,
GP010400_frame_000610_dark2,0,0,0,0,0.0,
GP010400_frame_000610_overexposure1,0,0,0,0,0.0,
GP010400_frame_000610_overexposure2,0,0,0,0,0.0,
GP010402_frame_000001_ref,8,8,9,0,0.4706,1.0
GP010402_frame_000001_rain1,8,7,8,1,0.4667,0.875
GP010402_frame_000001_rain2,8,6,5,2,0.5455,0.75
GP010402_frame_000001_rain3,8,0,0,8,0.0,0.0
GP010402_frame_000001_blur1,8,8,8,0,0.5,1.0
GP010402_frame_000001_blur2,8,8,4,0,0.6667,1.0
GP010402_frame_000001_blur3,8,7,3,1,0.7,0.875
GP010402_frame_000001_blur4,8,0,0,8,0.0,0.0
GP010402_frame_000001_noise1,8,8,7,0,0.5333,1.0
GP010402_frame_000001_noise2,8,7,5,1,0.5833,0.875
GP010402_frame_000001_noise3,8,2,0,6,1.0,0.25
GP010402_frame_000001_dark1,8,8,11,0,0.4211,1.0
GP010402_frame_000001_dark2,8,6,3,2,0.6667,0.75
GP010402_frame_000001_overexposure1,8,8,10,0,0.4444,1.0
GP010402_frame_000001_overexposure2,8,7,11,1,0.3889,0.875
GP010402_frame_000006_ref,16,14,6,2,0.7,0.875
GP010402_frame_000006_rain1,16,12,9,4,0.5714,0.75
GP010402_frame_000006_rain2,16,7,2,9,0.7778,0.4375
GP010402_frame_000006_rain3,16,0,0,16,0.0,0.0
GP010402_frame_000006_blur1,16,13,10,3,0.5652,0.8125
GP010402_frame_000006_blur2,16,13,5,3,0.7222,0.8125
GP010402_frame_000006_blur3,16,5,1,11,0.8333,0.3125
GP010402_frame_000006_blur4,16,2,1,14,0.6667,0.125
GP010402_frame_000006_noise1,16,12,13,4,0.48,0.75
GP010402_frame_000006_noise2,16,7,4,9,0.6364,0.4375
GP010402_frame_000006_noise3,16,3,1,13,0.75,0.1875
GP010402_frame_000006_dark1,16,12,6,4,0.6667,0.75
GP010402_frame_000006_dark2,16,10,4,6,0.7143,0.625
GP010402_frame_000006_overexposure1,16,15,8,1,0.6522,0.9375
GP010402_frame_000006_overexposure2,16,15,7,1,0.6818,0.9375
GP010402_frame_000011_ref,3,3,4,0,0.4286,1.0
GP010402_frame_000011_rain1,3,3,4,0,0.4286,1.0
GP010402_frame_000011_rain2,3,1,1,2,0.5,0.3333
GP010402_frame_000011_rain3,3,0,0,3,0.0,0.0
GP010402_frame_000011_blur1,3,3,1,0,0.75,1.0
GP010402_frame_000011_blur2,3,3,1,0,0.75,1.0
GP010402_frame_000011_blur3,3,1,4,2,0.2,0.3333
GP010402_frame_000011_blur4,3,0,0,3,0.0,0.0
GP010402_frame_000011_noise1,3,2,1,1,0.6667,0.6667
GP010402_frame_000011_noise2,3,1,1,2,0.5,0.3333
GP010402_frame_000011_noise3,3,0,0,3,0.0,0.0
GP010402_frame_000011_dark1,3,3,3,0,0.5,1.0
GP010402_frame_000011_dark2,3,1,1,2,0.5,0.3333
GP010402_frame_000011_overexposure1,3,3,4,0,0.4286,1.0
GP010402_frame_000011_overexposure2,3,3,5,0,0.375,1.0
GP010402_frame_000016_ref,4,4,2,0,0.6667,1.0
GP010402_frame_000016_rain1,4,4,1,0,0.8,1.0
GP010402_frame_000016_rain2,4,3,0,1,1.0,0.75
GP010402_frame_000016_rain3,4,0,0,4,0.0,0.0
GP010402_frame_000016_blur1,4,4,2,0,0.6667,1.0
GP010402_frame_000016_blur2,4,2,1,2,0.6667,0.5
GP010402_frame_000016_blur3,4,1,2,3,0.3333,0.25
GP010402_frame_000016_blur4,4,0,0,4,0.0,0.0
GP010402_frame_000016_noise1,4,3,2,1,0.6,0.75
GP010402_frame_000016_noise2,4,3,2,1,0.6,0.75
GP010402_frame_000016_noise3,4,0,0,4,0.0,0.0
GP010402_frame_000016_dark1,4,2,3,2,0.4,0.5
GP010402_frame_000016_dark2,4,2,1,2,0.6667,0.5
GP010402_frame_000016_overexposure1,4,4,1,0,0.8,1.0
GP010402_frame_000016_overexposure2,4,4,2,0,0.6667,1.0
GP010402_frame_000036_ref,7,7,5,0,0.5833,1.0
GP010402_frame_000036_rain1,7,4,4,3,0.5,0.5714
GP010402_frame_000036_rain2,7,3,1,4,0.75,0.4286
GP010402_frame_000036_rain3,7,1,0,6,1.0,0.1429
GP010402_frame_000036_blur1,7,5,2,2,0.7143,0.7143
GP010402_frame_000036_blur2,7,4,2,3,0.6667,0.5714
GP010402_frame_000036_blur3,7,4,0,3,1.0,0.5714
GP010402_frame_000036_blur4,7,3,0,4,1.0,0.4286
GP010402_frame_000036_noise1,7,4,2,3,0.6667,0.5714
GP010402_frame_000036_noise2,7,4,4,3,0.5,0.5714
GP010402_frame_000036_noise3,7,2,2,5,0.5,0.2857
GP010402_frame_000036_dark1,7,7,4,0,0.6364,1.0
GP010402_frame_000036_dark2,7,4,3,3,0.5714,0.5714
GP010402_frame_000036_overexposure1,7,6,4,1,0.6,0.8571
GP010402_frame_000036_overexposure2,7,7,6,0,0.5385,1.0
GP010402_frame_000045_ref,6,6,2,0,0.75,1.0
GP010402_frame_000045_rain1,6,6,0,0,1.0,1.0
GP010402_frame_000045_rain2,6,2,1,4,0.6667,0.3333
GP010402_frame_000045_rain3,6,0,0,6,0.0,0.0
GP010402_frame_000045_blur1,6,6,0,0,1.0,1.0
GP010402_frame_000045_blur2,6,6,0,0,1.0,1.0
GP010402_frame_000045_blur3,6,5,2,1,0.7143,0.8333
GP010402_frame_000045_blur4,6,1,0,5,1.0,0.1667
GP010402_frame_000045_noise1,6,6,0,0,1.0,1.0
GP010402_frame_000045_noise2,6,4,3,2,0.5714,0.6667
GP010402_frame_000045_noise3,6,0,0,6,0.0,0.0
GP010402_frame_000045_dark1,6,6,0,0,1.0,1.0
GP010402_frame_000045_dark2,6,3,1,3,0.75,0.5
GP010402_frame_000045_overexposure1,6,6,2,0,0.75,1.0
GP010402_frame_000045_overexposure2,6,6,0,0,1.0,1.0
GP010402_frame_000051_ref,10,10,8,0,0.5556,1.0
GP010402_frame_000051_rain1,10,7,6,3,0.5385,0.7
GP010402_frame_000051_rain2,10,5,3,5,0.625,0.5
GP010402_frame_000051_rain3,10,1,0,9,1.0,0.1
GP010402_frame_000051_blur1,10,7,4,3,0.6364,0.7
GP010402_frame_000051_blur2,10,7,4,3,0.6364,0.7
GP010402_frame_000051_blur3,10,4,1,6,0.8,0.4
GP010402_frame_000051_blur4,10,0,0,10,0.0,0.0
GP010402_frame_000051_noise1,10,7,6,3,0.5385,0.7
GP010402_frame_000051_noise2,10,5,4,5,0.5556,0.5
GP010402_frame_000051_noise3,10,1,1,9,0.5,0.1
GP010402_frame_000051_dark1,10,7,8,3,0.4667,0.7
GP010402_frame_000051_dark2,10,5,4,5,0.5556,0.5
GP010402_frame_000051_overexposure1,10,10,4,0,0.7143,1.0
GP010402_frame_000051_overexposure2,10,9,7,1,0.5625,0.9
GP010402_frame_000058_ref,7,6,1,1,0.8571,0.8571
GP010402_frame_000058_rain1,7,5,3,2,0.625,0.7143
GP010402_frame_000058_rain2,7,2,2,5,0.5,0.2857
GP010402_frame_000058_rain3,7,1,0,6,1.0,0.1429
GP010402_frame_000058_blur1,7,6,0,1,1.0,0.8571
GP010402_frame_000058_blur2,7,4,1,3,0.8,0.5714
GP010402_frame_000058_blur3,7,3,1,4,0.75,0.4286
GP010402_frame_000058_blur4,7,2,0,5,1.0,0.2857
GP010402_frame_000058_noise1,7,5,3,2,0.625,0.7143
GP010402_frame_000058_noise2,7,4,0,3,1.0,0.5714
GP010402_frame_000058_noise3,7,2,0,5,1.0,0.2857
GP010402_frame_000058_dark1,7,5,2,2,0.7143,0.7143
GP010402_frame_000058_dark2,7,3,2,4,0.6,0.4286
GP010402_frame_000058_overexposure1,7,6,1,1,0.8571,0.8571
GP010402_frame_000058_overexposure2,7,4,1,3,0.8,0.5714
GP010402_frame_000078_ref,3,3,2,0,0.6,1.0
GP010402_frame_000078_rain1,3,3,1,0,0.75,1.0
GP010402_frame_000078_rain2,3,1,2,2,0.3333,0.3333
GP010402_frame_000078_rain3,3,1,0,2,1.0,0.3333
GP010402_frame_000078_blur1,3,3,2,0,0.6,1.0
GP010402_frame_000078_blur2,3,3,1,0,0.75,1.0
GP010402_frame_000078_blur3,3,3,0,0,1.0,1.0
GP010402_frame_000078_blur4,3,1,0,2,1.0,0.3333
GP010402_frame_000078_noise1,3,3,1,0,0.75,1.0
GP010402_frame_000078_noise2,3,3,2,0,0.6,1.0
GP010402_frame_000078_noise3,3,0,0,3,0.0,0.0
GP010402_frame_000078_dark1,3,3,1,0,0.75,1.0
GP010402_frame_000078_dark2,3,2,1,1,0.6667,0.6667
GP010402_frame_000078_overexposure1,3,3,2,0,0.6,1.0
GP010402_frame_000078_overexposure2,3,3,1,0,0.75,1.0
GP010402_frame_000098_ref,2,1,5,1,0.1667,0.5
GP010402_frame_000098_rain1,2,1,4,1,0.2,0.5
GP010402_frame_000098_rain2,2,1,0,1,1.0,0.5
GP010402_frame_000098_rain3,2,0,0,2,0.0,0.0
GP010402_frame_000098_blur1,2,1,2,1,0.3333,0.5
GP010402_frame_000098_blur2,2,1,1,1,0.5,0.5
GP010402_frame_000098_blur3,2,1,0,1,1.0,0.5
GP010402_frame_000098_blur4,2,0,0,2,0.0,0.0
GP010402_frame_000098_noise1,2,1,4,1,0.2,0.5
GP010402_frame_000098_noise2,2,0,0,2,0.0,0.0
GP010402_frame_000098_noise3,2,0,0,2,0.0,0.0
GP010402_frame_000098_dark1,2,1,3,1,0.25,0.5
GP010402_frame_000098_dark2,2,1,2,1,0.3333,0.5
GP010402_frame_000098_overexposure1,2,1,6,1,0.1429,0.5
GP010402_frame_000098_overexposure2,2,1,5,1,0.1667,0.5
GP010402_frame_000104_ref,3,3,4,0,0.4286,1.0
GP010402_frame_000104_rain1,3,3,1,0,0.75,1.0
GP010402_frame_000104_rain2,3,3,0,0,1.0,1.0
GP010402_frame_000104_rain3,3,1,0,2,1.0,0.3333
GP010402_frame_000104_blur1,3,3,0,0,1.0,1.0
GP010402_frame_000104_blur2,3,3,0,0,1.0,1.0
GP010402_frame_000104_blur3,3,1,0,2,1.0,0.3333
GP010402_frame_000104_blur4,3,0,0,3,0.0,0.0
GP010402_frame_000104_noise1,3,3,1,0,0.75,1.0
GP010402_frame_000104_noise2,3,1,0,2,1.0,0.3333
GP010402_frame_000104_noise3,3,0,0,3,0.0,0.0
GP010402_frame_000104_dark1,3,3,1,0,0.75,1.0
GP010402_frame_000104_dark2,3,1,0,2,1.0,0.3333
GP010402_frame_000104_overexposure1,3,3,5,0,0.375,1.0
GP010402_frame_000104_overexposure2,3,3,4,0,0.4286,1.0
GP010402_frame_000111_ref,3,2,6,1,0.25,0.6667
GP010402_frame_000111_rain1,3,3,4,0,0.4286,1.0
GP010402_frame_000111_rain2,3,1,0,2,1.0,0.3333
GP010402_frame_000111_rain3,3,0,0,3,0.0,0.0
GP010402_frame_000111_blur1,3,1,6,2,0.1429,0.3333
GP010402_frame_000111_blur2,3,1,2,2,0.3333,0.3333
GP010402_frame_000111_blur3,3,1,2,2,0.3333,0.3333
GP010402_frame_000111_blur4,3,1,2,2,0.3333,0.3333
GP010402_frame_000111_noise1,3,2,6,1,0.25,0.6667
GP010402_frame_000111_noise2,3,1,3,2,0.25,0.3333
GP010402_frame_000111_noise3,3,1,0,2,1.0,0.3333
GP010402_frame_000111_dark1,3,1,5,2,0.1667,0.3333
GP010402_frame_000111_dark2,3,1,2,2,0.3333,0.3333
GP010402_frame_000111_overexposure1,3,2,6,1,0.25,0.6667
GP010402_frame_000111_overexposure2,3,2,9,1,0.1818,0.6667
GP010402_frame_000126_ref,2,1,4,1,0.2,0.5
GP010402_frame_000126_rain1,2,1,3,1,0.25,0.5
GP010402_frame_000126_rain2,2,1,1,1,0.5,0.5
GP010402_frame_000126_rain3,2,1,0,1,1.0,0.5
GP010402_frame_000126_blur1,2,1,2,1,0.3333,0.5
GP010402_frame_000126_blur2,2,1,1,1,0.5,0.5
GP010402_frame_000126_blur3,2,1,1,1,0.5,0.5
GP010402_frame_000126_blur4,2,0,0,2,0.0,0.0
GP010402_frame_000126_noise1,2,1,3,1,0.25,0.5
GP010402_frame_000126_noise2,2,1,2,1,0.3333,0.5
GP010402_frame_000126_noise3,2,0,0,2,0.0,0.0
GP010402_frame_000126_dark1,2,1,2,1,0.3333,0.5
GP010402_frame_000126_dark2,2,1,2,1,0.3333,0.5
GP010402_frame_000126_overexposure1,2,1,4,1,0.2,0.5
GP010402_frame_000126_overexposure2,2,1,4,1,0.2,0.5
GP010402_frame_000133_ref,4,4,2,0,0.6667,1.0
GP010402_frame_000133_rain1,4,4,3,0,0.5714,1.0
GP010402_frame_000133_rain2,4,2,0,2,1.0,0.5
GP010402_frame_000133_rain3,4,1,0,3,1.0,0.25
GP010402_frame_000133_blur1,4,3,2,1,0.6,0.75
GP010402_frame_000133_blur2,4,3,0,1,1.0,0.75
GP010402_frame_000133_blur3,4,2,0,2,1.0,0.5
GP010402_frame_000133_blur4,4,1,0,3,1.0,0.25
GP010402_frame_000133_noise1,4,4,1,0,0.8,1.0
GP010402_frame_000133_noise2,4,1,1,3,0.5,0.25
GP010402_frame_000133_noise3,4,1,0,3,1.0,0.25
GP010402_frame_000133_dark1,4,4,3,0,0.5714,1.0
GP010402_frame_000133_dark2,4,1,0,3,1.0,0.25
GP010402_frame_000133_overexposure1,4,3,2,1,0.6,0.75
GP010402_frame_000133_overexposure2,4,3,2,1,0.6,0.75
GP010402_frame_000142_ref,5,5,3,0,0.625,1.0
GP010402_frame_000142_rain1,5,4,4,1,0.5,0.8
GP010402_frame_000142_rain2,5,2,3,3,0.4,0.4
GP010402_frame_000142_rain3,5,1,0,4,1.0,0.2
GP010402_frame_000142_blur1,5,3,3,2,0.5,0.6
GP010402_frame_000142_blur2,5,3,3,2,0.5,0.6
GP010402_frame_000142_blur3,5,1,2,4,0.3333,0.2
GP010402_frame_000142_blur4,5,0,0,5,0.0,0.0
GP010402_frame_000142_noise1,5,3,3,2,0.5,0.6
GP010402_frame_000142_noise2,5,3,2,2,0.6,0.6
GP010402_frame_000142_noise3,5,0,0,5,0.0,0.0
GP010402_frame_000142_dark1,5,3,3,2,0.5,0.6
GP010402_frame_000142_dark2,5,3,2,2,0.6,0.6
GP010402_frame_000142_overexposure1,5,4,4,1,0.5,0.8
GP010402_frame_000142_overexposure2,5,4,3,1,0.5714,0.8
GP010402_frame_000149_ref,7,5,8,2,0.3846,0.7143
GP010402_frame_000149_rain1,7,5,7,2,0.4167,0.7143
GP010402_frame_000149_rain2,7,4,2,3,0.6667,0.5714
GP010402_frame_000149_rain3,7,1,0,6,1.0,0.1429
GP010402_frame_000149_blur1,7,5,8,2,0.3846,0.7143
GP010402_frame_000149_blur2,7,4,2,3,0.6667,0.5714
GP010402_frame_000149_blur3,7,2,1,5,0.6667,0.2857
GP010402_frame_000149_blur4,7,1,0,6,1.0,0.1429
GP010402_frame_000149_noise1,7,3,6,4,0.3333,0.4286
GP010402_frame_000149_noise2,7,2,3,5,0.4,0.2857
GP010402_frame_000149_noise3,7,0,0,7,0.0,0.0
GP010402_frame_000149_dark1,7,4,6,3,0.4,0.5714
GP010402_frame_000149_dark2,7,2,1,5,0.6667,0.2857
GP010402_frame_000149_overexposure1,7,6,9,1,0.4,0.8571
GP010402_frame_000149_overexposure2,7,5,9,2,0.3571,0.7143
GP010402_frame_000169_ref,5,5,10,0,0.3333,1.0
GP010402_frame_000169_rain1,5,3,4,2,0.4286,0.6
GP010402_frame_000169_rain2,5,1,0,4,1.0,0.2
GP010402_frame_000169_rain3,5,1,0,4,1.0,0.2
GP010402_frame_000169_blur1,5,4,6,1,0.4,0.8
GP010402_frame_000169_blur2,5,2,5,3,0.2857,0.4
GP010402_frame_000169_blur3,5,1,2,4,0.3333,0.2
GP010402_frame_000169_blur4,5,1,0,4,1.0,0.2
GP010402_frame_000169_noise1,5,3,4,2,0.4286,0.6
GP010402_frame_000169_noise2,5,1,2,4,0.3333,0.2
GP010402_frame_000169_noise3,5,0,0,5,0.0,0.0
GP010402_frame_000169_dark1,5,3,7,2,0.3,0.6
GP010402_frame_000169_dark2,5,1,0,4,1.0,0.2
GP010402_frame_000169_overexposure1,5,4,8,1,0.3333,0.8
GP010402_frame_000169_overexposure2,5,4,7,1,0.3636,0.8
GP010402_frame_000177_ref,3,3,3,0,0.5,1.0
GP010402_frame_000177_rain1,3,3,3,0,0.5,1.0
GP010402_frame_000177_rain2,3,3,0,0,1.0,1.0
GP010402_frame_000177_rain3,3,0,0,3,0.0,0.0
GP010402_frame_000177_blur1,3,3,4,0,0.4286,1.0
GP010402_frame_000177_blur2,3,3,1,0,0.75,1.0
GP010402_frame_000177_blur3,3,2,1,1,0.6667,0.6667
GP010402_frame_000177_blur4,3,0,0,3,0.0,0.0
GP010402_frame_000177_noise1,3,3,3,0,0.5,1.0
GP010402_frame_000177_noise2,3,1,0,2,1.0,0.3333
GP010402_frame_000177_noise3,3,0,0,3,0.0,0.0
GP010402_frame_000177_dark1,3,3,4,0,0.4286,1.0
GP010402_frame_000177_dark2,3,2,1,1,0.6667,0.6667
GP010402_frame_000177_overexposure1,3,3,3,0,0.5,1.0
GP010402_frame_000177_overexposure2,3,3,3,0,0.5,1.0
GP010402_frame_000183_ref,6,6,7,0,0.4615,1.0
GP010402_frame_000183_rain1,6,6,4,0,0.6,1.0
GP010402_frame_000183_rain2,6,3,0,3,1.0,0.5
GP010402_frame_000183_rain3,6,0,0,6,0.0,0.0
GP010402_frame_000183_blur1,6,6,5,0,0.5455,1.0
GP010402_frame_000183_blur2,6,6,1,0,0.8571,1.0
GP010402_frame_000183_blur3,6,3,1,3,0.75,0.5
GP010402_frame_000183_blur4,6,1,0,5,1.0,0.1667
GP010402_frame_000183_noise1,6,6,6,0,0.5,1.0
GP010402_frame_000183_noise2,6,4,2,2,0.6667,0.6667
GP010402_frame_000183_noise3,6,0,0,6,0.0,0.0
GP010402_frame_000183_dark1,6,6,3,0,0.6667,1.0
GP010402_frame_000183_dark2,6,2,0,4,1.0,0.3333
GP010402_frame_000183_overexposure1,6,6,5,0,0.5455,1.0
GP010402_frame_000183_overexposure2,6,6,6,0,0.5,1.0
GP010402_frame_000189_ref,6,5,5,1,0.5,0.8333
GP010402_frame_000189_rain1,6,5,6,1,0.4545,0.8333
GP010402_frame_000189_rain2,6,4,5,2,0.4444,0.6667
GP010402_frame_000189_rain3,6,1,0,5,1.0,0.1667
GP010402_frame_000189_blur1,6,5,5,1,0.5,0.8333
GP010402_frame_000189_blur2,6,5,4,1,0.5556,0.8333
GP010402_frame_000189_blur3,6,5,1,1,0.8333,0.8333
GP010402_frame_000189_blur4,6,1,0,5,1.0,0.1667
GP010402_frame_000189_noise1,6,6,4,0,0.6,1.0
GP010402_frame_000189_noise2,6,4,3,2,0.5714,0.6667
GP010402_frame_000189_noise3,6,1,0,5,1.0,0.1667
GP010402_frame_000189_dark1,6,5,5,1,0.5,0.8333
GP010402_frame_000189_dark2,6,4,4,2,0.5,0.6667
GP010402_frame_000189_overexposure1,6,5,5,1,0.5,0.8333
GP010402_frame_000189_overexposure2,6,4,5,2,0.4444,0.6667
GP010402_frame_000194_ref,4,4,5,0,0.4444,1.0
GP010402_frame_000194_rain1,4,4,3,0,0.5714,1.0
GP010402_frame_000194_rain2,4,2,2,2,0.5,0.5
GP010402_frame_000194_rain3,4,1,0,3,1.0,0.25
GP010402_frame_000194_blur1,4,4,3,0,0.5714,1.0
GP010402_frame_000194_blur2,4,3,0,1,1.0,0.75
GP010402_frame_000194_blur3,4,2,0,2,1.0,0.5
GP010402_frame_000194_blur4,4,1,0,3,1.0,0.25
GP010402_frame_000194_noise1,4,4,2,0,0.6667,1.0
GP010402_frame_000194_noise2,4,2,0,2,1.0,0.5
GP010402_frame_000194_noise3,4,1,0,3,1.0,0.25
GP010402_frame_000194_dark1,4,4,3,0,0.5714,1.0
GP010402_frame_000194_dark2,4,3,1,1,0.75,0.75
GP010402_frame_000194_overexposure1,4,4,5,0,0.4444,1.0
GP010402_frame_000194_overexposure2,4,3,5,1,0.375,0.75
GP010402_frame_000200_ref,6,5,6,1,0.4545,0.8333
GP010402_frame_000200_rain1,6,4,6,2,0.4,0.6667
GP010402_frame_000200_rain2,6,2,3,4,0.4,0.3333
GP010402_frame_000200_rain3,6,0,0,6,0.0,0.0
GP010402_frame_000200_blur1,6,5,5,1,0.5,0.8333
GP010402_frame_000200_blur2,6,5,4,1,0.5556,0.8333
GP010402_frame_000200_blur3,6,3,1,3,0.75,0.5
GP010402_frame_000200_blur4,6,0,0,6,0.0,0.0
GP010402_frame_000200_noise1,6,5,5,1,0.5,0.8333
GP010402_frame_000200_noise2,6,2,3,4,0.4,0.3333
GP010402_frame_000200_noise3,6,0,0,6,0.0,0.0
GP010402_frame_000200_dark1,6,5,6,1,0.4545,0.8333
GP010402_frame_000200_dark2,6,2,2,4,0.5,0.3333
GP010402_frame_000200_overexposure1,6,5,4,1,0.5556,0.8333
GP010402_frame_000200_overexposure2,6,5,7,1,0.4167,0.8333
GP010402_frame_000220_ref,12,8,9,4,0.4706,0.6667
GP010402_frame_000220_rain1,12,6,7,6,0.4615,0.5
GP010402_frame_000220_rain2,12,1,3,11,0.25,0.0833
GP010402_frame_000220_rain3,12,0,0,12,0.0,0.0
GP010402_frame_000220_blur1,12,8,5,4,0.6154,0.6667
GP010402_frame_000220_blur2,12,6,5,6,0.5455,0.5
GP010402_frame_000220_blur3,12,2,3,10,0.4,0.1667
GP010402_frame_000220_blur4,12,1,0,11,1.0,0.0833
GP010402_frame_000220_noise1,12,5,5,7,0.5,0.4167
GP010402_frame_000220_noise2,12,1,4,11,0.2,0.0833
GP010402_frame_000220_noise3,12,0,0,12,0.0,0.0
GP010402_frame_000220_dark1,12,6,9,6,0.4,0.5
GP010402_frame_000220_dark2,12,2,3,10,0.4,0.1667
GP010402_frame_000220_overexposure1,12,8,9,4,0.4706,0.6667
GP010402_frame_000220_overexposure2,12,9,8,3,0.5294,0.75
GP010402_frame_000227_ref,9,9,5,0,0.6429,1.0
GP010402_frame_000227_rain1,9,9,3,0,0.75,1.0
GP010402_frame_000227_rain2,9,8,1,1,0.8889,0.8889
GP010402_frame_000227_rain3,9,0,0,9,0.0,0.0
GP010402_frame_000227_blur1,9,9,2,0,0.8182,1.0
GP010402_frame_000227_blur2,9,8,1,1,0.8889,0.8889
GP010402_frame_000227_blur3,9,6,0,3,1.0,0.6667
GP010402_frame_000227_blur4,9,0,1,9,0.0,0.0
GP010402_frame_000227_noise1,9,8,2,1,0.8,0.8889
GP010402_frame_000227_noise2,9,2,1,7,0.6667,0.2222
GP010402_frame_000227_noise3,9,0,0,9,0.0,0.0
GP010402_frame_000227_dark1,9,9,2,0,0.8182,1.0
GP010402_frame_000227_dark2,9,2,1,7,0.6667,0.2222
GP010402_frame_000227_overexposure1,9,9,5,0,0.6429,1.0
GP010402_frame_000227_overexposure2,9,9,5,0,0.6429,1.0
GP010402_frame_000233_ref,6,5,5,1,0.5,0.8333
GP010402_frame_000233_rain1,6,4,4,2,0.5,0.6667
GP010402_frame_000233_rain2,6,2,2,4,0.5,0.3333
GP010402_frame_000233_rain3,6,0,0,6,0.0,0.0
GP010402_frame_000233_blur1,6,5,4,1,0.5556,0.8333
GP010402_frame_000233_blur2,6,3,4,3,0.4286,0.5
GP010402_frame_000233_blur3,6,3,2,3,0.6,0.5
GP010402_frame_000233_blur4,6,0,0,6,0.0,0.0
GP010402_frame_000233_noise1,6,5,5,1,0.5,0.8333
GP010402_frame_000233_noise2,6,3,0,3,1.0,0.5
GP010402_frame_000233_noise3,6,0,0,6,0.0,0.0
GP010402_frame_000233_dark1,6,4,4,2,0.5,0.6667
GP010402_frame_000233_dark2,6,1,0,5,1.0,0.1667
GP010402_frame_000233_overexposure1,6,5,5,1,0.5,0.8333
GP010402_frame_000233_overexposure2,6,4,5,2,0.4444,0.6667
GP010402_frame_000238_ref,8,4,5,4,0.4444,0.5
GP010402_frame_000238_rain1,8,6,4,2,0.6,0.75
GP010402_frame_000238_rain2,8,4,0,4,1.0,0.5
GP010402_frame_000238_rain3,8,0,0,8,0.0,0.0
GP010402_frame_000238_blur1,8,5,4,3,0.5556,0.625
GP010402_frame_000238_blur2,8,5,3,3,0.625,0.625
GP010402_frame_000238_blur3,8,2,2,6,0.5,0.25
GP010402_frame_000238_blur4,8,1,0,7,1.0,0.125
GP010402_frame_000238_noise1,8,5,3,3,0.625,0.625
GP010402_frame_000238_noise2,8,5,2,3,0.7143,0.625
GP010402_frame_000238_noise3,8,0,0,8,0.0,0.0
GP010402_frame_000238_dark1,8,5,1,3,0.8333,0.625
GP010402_frame_000238_dark2,8,4,2,4,0.6667,0.5
GP010402_frame_000238_overexposure1,8,6,4,2,0.6,0.75
GP010402_frame_000238_overexposure2,8,5,2,3,0.7143,0.625
GP010402_frame_000255_ref,5,5,1,0,0.8333,1.0
GP010402_frame_000255_rain1,5,3,0,2,1.0,0.6
GP010402_frame_000255_rain2,5,2,1,3,0.6667,0.4
GP010402_frame_000255_rain3,5,0,0,5,0.0,0.0
GP010402_frame_000255_blur1,5,4,1,1,0.8,0.8
GP010402_frame_000255_blur2,5,3,2,2,0.6,0.6
GP010402_frame_000255_blur3,5,2,0,3,1.0,0.4
GP010402_frame_000255_blur4,5,1,0,4,1.0,0.2
GP010402_frame_000255_noise1,5,3,4,2,0.4286,0.6
GP010402_frame_000255_noise2,5,2,2,3,0.5,0.4
GP010402_frame_000255_noise3,5,0,0,5,0.0,0.0
GP010402_frame_000255_dark1,5,3,2,2,0.6,0.6
GP010402_frame_000255_dark2,5,2,0,3,1.0,0.4
GP010402_frame_000255_overexposure1,5,5,3,0,0.625,1.0
GP010402_frame_000255_overexposure2,5,5,0,0,1.0,1.0
GP010402_frame_000259_ref,2,2,3,0,0.4,1.0
GP010402_frame_000259_rain1,2,1,1,1,0.5,0.5
GP010402_frame_000259_rain2,2,1,1,1,0.5,0.5
GP010402_frame_000259_rain3,2,0,0,2,0.0,0.0
GP010402_frame_000259_blur1,2,2,1,0,0.6667,1.0
GP010402_frame_000259_blur2,2,2,0,0,1.0,1.0
GP010402_frame_000259_blur3,2,2,0,0,1.0,1.0
GP010402_frame_000259_blur4,2,1,0,1,1.0,0.5
GP010402_frame_000259_noise1,2,2,0,0,1.0,1.0
GP010402_frame_000259_noise2,2,2,0,0,1.0,1.0
GP010402_frame_000259_noise3,2,1,0,1,1.0,0.5
GP010402_frame_000259_dark1,2,2,0,0,1.0,1.0
GP010402_frame_000259_dark2,2,2,0,0,1.0,1.0
GP010402_frame_000259_overexposure1,2,2,2,0,0.5,1.0
GP010402_frame_000259_overexposure2,2,2,2,0,0.5,1.0
GP010402_frame_000268_ref,3,3,2,0,0.6,1.0
GP010402_frame_000268_rain1,3,2,0,1,1.0,0.6667
GP010402_frame_000268_rain2,3,2,2,1,0.5,0.6667
GP010402_frame_000268_rain3,3,0,0,3,0.0,0.0
GP010402_frame_000268_blur1,3,2,1,1,0.6667,0.6667
GP010402_frame_000268_blur2,3,2,2,1,0.5,0.6667
GP010402_frame_000268_blur3,3,1,3,2,0.25,0.3333
GP010402_frame_000268_blur4,3,1,2,2,0.3333,0.3333
GP010402_frame_000268_noise1,3,1,5,2,0.1667,0.3333
GP010402_frame_000268_noise2,3,1,2,2,0.3333,0.3333
GP010402_frame_000268_noise3,3,0,0,3,0.0,0.0
GP010402_frame_000268_dark1,3,2,1,1,0.6667,0.6667
GP010402_frame_000268_dark2,3,1,2,2,0.3333,0.3333
GP010402_frame_000268_overexposure1,3,3,2,0,0.6,1.0
GP010402_frame_000268_overexposure2,3,2,2,1,0.5,0.6667
GP010402_frame_000285_ref,3,3,7,0,0.3,1.0
GP010402_frame_000285_rain1,3,3,8,0,0.2727,1.0
GP010402_frame_000285_rain2,3,1,2,2,0.3333,0.3333
GP010402_frame_000285_rain3,3,0,0,3,0.0,0.0
GP010402_frame_000285_blur1,3,3,6,0,0.3333,1.0
GP010402_frame_000285_blur2,3,1,4,2,0.2,0.3333
GP010402_frame_000285_blur3,3,0,2,3,0.0,0.0
GP010402_frame_000285_blur4,3,0,0,3,0.0,0.0
GP010402_frame_000285_noise1,3,1,6,2,0.1429,0.3333
GP010402_frame_000285_noise2,3,0,1,3,0.0,0.0
GP010402_frame_000285_noise3,3,0,0,3,0.0,0.0
GP010402_frame_000285_dark1,3,3,6,0,0.3333,1.0
GP010402_frame_000285_dark2,3,0,3,3,0.0,0.0
GP010402_frame_000285_overexposure1,3,3,7,0,0.3,1.0
GP010402_frame_000285_overexposure2,3,3,7,0,0.3,1.0
GP010402_frame_000291_ref,5,5,4,0,0.5556,1.0
GP010402_frame_000291_rain1,5,5,2,0,0.7143,1.0
GP010402_frame_000291_rain2,5,3,1,2,0.75,0.6
GP010402_frame_000291_rain3,5,0,0,5,0.0,0.0
GP010402_frame_000291_blur1,5,4,4,1,0.5,0.8
GP010402_frame_000291_blur2,5,4,1,1,0.8,0.8
GP010402_frame_000291_blur3,5,2,0,3,1.0,0.4
GP010402_frame_000291_blur4,5,0,0,5,0.0,0.0
GP010402_frame_000291_noise1,5,5,1,0,0.8333,1.0
GP010402_frame_000291_noise2,5,3,1,2,0.75,0.6
GP010402_frame_000291_noise3,5,2,0,3,1.0,0.4
GP010402_frame_000291_dark1,5,5,3,0,0.625,1.0
GP010402_frame_000291_dark2,5,4,0,1,1.0,0.8
GP010402_frame_000291_overexposure1,5,5,3,0,0.625,1.0
GP010402_frame_000291_overexposure2,5,5,1,0,0.8333,1.0
GP020400_frame_000159_ref,1,1,4,0,0.2,1.0
GP020400_frame_000159_rain1,1,1,2,0,0.3333,1.0
GP020400_frame_000159_rain2,1,0,0,1,0.0,0.0
GP020400_frame_000159_rain3,1,0,0,1,0.0,0.0
GP020400_frame_000159_blur1,1,1,2,0,0.3333,1.0
GP020400_frame_000159_blur2,1,1,1,0,0.5,1.0
GP020400_frame_000159_blur3,1,0,0,1,0.0,0.0
GP020400_frame_000159_blur4,1,0,0,1,0.0,0.0
GP020400_frame_000159_noise1,1,0,1,1,0.0,0.0
GP020400_frame_000159_noise2,1,0,0,1,0.0,0.0
GP020400_frame_000159_noise3,1,0,0,1,0.0,0.0
GP020400_frame_000159_dark1,1,1,2,0,0.3333,1.0
GP020400_frame_000159_dark2,1,0,0,1,0.0,0.0
GP020400_frame_000159_overexposure1,1,1,2,0,0.3333,1.0
GP020400_frame_000159_overexposure2,1,0,3,1,0.0,0.0
GP020400_frame_000169_ref,4,4,3,0,0.5714,1.0
GP020400_frame_000169_rain1,4,4,2,0,0.6667,1.0
GP020400_frame_000169_rain2,4,3,1,1,0.75,0.75
GP020400_frame_000169_rain3,4,0,0,4,0.0,0.0
GP020400_frame_000169_blur1,4,3,2,1,0.6,0.75
GP020400_frame_000169_blur2,4,3,0,1,1.0,0.75
GP020400_frame_000169_blur3,4,3,0,1,1.0,0.75
GP020400_frame_000169_blur4,4,2,0,2,1.0,0.5
GP020400_frame_000169_noise1,4,3,2,1,0.6,0.75
GP020400_frame_000169_noise2,4,3,0,1,1.0,0.75
GP020400_frame_000169_noise3,4,0,0,4,0.0,0.0
GP020400_frame_000169_dark1,4,3,2,1,0.6,0.75
GP020400_frame_000169_dark2,4,3,3,1,0.5,0.75
GP020400_frame_000169_overexposure1,4,4,3,0,0.5714,1.0
GP020400_frame_000169_overexposure2,4,3,2,1,0.6,0.75
GP020400_frame_000176_ref,3,3,4,0,0.4286,1.0
GP020400_frame_000176_rain1,3,3,5,0,0.375,1.0
GP020400_frame_000176_rain2,3,2,2,1,0.5,0.6667
GP020400_frame_000176_rain3,3,1,1,2,0.5,0.3333
GP020400_frame_000176_blur1,3,3,4,0,0.4286,1.0
GP020400_frame_000176_blur2,3,2,1,1,0.6667,0.6667
GP020400_frame_000176_blur3,3,1,0,2,1.0,0.3333
GP020400_frame_000176_blur4,3,0,0,3,0.0,0.0
GP020400_frame_000176_noise1,3,3,2,0,0.6,1.0
GP020400_frame_000176_noise2,3,2,1,1,0.6667,0.6667
GP020400_frame_000176_noise3,3,2,1,1,0.6667,0.6667
GP020400_frame_000176_dark1,3,3,3,0,0.5,1.0
GP020400_frame_000176_dark2,3,2,0,1,1.0,0.6667
GP020400_frame_000176_overexposure1,3,3,4,0,0.4286,1.0
GP020400_frame_000176_overexposure2,3,1,4,2,0.2,0.3333
GP020400_frame_000183_ref,1,1,6,0,0.1429,1.0
GP020400_frame_000183_rain1,1,1,6,0,0.1429,1.0
GP020400_frame_000183_rain2,1,1,5,0,0.1667,1.0
GP020400_frame_000183_rain3,1,0,0,1,0.0,0.0
GP020400_frame_000183_blur1,1,1,7,0,0.125,1.0
GP020400_frame_000183_blur2,1,1,3,0,0.25,1.0
GP020400_frame_000183_blur3,1,0,1,1,0.0,0.0
GP020400_frame_000183_blur4,1,0,0,1,0.0,0.0
GP020400_frame_000183_noise1,1,1,7,0,0.125,1.0
GP020400_frame_000183_noise2,1,0,2,1,0.0,0.0
GP020400_frame_000183_noise3,1,0,0,1,0.0,0.0
GP020400_frame_000183_dark1,1,1,6,0,0.1429,1.0
GP020400_frame_000183_dark2,1,1,3,0,0.25,1.0
GP020400_frame_000183_overexposure1,1,1,5,0,0.1667,1.0
GP020400_frame_000183_overexposure2,1,1,5,0,0.1667,1.0
GP020400_frame_000188_ref,5,4,3,1,0.5714,0.8
GP020400_frame_000188_rain1,5,4,2,1,0.6667,0.8
GP020400_frame_000188_rain2,5,4,3,1,0.5714,0.8
GP020400_frame_000188_rain3,5,4,0,1,1.0,0.8
GP020400_frame_000188_blur1,5,4,3,1,0.5714,0.8
GP020400_frame_000188_blur2,5,4,2,1,0.6667,0.8
GP020400_frame_000188_blur3,5,3,1,2,0.75,0.6
GP020400_frame_000188_blur4,5,3,1,2,0.75,0.6
GP020400_frame_000188_noise1,5,4,4,1,0.5,0.8
GP020400_frame_000188_noise2,5,5,1,0,0.8333,1.0
GP020400_frame_000188_noise3,5,3,0,2,1.0,0.6
GP020400_frame_000188_dark1,5,4,3,1,0.5714,0.8
GP020400_frame_000188_dark2,5,4,1,1,0.8,0.8
GP020400_frame_000188_overexposure1,5,4,3,1,0.5714,0.8
GP020400_frame_000188_overexposure2,5,3,4,2,0.4286,0.6
GP020400_frame_000193_ref,12,10,6,2,0.625,0.8333
GP020400_frame_000193_rain1,12,11,5,1,0.6875,0.9167
GP020400_frame_000193_rain2,12,9,3,3,0.75,0.75
GP020400_frame_000193_rain3,12,5,1,7,0.8333,0.4167
GP020400_frame_000193_blur1,12,10,4,2,0.7143,0.8333
GP020400_frame_000193_blur2,12,8,2,4,0.8,0.6667
GP020400_frame_000193_blur3,12,3,1,9,0.75,0.25
GP020400_frame_000193_blur4,12,1,0,11,1.0,0.0833
GP020400_frame_000193_noise1,12,9,6,3,0.6,0.75
GP020400_frame_000193_noise2,12,8,1,4,0.8889,0.6667
GP020400_frame_000193_noise3,12,2,0,10,1.0,0.1667
GP020400_frame_000193_dark1,12,11,7,1,0.6111,0.9167
GP020400_frame_000193_dark2,12,10,5,2,0.6667,0.8333
GP020400_frame_000193_overexposure1,12,9,5,3,0.6429,0.75
GP020400_frame_000193_overexposure2,12,5,2,7,0.7143,0.4167
GP020400_frame_000198_ref,9,8,11,1,0.4211,0.8889
GP020400_frame_000198_rain1,9,8,6,1,0.5714,0.8889
GP020400_frame_000198_rain2,9,4,4,5,0.5,0.4444
GP020400_frame_000198_rain3,9,2,2,7,0.5,0.2222
GP020400_frame_000198_blur1,9,7,9,2,0.4375,0.7778
GP020400_frame_000198_blur2,9,4,5,5,0.4444,0.4444
GP020400_frame_000198_blur3,9,3,2,6,0.6,0.3333
GP020400_frame_000198_blur4,9,2,2,7,0.5,0.2222
GP020400_frame_000198_noise1,9,7,11,2,0.3889,0.7778
GP020400_frame_000198_noise2,9,4,4,5,0.5,0.4444
GP020400_frame_000198_noise3,9,0,1,9,0.0,0.0
GP020400_frame_000198_dark1,9,7,8,2,0.4667,0.7778
GP020400_frame_000198_dark2,9,5,7,4,0.4167,0.5556
GP020400_frame_000198_overexposure1,9,8,10,1,0.4444,0.8889
GP020400_frame_000198_overexposure2,9,7,7,2,0.5,0.7778
GP020400_frame_000203_ref,6,6,4,0,0.6,1.0
GP020400_frame_000203_rain1,6,5,2,1,0.7143,0.8333
GP020400_frame_000203_rain2,6,4,1,2,0.8,0.6667
GP020400_frame_000203_rain3,6,1,0,5,1.0,0.1667
GP020400_frame_000203_blur1,6,5,4,1,0.5556,0.8333
GP020400_frame_000203_blur2,6,5,2,1,0.7143,0.8333
GP020400_frame_000203_blur3,6,5,0,1,1.0,0.8333
GP020400_frame_000203_blur4,6,0,1,6,0.0,0.0
GP020400_frame_000203_noise1,6,4,4,2,0.5,0.6667
GP020400_frame_000203_noise2,6,3,4,3,0.4286,0.5
GP020400_frame_000203_noise3,6,2,1,4,0.6667,0.3333
GP020400_frame_000203_dark1,6,5,2,1,0.7143,0.8333
GP020400_frame_000203_dark2,6,4,2,2,0.6667,0.6667
GP020400_frame_000203_overexposure1,6,5,4,1,0.5556,0.8333
GP020400_frame_000203_overexposure2,6,5,3,1,0.625,0.8333
GP020400_frame_000209_ref,5,4,1,1,0.8,0.8
GP020400_frame_000209_rain1,5,4,3,1,0.5714,0.8
GP020400_frame_000209_rain2,5,1,2,4,0.3333,0.2
GP020400_frame_000209_rain3,5,0,0,5,0.0,0.0
GP020400_frame_000209_blur1,5,4,3,1,0.5714,0.8
GP020400_frame_000209_blur2,5,3,3,2,0.5,0.6
GP020400_frame_000209_blur3,5,1,0,4,1.0,0.2
GP020400_frame_000209_blur4,5,0,0,5,0.0,0.0
GP020400_frame_000209_noise1,5,3,1,2,0.75,0.6
GP020400_frame_000209_noise2,5,1,0,4,1.0,0.2
GP020400_frame_000209_noise3,5,1,0,4,1.0,0.2
GP020400_frame_000209_dark1,5,4,2,1,0.6667,0.8
GP020400_frame_000209_dark2,5,3,2,2,0.6,0.6
GP020400_frame_000209_overexposure1,5,4,1,1,0.8,0.8
GP020400_frame_000209_overexposure2,5,3,5,2,0.375,0.6
GP020400_frame_000215_ref,5,5,1,0,0.8333,1.0
GP020400_frame_000215_rain1,5,5,2,0,0.7143,1.0
GP020400_frame_000215_rain2,5,5,1,0,0.8333,1.0
GP020400_frame_000215_rain3,5,1,0,4,1.0,0.2
GP020400_frame_000215_blur1,5,5,1,0,0.8333,1.0
GP020400_frame_000215_blur2,5,5,1,0,0.8333,1.0
GP020400_frame_000215_blur3,5,5,0,0,1.0,1.0
GP020400_frame_000215_blur4,5,1,0,4,1.0,0.2
GP020400_frame_000215_noise1,5,5,3,0,0.625,1.0
GP020400_frame_000215_noise2,5,5,2,0,0.7143,1.0
GP020400_frame_000215_noise3,5,1,0,4,1.0,0.2
GP020400_frame_000215_dark1,5,5,2,0,0.7143,1.0
GP020400_frame_000215_dark2,5,5,1,0,0.8333,1.0
GP020400_frame_000215_overexposure1,5,5,2,0,0.7143,1.0
GP020400_frame_000215_overexposure2,5,5,1,0,0.8333,1.0
GP020400_frame_000221_ref,1,1,2,0,0.3333,1.0
GP020400_frame_000221_rain1,1,1,1,0,0.5,1.0
GP020400_frame_000221_rain2,1,1,2,0,0.3333,1.0
GP020400_frame_000221_rain3,1,0,0,1,0.0,0.0
GP020400_frame_000221_blur1,1,1,1,0,0.5,1.0
GP020400_frame_000221_blur2,1,1,1,0,0.5,1.0
GP020400_frame_000221_blur3,1,0,1,1,0.0,0.0
GP020400_frame_000221_blur4,1,0,0,1,0.0,0.0
GP020400_frame_000221_noise1,1,1,2,0,0.3333,1.0
GP020400_frame_000221_noise2,1,1,3,0,0.25,1.0
GP020400_frame_000221_noise3,1,0,0,1,0.0,0.0
GP020400_frame_000221_dark1,1,1,1,0,0.5,1.0
GP020400_frame_000221_dark2,1,1,2,0,0.3333,1.0
GP020400_frame_000221_overexposure1,1,1,1,0,0.5,1.0
GP020400_frame_000221_overexposure2,1,1,2,0,0.3333,1.0
GP020400_frame_000233_ref,1,1,1,0,0.5,1.0
GP020400_frame_000233_rain1,1,1,1,0,0.5,1.0
GP020400_frame_000233_rain2,1,0,1,1,0.0,0.0
GP020400_frame_000233_rain3,1,0,1,1,0.0,0.0
GP020400_frame_000233_blur1,1,1,1,0,0.5,1.0
GP020400_frame_000233_blur2,1,0,2,1,0.0,0.0
GP020400_frame_000233_blur3,1,0,1,1,0.0,0.0
GP020400_frame_000233_blur4,1,0,0,1,0.0,0.0
GP020400_frame_000233_noise1,1,1,0,0,1.0,1.0
GP020400_frame_000233_noise2,1,0,0,1,0.0,0.0
GP020400_frame_000233_noise3,1,0,0,1,0.0,0.0
GP020400_frame_000233_dark1,1,1,2,0,0.3333,1.0
GP020400_frame_000233_dark2,1,0,1,1,0.0,0.0
GP020400_frame_000233_overexposure1,1,1,2,0,0.3333,1.0
GP020400_frame_000233_overexposure2,1,1,2,0,0.3333,1.0
GP020400_frame_000239_ref,7,7,6,0,0.5385,1.0
GP020400_frame_000239_rain1,7,7,5,0,0.5833,1.0
GP020400_frame_000239_rain2,7,2,2,5,0.5,0.2857
GP020400_frame_000239_rain3,7,0,0,7,0.0,0.0
GP020400_frame_000239_blur1,7,7,3,0,0.7,1.0
GP020400_frame_000239_blur2,7,5,2,2,0.7143,0.7143
GP020400_frame_000239_blur3,7,4,0,3,1.0,0.5714
GP020400_frame_000239_blur4,7,0,1,7,0.0,0.0
GP020400_frame_000239_noise1,7,5,1,2,0.8333,0.7143
GP020400_frame_000239_noise2,7,2,2,5,0.5,0.2857
GP020400_frame_000239_noise3,7,0,0,7,0.0,0.0
GP020400_frame_000239_dark1,7,6,5,1,0.5455,0.8571
GP020400_frame_000239_dark2,7,3,1,4,0.75,0.4286
GP020400_frame_000239_overexposure1,7,7,5,0,0.5833,1.0
GP020400_frame_000239_overexposure2,7,7,2,0,0.7778,1.0
GP020400_frame_000259_ref,11,11,6,0,0.6471,1.0
GP020400_frame_000259_rain1,11,8,2,3,0.8,0.7273
GP020400_frame_000259_rain2,11,5,2,6,0.7143,0.4545
GP020400_frame_000259_rain3,11,1,0,10,1.0,0.0909
GP020400_frame_000259_blur1,11,9,2,2,0.8182,0.8182
GP020400_frame_000259_blur2,11,8,2,3,0.8,0.7273
GP020400_frame_000259_blur3,11,4,2,7,0.6667,0.3636
GP020400_frame_000259_blur4,11,1,1,10,0.5,0.0909
GP020400_frame_000259_noise1,11,10,2,1,0.8333,0.9091
GP020400_frame_000259_noise2,11,6,2,5,0.75,0.5455
GP020400_frame_000259_noise3,11,3,1,8,0.75,0.2727
GP020400_frame_000259_dark1,11,10,4,1,0.7143,0.9091
GP020400_frame_000259_dark2,11,6,1,5,0.8571,0.5455
GP020400_frame_000259_overexposure1,11,11,4,0,0.7333,1.0
GP020400_frame_000259_overexposure2,11,9,8,2,0.5294,0.8182
GP020400_frame_000299_ref,4,4,1,0,0.8,1.0
GP020400_frame_000299_rain1,4,4,1,0,0.8,1.0
GP020400_frame_000299_rain2,4,3,2,1,0.6,0.75
GP020400_frame_000299_rain3,4,2,0,2,1.0,0.5
GP020400_frame_000299_blur1,4,3,2,1,0.6,0.75
GP020400_frame_000299_blur2,4,3,2,1,0.6,0.75
GP020400_frame_000299_blur3,4,2,0,2,1.0,0.5
GP020400_frame_000299_blur4,4,0,0,4,0.0,0.0
GP020400_frame_000299_noise1,4,4,2,0,0.6667,1.0
GP020400_frame_000299_noise2,4,2,3,2,0.4,0.5
GP020400_frame_000299_noise3,4,1,2,3,0.3333,0.25
GP020400_frame_000299_dark1,4,3,2,1,0.6,0.75
GP020400_frame_000299_dark2,4,3,1,1,0.75,0.75
GP020400_frame_000299_overexposure1,4,1,3,3,0.25,0.25
GP020400_frame_000299_overexposure2,4,0,0,4,0.0,0.0
GP020400_frame_000305_ref,5,5,3,0,0.625,1.0
GP020400_frame_000305_rain1,5,5,1,0,0.8333,1.0
GP020400_frame_000305_rain2,5,3,1,2,0.75,0.6
GP020400_frame_000305_rain3,5,3,1,2,0.75,0.6
GP020400_frame_000305_blur1,5,5,1,0,0.8333,1.0
GP020400_frame_000305_blur2,5,4,0,1,1.0,0.8
GP020400_frame_000305_blur3,5,3,2,2,0.6,0.6
GP020400_frame_000305_blur4,5,3,4,2,0.4286,0.6
GP020400_frame_000305_noise1,5,4,1,1,0.8,0.8
GP020400_frame_000305_noise2,5,4,1,1,0.8,0.8
GP020400_frame_000305_noise3,5,3,2,2,0.6,0.6
GP020400_frame_000305_dark1,5,4,1,1,0.8,0.8
GP020400_frame_000305_dark2,5,4,1,1,0.8,0.8
GP020400_frame_000305_overexposure1,5,5,3,0,0.625,1.0
GP020400_frame_000305_overexposure2,5,5,2,0,0.7143,1.0
GP020400_frame_000325_ref,5,4,5,1,0.4444,0.8
GP020400_frame_000325_rain1,5,4,2,1,0.6667,0.8
GP020400_frame_000325_rain2,5,1,3,4,0.25,0.2
GP020400_frame_000325_rain3,5,0,3,5,0.0,0.0
GP020400_frame_000325_blur1,5,3,2,2,0.6,0.6
GP020400_frame_000325_blur2,5,1,0,4,1.0,0.2
GP020400_frame_000325_blur3,5,0,1,5,0.0,0.0
GP020400_frame_000325_blur4,5,0,0,5,0.0,0.0
GP020400_frame_000325_noise1,5,3,2,2,0.6,0.6
GP020400_frame_000325_noise2,5,1,2,4,0.3333,0.2
GP020400_frame_000325_noise3,5,0,0,5,0.0,0.0
GP020400_frame_000325_dark1,5,1,3,4,0.25,0.2
GP020400_frame_000325_dark2,5,1,0,4,1.0,0.2
GP020400_frame_000325_overexposure1,5,3,4,2,0.4286,0.6
GP020400_frame_000325_overexposure2,5,2,3,3,0.4,0.4
GP020400_frame_000345_ref,5,4,5,1,0.4444,0.8
GP020400_frame_000345_rain1,5,4,3,1,0.5714,0.8
GP020400_frame_000345_rain2,5,1,0,4,1.0,0.2
GP020400_frame_000345_rain3,5,0,0,5,0.0,0.0
GP020400_frame_000345_blur1,5,3,2,2,0.6,0.6
GP020400_frame_000345_blur2,5,1,0,4,1.0,0.2
GP020400_frame_000345_blur3,5,0,1,5,0.0,0.0
GP020400_frame_000345_blur4,5,0,0,5,0.0,0.0
GP020400_frame_000345_noise1,5,3,2,2,0.6,0.6
GP020400_frame_000345_noise2,5,0,0,5,0.0,0.0
GP020400_frame_000345_noise3,5,0,0,5,0.0,0.0
GP020400_frame_000345_dark1,5,1,3,4,0.25,0.2
GP020400_frame_000345_dark2,5,1,0,4,1.0,0.2
GP020400_frame_000345_overexposure1,5,3,4,2,0.4286,0.6
GP020400_frame_000345_overexposure2,5,2,3,3,0.4,0.4
GP020400_frame_000365_ref,4,4,1,0,0.8,1.0
GP020400_frame_000365_rain1,4,4,0,0,1.0,1.0
GP020400_frame_000365_rain2,4,3,0,1,1.0,0.75
GP020400_frame_000365_rain3,4,1,0,3,1.0,0.25
GP020400_frame_000365_blur1,4,4,1,0,0.8,1.0
GP020400_frame_000365_blur2,4,3,1,1,0.75,0.75
GP020400_frame_000365_blur3,4,2,0,2,1.0,0.5
GP020400_frame_000365_blur4,4,0,0,4,0.0,0.0
GP020400_frame_000365_noise1,4,4,0,0,1.0,1.0
GP020400_frame_000365_noise2,4,3,1,1,0.75,0.75
GP020400_frame_000365_noise3,4,0,0,4,0.0,0.0
GP020400_frame_000365_dark1,4,4,1,0,0.8,1.0
GP020400_frame_000365_dark2,4,3,0,1,1.0,0.75
GP020400_frame_000365_overexposure1,4,4,1,0,0.8,1.0
GP020400_frame_000365_overexposure2,4,3,3,1,0.5,0.75
GP020400_frame_000374_ref,2,2,3,0,0.4,1.0
GP020400_frame_000374_rain1,2,2,2,0,0.5,1.0
GP020400_frame_000374_rain2,2,2,0,0,1.0,1.0
GP020400_frame_000374_rain3,2,0,0,2,0.0,0.0
GP020400_frame_000374_blur1,2,2,2,0,0.5,1.0
GP020400_frame_000374_blur2,2,2,1,0,0.6667,1.0
GP020400_frame_000374_blur3,2,2,1,0,0.6667,1.0
GP020400_frame_000374_blur4,2,0,0,2,0.0,0.0
GP020400_frame_000374_noise1,2,2,2,0,0.5,1.0
GP020400_frame_000374_noise2,2,0,0,2,0.0,0.0
GP020400_frame_000374_noise3,2,0,0,2,0.0,0.0
GP020400_frame_000374_dark1,2,2,2,0,0.5,1.0
GP020400_frame_000374_dark2,2,2,1,0,0.6667,1.0
GP020400_frame_000374_overexposure1,2,2,3,0,0.4,1.0
GP020400_frame_000374_overexposure2,2,2,6,0,0.25,1.0
GP020400_frame_000388_ref,4,3,2,1,0.6,0.75
GP020400_frame_000388_rain1,4,3,3,1,0.5,0.75
GP020400_frame_000388_rain2,4,3,1,1,0.75,0.75
GP020400_frame_000388_rain3,4,2,2,2,0.5,0.5
GP020400_frame_000388_blur1,4,3,3,1,0.5,0.75
GP020400_frame_000388_blur2,4,3,2,1,0.6,0.75
GP020400_frame_000388_blur3,4,2,1,2,0.6667,0.5
GP020400_frame_000388_blur4,4,2,0,2,1.0,0.5
GP020400_frame_000388_noise1,4,3,3,1,0.5,0.75
GP020400_frame_000388_noise2,4,3,1,1,0.75,0.75
GP020400_frame_000388_noise3,4,2,1,2,0.6667,0.5
GP020400_frame_000388_dark1,4,3,3,1,0.5,0.75
GP020400_frame_000388_dark2,4,3,2,1,0.6,0.75
GP020400_frame_000388_overexposure1,4,3,2,1,0.6,0.75
GP020400_frame_000388_overexposure2,4,3,4,1,0.4286,0.75
GP020400_frame_000394_ref,10,10,5,0,0.6667,1.0
GP020400_frame_000394_rain1,10,9,2,1,0.8182,0.9
GP020400_frame_000394_rain2,10,7,3,3,0.7,0.7
GP020400_frame_000394_rain3,10,1,0,9,1.0,0.1
GP020400_frame_000394_blur1,10,9,2,1,0.8182,0.9
GP020400_frame_000394_blur2,10,9,1,1,0.9,0.9
GP020400_frame_000394_blur3,10,6,0,4,1.0,0.6
GP020400_frame_000394_blur4,10,3,0,7,1.0,0.3
GP020400_frame_000394_noise1,10,9,3,1,0.75,0.9
GP020400_frame_000394_noise2,10,6,0,4,1.0,0.6
GP020400_frame_000394_noise3,10,0,0,10,0.0,0.0
GP020400_frame_000394_dark1,10,9,0,1,1.0,0.9
GP020400_frame_000394_dark2,10,7,1,3,0.875,0.7
GP020400_frame_000394_overexposure1,10,10,4,0,0.7143,1.0
GP020400_frame_000394_overexposure2,10,10,5,0,0.6667,1.0
GP020400_frame_000400_ref,8,8,6,0,0.5714,1.0
GP020400_frame_000400_rain1,8,8,5,0,0.6154,1.0
GP020400_frame_000400_rain2,8,4,1,4,0.8,0.5
GP020400_frame_000400_rain3,8,0,0,8,0.0,0.0
GP020400_frame_000400_blur1,8,6,4,2,0.6,0.75
GP020400_frame_000400_blur2,8,4,1,4,0.8,0.5
GP020400_frame_000400_blur3,8,4,1,4,0.8,0.5
GP020400_frame_000400_blur4,8,2,0,6,1.0,0.25
GP020400_frame_000400_noise1,8,7,4,1,0.6364,0.875
GP020400_frame_000400_noise2,8,4,3,4,0.5714,0.5
GP020400_frame_000400_noise3,8,0,0,8,0.0,0.0
GP020400_frame_000400_dark1,8,7,4,1,0.6364,0.875
GP020400_frame_000400_dark2,8,4,1,4,0.8,0.5
GP020400_frame_000400_overexposure1,8,8,5,0,0.6154,1.0
GP020400_frame_000400_overexposure2,8,8,4,0,0.6667,1.0
GP020400_frame_000406_ref,8,7,0,1,1.0,0.875
GP020400_frame_000406_rain1,8,7,0,1,1.0,0.875
GP020400_frame_000406_rain2,8,7,1,1,0.875,0.875
GP020400_frame_000406_rain3,8,2,0,6,1.0,0.25
GP020400_frame_000406_blur1,8,7,1,1,0.875,0.875
GP020400_frame_000406_blur2,8,7,2,1,0.7778,0.875
GP020400_frame_000406_blur3,8,7,0,1,1.0,0.875
GP020400_frame_000406_blur4,8,1,0,7,1.0,0.125
GP020400_frame_000406_noise1,8,7,2,1,0.7778,0.875
GP020400_frame_000406_noise2,8,7,1,1,0.875,0.875
GP020400_frame_000406_noise3,8,0,0,8,0.0,0.0
GP020400_frame_000406_dark1,8,7,0,1,1.0,0.875
GP020400_frame_000406_dark2,8,7,0,1,1.0,0.875
GP020400_frame_000406_overexposure1,8,7,0,1,1.0,0.875
GP020400_frame_000406_overexposure2,8,7,0,1,1.0,0.875
GP020400_frame_000412_ref,1,1,7,0,0.125,1.0
GP020400_frame_000412_rain1,1,1,5,0,0.1667,1.0
GP020400_frame_000412_rain2,1,1,1,0,0.5,1.0
GP020400_frame_000412_rain3,1,1,0,0,1.0,1.0
GP020400_frame_000412_blur1,1,1,5,0,0.1667,1.0
GP020400_frame_000412_blur2,1,1,4,0,0.2,1.0
GP020400_frame_000412_blur3,1,1,1,0,0.5,1.0
GP020400_frame_000412_blur4,1,0,0,1,0.0,0.0
GP020400_frame_000412_noise1,1,1,4,0,0.2,1.0
GP020400_frame_000412_noise2,1,1,3,0,0.25,1.0
GP020400_frame_000412_noise3,1,0,0,1,0.0,0.0
GP020400_frame_000412_dark1,1,1,3,0,0.25,1.0
GP020400_frame_000412_dark2,1,1,3,0,0.25,1.0
GP020400_frame_000412_overexposure1,1,1,6,0,0.1429,1.0
GP020400_frame_000412_overexposure2,1,1,7,0,0.125,1.0
GP020400_frame_000418_ref,5,4,3,1,0.5714,0.8
GP020400_frame_000418_rain1,5,4,4,1,0.5,0.8
GP020400_frame_000418_rain2,5,3,0,2,1.0,0.6
GP020400_frame_000418_rain3,5,1,1,4,0.5,0.2
GP020400_frame_000418_blur1,5,5,3,0,0.625,1.0
GP020400_frame_000418_blur2,5,5,3,0,0.625,1.0
GP020400_frame_000418_blur3,5,3,1,2,0.75,0.6
GP020400_frame_000418_blur4,5,1,0,4,1.0,0.2
GP020400_frame_000418_noise1,5,5,4,0,0.5556,1.0
GP020400_frame_000418_noise2,5,4,1,1,0.8,0.8
GP020400_frame_000418_noise3,5,1,0,4,1.0,0.2
GP020400_frame_000418_dark1,5,4,4,1,0.5,0.8
GP020400_frame_000418_dark2,5,3,2,2,0.6,0.6
GP020400_frame_000418_overexposure1,5,4,2,1,0.6667,0.8
GP020400_frame_000418_overexposure2,5,4,1,1,0.8,0.8
GP020400_frame_000424_ref,4,4,0,0,1.0,1.0
GP020400_frame_000424_rain1,4,4,1,0,0.8,1.0
GP020400_frame_000424_rain2,4,2,1,2,0.6667,0.5
GP020400_frame_000424_rain3,4,1,0,3,1.0,0.25
GP020400_frame_000424_blur1,4,3,0,1,1.0,0.75
GP020400_frame_000424_blur2,4,2,1,2,0.6667,0.5
GP020400_frame_000424_blur3,4,2,0,2,1.0,0.5
GP020400_frame_000424_blur4,4,1,0,3,1.0,0.25
GP020400_frame_000424_noise1,4,4,1,0,0.8,1.0
GP020400_frame_000424_noise2,4,3,1,1,0.75,0.75
GP020400_frame_000424_noise3,4,1,0,3,1.0,0.25
GP020400_frame_000424_dark1,4,4,1,0,0.8,1.0
GP020400_frame_000424_dark2,4,3,1,1,0.75,0.75
GP020400_frame_000424_overexposure1,4,4,0,0,1.0,1.0
GP020400_frame_000424_overexposure2,4,3,0,1,1.0,0.75
GP020400_frame_000429_ref,1,1,1,0,0.5,1.0
GP020400_frame_000429_rain1,1,0,1,1,0.0,0.0
GP020400_frame_000429_rain2,1,0,1,1,0.0,0.0
GP020400_frame_000429_rain3,1,0,0,1,0.0,0.0
GP020400_frame_000429_blur1,1,0,1,1,0.0,0.0
GP020400_frame_000429_blur2,1,0,1,1,0.0,0.0
GP020400_frame_000429_blur3,1,0,0,1,0.0,0.0
GP020400_frame_000429_blur4,1,0,0,1,0.0,0.0
GP020400_frame_000429_noise1,1,1,0,0,1.0,1.0
GP020400_frame_000429_noise2,1,0,0,1,0.0,0.0
GP020400_frame_000429_noise3,1,0,0,1,0.0,0.0
GP020400_frame_000429_dark1,1,0,2,1,0.0,0.0
GP020400_frame_000429_dark2,1,1,3,0,0.25,1.0
GP020400_frame_000429_overexposure1,1,0,0,1,0.0,0.0
GP020400_frame_000429_overexposure2,1,0,0,1,0.0,0.0
GP020400_frame_000434_ref,1,1,3,0,0.25,1.0
GP020400_frame_000434_rain1,1,1,2,0,0.3333,1.0
GP020400_frame_000434_rain2,1,0,1,1,0.0,0.0
GP020400_frame_000434_rain3,1,0,0,1,0.0,0.0
GP020400_frame_000434_blur1,1,1,1,0,0.5,1.0
GP020400_frame_000434_blur2,1,0,1,1,0.0,0.0
GP020400_frame_000434_blur3,1,0,1,1,0.0,0.0
GP020400_frame_000434_blur4,1,0,0,1,0.0,0.0
GP020400_frame_000434_noise1,1,0,1,1,0.0,0.0
GP020400_frame_000434_noise2,1,0,2,1,0.0,0.0
GP020400_frame_000434_noise3,1,0,0,1,0.0,0.0
GP020400_frame_000434_dark1,1,1,2,0,0.3333,1.0
GP020400_frame_000434_dark2,1,0,2,1,0.0,0.0
GP020400_frame_000434_overexposure1,1,0,3,1,0.0,0.0
GP020400_frame_000434_overexposure2,1,0,2,1,0.0,0.0
GP020400_frame_000440_ref,0,0,3,0,0.0,
GP020400_frame_000440_rain1,0,0,2,0,0.0,
GP020400_frame_000440_rain2,0,0,0,0,0.0,
GP020400_frame_000440_rain3,0,0,0,0,0.0,
GP020400_frame_000440_blur1,0,0,2,0,0.0,
GP020400_frame_000440_blur2,0,0,0,0,0.0,
GP020400_frame_000440_blur3,0,0,0,0,0.0,
GP020400_frame_000440_blur4,0,0,0,0,0.0,
GP020400_frame_000440_noise1,0,0,2,0,0.0,
GP020400_frame_000440_noise2,0,0,0,0,0.0,
GP020400_frame_000440_noise3,0,0,0,0,0.0,
GP020400_frame_000440_dark1,0,0,2,0,0.0,
GP020400_frame_000440_dark2,0,0,0,0,0.0,
GP020400_frame_000440_overexposure1,0,0,3,0,0.0,
GP020400_frame_000440_overexposure2,0,0,6,0,0.0,
GP020400_frame_000453_ref,9,7,7,2,0.5,0.7778
GP020400_frame_000453_rain1,9,8,7,1,0.5333,0.8889
GP020400_frame_000453_rain2,9,3,2,6,0.6,0.3333
GP020400_frame_000453_rain3,9,0,0,9,0.0,0.0
GP020400_frame_000453_blur1,9,7,6,2,0.5385,0.7778
GP020400_frame_000453_blur2,9,6,4,3,0.6,0.6667
GP020400_frame_000453_blur3,9,4,3,5,0.5714,0.4444
GP020400_frame_000453_blur4,9,4,2,5,0.6667,0.4444
GP020400_frame_000453_noise1,9,8,5,1,0.6154,0.8889
GP020400_frame_000453_noise2,9,5,1,4,0.8333,0.5556
GP020400_frame_000453_noise3,9,1,1,8,0.5,0.1111
GP020400_frame_000453_dark1,9,7,6,2,0.5385,0.7778
GP020400_frame_000453_dark2,9,5,2,4,0.7143,0.5556
GP020400_frame_000453_overexposure1,9,8,5,1,0.6154,0.8889
GP020400_frame_000453_overexposure2,9,6,5,3,0.5455,0.6667
GP020400_frame_000460_ref,8,8,4,0,0.6667,1.0
GP020400_frame_000460_rain1,8,8,5,0,0.6154,1.0
GP020400_frame_000460_rain2,8,4,4,4,0.5,0.5
GP020400_frame_000460_rain3,8,2,0,6,1.0,0.25
GP020400_frame_000460_blur1,8,7,2,1,0.7778,0.875
GP020400_frame_000460_blur2,8,5,6,3,0.4545,0.625
GP020400_frame_000460_blur3,8,4,0,4,1.0,0.5
GP020400_frame_000460_blur4,8,2,0,6,1.0,0.25
GP020400_frame_000460_noise1,8,7,5,1,0.5833,0.875
GP020400_frame_000460_noise2,8,4,0,4,1.0,0.5
GP020400_frame_000460_noise3,8,1,1,7,0.5,0.125
GP020400_frame_000460_dark1,8,8,5,0,0.6154,1.0
GP020400_frame_000460_dark2,8,6,3,2,0.6667,0.75
GP020400_frame_000460_overexposure1,8,7,4,1,0.6364,0.875
GP020400_frame_000460_overexposure2,8,4,4,4,0.5,0.5
GP020400_frame_000467_ref,13,11,6,2,0.6471,0.8462
GP020400_frame_000467_rain1,13,10,6,3,0.625,0.7692
GP020400_frame_000467_rain2,13,8,2,5,0.8,0.6154
GP020400_frame_000467_rain3,13,3,0,10,1.0,0.2308
GP020400_frame_000467_blur1,13,10,5,3,0.6667,0.7692
GP020400_frame_000467_blur2,13,11,4,2,0.7333,0.8462
GP020400_frame_000467_blur3,13,8,3,5,0.7273,0.6154
GP020400_frame_000467_blur4,13,4,1,9,0.8,0.3077
GP020400_frame_000467_noise1,13,12,1,1,0.9231,0.9231
GP020400_frame_000467_noise2,13,9,1,4,0.9,0.6923
GP020400_frame_000467_noise3,13,3,0,10,1.0,0.2308
GP020400_frame_000467_dark1,13,12,3,1,0.8,0.9231
GP020400_frame_000467_dark2,13,9,3,4,0.75,0.6923
GP020400_frame_000467_overexposure1,13,12,5,1,0.7059,0.9231
GP020400_frame_000467_overexposure2,13,11,7,2,0.6111,0.8462
GP020400_frame_000474_ref,3,2,2,1,0.5,0.6667
GP020400_frame_000474_rain1,3,2,1,1,0.6667,0.6667
GP020400_frame_000474_rain2,3,1,2,2,0.3333,0.3333
GP020400_frame_000474_rain3,3,0,0,3,0.0,0.0
GP020400_frame_000474_blur1,3,2,1,1,0.6667,0.6667
GP020400_frame_000474_blur2,3,2,1,1,0.6667,0.6667
GP020400_frame_000474_blur3,3,1,0,2,1.0,0.3333
GP020400_frame_000474_blur4,3,1,0,2,1.0,0.3333
GP020400_frame_000474_noise1,3,1,1,2,0.5,0.3333
GP020400_frame_000474_noise2,3,1,0,2,1.0,0.3333
GP020400_frame_000474_noise3,3,0,0,3,0.0,0.0
GP020400_frame_000474_dark1,3,2,1,1,0.6667,0.6667
GP020400_frame_000474_dark2,3,1,1,2,0.5,0.3333
GP020400_frame_000474_overexposure1,3,2,2,1,0.5,0.6667
GP020400_frame_000474_overexposure2,3,3,2,0,0.6,1.0
GP020400_frame_000480_ref,5,4,4,1,0.5,0.8
GP020400_frame_000480_rain1,5,4,4,1,0.5,0.8
GP020400_frame_000480_rain2,5,1,1,4,0.5,0.2
GP020400_frame_000480_rain3,5,0,0,5,0.0,0.0
GP020400_frame_000480_blur1,5,4,3,1,0.5714,0.8
GP020400_frame_000480_blur2,5,2,2,3,0.5,0.4
GP020400_frame_000480_blur3,5,1,1,4,0.5,0.2
GP020400_frame_000480_blur4,5,0,1,5,0.0,0.0
GP020400_frame_000480_noise1,5,3,2,2,0.6,0.6
GP020400_frame_000480_noise2,5,1,1,4,0.5,0.2
GP020400_frame_000480_noise3,5,0,1,5,0.0,0.0
GP020400_frame_000480_dark1,5,4,7,1,0.3636,0.8
GP020400_frame_000480_dark2,5,1,4,4,0.2,0.2
GP020400_frame_000480_overexposure1,5,4,3,1,0.5714,0.8
GP020400_frame_000480_overexposure2,5,3,3,2,0.5,0.6
GP020400_frame_000491_ref,1,1,3,0,0.25,1.0
GP020400_frame_000491_rain1,1,1,2,0,0.3333,1.0
GP020400_frame_000491_rain2,1,1,2,0,0.3333,1.0
GP020400_frame_000491_rain3,1,1,0,0,1.0,1.0
GP020400_frame_000491_blur1,1,1,2,0,0.3333,1.0
GP020400_frame_000491_blur2,1,1,1,0,0.5,1.0
GP020400_frame_000491_blur3,1,1,1,0,0.5,1.0
GP020400_frame_000491_blur4,1,0,0,1,0.0,0.0
GP020400_frame_000491_noise1,1,1,1,0,0.5,1.0
GP020400_frame_000491_noise2,1,1,1,0,0.5,1.0
GP020400_frame_000491_noise3,1,0,0,1,0.0,0.0
GP020400_frame_000491_dark1,1,1,2,0,0.3333,1.0
GP020400_frame_000491_dark2,1,1,1,0,0.5,1.0
GP020400_frame_000491_overexposure1,1,1,1,0,0.5,1.0
GP020400_frame_000491_overexposure2,1,1,1,0,0.5,1.0
GP020400_frame_000496_ref,1,1,0,0,1.0,1.0
GP020400_frame_000496_rain1,1,1,0,0,1.0,1.0
GP020400_frame_000496_rain2,1,0,0,1,0.0,0.0
GP020400_frame_000496_rain3,1,0,0,1,0.0,0.0
GP020400_frame_000496_blur1,1,1,0,0,1.0,1.0
GP020400_frame_000496_blur2,1,1,0,0,1.0,1.0
GP020400_frame_000496_blur3,1,1,0,0,1.0,1.0
GP020400_frame_000496_blur4,1,1,0,0,1.0,1.0
GP020400_frame_000496_noise1,1,1,1,0,0.5,1.0
GP020400_frame_000496_noise2,1,1,0,0,1.0,1.0
GP020400_frame_000496_noise3,1,0,0,1,0.0,0.0
GP020400_frame_000496_dark1,1,1,1,0,0.5,1.0
GP020400_frame_000496_dark2,1,1,0,0,1.0,1.0
GP020400_frame_000496_overexposure1,1,1,0,0,1.0,1.0
GP020400_frame_000496_overexposure2,1,1,0,0,1.0,1.0
GP020400_frame_000501_ref,0,0,1,0,0.0,
GP020400_frame_000501_rain1,0,0,1,0,0.0,
GP020400_frame_000501_rain2,0,0,1,0,0.0,
GP020400_frame_000501_rain3,0,0,0,0,0.0,
GP020400_frame_000501_blur1,0,0,1,0,0.0,
GP020400_frame_000501_blur2,0,0,1,0,0.0,
GP020400_frame_000501_blur3,0,0,0,0,0.0,
GP020400_frame_000501_blur4,0,0,0,0,0.0,
GP020400_frame_000501_noise1,0,0,1,0,0.0,
GP020400_frame_000501_noise2,0,0,0,0,0.0,
GP020400_frame_000501_noise3,0,0,0,0,0.0,
GP020400_frame_000501_dark1,0,0,1,0,0.0,
GP020400_frame_000501_dark2,0,0,1,0,0.0,
GP020400_frame_000501_overexposure1,0,0,2,0,0.0,
GP020400_frame_000501_overexposure2,0,0,2,0,0.0,
GP020400_frame_000507_ref,1,1,2,0,0.3333,1.0
GP020400_frame_000507_rain1,1,0,1,1,0.0,0.0
GP020400_frame_000507_rain2,1,0,0,1,0.0,0.0
GP020400_frame_000507_rain3,1,0,0,1,0.0,0.0
GP020400_frame_000507_blur1,1,0,1,1,0.0,0.0
GP020400_frame_000507_blur2,1,0,0,1,0.0,0.0
GP020400_frame_000507_blur3,1,0,0,1,0.0,0.0
GP020400_frame_000507_blur4,1,0,0,1,0.0,0.0
GP020400_frame_000507_noise1,1,1,2,0,0.3333,1.0
GP020400_frame_000507_noise2,1,0,0,1,0.0,0.0
GP020400_frame_000507_noise3,1,0,0,1,0.0,0.0
GP020400_frame_000507_dark1,1,1,1,0,0.5,1.0
GP020400_frame_000507_dark2,1,0,1,1,0.0,0.0
GP020400_frame_000507_overexposure1,1,1,2,0,0.3333,1.0
GP020400_frame_000507_overexposure2,1,0,2,1,0.0,0.0
GP020400_frame_000515_ref,2,2,2,0,0.5,1.0
GP020400_frame_000515_rain1,2,2,0,0,1.0,1.0
GP020400_frame_000515_rain2,2,2,1,0,0.6667,1.0
GP020400_frame_000515_rain3,2,0,0,2,0.0,0.0
GP020400_frame_000515_blur1,2,2,0,0,1.0,1.0
GP020400_frame_000515_blur2,2,2,0,0,1.0,1.0
GP020400_frame_000515_blur3,2,1,0,1,1.0,0.5
GP020400_frame_000515_blur4,2,1,0,1,1.0,0.5
GP020400_frame_000515_noise1,2,1,1,1,0.5,0.5
GP020400_frame_000515_noise2,2,2,0,0,1.0,1.0
GP020400_frame_000515_noise3,2,1,0,1,1.0,0.5
GP020400_frame_000515_dark1,2,2,1,0,0.6667,1.0
GP020400_frame_000515_dark2,2,2,1,0,0.6667,1.0
GP020400_frame_000515_overexposure1,2,2,2,0,0.5,1.0
GP020400_frame_000515_overexposure2,2,1,0,1,1.0,0.5
GP020400_frame_000522_ref,8,8,1,0,0.8889,1.0
GP020400_frame_000522_rain1,8,7,1,1,0.875,0.875
GP020400_frame_000522_rain2,8,7,2,1,0.7778,0.875
GP020400_frame_000522_rain3,8,3,0,5,1.0,0.375
GP020400_frame_000522_blur1,8,8,2,0,0.8,1.0
GP020400_frame_000522_blur2,8,6,3,2,0.6667,0.75
GP020400_frame_000522_blur3,8,6,1,2,0.8571,0.75
GP020400_frame_000522_blur4,8,1,0,7,1.0,0.125
GP020400_frame_000522_noise1,8,7,1,1,0.875,0.875
GP020400_frame_000522_noise2,8,5,2,3,0.7143,0.625
GP020400_frame_000522_noise3,8,1,0,7,1.0,0.125
GP020400_frame_000522_dark1,8,7,1,1,0.875,0.875
GP020400_frame_000522_dark2,8,7,1,1,0.875,0.875
GP020400_frame_000522_overexposure1,8,8,2,0,0.8,1.0
GP020400_frame_000522_overexposure2,8,3,0,5,1.0,0.375
GP020400_frame_000529_ref,1,1,3,0,0.25,1.0
GP020400_frame_000529_rain1,1,1,1,0,0.5,1.0
GP020400_frame_000529_rain2,1,1,1,0,0.5,1.0
GP020400_frame_000529_rain3,1,0,0,1,0.0,0.0
GP020400_frame_000529_blur1,1,1,2,0,0.3333,1.0
GP020400_frame_000529_blur2,1,1,1,0,0.5,1.0
GP020400_frame_000529_blur3,1,1,1,0,0.5,1.0
GP020400_frame_000529_blur4,1,0,0,1,0.0,0.0
GP020400_frame_000529_noise1,1,1,2,0,0.3333,1.0
GP020400_frame_000529_noise2,1,1,0,0,1.0,1.0
GP020400_frame_000529_noise3,1,0,0,1,0.0,0.0
GP020400_frame_000529_dark1,1,1,2,0,0.3333,1.0
GP020400_frame_000529_dark2,1,1,1,0,0.5,1.0
GP020400_frame_000529_overexposure1,1,1,1,0,0.5,1.0
GP020400_frame_000529_overexposure2,1,1,1,0,0.5,1.0
GP020400_frame_000536_ref,0,0,2,0,0.0,
GP020400_frame_000536_rain1,0,0,1,0,0.0,
GP020400_frame_000536_rain2,0,0,0,0,0.0,
GP020400_frame_000536_rain3,0,0,0,0,0.0,
GP020400_frame_000536_blur1,0,0,1,0,0.0,
GP020400_frame_000536_blur2,0,0,0,0,0.0,
GP020400_frame_000536_blur3,0,0,0,0,0.0,
GP020400_frame_000536_blur4,0,0,0,0,0.0,
GP020400_frame_000536_noise1,0,0,1,0,0.0,
GP020400_frame_000536_noise2,0,0,0,0,0.0,
GP020400_frame_000536_noise3,0,0,0,0,0.0,
GP020400_frame_000536_dark1,0,0,1,0,0.0,
GP020400_frame_000536_dark2,0,0,0,0,0.0,
GP020400_frame_000536_overexposure1,0,0,2,0,0.0,
GP020400_frame_000536_overexposure2,0,0,3,0,0.0,
GP020400_frame_000544_ref,2,2,1,0,0.6667,1.0
GP020400_frame_000544_rain1,2,2,1,0,0.6667,1.0
GP020400_frame_000544_rain2,2,2,0,0,1.0,1.0
GP020400_frame_000544_rain3,2,0,0,2,0.0,0.0
GP020400_frame_000544_blur1,2,2,1,0,0.6667,1.0
GP020400_frame_000544_blur2,2,2,1,0,0.6667,1.0
GP020400_frame_000544_blur3,2,0,1,2,0.0,0.0
GP020400_frame_000544_blur4,2,0,0,2,0.0,0.0
GP020400_frame_000544_noise1,2,2,1,0,0.6667,1.0
GP020400_frame_000544_noise2,2,1,0,1,1.0,0.5
GP020400_frame_000544_noise3,2,0,0,2,0.0,0.0
GP020400_frame_000544_dark1,2,2,1,0,0.6667,1.0
GP020400_frame_000544_dark2,2,1,0,1,1.0,0.5
GP020400_frame_000544_overexposure1,2,2,1,0,0.6667,1.0
GP020400_frame_000544_overexposure2,2,2,6,0,0.25,1.0
GP020400_frame_000551_ref,0,0,5,0,0.0,
GP020400_frame_000551_rain1,0,0,3,0,0.0,
GP020400_frame_000551_rain2,0,0,1,0,0.0,
GP020400_frame_000551_rain3,0,0,0,0,0.0,
GP020400_frame_000551_blur1,0,0,3,0,0.0,
GP020400_frame_000551_blur2,0,0,1,0,0.0,
GP020400_frame_000551_blur3,0,0,1,0,0.0,
GP020400_frame_000551_blur4,0,0,0,0,0.0,
GP020400_frame_000551_noise1,0,0,3,0,0.0,
GP020400_frame_000551_noise2,0,0,0,0,0.0,
GP020400_frame_000551_noise3,0,0,0,0,0.0,
GP020400_frame_000551_dark1,0,0,3,0,0.0,
GP020400_frame_000551_dark2,0,0,2,0,0.0,
GP020400_frame_000551_overexposure1,0,0,4,0,0.0,
GP020400_frame_000551_overexposure2,0,0,2,0,0.0,
GP020400_frame_000557_ref,4,4,6,0,0.4,1.0
GP020400_frame_000557_rain1,4,3,4,1,0.4286,0.75
GP020400_frame_000557_rain2,4,2,3,2,0.4,0.5
GP020400_frame_000557_rain3,4,1,0,3,1.0,0.25
GP020400_frame_000557_blur1,4,3,4,1,0.4286,0.75
GP020400_frame_000557_blur2,4,3,2,1,0.6,0.75
GP020400_frame_000557_blur3,4,2,2,2,0.5,0.5
GP020400_frame_000557_blur4,4,0,0,4,0.0,0.0
GP020400_frame_000557_noise1,4,4,7,0,0.3636,1.0
GP020400_frame_000557_noise2,4,2,2,2,0.5,0.5
GP020400_frame_000557_noise3,4,1,0,3,1.0,0.25
GP020400_frame_000557_dark1,4,4,5,0,0.4444,1.0
GP020400_frame_000557_dark2,4,3,6,1,0.3333,0.75
GP020400_frame_000557_overexposure1,4,4,6,0,0.4,1.0
GP020400_frame_000557_overexposure2,4,3,5,1,0.375,0.75
GP020400_frame_000570_ref,2,1,1,1,0.5,0.5
GP020400_frame_000570_rain1,2,1,1,1,0.5,0.5
GP020400_frame_000570_rain2,2,1,1,1,0.5,0.5
GP020400_frame_000570_rain3,2,0,0,2,0.0,0.0
GP020400_frame_000570_blur1,2,1,1,1,0.5,0.5
GP020400_frame_000570_blur2,2,1,1,1,0.5,0.5
GP020400_frame_000570_blur3,2,1,0,1,1.0,0.5
GP020400_frame_000570_blur4,2,0,0,2,0.0,0.0
GP020400_frame_000570_noise1,2,1,1,1,0.5,0.5
GP020400_frame_000570_noise2,2,1,1,1,0.5,0.5
GP020400_frame_000570_noise3,2,1,0,1,1.0,0.5
GP020400_frame_000570_dark1,2,1,1,1,0.5,0.5
GP020400_frame_000570_dark2,2,1,1,1,0.5,0.5
GP020400_frame_000570_overexposure1,2,1,1,1,0.5,0.5
GP020400_frame_000570_overexposure2,2,0,0,2,0.0,0.0
GP020400_frame_000577_ref,1,1,0,0,1.0,1.0
GP020400_frame_000577_rain1,1,1,0,0,1.0,1.0
GP020400_frame_000577_rain2,1,1,0,0,1.0,1.0
GP020400_frame_000577_rain3,1,0,0,1,0.0,0.0
GP020400_frame_000577_blur1,1,1,0,0,1.0,1.0
GP020400_frame_000577_blur2,1,1,0,0,1.0,1.0
GP020400_frame_000577_blur3,1,1,1,0,0.5,1.0
GP020400_frame_000577_blur4,1,0,0,1,0.0,0.0
GP020400_frame_000577_noise1,1,1,0,0,1.0,1.0
GP020400_frame_000577_noise2,1,1,0,0,1.0,1.0
GP020400_frame_000577_noise3,1,1,0,0,1.0,1.0
GP020400_frame_000577_dark1,1,1,0,0,1.0,1.0
GP020400_frame_000577_dark2,1,1,0,0,1.0,1.0
GP020400_frame_000577_overexposure1,1,1,0,0,1.0,1.0
GP020400_frame_000577_overexposure2,1,1,0,0,1.0,1.0
GP020400_frame_000583_ref,2,2,0,0,1.0,1.0
GP020400_frame_000583_rain1,2,2,1,0,0.6667,1.0
GP020400_frame_000583_rain2,2,1,1,1,0.5,0.5
GP020400_frame_000583_rain3,2,2,0,0,1.0,1.0
GP020400_frame_000583_blur1,2,2,1,0,0.6667,1.0
GP020400_frame_000583_blur2,2,2,1,0,0.6667,1.0
GP020400_frame_000583_blur3,2,2,0,0,1.0,1.0
GP020400_frame_000583_blur4,2,0,0,2,0.0,0.0
GP020400_frame_000583_noise1,2,2,1,0,0.6667,1.0
GP020400_frame_000583_noise2,2,2,0,0,1.0,1.0
GP020400_frame_000583_noise3,2,2,0,0,1.0,1.0
GP020400_frame_000583_dark1,2,2,1,0,0.6667,1.0
GP020400_frame_000583_dark2,2,2,1,0,0.6667,1.0
GP020400_frame_000583_overexposure1,2,2,0,0,1.0,1.0
GP020400_frame_000583_overexposure2,2,2,0,0,1.0,1.0
GP020400_frame_000589_ref,2,2,1,0,0.6667,1.0
GP020400_frame_000589_rain1,2,2,2,0,0.5,1.0
GP020400_frame_000589_rain2,2,1,0,1,1.0,0.5
GP020400_frame_000589_rain3,2,1,0,1,1.0,0.5
GP020400_frame_000589_blur1,2,2,1,0,0.6667,1.0
GP020400_frame_000589_blur2,2,2,0,0,1.0,1.0
GP020400_frame_000589_blur3,2,2,0,0,1.0,1.0
GP020400_frame_000589_blur4,2,1,0,1,1.0,0.5
GP020400_frame_000589_noise1,2,2,2,0,0.5,1.0
GP020400_frame_000589_noise2,2,2,0,0,1.0,1.0
GP020400_frame_000589_noise3,2,1,0,1,1.0,0.5
GP020400_frame_000589_dark1,2,2,1,0,0.6667,1.0
GP020400_frame_000589_dark2,2,2,0,0,1.0,1.0
GP020400_frame_000589_overexposure1,2,2,0,0,1.0,1.0
GP020400_frame_000589_overexposure2,2,2,0,0,1.0,1.0
GP020400_frame_000595_ref,1,1,3,0,0.25,1.0
GP020400_frame_000595_rain1,1,1,4,0,0.2,1.0
GP020400_frame_000595_rain2,1,1,2,0,0.3333,1.0
GP020400_frame_000595_rain3,1,1,0,0,1.0,1.0
GP020400_frame_000595_blur1,1,1,3,0,0.25,1.0
GP020400_frame_000595_blur2,1,1,0,0,1.0,1.0
GP020400_frame_000595_blur3,1,1,0,0,1.0,1.0
GP020400_frame_000595_blur4,1,0,0,1,0.0,0.0
GP020400_frame_000595_noise1,1,1,2,0,0.3333,1.0
GP020400_frame_000595_noise2,1,1,2,0,0.3333,1.0
GP020400_frame_000595_noise3,1,1,0,0,1.0,1.0
GP020400_frame_000595_dark1,1,1,3,0,0.25,1.0
GP020400_frame_000595_dark2,1,1,1,0,0.5,1.0
GP020400_frame_000595_overexposure1,1,1,4,0,0.2,1.0
GP020400_frame_000595_overexposure2,1,1,1,0,0.5,1.0
GP020400_frame_000601_ref,4,4,2,0,0.6667,1.0
GP020400_frame_000601_rain1,4,4,2,0,0.6667,1.0
GP020400_frame_000601_rain2,4,3,2,1,0.6,0.75
GP020400_frame_000601_rain3,4,2,0,2,1.0,0.5
GP020400_frame_000601_blur1,4,4,1,0,0.8,1.0
GP020400_frame_000601_blur2,4,4,0,0,1.0,1.0
GP020400_frame_000601_blur3,4,4,2,0,0.6667,1.0
GP020400_frame_000601_blur4,4,2,0,2,1.0,0.5
GP020400_frame_000601_noise1,4,4,2,0,0.6667,1.0
GP020400_frame_000601_noise2,4,4,1,0,0.8,1.0
GP020400_frame_000601_noise3,4,2,0,2,1.0,0.5
GP020400_frame_000601_dark1,4,4,1,0,0.8,1.0
GP020400_frame_000601_dark2,4,4,3,0,0.5714,1.0
GP020400_frame_000601_overexposure1,4,4,0,0,1.0,1.0
GP020400_frame_000601_overexposure2,4,4,0,0,1.0,1.0
GP020400_frame_000607_ref,3,3,4,0,0.4286,1.0
GP020400_frame_000607_rain1,3,3,2,0,0.6,1.0
GP020400_frame_000607_rain2,3,2,2,1,0.5,0.6667
GP020400_frame_000607_rain3,3,3,0,0,1.0,1.0
GP020400_frame_000607_blur1,3,3,3,0,0.5,1.0
GP020400_frame_000607_blur2,3,3,1,0,0.75,1.0
GP020400_frame_000607_blur3,3,3,0,0,1.0,1.0
GP020400_frame_000607_blur4,3,2,0,1,1.0,0.6667
GP020400_frame_000607_noise1,3,3,4,0,0.4286,1.0
GP020400_frame_000607_noise2,3,2,1,1,0.6667,0.6667
GP020400_frame_000607_noise3,3,2,0,1,1.0,0.6667
GP020400_frame_000607_dark1,3,3,4,0,0.4286,1.0
GP020400_frame_000607_dark2,3,2,1,1,0.6667,0.6667
GP020400_frame_000607_overexposure1,3,3,4,0,0.4286,1.0
GP020400_frame_000607_overexposure2,3,3,4,0,0.4286,1.0
GP020400_frame_000613_ref,5,5,4,0,0.5556,1.0
GP020400_frame_000613_rain1,5,4,4,1,0.5,0.8
GP020400_frame_000613_rain2,5,2,6,3,0.25,0.4
GP020400_frame_000613_rain3,5,2,2,3,0.5,0.4
GP020400_frame_000613_blur1,5,4,4,1,0.5,0.8
GP020400_frame_000613_blur2,5,2,7,3,0.2222,0.4
GP020400_frame_000613_blur3,5,2,4,3,0.3333,0.4
GP020400_frame_000613_blur4,5,1,0,4,1.0,0.2
GP020400_frame_000613_noise1,5,3,5,2,0.375,0.6
GP020400_frame_000613_noise2,5,2,4,3,0.3333,0.4
GP020400_frame_000613_noise3,5,1,0,4,1.0,0.2
GP020400_frame_000613_dark1,5,5,4,0,0.5556,1.0
GP020400_frame_000613_dark2,5,2,3,3,0.4,0.4
GP020400_frame_000613_overexposure1,5,3,4,2,0.4286,0.6
GP020400_frame_000613_overexposure2,5,3,9,2,0.25,0.6
GP020400_frame_000619_ref,8,8,5,0,0.6154,1.0
GP020400_frame_000619_rain1,8,8,7,0,0.5333,1.0
GP020400_frame_000619_rain2,8,6,1,2,0.8571,0.75
GP020400_frame_000619_rain3,8,3,2,5,0.6,0.375
GP020400_frame_000619_blur1,8,7,3,1,0.7,0.875
GP020400_frame_000619_blur2,8,8,2,0,0.8,1.0
GP020400_frame_000619_blur3,8,8,1,0,0.8889,1.0
GP020400_frame_000619_blur4,8,0,4,8,0.0,0.0
GP020400_frame_000619_noise1,8,8,3,0,0.7273,1.0
GP020400_frame_000619_noise2,8,6,2,2,0.75,0.75
GP020400_frame_000619_noise3,8,3,2,5,0.6,0.375
GP020400_frame_000619_dark1,8,8,2,0,0.8,1.0
GP020400_frame_000619_dark2,8,7,3,1,0.7,0.875
GP020400_frame_000619_overexposure1,8,8,7,0,0.5333,1.0
GP020400_frame_000619_overexposure2,8,8,5,0,0.6154,1.0
GP020400_frame_000625_ref,4,4,4,0,0.5,1.0
GP020400_frame_000625_rain1,4,4,4,0,0.5,1.0
GP020400_frame_000625_rain2,4,2,5,2,0.2857,0.5
GP020400_frame_000625_rain3,4,0,0,4,0.0,0.0
GP020400_frame_000625_blur1,4,4,3,0,0.5714,1.0
GP020400_frame_000625_blur2,4,4,4,0,0.5,1.0
GP020400_frame_000625_blur3,4,3,3,1,0.5,0.75
GP020400_frame_000625_blur4,4,0,0,4,0.0,0.0
GP020400_frame_000625_noise1,4,4,4,0,0.5,1.0
GP020400_frame_000625_noise2,4,2,2,2,0.5,0.5
GP020400_frame_000625_noise3,4,1,0,3,1.0,0.25
GP020400_frame_000625_dark1,4,4,4,0,0.5,1.0
GP020400_frame_000625_dark2,4,3,2,1,0.6,0.75
GP020400_frame_000625_overexposure1,4,4,6,0,0.4,1.0
GP020400_frame_000625_overexposure2,4,4,5,0,0.4444,1.0
GP020400_frame_000631_ref,5,4,2,1,0.6667,0.8
GP020400_frame_000631_rain1,5,5,3,0,0.625,1.0
GP020400_frame_000631_rain2,5,4,0,1,1.0,0.8
GP020400_frame_000631_rain3,5,1,0,4,1.0,0.2
GP020400_frame_000631_blur1,5,4,3,1,0.5714,0.8
GP020400_frame_000631_blur2,5,4,4,1,0.5,0.8
GP020400_frame_000631_blur3,5,2,0,3,1.0,0.4
GP020400_frame_000631_blur4,5,0,0,5,0.0,0.0
GP020400_frame_000631_noise1,5,5,1,0,0.8333,1.0
GP020400_frame_000631_noise2,5,1,2,4,0.3333,0.2
GP020400_frame_000631_noise3,5,1,0,4,1.0,0.2
GP020400_frame_000631_dark1,5,5,1,0,0.8333,1.0
GP020400_frame_000631_dark2,5,4,1,1,0.8,0.8
GP020400_frame_000631_overexposure1,5,4,2,1,0.6667,0.8
GP020400_frame_000631_overexposure2,5,4,1,1,0.8,0.8
GP020400_frame_000640_ref,3,3,1,0,0.75,1.0
GP020400_frame_000640_rain1,3,3,1,0,0.75,1.0
GP020400_frame_000640_rain2,3,2,2,1,0.5,0.6667
GP020400_frame_000640_rain3,3,0,0,3,0.0,0.0
GP020400_frame_000640_blur1,3,3,1,0,0.75,1.0
GP020400_frame_000640_blur2,3,3,1,0,0.75,1.0
GP020400_frame_000640_blur3,3,3,1,0,0.75,1.0
GP020400_frame_000640_blur4,3,0,0,3,0.0,0.0
GP020400_frame_000640_noise1,3,3,1,0,0.75,1.0
GP020400_frame_000640_noise2,3,3,2,0,0.6,1.0
GP020400_frame_000640_noise3,3,0,0,3,0.0,0.0
GP020400_frame_000640_dark1,3,3,1,0,0.75,1.0
GP020400_frame_000640_dark2,3,3,1,0,0.75,1.0
GP020400_frame_000640_overexposure1,3,3,1,0,0.75,1.0
GP020400_frame_000640_overexposure2,3,2,2,1,0.5,0.6667
GP020400_frame_000656_ref,3,3,3,0,0.5,1.0
GP020400_frame_000656_rain1,3,3,2,0,0.6,1.0
GP020400_frame_000656_rain2,3,3,1,0,0.75,1.0
GP020400_frame_000656_rain3,3,1,0,2,1.0,0.3333
GP020400_frame_000656_blur1,3,3,1,0,0.75,1.0
GP020400_frame_000656_blur2,3,3,2,0,0.6,1.0
GP020400_frame_000656_blur3,3,2,0,1,1.0,0.6667
GP020400_frame_000656_blur4,3,0,0,3,0.0,0.0
GP020400_frame_000656_noise1,3,3,2,0,0.6,1.0
GP020400_frame_000656_noise2,3,3,1,0,0.75,1.0
GP020400_frame_000656_noise3,3,1,0,2,1.0,0.3333
GP020400_frame_000656_dark1,3,3,1,0,0.75,1.0
GP020400_frame_000656_dark2,3,3,3,0,0.5,1.0
GP020400_frame_000656_overexposure1,3,3,3,0,0.5,1.0
GP020400_frame_000656_overexposure2,3,3,2,0,0.6,1.0
GP020400_frame_000661_ref,4,3,4,1,0.4286,0.75
GP020400_frame_000661_rain1,4,3,4,1,0.4286,0.75
GP020400_frame_000661_rain2,4,2,1,2,0.6667,0.5
GP020400_frame_000661_rain3,4,0,0,4,0.0,0.0
GP020400_frame_000661_blur1,4,3,5,1,0.375,0.75
GP020400_frame_000661_blur2,4,3,1,1,0.75,0.75
GP020400_frame_000661_blur3,4,3,0,1,1.0,0.75
GP020400_frame_000661_blur4,4,0,0,4,0.0,0.0
GP020400_frame_000661_noise1,4,2,3,2,0.4,0.5
GP020400_frame_000661_noise2,4,1,0,3,1.0,0.25
GP020400_frame_000661_noise3,4,0,0,4,0.0,0.0
GP020400_frame_000661_dark1,4,3,4,1,0.4286,0.75
GP020400_frame_000661_dark2,4,2,2,2,0.5,0.5
GP020400_frame_000661_overexposure1,4,3,5,1,0.375,0.75
GP020400_frame_000661_overexposure2,4,3,7,1,0.3,0.75
GP020400_frame_000666_ref,5,4,4,1,0.5,0.8
GP020400_frame_000666_rain1,5,4,4,1,0.5,0.8
GP020400_frame_000666_rain2,5,2,0,3,1.0,0.4
GP020400_frame_000666_rain3,5,1,0,4,1.0,0.2
GP020400_frame_000666_blur1,5,4,2,1,0.6667,0.8
GP020400_frame_000666_blur2,5,4,1,1,0.8,0.8
GP020400_frame_000666_blur3,5,4,1,1,0.8,0.8
GP020400_frame_000666_blur4,5,1,0,4,1.0,0.2
GP020400_frame_000666_noise1,5,4,3,1,0.5714,0.8
GP020400_frame_000666_noise2,5,1,2,4,0.3333,0.2
GP020400_frame_000666_noise3,5,1,1,4,0.5,0.2
GP020400_frame_000666_dark1,5,4,2,1,0.6667,0.8
GP020400_frame_000666_dark2,5,1,1,4,0.5,0.2
GP020400_frame_000666_overexposure1,5,4,4,1,0.5,0.8
GP020400_frame_000666_overexposure2,5,4,4,1,0.5,0.8
GP020400_frame_000671_ref,7,5,7,2,0.4167,0.7143
GP020400_frame_000671_rain1,7,6,6,1,0.5,0.8571
GP020400_frame_000671_rain2,7,4,4,3,0.5,0.5714
GP020400_frame_000671_rain3,7,1,0,6,1.0,0.1429
GP020400_frame_000671_blur1,7,6,8,1,0.4286,0.8571
GP020400_frame_000671_blur2,7,3,4,4,0.4286,0.4286
GP020400_frame_000671_blur3,7,3,3,4,0.5,0.4286
GP020400_frame_000671_blur4,7,1,0,6,1.0,0.1429
GP020400_frame_000671_noise1,7,5,8,2,0.3846,0.7143
GP020400_frame_000671_noise2,7,3,3,4,0.5,0.4286
GP020400_frame_000671_noise3,7,0,0,7,0.0,0.0
GP020400_frame_000671_dark1,7,5,7,2,0.4167,0.7143
GP020400_frame_000671_dark2,7,3,5,4,0.375,0.4286
GP020400_frame_000671_overexposure1,7,5,6,2,0.4545,0.7143
GP020400_frame_000671_overexposure2,7,6,6,1,0.5,0.8571
GP020400_frame_000676_ref,5,5,3,0,0.625,1.0
GP020400_frame_000676_rain1,5,5,3,0,0.625,1.0
GP020400_frame_000676_rain2,5,4,4,1,0.5,0.8
GP020400_frame_000676_rain3,5,2,2,3,0.5,0.4
GP020400_frame_000676_blur1,5,5,3,0,0.625,1.0
GP020400_frame_000676_blur2,5,5,4,0,0.5556,1.0
GP020400_frame_000676_blur3,5,3,2,2,0.6,0.6
GP020400_frame_000676_blur4,5,2,0,3,1.0,0.4
GP020400_frame_000676_noise1,5,5,3,0,0.625,1.0
GP020400_frame_000676_noise2,5,3,4,2,0.4286,0.6
GP020400_frame_000676_noise3,5,1,0,4,1.0,0.2
GP020400_frame_000676_dark1,5,5,4,0,0.5556,1.0
GP020400_frame_000676_dark2,5,5,4,0,0.5556,1.0
GP020400_frame_000676_overexposure1,5,5,4,0,0.5556,1.0
GP020400_frame_000676_overexposure2,5,5,4,0,0.5556,1.0
GP020400_frame_000682_ref,5,5,1,0,0.8333,1.0
GP020400_frame_000682_rain1,5,4,1,1,0.8,0.8
GP020400_frame_000682_rain2,5,1,0,4,1.0,0.2
GP020400_frame_000682_rain3,5,0,0,5,0.0,0.0
GP020400_frame_000682_blur1,5,4,1,1,0.8,0.8
GP020400_frame_000682_blur2,5,5,1,0,0.8333,1.0
GP020400_frame_000682_blur3,5,3,0,2,1.0,0.6
GP020400_frame_000682_blur4,5,1,0,4,1.0,0.2
GP020400_frame_000682_noise1,5,4,1,1,0.8,0.8
GP020400_frame_000682_noise2,5,2,1,3,0.6667,0.4
GP020400_frame_000682_noise3,5,0,0,5,0.0,0.0
GP020400_frame_000682_dark1,5,5,1,0,0.8333,1.0
GP020400_frame_000682_dark2,5,3,0,2,1.0,0.6
GP020400_frame_000682_overexposure1,5,5,1,0,0.8333,1.0
GP020400_frame_000682_overexposure2,5,4,1,1,0.8,0.8
GP020400_frame_000687_ref,2,2,5,0,0.2857,1.0
GP020400_frame_000687_rain1,2,2,2,0,0.5,1.0
GP020400_frame_000687_rain2,2,1,1,1,0.5,0.5
GP020400_frame_000687_rain3,2,0,1,2,0.0,0.0
GP020400_frame_000687_blur1,2,2,2,0,0.5,1.0
GP020400_frame_000687_blur2,2,2,1,0,0.6667,1.0
GP020400_frame_000687_blur3,2,2,0,0,1.0,1.0
GP020400_frame_000687_blur4,2,0,0,2,0.0,0.0
GP020400_frame_000687_noise1,2,2,4,0,0.3333,1.0
GP020400_frame_000687_noise2,2,1,1,1,0.5,0.5
GP020400_frame_000687_noise3,2,0,1,2,0.0,0.0
GP020400_frame_000687_dark1,2,2,2,0,0.5,1.0
GP020400_frame_000687_dark2,2,2,2,0,0.5,1.0
GP020400_frame_000687_overexposure1,2,2,3,0,0.4,1.0
GP020400_frame_000687_overexposure2,2,1,4,1,0.2,0.5
GP020400_frame_000692_ref,2,1,6,1,0.1429,0.5
GP020400_frame_000692_rain1,2,2,5,0,0.2857,1.0
GP020400_frame_000692_rain2,2,1,5,1,0.1667,0.5
GP020400_frame_000692_rain3,2,1,1,1,0.5,0.5
GP020400_frame_000692_blur1,2,1,4,1,0.2,0.5
GP020400_frame_000692_blur2,2,2,3,0,0.4,1.0
GP020400_frame_000692_blur3,2,2,0,0,1.0,1.0
GP020400_frame_000692_blur4,2,1,0,1,1.0,0.5
GP020400_frame_000692_noise1,2,2,3,0,0.4,1.0
GP020400_frame_000692_noise2,2,1,4,1,0.2,0.5
GP020400_frame_000692_noise3,2,0,2,2,0.0,0.0
GP020400_frame_000692_dark1,2,2,4,0,0.3333,1.0
GP020400_frame_000692_dark2,2,1,2,1,0.3333,0.5
GP020400_frame_000692_overexposure1,2,1,5,1,0.1667,0.5
GP020400_frame_000692_overexposure2,2,2,5,0,0.2857,1.0
GP020400_frame_000697_ref,4,3,3,1,0.5,0.75
GP020400_frame_000697_rain1,4,3,4,1,0.4286,0.75
GP020400_frame_000697_rain2,4,2,3,2,0.4,0.5
GP020400_frame_000697_rain3,4,0,0,4,0.0,0.0
GP020400_frame_000697_blur1,4,3,4,1,0.4286,0.75
GP020400_frame_000697_blur2,4,4,2,0,0.6667,1.0
GP020400_frame_000697_blur3,4,3,1,1,0.75,0.75
GP020400_frame_000697_blur4,4,1,0,3,1.0,0.25
GP020400_frame_000697_noise1,4,4,2,0,0.6667,1.0
GP020400_frame_000697_noise2,4,4,1,0,0.8,1.0
GP020400_frame_000697_noise3,4,1,0,3,1.0,0.25
GP020400_frame_000697_dark1,4,4,3,0,0.5714,1.0
GP020400_frame_000697_dark2,4,4,2,0,0.6667,1.0
GP020400_frame_000697_overexposure1,4,3,3,1,0.5,0.75
GP020400_frame_000697_overexposure2,4,3,2,1,0.6,0.75
GP020400_frame_000702_ref,6,6,5,0,0.5455,1.0
GP020400_frame_000702_rain1,6,6,5,0,0.5455,1.0
GP020400_frame_000702_rain2,6,5,4,1,0.5556,0.8333
GP020400_frame_000702_rain3,6,4,0,2,1.0,0.6667
GP020400_frame_000702_blur1,6,6,5,0,0.5455,1.0
GP020400_frame_000702_blur2,6,5,5,1,0.5,0.8333
GP020400_frame_000702_blur3,6,5,2,1,0.7143,0.8333
GP020400_frame_000702_blur4,6,1,1,5,0.5,0.1667
GP020400_frame_000702_noise1,6,5,4,1,0.5556,0.8333
GP020400_frame_000702_noise2,6,5,3,1,0.625,0.8333
GP020400_frame_000702_noise3,6,2,0,4,1.0,0.3333
GP020400_frame_000702_dark1,6,6,4,0,0.6,1.0
GP020400_frame_000702_dark2,6,5,4,1,0.5556,0.8333
GP020400_frame_000702_overexposure1,6,5,5,1,0.5,0.8333
GP020400_frame_000702_overexposure2,6,5,4,1,0.5556,0.8333
GP020400_frame_000706_ref,5,5,2,0,0.7143,1.0
GP020400_frame_000706_rain1,5,5,2,0,0.7143,1.0
GP020400_frame_000706_rain2,5,3,3,2,0.5,0.6
GP020400_frame_000706_rain3,5,1,0,4,1.0,0.2
GP020400_frame_000706_blur1,5,5,2,0,0.7143,1.0
GP020400_frame_000706_blur2,5,5,3,0,0.625,1.0
GP020400_frame_000706_blur3,5,5,3,0,0.625,1.0
GP020400_frame_000706_blur4,5,0,0,5,0.0,0.0
GP020400_frame_000706_noise1,5,5,2,0,0.7143,1.0
GP020400_frame_000706_noise2,5,2,1,3,0.6667,0.4
GP020400_frame_000706_noise3,5,0,0,5,0.0,0.0
GP020400_frame_000706_dark1,5,5,1,0,0.8333,1.0
GP020400_frame_000706_dark2,5,4,2,1,0.6667,0.8
GP020400_frame_000706_overexposure1,5,5,2,0,0.7143,1.0
GP020400_frame_000706_overexposure2,5,5,1,0,0.8333,1.0
GP020400_frame_000710_ref,5,5,1,0,0.8333,1.0
GP020400_frame_000710_rain1,5,5,3,0,0.625,1.0
GP020400_frame_000710_rain2,5,4,1,1,0.8,0.8
GP020400_frame_000710_rain3,5,2,0,3,1.0,0.4
GP020400_frame_000710_blur1,5,5,1,0,0.8333,1.0
GP020400_frame_000710_blur2,5,5,4,0,0.5556,1.0
GP020400_frame_000710_blur3,5,3,0,2,1.0,0.6
GP020400_frame_000710_blur4,5,1,0,4,1.0,0.2
GP020400_frame_000710_noise1,5,4,2,1,0.6667,0.8
GP020400_frame_000710_noise2,5,3,2,2,0.6,0.6
GP020400_frame_000710_noise3,5,1,0,4,1.0,0.2
GP020400_frame_000710_dark1,5,5,1,0,0.8333,1.0
GP020400_frame_000710_dark2,5,3,0,2,1.0,0.6
GP020400_frame_000710_overexposure1,5,5,1,0,0.8333,1.0
GP020400_frame_000710_overexposure2,5,3,0,2,1.0,0.6
GP020400_frame_000714_ref,5,5,6,0,0.4545,1.0
GP020400_frame_000714_rain1,5,4,4,1,0.5,0.8
GP020400_frame_000714_rain2,5,4,4,1,0.5,0.8
GP020400_frame_000714_rain3,5,1,0,4,1.0,0.2
GP020400_frame_000714_blur1,5,5,5,0,0.5,1.0
GP020400_frame_000714_blur2,5,5,2,0,0.7143,1.0
GP020400_frame_000714_blur3,5,4,1,1,0.8,0.8
GP020400_frame_000714_blur4,5,1,1,4,0.5,0.2
GP020400_frame_000714_noise1,5,4,4,1,0.5,0.8
GP020400_frame_000714_noise2,5,4,3,1,0.5714,0.8
GP020400_frame_000714_noise3,5,2,1,3,0.6667,0.4
GP020400_frame_000714_dark1,5,5,4,0,0.5556,1.0
GP020400_frame_000714_dark2,5,3,3,2,0.5,0.6
GP020400_frame_000714_overexposure1,5,5,5,0,0.5,1.0
GP020400_frame_000714_overexposure2,5,5,4,0,0.5556,1.0
GP020400_frame_000719_ref,3,3,9,0,0.25,1.0
GP020400_frame_000719_rain1,3,3,7,0,0.3,1.0
GP020400_frame_000719_rain2,3,3,2,0,0.6,1.0
GP020400_frame_000719_rain3,3,2,2,1,0.5,0.6667
GP020400_frame_000719_blur1,3,3,6,0,0.3333,1.0
GP020400_frame_000719_blur2,3,3,2,0,0.6,1.0
GP020400_frame_000719_blur3,3,3,0,0,1.0,1.0
GP020400_frame_000719_blur4,3,1,0,2,1.0,0.3333
GP020400_frame_000719_noise1,3,3,8,0,0.2727,1.0
GP020400_frame_000719_noise2,3,3,4,0,0.4286,1.0
GP020400_frame_000719_noise3,3,3,0,0,1.0,1.0
GP020400_frame_000719_dark1,3,3,6,0,0.3333,1.0
GP020400_frame_000719_dark2,3,3,4,0,0.4286,1.0
GP020400_frame_000719_overexposure1,3,3,8,0,0.2727,1.0
GP020400_frame_000719_overexposure2,3,3,5,0,0.375,1.0
GP020400_frame_000728_ref,11,11,5,0,0.6875,1.0
GP020400_frame_000728_rain1,11,11,4,0,0.7333,1.0
GP020400_frame_000728_rain2,11,9,3,2,0.75,0.8182
GP020400_frame_000728_rain3,11,5,2,6,0.7143,0.4545
GP020400_frame_000728_blur1,11,11,4,0,0.7333,1.0
GP020400_frame_000728_blur2,11,10,3,1,0.7692,0.9091
GP020400_frame_000728_blur3,11,8,1,3,0.8889,0.7273
GP020400_frame_000728_blur4,11,4,0,7,1.0,0.3636
GP020400_frame_000728_noise1,11,11,4,0,0.7333,1.0
GP020400_frame_000728_noise2,11,11,2,0,0.8462,1.0
GP020400_frame_000728_noise3,11,4,1,7,0.8,0.3636
GP020400_frame_000728_dark1,11,11,4,0,0.7333,1.0
GP020400_frame_000728_dark2,11,10,4,1,0.7143,0.9091
GP020400_frame_000728_overexposure1,11,11,3,0,0.7857,1.0
GP020400_frame_000728_overexposure2,11,9,2,2,0.8182,0.8182
GP020400_frame_000748_ref,8,8,3,0,0.7273,1.0
GP020400_frame_000748_rain1,8,7,2,1,0.7778,0.875
GP020400_frame_000748_rain2,8,6,2,2,0.75,0.75
GP020400_frame_000748_rain3,8,4,3,4,0.5714,0.5
GP020400_frame_000748_blur1,8,7,1,1,0.875,0.875
GP020400_frame_000748_blur2,8,7,1,1,0.875,0.875
GP020400_frame_000748_blur3,8,6,1,2,0.8571,0.75
GP020400_frame_000748_blur4,8,3,0,5,1.0,0.375
GP020400_frame_000748_noise1,8,8,2,0,0.8,1.0
GP020400_frame_000748_noise2,8,7,1,1,0.875,0.875
GP020400_frame_000748_noise3,8,4,1,4,0.8,0.5
GP020400_frame_000748_dark1,8,8,2,0,0.8,1.0
GP020400_frame_000748_dark2,8,7,1,1,0.875,0.875
GP020400_frame_000748_overexposure1,8,8,1,0,0.8889,1.0
GP020400_frame_000748_overexposure2,8,8,3,0,0.7273,1.0
GP020400_frame_000788_ref,4,4,3,0,0.5714,1.0
GP020400_frame_000788_rain1,4,4,2,0,0.6667,1.0
GP020400_frame_000788_rain2,4,2,1,2,0.6667,0.5
GP020400_frame_000788_rain3,4,1,0,3,1.0,0.25
GP020400_frame_000788_blur1,4,4,1,0,0.8,1.0
GP020400_frame_000788_blur2,4,2,0,2,1.0,0.5
GP020400_frame_000788_blur3,4,1,0,3,1.0,0.25
GP020400_frame_000788_blur4,4,0,1,4,0.0,0.0
GP020400_frame_000788_noise1,4,4,2,0,0.6667,1.0
GP020400_frame_000788_noise2,4,4,1,0,0.8,1.0
GP020400_frame_000788_noise3,4,1,0,3,1.0,0.25
GP020400_frame_000788_dark1,4,4,2,0,0.6667,1.0
GP020400_frame_000788_dark2,4,3,2,1,0.6,0.75
GP020400_frame_000788_overexposure1,4,4,3,0,0.5714,1.0
GP020400_frame_000788_overexposure2,4,1,2,3,0.3333,0.25
GP020400_frame_000794_ref,1,1,1,0,0.5,1.0
GP020400_frame_000794_rain1,1,1,2,0,0.3333,1.0
GP020400_frame_000794_rain2,1,1,1,0,0.5,1.0
GP020400_frame_000794_rain3,1,0,0,1,0.0,0.0
GP020400_frame_000794_blur1,1,1,1,0,0.5,1.0
GP020400_frame_000794_blur2,1,1,1,0,0.5,1.0
GP020400_frame_000794_blur3,1,0,0,1,0.0,0.0
GP020400_frame_000794_blur4,1,0,0,1,0.0,0.0
GP020400_frame_000794_noise1,1,1,3,0,0.25,1.0
GP020400_frame_000794_noise2,1,1,2,0,0.3333,1.0
GP020400_frame_000794_noise3,1,1,0,0,1.0,1.0
GP020400_frame_000794_dark1,1,1,2,0,0.3333,1.0
GP020400_frame_000794_dark2,1,1,2,0,0.3333,1.0
GP020400_frame_000794_overexposure1,1,1,1,0,0.5,1.0
GP020400_frame_000794_overexposure2,1,0,0,1,0.0,0.0
GP020400_frame_000799_ref,3,3,1,0,0.75,1.0
GP020400_frame_000799_rain1,3,3,1,0,0.75,1.0
GP020400_frame_000799_rain2,3,3,1,0,0.75,1.0
GP020400_frame_000799_rain3,3,0,0,3,0.0,0.0
GP020400_frame_000799_blur1,3,3,0,0,1.0,1.0
GP020400_frame_000799_blur2,3,2,0,1,1.0,0.6667
GP020400_frame_000799_blur3,3,3,0,0,1.0,1.0
GP020400_frame_000799_blur4,3,1,0,2,1.0,0.3333
GP020400_frame_000799_noise1,3,3,1,0,0.75,1.0
GP020400_frame_000799_noise2,3,3,0,0,1.0,1.0
GP020400_frame_000799_noise3,3,0,0,3,0.0,0.0
GP020400_frame_000799_dark1,3,3,1,0,0.75,1.0
GP020400_frame_000799_dark2,3,3,2,0,0.6,1.0
GP020400_frame_000799_overexposure1,3,3,1,0,0.75,1.0
GP020400_frame_000799_overexposure2,3,2,2,1,0.5,0.6667
GP020400_frame_000804_ref,0,0,6,0,0.0,
GP020400_frame_000804_rain1,0,0,4,0,0.0,
GP020400_frame_000804_rain2,0,0,1,0,0.0,
GP020400_frame_000804_rain3,0,0,1,0,0.0,
GP020400_frame_000804_blur1,0,0,2,0,0.0,
GP020400_frame_000804_blur2,0,0,1,0,0.0,
GP020400_frame_000804_blur3,0,0,0,0,0.0,
GP020400_frame_000804_blur4,0,0,0,0,0.0,
GP020400_frame_000804_noise1,0,0,4,0,0.0,
GP020400_frame_000804_noise2,0,0,1,0,0.0,
GP020400_frame_000804_noise3,0,0,0,0,0.0,
GP020400_frame_000804_dark1,0,0,2,0,0.0,
GP020400_frame_000804_dark2,0,0,1,0,0.0,
GP020400_frame_000804_overexposure1,0,0,0,0,0.0,
GP020400_frame_000804_overexposure2,0,0,0,0,0.0,
GP020400_frame_000809_ref,5,5,6,0,0.4545,1.0
GP020400_frame_000809_rain1,5,5,4,0,0.5556,1.0
GP020400_frame_000809_rain2,5,5,5,0,0.5,1.0
GP020400_frame_000809_rain3,5,5,0,0,1.0,1.0
GP020400_frame_000809_blur1,5,5,3,0,0.625,1.0
GP020400_frame_000809_blur2,5,5,1,0,0.8333,1.0
GP020400_frame_000809_blur3,5,3,1,2,0.75,0.6
GP020400_frame_000809_blur4,5,2,0,3,1.0,0.4
GP020400_frame_000809_noise1,5,5,5,0,0.5,1.0
GP020400_frame_000809_noise2,5,5,4,0,0.5556,1.0
GP020400_frame_000809_noise3,5,3,1,2,0.75,0.6
GP020400_frame_000809_dark1,5,5,6,0,0.4545,1.0
GP020400_frame_000809_dark2,5,5,2,0,0.7143,1.0
GP020400_frame_000809_overexposure1,5,5,4,0,0.5556,1.0
GP020400_frame_000809_overexposure2,5,5,1,0,0.8333,1.0
GP020400_frame_000814_ref,3,3,2,0,0.6,1.0
GP020400_frame_000814_rain1,3,3,2,0,0.6,1.0
GP020400_frame_000814_rain2,3,3,1,0,0.75,1.0
GP020400_frame_000814_rain3,3,3,1,0,0.75,1.0
GP020400_frame_000814_blur1,3,3,1,0,0.75,1.0
GP020400_frame_000814_blur2,3,3,0,0,1.0,1.0
GP020400_frame_000814_blur3,3,3,0,0,1.0,1.0
GP020400_frame_000814_blur4,3,2,0,1,1.0,0.6667
GP020400_frame_000814_noise1,3,3,1,0,0.75,1.0
GP020400_frame_000814_noise2,3,3,0,0,1.0,1.0
GP020400_frame_000814_noise3,3,2,0,1,1.0,0.6667
GP020400_frame_000814_dark1,3,3,2,0,0.6,1.0
GP020400_frame_000814_dark2,3,3,0,0,1.0,1.0
GP020400_frame_000814_overexposure1,3,3,2,0,0.6,1.0
GP020400_frame_000814_overexposure2,3,3,1,0,0.75,1.0
GP020400_frame_000824_ref,5,5,2,0,0.7143,1.0
GP020400_frame_000824_rain1,5,5,2,0,0.7143,1.0
GP020400_frame_000824_rain2,5,5,1,0,0.8333,1.0
GP020400_frame_000824_rain3,5,3,1,2,0.75,0.6
GP020400_frame_000824_blur1,5,5,2,0,0.7143,1.0
GP020400_frame_000824_blur2,5,5,1,0,0.8333,1.0
GP020400_frame_000824_blur3,5,4,0,1,1.0,0.8
GP020400_frame_000824_blur4,5,3,3,2,0.5,0.6
GP020400_frame_000824_noise1,5,5,1,0,0.8333,1.0
GP020400_frame_000824_noise2,5,5,2,0,0.7143,1.0
GP020400_frame_000824_noise3,5,3,0,2,1.0,0.6
GP020400_frame_000824_dark1,5,5,2,0,0.7143,1.0
GP020400_frame_000824_dark2,5,5,2,0,0.7143,1.0
GP020400_frame_000824_overexposure1,5,5,2,0,0.7143,1.0
GP020400_frame_000824_overexposure2,5,3,3,2,0.5,0.6
GP020400_frame_000829_ref,4,3,4,1,0.4286,0.75
GP020400_frame_000829_rain1,4,3,3,1,0.5,0.75
GP020400_frame_000829_rain2,4,3,0,1,1.0,0.75
GP020400_frame_000829_rain3,4,2,1,2,0.6667,0.5
GP020400_frame_000829_blur1,4,3,3,1,0.5,0.75
GP020400_frame_000829_blur2,4,2,1,2,0.6667,0.5
GP020400_frame_000829_blur3,4,2,0,2,1.0,0.5
GP020400_frame_000829_blur4,4,1,1,3,0.5,0.25
GP020400_frame_000829_noise1,4,4,1,0,0.8,1.0
GP020400_frame_000829_noise2,4,3,0,1,1.0,0.75
GP020400_frame_000829_noise3,4,2,0,2,1.0,0.5
GP020400_frame_000829_dark1,4,3,3,1,0.5,0.75
GP020400_frame_000829_dark2,4,4,1,0,0.8,1.0
GP020400_frame_000829_overexposure1,4,4,1,0,0.8,1.0
GP020400_frame_000829_overexposure2,4,2,4,2,0.3333,0.5
GP020400_frame_000834_ref,7,7,3,0,0.7,1.0
GP020400_frame_000834_rain1,7,7,3,0,0.7,1.0
GP020400_frame_000834_rain2,7,6,3,1,0.6667,0.8571
GP020400_frame_000834_rain3,7,4,0,3,1.0,0.5714
GP020400_frame_000834_blur1,7,7,3,0,0.7,1.0
GP020400_frame_000834_blur2,7,7,3,0,0.7,1.0
GP020400_frame_000834_blur3,7,4,1,3,0.8,0.5714
GP020400_frame_000834_blur4,7,1,0,6,1.0,0.1429
GP020400_frame_000834_noise1,7,7,5,0,0.5833,1.0
GP020400_frame_000834_noise2,7,5,3,2,0.625,0.7143
GP020400_frame_000834_noise3,7,3,1,4,0.75,0.4286
GP020400_frame_000834_dark1,7,6,3,1,0.6667,0.8571
GP020400_frame_000834_dark2,7,3,5,4,0.375,0.4286
GP020400_frame_000834_overexposure1,7,7,5,0,0.5833,1.0
GP020400_frame_000834_overexposure2,7,7,3,0,0.7,1.0
GP020400_frame_000839_ref,1,1,1,0,0.5,1.0
GP020400_frame_000839_rain1,1,1,0,0,1.0,1.0
GP020400_frame_000839_rain2,1,1,1,0,0.5,1.0
GP020400_frame_000839_rain3,1,1,0,0,1.0,1.0
GP020400_frame_000839_blur1,1,1,0,0,1.0,1.0
GP020400_frame_000839_blur2,1,1,0,0,1.0,1.0
GP020400_frame_000839_blur3,1,1,0,0,1.0,1.0
GP020400_frame_000839_blur4,1,1,0,0,1.0,1.0
GP020400_frame_000839_noise1,1,1,1,0,0.5,1.0
GP020400_frame_000839_noise2,1,1,0,0,1.0,1.0
GP020400_frame_000839_noise3,1,1,0,0,1.0,1.0
GP020400_frame_000839_dark1,1,1,0,0,1.0,1.0
GP020400_frame_000839_dark2,1,1,0,0,1.0,1.0
GP020400_frame_000839_overexposure1,1,1,0,0,1.0,1.0
GP020400_frame_000839_overexposure2,1,1,0,0,1.0,1.0
GP020400_frame_000850_ref,1,1,1,0,0.5,1.0
GP020400_frame_000850_rain1,1,1,2,0,0.3333,1.0
GP020400_frame_000850_rain2,1,0,1,1,0.0,0.0
GP020400_frame_000850_rain3,1,0,0,1,0.0,0.0
GP020400_frame_000850_blur1,1,1,0,0,1.0,1.0
GP020400_frame_000850_blur2,1,1,0,0,1.0,1.0
GP020400_frame_000850_blur3,1,1,0,0,1.0,1.0
GP020400_frame_000850_blur4,1,0,0,1,0.0,0.0
GP020400_frame_000850_noise1,1,1,3,0,0.25,1.0
GP020400_frame_000850_noise2,1,1,1,0,0.5,1.0
GP020400_frame_000850_noise3,1,0,0,1,0.0,0.0
GP020400_frame_000850_dark1,1,1,2,0,0.3333,1.0
GP020400_frame_000850_dark2,1,1,2,0,0.3333,1.0
GP020400_frame_000850_overexposure1,1,1,2,0,0.3333,1.0
GP020400_frame_000850_overexposure2,1,1,1,0,0.5,1.0
GP020400_frame_000857_ref,5,5,4,0,0.5556,1.0
GP020400_frame_000857_rain1,5,5,5,0,0.5,1.0
GP020400_frame_000857_rain2,5,4,3,1,0.5714,0.8
GP020400_frame_000857_rain3,5,1,0,4,1.0,0.2
GP020400_frame_000857_blur1,5,5,4,0,0.5556,1.0
GP020400_frame_000857_blur2,5,2,2,3,0.5,0.4
GP020400_frame_000857_blur3,5,1,0,4,1.0,0.2
GP020400_frame_000857_blur4,5,0,0,5,0.0,0.0
GP020400_frame_000857_noise1,5,4,6,1,0.4,0.8
GP020400_frame_000857_noise2,5,2,4,3,0.3333,0.4
GP020400_frame_000857_noise3,5,1,0,4,1.0,0.2
GP020400_frame_000857_dark1,5,4,5,1,0.4444,0.8
GP020400_frame_000857_dark2,5,4,4,1,0.5,0.8
GP020400_frame_000857_overexposure1,5,5,4,0,0.5556,1.0
GP020400_frame_000857_overexposure2,5,5,1,0,0.8333,1.0
GP020400_frame_000863_ref,6,5,3,1,0.625,0.8333
GP020400_frame_000863_rain1,6,4,1,2,0.8,0.6667
GP020400_frame_000863_rain2,6,3,0,3,1.0,0.5
GP020400_frame_000863_rain3,6,2,0,4,1.0,0.3333
GP020400_frame_000863_blur1,6,5,1,1,0.8333,0.8333
GP020400_frame_000863_blur2,6,4,2,2,0.6667,0.6667
GP020400_frame_000863_blur3,6,3,0,3,1.0,0.5
GP020400_frame_000863_blur4,6,1,0,5,1.0,0.1667
GP020400_frame_000863_noise1,6,4,1,2,0.8,0.6667
GP020400_frame_000863_noise2,6,2,0,4,1.0,0.3333
GP020400_frame_000863_noise3,6,1,0,5,1.0,0.1667
GP020400_frame_000863_dark1,6,4,2,2,0.6667,0.6667
GP020400_frame_000863_dark2,6,2,0,4,1.0,0.3333
GP020400_frame_000863_overexposure1,6,5,3,1,0.625,0.8333
GP020400_frame_000863_overexposure2,6,6,2,0,0.75,1.0
GP020400_frame_000869_ref,8,8,1,0,0.8889,1.0
GP020400_frame_000869_rain1,8,8,2,0,0.8,1.0
GP020400_frame_000869_rain2,8,7,1,1,0.875,0.875
GP020400_frame_000869_rain3,8,5,3,3,0.625,0.625
GP020400_frame_000869_blur1,8,7,1,1,0.875,0.875
GP020400_frame_000869_blur2,8,7,0,1,1.0,0.875
GP020400_frame_000869_blur3,8,6,1,2,0.8571,0.75
GP020400_frame_000869_blur4,8,2,0,6,1.0,0.25
GP020400_frame_000869_noise1,8,8,1,0,0.8889,1.0
GP020400_frame_000869_noise2,8,7,1,1,0.875,0.875
GP020400_frame_000869_noise3,8,6,1,2,0.8571,0.75
GP020400_frame_000869_dark1,8,8,2,0,0.8,1.0
GP020400_frame_000869_dark2,8,7,2,1,0.7778,0.875
GP020400_frame_000869_overexposure1,8,7,2,1,0.7778,0.875
GP020400_frame_000869_overexposure2,8,6,0,2,1.0,0.75
GP020400_frame_000897_ref,10,9,7,1,0.5625,0.9
GP020400_frame_000897_rain1,10,9,5,1,0.6429,0.9
GP020400_frame_000897_rain2,10,7,2,3,0.7778,0.7
GP020400_frame_000897_rain3,10,2,0,8,1.0,0.2
GP020400_frame_000897_blur1,10,10,5,0,0.6667,1.0
GP020400_frame_000897_blur2,10,9,3,1,0.75,0.9
GP020400_frame_000897_blur3,10,6,1,4,0.8571,0.6
GP020400_frame_000897_blur4,10,2,1,8,0.6667,0.2
GP020400_frame_000897_noise1,10,10,2,0,0.8333,1.0
GP020400_frame_000897_noise2,10,8,1,2,0.8889,0.8
GP020400_frame_000897_noise3,10,3,0,7,1.0,0.3
GP020400_frame_000897_dark1,10,9,3,1,0.75,0.9
GP020400_frame_000897_dark2,10,9,1,1,0.9,0.9
GP020400_frame_000897_overexposure1,10,9,3,1,0.75,0.9
GP020400_frame_000897_overexposure2,10,6,7,4,0.4615,0.6
GP020400_frame_000917_ref,10,9,7,1,0.5625,0.9
GP020400_frame_000917_rain1,10,9,6,1,0.6,0.9
GP020400_frame_000917_rain2,10,7,2,3,0.7778,0.7
GP020400_frame_000917_rain3,10,2,0,8,1.0,0.2
GP020400_frame_000917_blur1,10,10,5,0,0.6667,1.0
GP020400_frame_000917_blur2,10,9,3,1,0.75,0.9
GP020400_frame_000917_blur3,10,6,1,4,0.8571,0.6
GP020400_frame_000917_blur4,10,2,0,8,1.0,0.2
GP020400_frame_000917_noise1,10,10,3,0,0.7692,1.0
GP020400_frame_000917_noise2,10,8,3,2,0.7273,0.8
GP020400_frame_000917_noise3,10,3,0,7,1.0,0.3
GP020400_frame_000917_dark1,10,9,3,1,0.75,0.9
GP020400_frame_000917_dark2,10,9,1,1,0.9,0.9
GP020400_frame_000917_overexposure1,10,9,3,1,0.75,0.9
GP020400_frame_000917_overexposure2,10,7,7,3,0.5,0.7
GP020400_frame_000937_ref,10,9,5,1,0.6429,0.9
GP020400_frame_000937_rain1,10,9,5,1,0.6429,0.9
GP020400_frame_000937_rain2,10,7,5,3,0.5833,0.7
GP020400_frame_000937_rain3,10,4,3,6,0.5714,0.4
GP020400_frame_000937_blur1,10,9,3,1,0.75,0.9
GP020400_frame_000937_blur2,10,9,2,1,0.8182,0.9
GP020400_frame_000937_blur3,10,5,1,5,0.8333,0.5
GP020400_frame_000937_blur4,10,0,0,10,0.0,0.0
GP020400_frame_000937_noise1,10,9,6,1,0.6,0.9
GP020400_frame_000937_noise2,10,8,4,2,0.6667,0.8
GP020400_frame_000937_noise3,10,2,1,8,0.6667,0.2
GP020400_frame_000937_dark1,10,9,5,1,0.6429,0.9
GP020400_frame_000937_dark2,10,9,3,1,0.75,0.9
GP020400_frame_000937_overexposure1,10,9,2,1,0.8182,0.9
GP020400_frame_000937_overexposure2,10,8,3,2,0.7273,0.8
GP020400_frame_000945_ref,4,4,0,0,1.0,1.0
GP020400_frame_000945_rain1,4,4,1,0,0.8,1.0
GP020400_frame_000945_rain2,4,4,2,0,0.6667,1.0
GP020400_frame_000945_rain3,4,2,2,2,0.5,0.5
GP020400_frame_000945_blur1,4,4,1,0,0.8,1.0
GP020400_frame_000945_blur2,4,4,0,0,1.0,1.0
GP020400_frame_000945_blur3,4,2,1,2,0.6667,0.5
GP020400_frame_000945_blur4,4,1,0,3,1.0,0.25
GP020400_frame_000945_noise1,4,4,0,0,1.0,1.0
GP020400_frame_000945_noise2,4,4,2,0,0.6667,1.0
GP020400_frame_000945_noise3,4,3,0,1,1.0,0.75
GP020400_frame_000945_dark1,4,4,0,0,1.0,1.0
GP020400_frame_000945_dark2,4,4,1,0,0.8,1.0
GP020400_frame_000945_overexposure1,4,4,1,0,0.8,1.0
GP020400_frame_000945_overexposure2,4,3,3,1,0.5,0.75
GP020400_frame_000953_ref,2,2,0,0,1.0,1.0
GP020400_frame_000953_rain1,2,2,1,0,0.6667,1.0
GP020400_frame_000953_rain2,2,1,1,1,0.5,0.5
GP020400_frame_000953_rain3,2,1,0,1,1.0,0.5
GP020400_frame_000953_blur1,2,2,1,0,0.6667,1.0
GP020400_frame_000953_blur2,2,2,0,0,1.0,1.0
GP020400_frame_000953_blur3,2,2,0,0,1.0,1.0
GP020400_frame_000953_blur4,2,2,0,0,1.0,1.0
GP020400_frame_000953_noise1,2,2,1,0,0.6667,1.0
GP020400_frame_000953_noise2,2,2,0,0,1.0,1.0
GP020400_frame_000953_noise3,2,1,0,1,1.0,0.5
GP020400_frame_000953_dark1,2,2,0,0,1.0,1.0
GP020400_frame_000953_dark2,2,2,1,0,0.6667,1.0
GP020400_frame_000953_overexposure1,2,2,0,0,1.0,1.0
GP020400_frame_000953_overexposure2,2,2,0,0,1.0,1.0
GP020400_frame_000972_ref,2,2,3,0,0.4,1.0
GP020400_frame_000972_rain1,2,1,4,1,0.2,0.5
GP020400_frame_000972_rain2,2,1,2,1,0.3333,0.5
GP020400_frame_000972_rain3,2,1,0,1,1.0,0.5
GP020400_frame_000972_blur1,2,2,2,0,0.5,1.0
GP020400_frame_000972_blur2,2,2,1,0,0.6667,1.0
GP020400_frame_000972_blur3,2,2,1,0,0.6667,1.0
GP020400_frame_000972_blur4,2,1,1,1,0.5,0.5
GP020400_frame_000972_noise1,2,2,4,0,0.3333,1.0
GP020400_frame_000972_noise2,2,2,2,0,0.5,1.0
GP020400_frame_000972_noise3,2,1,1,1,0.5,0.5
GP020400_frame_000972_dark1,2,2,3,0,0.4,1.0
GP020400_frame_000972_dark2,2,2,2,0,0.5,1.0
GP020400_frame_000972_overexposure1,2,2,5,0,0.2857,1.0
GP020400_frame_000972_overexposure2,2,1,2,1,0.3333,0.5
GP020400_frame_000978_ref,2,2,0,0,1.0,1.0
GP020400_frame_000978_rain1,2,2,1,0,0.6667,1.0
GP020400_frame_000978_rain2,2,0,0,2,0.0,0.0
GP020400_frame_000978_rain3,2,0,0,2,0.0,0.0
GP020400_frame_000978_blur1,2,0,1,2,0.0,0.0
GP020400_frame_000978_blur2,2,0,0,2,0.0,0.0
GP020400_frame_000978_blur3,2,0,0,2,0.0,0.0
GP020400_frame_000978_blur4,2,0,0,2,0.0,0.0
GP020400_frame_000978_noise1,2,0,1,2,0.0,0.0
GP020400_frame_000978_noise2,2,0,1,2,0.0,0.0
GP020400_frame_000978_noise3,2,0,0,2,0.0,0.0
GP020400_frame_000978_dark1,2,1,0,1,1.0,0.5
GP020400_frame_000978_dark2,2,0,0,2,0.0,0.0
GP020400_frame_000978_overexposure1,2,1,1,1,0.5,0.5
GP020400_frame_000978_overexposure2,2,0,0,2,0.0,0.0
GP020400_frame_000991_ref,0,0,0,0,0.0,
GP020400_frame_000991_rain1,0,0,1,0,0.0,
GP020400_frame_000991_rain2,0,0,0,0,0.0,
GP020400_frame_000991_rain3,0,0,0,0,0.0,
GP020400_frame_000991_blur1,0,0,0,0,0.0,
GP020400_frame_000991_blur2,0,0,0,0,0.0,
GP020400_frame_000991_blur3,0,0,0,0,0.0,
GP020400_frame_000991_blur4,0,0,0,0,0.0,
GP020400_frame_000991_noise1,0,0,0,0,0.0,
GP020400_frame_000991_noise2,0,0,0,0,0.0,
GP020400_frame_000991_noise3,0,0,0,0,0.0,
GP020400_frame_000991_dark1,0,0,0,0,0.0,
GP020400_frame_000991_dark2,0,0,0,0,0.0,
GP020400_frame_000991_overexposure1,0,0,0,0,0.0,
GP020400_frame_000991_overexposure2,0,0,0,0,0.0,
GP020400_frame_000998_ref,1,1,0,0,1.0,1.0
GP020400_frame_000998_rain1,1,1,0,0,1.0,1.0
GP020400_frame_000998_rain2,1,1,0,0,1.0,1.0
GP020400_frame_000998_rain3,1,1,0,0,1.0,1.0
GP020400_frame_000998_blur1,1,1,0,0,1.0,1.0
GP020400_frame_000998_blur2,1,1,0,0,1.0,1.0
GP020400_frame_000998_blur3,1,1,0,0,1.0,1.0
GP020400_frame_000998_blur4,1,1,0,0,1.0,1.0
GP020400_frame_000998_noise1,1,1,0,0,1.0,1.0
GP020400_frame_000998_noise2,1,1,0,0,1.0,1.0
GP020400_frame_000998_noise3,1,1,0,0,1.0,1.0
GP020400_frame_000998_dark1,1,1,0,0,1.0,1.0
GP020400_frame_000998_dark2,1,1,0,0,1.0,1.0
GP020400_frame_000998_overexposure1,1,1,0,0,1.0,1.0
GP020400_frame_000998_overexposure2,1,1,0,0,1.0,1.0
GP020400_frame_001004_ref,3,1,0,2,1.0,0.3333
GP020400_frame_001004_rain1,3,1,0,2,1.0,0.3333
GP020400_frame_001004_rain2,3,1,0,2,1.0,0.3333
GP020400_frame_001004_rain3,3,0,0,3,0.0,0.0
GP020400_frame_001004_blur1,3,1,0,2,1.0,0.3333
GP020400_frame_001004_blur2,3,0,0,3,0.0,0.0
GP020400_frame_001004_blur3,3,0,0,3,0.0,0.0
GP020400_frame_001004_blur4,3,0,0,3,0.0,0.0
GP020400_frame_001004_noise1,3,0,0,3,0.0,0.0
GP020400_frame_001004_noise2,3,0,0,3,0.0,0.0
GP020400_frame_001004_noise3,3,0,0,3,0.0,0.0
GP020400_frame_001004_dark1,3,1,0,2,1.0,0.3333
GP020400_frame_001004_dark2,3,0,0,3,0.0,0.0
GP020400_frame_001004_overexposure1,3,1,0,2,1.0,0.3333
GP020400_frame_001004_overexposure2,3,0,0,3,0.0,0.0
GP020400_frame_001026_ref,0,0,1,0,0.0,
GP020400_frame_001026_rain1,0,0,1,0,0.0,
GP020400_frame_001026_rain2,0,0,0,0,0.0,
GP020400_frame_001026_rain3,0,0,0,0,0.0,
GP020400_frame_001026_blur1,0,0,1,0,0.0,
GP020400_frame_001026_blur2,0,0,0,0,0.0,
GP020400_frame_001026_blur3,0,0,0,0,0.0,
GP020400_frame_001026_blur4,0,0,0,0,0.0,
GP020400_frame_001026_noise1,0,0,0,0,0.0,
GP020400_frame_001026_noise2,0,0,0,0,0.0,
GP020400_frame_001026_noise3,0,0,0,0,0.0,
GP020400_frame_001026_dark1,0,0,0,0,0.0,
GP020400_frame_001026_dark2,0,0,0,0,0.0,
GP020400_frame_001026_overexposure1,0,0,1,0,0.0,
GP020400_frame_001026_overexposure2,0,0,0,0,0.0,
GP020400_frame_001038_ref,0,0,0,0,0.0,
GP020400_frame_001038_rain1,0,0,0,0,0.0,
GP020400_frame_001038_rain2,0,0,0,0,0.0,
GP020400_frame_001038_rain3,0,0,0,0,0.0,
GP020400_frame_001038_blur1,0,0,0,0,0.0,
GP020400_frame_001038_blur2,0,0,0,0,0.0,
GP020400_frame_001038_blur3,0,0,0,0,0.0,
GP020400_frame_001038_blur4,0,0,0,0,0.0,
GP020400_frame_001038_noise1,0,0,0,0,0.0,
GP020400_frame_001038_noise2,0,0,0,0,0.0,
GP020400_frame_001038_noise3,0,0,0,0,0.0,
GP020400_frame_001038_dark1,0,0,0,0,0.0,
GP020400_frame_001038_dark2,0,0,0,0,0.0,
GP020400_frame_001038_overexposure1,0,0,0,0,0.0,
GP020400_frame_001038_overexposure2,0,0,0,0,0.0,
GP020400_frame_001042_ref,0,0,0,0,0.0,
GP020400_frame_001042_rain1,0,0,0,0,0.0,
GP020400_frame_001042_rain2,0,0,0,0,0.0,
GP020400_frame_001042_rain3,0,0,0,0,0.0,
GP020400_frame_001042_blur1,0,0,0,0,0.0,
GP020400_frame_001042_blur2,0,0,0,0,0.0,
GP020400_frame_001042_blur3,0,0,0,0,0.0,
GP020400_frame_001042_blur4,0,0,0,0,0.0,
GP020400_frame_001042_noise1,0,0,0,0,0.0,
GP020400_frame_001042_noise2,0,0,0,0,0.0,
GP020400_frame_001042_noise3,0,0,0,0,0.0,
GP020400_frame_001042_dark1,0,0,0,0,0.0,
GP020400_frame_001042_dark2,0,0,0,0,0.0,
GP020400_frame_001042_overexposure1,0,0,0,0,0.0,
GP020400_frame_001042_overexposure2,0,0,0,0,0.0,
GP020400_frame_001050_ref,0,0,0,0,0.0,
GP020400_frame_001050_rain1,0,0,0,0,0.0,
GP020400_frame_001050_rain2,0,0,0,0,0.0,
GP020400_frame_001050_rain3,0,0,0,0,0.0,
GP020400_frame_001050_blur1,0,0,0,0,0.0,
GP020400_frame_001050_blur2,0,0,0,0,0.0,
GP020400_frame_001050_blur3,0,0,0,0,0.0,
GP020400_frame_001050_blur4,0,0,0,0,0.0,
GP020400_frame_001050_noise1,0,0,0,0,0.0,
GP020400_frame_001050_noise2,0,0,0,0,0.0,
GP020400_frame_001050_noise3,0,0,0,0,0.0,
GP020400_frame_001050_dark1,0,0,0,0,0.0,
GP020400_frame_001050_dark2,0,0,0,0,0.0,
GP020400_frame_001050_overexposure1,0,0,0,0,0.0,
GP020400_frame_001050_overexposure2,0,0,0,0,0.0,
GP020400_frame_001058_ref,0,0,0,0,0.0,
GP020400_frame_001058_rain1,0,0,0,0,0.0,
GP020400_frame_001058_rain2,0,0,0,0,0.0,
GP020400_frame_001058_rain3,0,0,0,0,0.0,
GP020400_frame_001058_blur1,0,0,0,0,0.0,
GP020400_frame_001058_blur2,0,0,0,0,0.0,
GP020400_frame_001058_blur3,0,0,0,0,0.0,
GP020400_frame_001058_blur4,0,0,0,0,0.0,
GP020400_frame_001058_noise1,0,0,0,0,0.0,
GP020400_frame_001058_noise2,0,0,0,0,0.0,
GP020400_frame_001058_noise3,0,0,0,0,0.0,
GP020400_frame_001058_dark1,0,0,0,0,0.0,
GP020400_frame_001058_dark2,0,0,1,0,0.0,
GP020400_frame_001058_overexposure1,0,0,0,0,0.0,
GP020400_frame_001058_overexposure2,0,0,0,0,0.0,
GP020402_frame_000001_ref,3,2,5,1,0.2857,0.6667
GP020402_frame_000001_rain1,3,2,5,1,0.2857,0.6667
GP020402_frame_000001_rain2,3,1,2,2,0.3333,0.3333
GP020402_frame_000001_rain3,3,0,0,3,0.0,0.0
GP020402_frame_000001_blur1,3,2,2,1,0.5,0.6667
GP020402_frame_000001_blur2,3,1,0,2,1.0,0.3333
GP020402_frame_000001_blur3,3,0,0,3,0.0,0.0
GP020402_frame_000001_blur4,3,0,0,3,0.0,0.0
GP020402_frame_000001_noise1,3,2,3,1,0.4,0.6667
GP020402_frame_000001_noise2,3,0,0,3,0.0,0.0
GP020402_frame_000001_noise3,3,0,0,3,0.0,0.0
GP020402_frame_000001_dark1,3,2,3,1,0.4,0.6667
GP020402_frame_000001_dark2,3,2,1,1,0.6667,0.6667
GP020402_frame_000001_overexposure1,3,2,4,1,0.3333,0.6667
GP020402_frame_000001_overexposure2,3,2,2,1,0.5,0.6667
GP020402_frame_000007_ref,1,1,2,0,0.3333,1.0
GP020402_frame_000007_rain1,1,1,2,0,0.3333,1.0
GP020402_frame_000007_rain2,1,1,0,0,1.0,1.0
GP020402_frame_000007_rain3,1,0,0,1,0.0,0.0
GP020402_frame_000007_blur1,1,1,0,0,1.0,1.0
GP020402_frame_000007_blur2,1,1,0,0,1.0,1.0
GP020402_frame_000007_blur3,1,0,1,1,0.0,0.0
GP020402_frame_000007_blur4,1,0,0,1,0.0,0.0
GP020402_frame_000007_noise1,1,1,0,0,1.0,1.0
GP020402_frame_000007_noise2,1,1,0,0,1.0,1.0
GP020402_frame_000007_noise3,1,0,0,1,0.0,0.0
GP020402_frame_000007_dark1,1,1,2,0,0.3333,1.0
GP020402_frame_000007_dark2,1,1,0,0,1.0,1.0
GP020402_frame_000007_overexposure1,1,1,1,0,0.5,1.0
GP020402_frame_000007_overexposure2,1,1,1,0,0.5,1.0
GP020402_frame_000013_ref,1,1,3,0,0.25,1.0
GP020402_frame_000013_rain1,1,1,2,0,0.3333,1.0
GP020402_frame_000013_rain2,1,1,1,0,0.5,1.0
GP020402_frame_000013_rain3,1,0,0,1,0.0,0.0
GP020402_frame_000013_blur1,1,1,2,0,0.3333,1.0
GP020402_frame_000013_blur2,1,1,4,0,0.2,1.0
GP020402_frame_000013_blur3,1,1,0,0,1.0,1.0
GP020402_frame_000013_blur4,1,0,0,1,0.0,0.0
GP020402_frame_000013_noise1,1,1,2,0,0.3333,1.0
GP020402_frame_000013_noise2,1,1,1,0,0.5,1.0
GP020402_frame_000013_noise3,1,1,0,0,1.0,1.0
GP020402_frame_000013_dark1,1,1,3,0,0.25,1.0
GP020402_frame_000013_dark2,1,1,1,0,0.5,1.0
GP020402_frame_000013_overexposure1,1,1,3,0,0.25,1.0
GP020402_frame_000013_overexposure2,1,1,1,0,0.5,1.0
GP020402_frame_000018_ref,3,3,5,0,0.375,1.0
GP020402_frame_000018_rain1,3,3,5,0,0.375,1.0
GP020402_frame_000018_rain2,3,3,6,0,0.3333,1.0
GP020402_frame_000018_rain3,3,0,0,3,0.0,0.0
GP020402_frame_000018_blur1,3,3,5,0,0.375,1.0
GP020402_frame_000018_blur2,3,2,5,1,0.2857,0.6667
GP020402_frame_000018_blur3,3,2,3,1,0.4,0.6667
GP020402_frame_000018_blur4,3,0,0,3,0.0,0.0
GP020402_frame_000018_noise1,3,2,6,1,0.25,0.6667
GP020402_frame_000018_noise2,3,2,5,1,0.2857,0.6667
GP020402_frame_000018_noise3,3,0,0,3,0.0,0.0
GP020402_frame_000018_dark1,3,3,5,0,0.375,1.0
GP020402_frame_000018_dark2,3,2,6,1,0.25,0.6667
GP020402_frame_000018_overexposure1,3,3,6,0,0.3333,1.0
GP020402_frame_000018_overexposure2,3,3,5,0,0.375,1.0
GP020402_frame_000023_ref,3,3,2,0,0.6,1.0
GP020402_frame_000023_rain1,3,3,2,0,0.6,1.0
GP020402_frame_000023_rain2,3,2,3,1,0.4,0.6667
GP020402_frame_000023_rain3,3,0,0,3,0.0,0.0
GP020402_frame_000023_blur1,3,3,1,0,0.75,1.0
GP020402_frame_000023_blur2,3,3,0,0,1.0,1.0
GP020402_frame_000023_blur3,3,2,0,1,1.0,0.6667
GP020402_frame_000023_blur4,3,0,0,3,0.0,0.0
GP020402_frame_000023_noise1,3,3,1,0,0.75,1.0
GP020402_frame_000023_noise2,3,3,0,0,1.0,1.0
GP020402_frame_000023_noise3,3,0,0,3,0.0,0.0
GP020402_frame_000023_dark1,3,3,2,0,0.6,1.0
GP020402_frame_000023_dark2,3,3,1,0,0.75,1.0
GP020402_frame_000023_overexposure1,3,3,2,0,0.6,1.0
GP020402_frame_000023_overexposure2,3,3,2,0,0.6,1.0
GP020402_frame_000028_ref,2,2,1,0,0.6667,1.0
GP020402_frame_000028_rain1,2,2,1,0,0.6667,1.0
GP020402_frame_000028_rain2,2,1,0,1,1.0,0.5
GP020402_frame_000028_rain3,2,0,0,2,0.0,0.0
GP020402_frame_000028_blur1,2,2,1,0,0.6667,1.0
GP020402_frame_000028_blur2,2,1,0,1,1.0,0.5
GP020402_frame_000028_blur3,2,1,0,1,1.0,0.5
GP020402_frame_000028_blur4,2,0,0,2,0.0,0.0
GP020402_frame_000028_noise1,2,2,1,0,0.6667,1.0
GP020402_frame_000028_noise2,2,1,1,1,0.5,0.5
GP020402_frame_000028_noise3,2,1,0,1,1.0,0.5
GP020402_frame_000028_dark1,2,2,1,0,0.6667,1.0
GP020402_frame_000028_dark2,2,2,1,0,0.6667,1.0
GP020402_frame_000028_overexposure1,2,2,1,0,0.6667,1.0
GP020402_frame_000028_overexposure2,2,2,1,0,0.6667,1.0
GP020402_frame_000043_ref,6,5,2,1,0.7143,0.8333
GP020402_frame_000043_rain1,6,5,2,1,0.7143,0.8333
GP020402_frame_000043_rain2,6,4,0,2,1.0,0.6667
GP020402_frame_000043_rain3,6,0,0,6,0.0,0.0
GP020402_frame_000043_blur1,6,4,4,2,0.5,0.6667
GP020402_frame_000043_blur2,6,4,3,2,0.5714,0.6667
GP020402_frame_000043_blur3,6,4,1,2,0.8,0.6667
GP020402_frame_000043_blur4,6,2,1,4,0.6667,0.3333
GP020402_frame_000043_noise1,6,4,3,2,0.5714,0.6667
GP020402_frame_000043_noise2,6,4,1,2,0.8,0.6667
GP020402_frame_000043_noise3,6,1,0,5,1.0,0.1667
GP020402_frame_000043_dark1,6,4,3,2,0.5714,0.6667
GP020402_frame_000043_dark2,6,4,3,2,0.5714,0.6667
GP020402_frame_000043_overexposure1,6,4,2,2,0.6667,0.6667
GP020402_frame_000043_overexposure2,6,4,3,2,0.5714,0.6667
GP020402_frame_000048_ref,4,4,3,0,0.5714,1.0
GP020402_frame_000048_rain1,4,3,2,1,0.6,0.75
GP020402_frame_000048_rain2,4,3,1,1,0.75,0.75
GP020402_frame_000048_rain3,4,0,0,4,0.0,0.0
GP020402_frame_000048_blur1,4,4,1,0,0.8,1.0
GP020402_frame_000048_blur2,4,2,3,2,0.4,0.5
GP020402_frame_000048_blur3,4,0,2,4,0.0,0.0
GP020402_frame_000048_blur4,4,0,0,4,0.0,0.0
GP020402_frame_000048_noise1,4,2,2,2,0.5,0.5
GP020402_frame_000048_noise2,4,2,0,2,1.0,0.5
GP020402_frame_000048_noise3,4,0,0,4,0.0,0.0
GP020402_frame_000048_dark1,4,4,1,0,0.8,1.0
GP020402_frame_000048_dark2,4,1,1,3,0.5,0.25
GP020402_frame_000048_overexposure1,4,4,3,0,0.5714,1.0
GP020402_frame_000048_overexposure2,4,1,5,3,0.1667,0.25
GP020402_frame_000053_ref,2,2,3,0,0.4,1.0
GP020402_frame_000053_rain1,2,2,3,0,0.4,1.0
GP020402_frame_000053_rain2,2,0,1,2,0.0,0.0
GP020402_frame_000053_rain3,2,0,0,2,0.0,0.0
GP020402_frame_000053_blur1,2,2,1,0,0.6667,1.0
GP020402_frame_000053_blur2,2,1,2,1,0.3333,0.5
GP020402_frame_000053_blur3,2,0,0,2,0.0,0.0
GP020402_frame_000053_blur4,2,0,0,2,0.0,0.0
GP020402_frame_000053_noise1,2,1,1,1,0.5,0.5
GP020402_frame_000053_noise2,2,0,0,2,0.0,0.0
GP020402_frame_000053_noise3,2,0,0,2,0.0,0.0
GP020402_frame_000053_dark1,2,1,2,1,0.3333,0.5
GP020402_frame_000053_dark2,2,0,0,2,0.0,0.0
GP020402_frame_000053_overexposure1,2,2,3,0,0.4,1.0
GP020402_frame_000053_overexposure2,2,2,2,0,0.5,1.0
GP020402_frame_000058_ref,2,2,1,0,0.6667,1.0
GP020402_frame_000058_rain1,2,1,1,1,0.5,0.5
GP020402_frame_000058_rain2,2,1,0,1,1.0,0.5
GP020402_frame_000058_rain3,2,0,0,2,0.0,0.0
GP020402_frame_000058_blur1,2,2,2,0,0.5,1.0
GP020402_frame_000058_blur2,2,1,1,1,0.5,0.5
GP020402_frame_000058_blur3,2,1,0,1,1.0,0.5
GP020402_frame_000058_blur4,2,0,0,2,0.0,0.0
GP020402_frame_000058_noise1,2,2,2,0,0.5,1.0
GP020402_frame_000058_noise2,2,1,0,1,1.0,0.5
GP020402_frame_000058_noise3,2,0,0,2,0.0,0.0
GP020402_frame_000058_dark1,2,2,1,0,0.6667,1.0
GP020402_frame_000058_dark2,2,2,0,0,1.0,1.0
GP020402_frame_000058_overexposure1,2,2,0,0,1.0,1.0
GP020402_frame_000058_overexposure2,2,2,0,0,1.0,1.0
GP020402_frame_000064_ref,5,5,2,0,0.7143,1.0
GP020402_frame_000064_rain1,5,5,2,0,0.7143,1.0
GP020402_frame_000064_rain2,5,2,1,3,0.6667,0.4
GP020402_frame_000064_rain3,5,0,0,5,0.0,0.0
GP020402_frame_000064_blur1,5,5,3,0,0.625,1.0
GP020402_frame_000064_blur2,5,5,6,0,0.4545,1.0
GP020402_frame_000064_blur3,5,2,4,3,0.3333,0.4
GP020402_frame_000064_blur4,5,0,0,5,0.0,0.0
GP020402_frame_000064_noise1,5,5,3,0,0.625,1.0
GP020402_frame_000064_noise2,5,1,3,4,0.25,0.2
GP020402_frame_000064_noise3,5,0,0,5,0.0,0.0
GP020402_frame_000064_dark1,5,5,3,0,0.625,1.0
GP020402_frame_000064_dark2,5,1,3,4,0.25,0.2
GP020402_frame_000064_overexposure1,5,5,3,0,0.625,1.0
GP020402_frame_000064_overexposure2,5,5,1,0,0.8333,1.0
GP020402_frame_000070_ref,8,7,13,1,0.35,0.875
GP020402_frame_000070_rain1,8,8,9,0,0.4706,1.0
GP020402_frame_000070_rain2,8,5,4,3,0.5556,0.625
GP020402_frame_000070_rain3,8,1,0,7,1.0,0.125
GP020402_frame_000070_blur1,8,8,6,0,0.5714,1.0
GP020402_frame_000070_blur2,8,7,3,1,0.7,0.875
GP020402_frame_000070_blur3,8,3,2,5,0.6,0.375
GP020402_frame_000070_blur4,8,0,0,8,0.0,0.0
GP020402_frame_000070_noise1,8,8,6,0,0.5714,1.0
GP020402_frame_000070_noise2,8,3,1,5,0.75,0.375
GP020402_frame_000070_noise3,8,0,0,8,0.0,0.0
GP020402_frame_000070_dark1,8,8,7,0,0.5333,1.0
GP020402_frame_000070_dark2,8,4,1,4,0.8,0.5
GP020402_frame_000070_overexposure1,8,8,8,0,0.5,1.0
GP020402_frame_000070_overexposure2,8,7,9,1,0.4375,0.875
GP020402_frame_000075_ref,7,5,3,2,0.625,0.7143
GP020402_frame_000075_rain1,7,5,2,2,0.7143,0.7143
GP020402_frame_000075_rain2,7,5,1,2,0.8333,0.7143
GP020402_frame_000075_rain3,7,2,0,5,1.0,0.2857
GP020402_frame_000075_blur1,7,5,2,2,0.7143,0.7143
GP020402_frame_000075_blur2,7,4,0,3,1.0,0.5714
GP020402_frame_000075_blur3,7,3,2,4,0.6,0.4286
GP020402_frame_000075_blur4,7,1,0,6,1.0,0.1429
GP020402_frame_000075_noise1,7,5,3,2,0.625,0.7143
GP020402_frame_000075_noise2,7,5,2,2,0.7143,0.7143
GP020402_frame_000075_noise3,7,2,0,5,1.0,0.2857
GP020402_frame_000075_dark1,7,6,4,1,0.6,0.8571
GP020402_frame_000075_dark2,7,5,0,2,1.0,0.7143
GP020402_frame_000075_overexposure1,7,5,3,2,0.625,0.7143
GP020402_frame_000075_overexposure2,7,7,5,0,0.5833,1.0
GP020402_frame_000080_ref,3,3,8,0,0.2727,1.0
GP020402_frame_000080_rain1,3,3,4,0,0.4286,1.0
GP020402_frame_000080_rain2,3,2,1,1,0.6667,0.6667
GP020402_frame_000080_rain3,3,0,0,3,0.0,0.0
GP020402_frame_000080_blur1,3,3,2,0,0.6,1.0
GP020402_frame_000080_blur2,3,3,2,0,0.6,1.0
GP020402_frame_000080_blur3,3,1,2,2,0.3333,0.3333
GP020402_frame_000080_blur4,3,0,0,3,0.0,0.0
GP020402_frame_000080_noise1,3,3,3,0,0.5,1.0
GP020402_frame_000080_noise2,3,1,2,2,0.3333,0.3333
GP020402_frame_000080_noise3,3,0,0,3,0.0,0.0
GP020402_frame_000080_dark1,3,3,3,0,0.5,1.0
GP020402_frame_000080_dark2,3,3,1,0,0.75,1.0
GP020402_frame_000080_overexposure1,3,3,9,0,0.25,1.0
GP020402_frame_000080_overexposure2,3,3,2,0,0.6,1.0
GP020402_frame_000085_ref,5,4,8,1,0.3333,0.8
GP020402_frame_000085_rain1,5,4,9,1,0.3077,0.8
GP020402_frame_000085_rain2,5,4,2,1,0.6667,0.8
GP020402_frame_000085_rain3,5,0,2,5,0.0,0.0
GP020402_frame_000085_blur1,5,4,2,1,0.6667,0.8
GP020402_frame_000085_blur2,5,4,1,1,0.8,0.8
GP020402_frame_000085_blur3,5,4,1,1,0.8,0.8
GP020402_frame_000085_blur4,5,2,0,3,1.0,0.4
GP020402_frame_000085_noise1,5,4,3,1,0.5714,0.8
GP020402_frame_000085_noise2,5,4,2,1,0.6667,0.8
GP020402_frame_000085_noise3,5,3,0,2,1.0,0.6
GP020402_frame_000085_dark1,5,4,6,1,0.4,0.8
GP020402_frame_000085_dark2,5,4,0,1,1.0,0.8
GP020402_frame_000085_overexposure1,5,4,9,1,0.3077,0.8
GP020402_frame_000085_overexposure2,5,4,7,1,0.3636,0.8
GP020402_frame_000090_ref,5,5,6,0,0.4545,1.0
GP020402_frame_000090_rain1,5,5,4,0,0.5556,1.0
GP020402_frame_000090_rain2,5,3,1,2,0.75,0.6
GP020402_frame_000090_rain3,5,0,0,5,0.0,0.0
GP020402_frame_000090_blur1,5,5,3,0,0.625,1.0
GP020402_frame_000090_blur2,5,4,3,1,0.5714,0.8
GP020402_frame_000090_blur3,5,3,1,2,0.75,0.6
GP020402_frame_000090_blur4,5,0,0,5,0.0,0.0
GP020402_frame_000090_noise1,5,4,4,1,0.5,0.8
GP020402_frame_000090_noise2,5,5,1,0,0.8333,1.0
GP020402_frame_000090_noise3,5,0,0,5,0.0,0.0
GP020402_frame_000090_dark1,5,4,4,1,0.5,0.8
GP020402_frame_000090_dark2,5,3,1,2,0.75,0.6
GP020402_frame_000090_overexposure1,5,5,6,0,0.4545,1.0
GP020402_frame_000090_overexposure2,5,5,5,0,0.5,1.0
GP020402_frame_000097_ref,3,3,5,0,0.375,1.0
GP020402_frame_000097_rain1,3,3,5,0,0.375,1.0
GP020402_frame_000097_rain2,3,2,4,1,0.3333,0.6667
GP020402_frame_000097_rain3,3,1,1,2,0.5,0.3333
GP020402_frame_000097_blur1,3,3,4,0,0.4286,1.0
GP020402_frame_000097_blur2,3,3,2,0,0.6,1.0
GP020402_frame_000097_blur3,3,2,2,1,0.5,0.6667
GP020402_frame_000097_blur4,3,1,0,2,1.0,0.3333
GP020402_frame_000097_noise1,3,3,3,0,0.5,1.0
GP020402_frame_000097_noise2,3,3,0,0,1.0,1.0
GP020402_frame_000097_noise3,3,1,2,2,0.3333,0.3333
GP020402_frame_000097_dark1,3,3,4,0,0.4286,1.0
GP020402_frame_000097_dark2,3,3,0,0,1.0,1.0
GP020402_frame_000097_overexposure1,3,3,5,0,0.375,1.0
GP020402_frame_000097_overexposure2,3,3,3,0,0.5,1.0
GP020402_frame_000111_ref,5,5,6,0,0.4545,1.0
GP020402_frame_000111_rain1,5,4,2,1,0.6667,0.8
GP020402_frame_000111_rain2,5,4,1,1,0.8,0.8
GP020402_frame_000111_rain3,5,2,0,3,1.0,0.4
GP020402_frame_000111_blur1,5,4,2,1,0.6667,0.8
GP020402_frame_000111_blur2,5,4,1,1,0.8,0.8
GP020402_frame_000111_blur3,5,3,2,2,0.6,0.6
GP020402_frame_000111_blur4,5,0,0,5,0.0,0.0
GP020402_frame_000111_noise1,5,5,6,0,0.4545,1.0
GP020402_frame_000111_noise2,5,2,0,3,1.0,0.4
GP020402_frame_000111_noise3,5,2,0,3,1.0,0.4
GP020402_frame_000111_dark1,5,4,1,1,0.8,0.8
GP020402_frame_000111_dark2,5,2,1,3,0.6667,0.4
GP020402_frame_000111_overexposure1,5,5,7,0,0.4167,1.0
GP020402_frame_000111_overexposure2,5,4,4,1,0.5,0.8
GP020402_frame_000119_ref,8,8,2,0,0.8,1.0
GP020402_frame_000119_rain1,8,8,2,0,0.8,1.0
GP020402_frame_000119_rain2,8,4,0,4,1.0,0.5
GP020402_frame_000119_rain3,8,0,1,8,0.0,0.0
GP020402_frame_000119_blur1,8,6,2,2,0.75,0.75
GP020402_frame_000119_blur2,8,6,3,2,0.6667,0.75
GP020402_frame_000119_blur3,8,4,1,4,0.8,0.5
GP020402_frame_000119_blur4,8,0,0,8,0.0,0.0
GP020402_frame_000119_noise1,8,7,2,1,0.7778,0.875
GP020402_frame_000119_noise2,8,5,1,3,0.8333,0.625
GP020402_frame_000119_noise3,8,0,0,8,0.0,0.0
GP020402_frame_000119_dark1,8,7,1,1,0.875,0.875
GP020402_frame_000119_dark2,8,5,0,3,1.0,0.625
GP020402_frame_000119_overexposure1,8,8,2,0,0.8,1.0
GP020402_frame_000119_overexposure2,8,7,5,1,0.5833,0.875
GP020402_frame_000125_ref,8,8,7,0,0.5333,1.0
GP020402_frame_000125_rain1,8,8,7,0,0.5333,1.0
GP020402_frame_000125_rain2,8,6,3,2,0.6667,0.75
GP020402_frame_000125_rain3,8,2,0,6,1.0,0.25
GP020402_frame_000125_blur1,8,7,3,1,0.7,0.875
GP020402_frame_000125_blur2,8,6,6,2,0.5,0.75
GP020402_frame_000125_blur3,8,6,3,2,0.6667,0.75
GP020402_frame_000125_blur4,8,3,0,5,1.0,0.375
GP020402_frame_000125_noise1,8,7,7,1,0.5,0.875
GP020402_frame_000125_noise2,8,8,2,0,0.8,1.0
GP020402_frame_000125_noise3,8,4,1,4,0.8,0.5
GP020402_frame_000125_dark1,8,8,9,0,0.4706,1.0
GP020402_frame_000125_dark2,8,6,3,2,0.6667,0.75
GP020402_frame_000125_overexposure1,8,8,7,0,0.5333,1.0
GP020402_frame_000125_overexposure2,8,7,6,1,0.5385,0.875
GP020402_frame_000131_ref,13,13,4,0,0.7647,1.0
GP020402_frame_000131_rain1,13,13,4,0,0.7647,1.0
GP020402_frame_000131_rain2,13,11,4,2,0.7333,0.8462
GP020402_frame_000131_rain3,13,6,1,7,0.8571,0.4615
GP020402_frame_000131_blur1,13,13,2,0,0.8667,1.0
GP020402_frame_000131_blur2,13,11,2,2,0.8462,0.8462
GP020402_frame_000131_blur3,13,10,1,3,0.9091,0.7692
GP020402_frame_000131_blur4,13,3,1,10,0.75,0.2308
GP020402_frame_000131_noise1,13,13,2,0,0.8667,1.0
GP020402_frame_000131_noise2,13,12,2,1,0.8571,0.9231
GP020402_frame_000131_noise3,13,5,0,8,1.0,0.3846
GP020402_frame_000131_dark1,13,13,5,0,0.7222,1.0
GP020402_frame_000131_dark2,13,10,3,3,0.7692,0.7692
GP020402_frame_000131_overexposure1,13,13,5,0,0.7222,1.0
GP020402_frame_000131_overexposure2,13,12,3,1,0.8,0.9231
GP020402_frame_000137_ref,3,3,4,0,0.4286,1.0
GP020402_frame_000137_rain1,3,3,3,0,0.5,1.0
GP020402_frame_000137_rain2,3,2,1,1,0.6667,0.6667
GP020402_frame_000137_rain3,3,0,0,3,0.0,0.0
GP020402_frame_000137_blur1,3,2,3,1,0.4,0.6667
GP020402_frame_000137_blur2,3,2,2,1,0.5,0.6667
GP020402_frame_000137_blur3,3,2,1,1,0.6667,0.6667
GP020402_frame_000137_blur4,3,0,0,3,0.0,0.0
GP020402_frame_000137_noise1,3,2,2,1,0.5,0.6667
GP020402_frame_000137_noise2,3,0,2,3,0.0,0.0
GP020402_frame_000137_noise3,3,0,0,3,0.0,0.0
GP020402_frame_000137_dark1,3,3,2,0,0.6,1.0
GP020402_frame_000137_dark2,3,2,2,1,0.5,0.6667
GP020402_frame_000137_overexposure1,3,3,3,0,0.5,1.0
GP020402_frame_000137_overexposure2,3,2,2,1,0.5,0.6667
GP020402_frame_000143_ref,2,1,3,1,0.25,0.5
GP020402_frame_000143_rain1,2,1,2,1,0.3333,0.5
GP020402_frame_000143_rain2,2,0,0,2,0.0,0.0
GP020402_frame_000143_rain3,2,0,0,2,0.0,0.0
GP020402_frame_000143_blur1,2,1,1,1,0.5,0.5
GP020402_frame_000143_blur2,2,1,1,1,0.5,0.5
GP020402_frame_000143_blur3,2,1,0,1,1.0,0.5
GP020402_frame_000143_blur4,2,0,0,2,0.0,0.0
GP020402_frame_000143_noise1,2,1,5,1,0.1667,0.5
GP020402_frame_000143_noise2,2,0,0,2,0.0,0.0
GP020402_frame_000143_noise3,2,0,0,2,0.0,0.0
GP020402_frame_000143_dark1,2,1,2,1,0.3333,0.5
GP020402_frame_000143_dark2,2,0,0,2,0.0,0.0
GP020402_frame_000143_overexposure1,2,2,3,0,0.4,1.0
GP020402_frame_000143_overexposure2,2,2,1,0,0.6667,1.0
GP020402_frame_000148_ref,2,2,3,0,0.4,1.0
GP020402_frame_000148_rain1,2,2,2,0,0.5,1.0
GP020402_frame_000148_rain2,2,1,2,1,0.3333,0.5
GP020402_frame_000148_rain3,2,1,0,1,1.0,0.5
GP020402_frame_000148_blur1,2,2,2,0,0.5,1.0
GP020402_frame_000148_blur2,2,2,3,0,0.4,1.0
GP020402_frame_000148_blur3,2,2,1,0,0.6667,1.0
GP020402_frame_000148_blur4,2,0,0,2,0.0,0.0
GP020402_frame_000148_noise1,2,2,3,0,0.4,1.0
GP020402_frame_000148_noise2,2,2,2,0,0.5,1.0
GP020402_frame_000148_noise3,2,0,0,2,0.0,0.0
GP020402_frame_000148_dark1,2,2,2,0,0.5,1.0
GP020402_frame_000148_dark2,2,2,3,0,0.4,1.0
GP020402_frame_000148_overexposure1,2,2,3,0,0.4,1.0
GP020402_frame_000148_overexposure2,2,2,3,0,0.4,1.0
GP020402_frame_000153_ref,0,0,0,0,0.0,
GP020402_frame_000153_rain1,0,0,0,0,0.0,
GP020402_frame_000153_rain2,0,0,0,0,0.0,
GP020402_frame_000153_rain3,0,0,0,0,0.0,
GP020402_frame_000153_blur1,0,0,0,0,0.0,
GP020402_frame_000153_blur2,0,0,0,0,0.0,
GP020402_frame_000153_blur3,0,0,0,0,0.0,
GP020402_frame_000153_blur4,0,0,0,0,0.0,
GP020402_frame_000153_noise1,0,0,1,0,0.0,
GP020402_frame_000153_noise2,0,0,0,0,0.0,
GP020402_frame_000153_noise3,0,0,0,0,0.0,
GP020402_frame_000153_dark1,0,0,0,0,0.0,
GP020402_frame_000153_dark2,0,0,0,0,0.0,
GP020402_frame_000153_overexposure1,0,0,0,0,0.0,
GP020402_frame_000153_overexposure2,0,0,1,0,0.0,
GP020402_frame_000159_ref,9,9,2,0,0.8182,1.0
GP020402_frame_000159_rain1,9,9,3,0,0.75,1.0
GP020402_frame_000159_rain2,9,6,4,3,0.6,0.6667
GP020402_frame_000159_rain3,9,1,0,8,1.0,0.1111
GP020402_frame_000159_blur1,9,8,3,1,0.7273,0.8889
GP020402_frame_000159_blur2,9,7,1,2,0.875,0.7778
GP020402_frame_000159_blur3,9,4,2,5,0.6667,0.4444
GP020402_frame_000159_blur4,9,1,0,8,1.0,0.1111
GP020402_frame_000159_noise1,9,8,3,1,0.7273,0.8889
GP020402_frame_000159_noise2,9,5,1,4,0.8333,0.5556
GP020402_frame_000159_noise3,9,1,0,8,1.0,0.1111
GP020402_frame_000159_dark1,9,8,3,1,0.7273,0.8889
GP020402_frame_000159_dark2,9,7,2,2,0.7778,0.7778
GP020402_frame_000159_overexposure1,9,9,2,0,0.8182,1.0
GP020402_frame_000159_overexposure2,9,9,2,0,0.8182,1.0
GP020402_frame_000165_ref,3,2,5,1,0.2857,0.6667
GP020402_frame_000165_rain1,3,2,2,1,0.5,0.6667
GP020402_frame_000165_rain2,3,1,1,2,0.5,0.3333
GP020402_frame_000165_rain3,3,0,0,3,0.0,0.0
GP020402_frame_000165_blur1,3,2,4,1,0.3333,0.6667
GP020402_frame_000165_blur2,3,2,0,1,1.0,0.6667
GP020402_frame_000165_blur3,3,1,0,2,1.0,0.3333
GP020402_frame_000165_blur4,3,0,0,3,0.0,0.0
GP020402_frame_000165_noise1,3,2,1,1,0.6667,0.6667
GP020402_frame_000165_noise2,3,1,1,2,0.5,0.3333
GP020402_frame_000165_noise3,3,1,0,2,1.0,0.3333
GP020402_frame_000165_dark1,3,2,5,1,0.2857,0.6667
GP020402_frame_000165_dark2,3,1,0,2,1.0,0.3333
GP020402_frame_000165_overexposure1,3,2,6,1,0.25,0.6667
GP020402_frame_000165_overexposure2,3,2,7,1,0.2222,0.6667
GP020402_frame_000171_ref,3,3,9,0,0.25,1.0
GP020402_frame_000171_rain1,3,2,12,1,0.1429,0.6667
GP020402_frame_000171_rain2,3,2,6,1,0.25,0.6667
GP020402_frame_000171_rain3,3,0,0,3,0.0,0.0
GP020402_frame_000171_blur1,3,3,7,0,0.3,1.0
GP020402_frame_000171_blur2,3,3,6,0,0.3333,1.0
GP020402_frame_000171_blur3,3,2,2,1,0.5,0.6667
GP020402_frame_000171_blur4,3,0,0,3,0.0,0.0
GP020402_frame_000171_noise1,3,3,8,0,0.2727,1.0
GP020402_frame_000171_noise2,3,0,5,3,0.0,0.0
GP020402_frame_000171_noise3,3,0,0,3,0.0,0.0
GP020402_frame_000171_dark1,3,2,8,1,0.2,0.6667
GP020402_frame_000171_dark2,3,0,5,3,0.0,0.0
GP020402_frame_000171_overexposure1,3,3,10,0,0.2308,1.0
GP020402_frame_000171_overexposure2,3,3,8,0,0.2727,1.0
GP020402_frame_000191_ref,7,6,6,1,0.5,0.8571
GP020402_frame_000191_rain1,7,5,6,2,0.4545,0.7143
GP020402_frame_000191_rain2,7,4,3,3,0.5714,0.5714
GP020402_frame_000191_rain3,7,0,0,7,0.0,0.0
GP020402_frame_000191_blur1,7,5,4,2,0.5556,0.7143
GP020402_frame_000191_blur2,7,3,2,4,0.6,0.4286
GP020402_frame_000191_blur3,7,1,1,6,0.5,0.1429
GP020402_frame_000191_blur4,7,0,0,7,0.0,0.0
GP020402_frame_000191_noise1,7,4,5,3,0.4444,0.5714
GP020402_frame_000191_noise2,7,1,1,6,0.5,0.1429
GP020402_frame_000191_noise3,7,0,0,7,0.0,0.0
GP020402_frame_000191_dark1,7,5,6,2,0.4545,0.7143
GP020402_frame_000191_dark2,7,2,3,5,0.4,0.2857
GP020402_frame_000191_overexposure1,7,5,5,2,0.5,0.7143
GP020402_frame_000191_overexposure2,7,4,7,3,0.3636,0.5714
GP020402_frame_000211_ref,5,4,6,1,0.4,0.8
GP020402_frame_000211_rain1,5,4,6,1,0.4,0.8
GP020402_frame_000211_rain2,5,3,2,2,0.6,0.6
GP020402_frame_000211_rain3,5,0,0,5,0.0,0.0
GP020402_frame_000211_blur1,5,5,4,0,0.5556,1.0
GP020402_frame_000211_blur2,5,3,2,2,0.6,0.6
GP020402_frame_000211_blur3,5,1,0,4,1.0,0.2
GP020402_frame_000211_blur4,5,0,0,5,0.0,0.0
GP020402_frame_000211_noise1,5,4,4,1,0.5,0.8
GP020402_frame_000211_noise2,5,1,2,4,0.3333,0.2
GP020402_frame_000211_noise3,5,0,0,5,0.0,0.0
GP020402_frame_000211_dark1,5,5,6,0,0.4545,1.0
GP020402_frame_000211_dark2,5,3,2,2,0.6,0.6
GP020402_frame_000211_overexposure1,5,4,8,1,0.3333,0.8
GP020402_frame_000211_overexposure2,5,4,5,1,0.4444,0.8
GP020402_frame_000231_ref,5,4,6,1,0.4,0.8
GP020402_frame_000231_rain1,5,4,6,1,0.4,0.8
GP020402_frame_000231_rain2,5,4,3,1,0.5714,0.8
GP020402_frame_000231_rain3,5,0,0,5,0.0,0.0
GP020402_frame_000231_blur1,5,5,4,0,0.5556,1.0
GP020402_frame_000231_blur2,5,3,2,2,0.6,0.6
GP020402_frame_000231_blur3,5,1,0,4,1.0,0.2
GP020402_frame_000231_blur4,5,0,0,5,0.0,0.0
GP020402_frame_000231_noise1,5,4,4,1,0.5,0.8
GP020402_frame_000231_noise2,5,1,2,4,0.3333,0.2
GP020402_frame_000231_noise3,5,0,0,5,0.0,0.0
GP020402_frame_000231_dark1,5,5,6,0,0.4545,1.0
GP020402_frame_000231_dark2,5,3,3,2,0.5,0.6
GP020402_frame_000231_overexposure1,5,4,8,1,0.3333,0.8
GP020402_frame_000231_overexposure2,5,4,5,1,0.4444,0.8
GP020402_frame_000251_ref,5,4,6,1,0.4,0.8
GP020402_frame_000251_rain1,5,4,4,1,0.5,0.8
GP020402_frame_000251_rain2,5,3,1,2,0.75,0.6
GP020402_frame_000251_rain3,5,1,1,4,0.5,0.2
GP020402_frame_000251_blur1,5,5,4,0,0.5556,1.0
GP020402_frame_000251_blur2,5,3,2,2,0.6,0.6
GP020402_frame_000251_blur3,5,1,0,4,1.0,0.2
GP020402_frame_000251_blur4,5,0,0,5,0.0,0.0
GP020402_frame_000251_noise1,5,4,3,1,0.5714,0.8
GP020402_frame_000251_noise2,5,2,2,3,0.5,0.4
GP020402_frame_000251_noise3,5,0,0,5,0.0,0.0
GP020402_frame_000251_dark1,5,5,6,0,0.4545,1.0
GP020402_frame_000251_dark2,5,3,3,2,0.5,0.6
GP020402_frame_000251_overexposure1,5,4,8,1,0.3333,0.8
GP020402_frame_000251_overexposure2,5,4,5,1,0.4444,0.8
GP020402_frame_000271_ref,8,8,5,0,0.6154,1.0
GP020402_frame_000271_rain1,8,7,4,1,0.6364,0.875
GP020402_frame_000271_rain2,8,3,1,5,0.75,0.375
GP020402_frame_000271_rain3,8,1,0,7,1.0,0.125
GP020402_frame_000271_blur1,8,7,2,1,0.7778,0.875
GP020402_frame_000271_blur2,8,7,1,1,0.875,0.875
GP020402_frame_000271_blur3,8,5,0,3,1.0,0.625
GP020402_frame_000271_blur4,8,2,0,6,1.0,0.25
GP020402_frame_000271_noise1,8,7,2,1,0.7778,0.875
GP020402_frame_000271_noise2,8,3,0,5,1.0,0.375
GP020402_frame_000271_noise3,8,2,1,6,0.6667,0.25
GP020402_frame_000271_dark1,8,7,2,1,0.7778,0.875
GP020402_frame_000271_dark2,8,4,0,4,1.0,0.5
GP020402_frame_000271_overexposure1,8,7,5,1,0.5833,0.875
GP020402_frame_000271_overexposure2,8,8,3,0,0.7273,1.0
GP020402_frame_000277_ref,9,9,1,0,0.9,1.0
GP020402_frame_000277_rain1,9,8,1,1,0.8889,0.8889
GP020402_frame_000277_rain2,9,6,2,3,0.75,0.6667
GP020402_frame_000277_rain3,9,0,0,9,0.0,0.0
GP020402_frame_000277_blur1,9,9,0,0,1.0,1.0
GP020402_frame_000277_blur2,9,7,0,2,1.0,0.7778
GP020402_frame_000277_blur3,9,7,0,2,1.0,0.7778
GP020402_frame_000277_blur4,9,4,1,5,0.8,0.4444
GP020402_frame_000277_noise1,9,7,1,2,0.875,0.7778
GP020402_frame_000277_noise2,9,7,1,2,0.875,0.7778
GP020402_frame_000277_noise3,9,3,1,6,0.75,0.3333
GP020402_frame_000277_dark1,9,9,0,0,1.0,1.0
GP020402_frame_000277_dark2,9,7,1,2,0.875,0.7778
GP020402_frame_000277_overexposure1,9,9,2,0,0.8182,1.0
GP020402_frame_000277_overexposure2,9,7,1,2,0.875,0.7778
GP020402_frame_000282_ref,4,4,9,0,0.3077,1.0
GP020402_frame_000282_rain1,4,3,8,1,0.2727,0.75
GP020402_frame_000282_rain2,4,3,3,1,0.5,0.75
GP020402_frame_000282_rain3,4,1,0,3,1.0,0.25
GP020402_frame_000282_blur1,4,3,4,1,0.4286,0.75
GP020402_frame_000282_blur2,4,3,2,1,0.6,0.75
GP020402_frame_000282_blur3,4,3,1,1,0.75,0.75
GP020402_frame_000282_blur4,4,2,0,2,1.0,0.5
GP020402_frame_000282_noise1,4,4,6,0,0.4,1.0
GP020402_frame_000282_noise2,4,3,2,1,0.6,0.75
GP020402_frame_000282_noise3,4,2,0,2,1.0,0.5
GP020402_frame_000282_dark1,4,4,7,0,0.3636,1.0
GP020402_frame_000282_dark2,4,3,2,1,0.6,0.75
GP020402_frame_000282_overexposure1,4,4,11,0,0.2667,1.0
GP020402_frame_000282_overexposure2,4,3,10,1,0.2308,0.75
GP020402_frame_000288_ref,4,4,9,0,0.3077,1.0
GP020402_frame_000288_rain1,4,4,5,0,0.4444,1.0
GP020402_frame_000288_rain2,4,4,4,0,0.5,1.0
GP020402_frame_000288_rain3,4,1,0,3,1.0,0.25
GP020402_frame_000288_blur1,4,4,9,0,0.3077,1.0
GP020402_frame_000288_blur2,4,4,3,0,0.5714,1.0
GP020402_frame_000288_blur3,4,3,2,1,0.6,0.75
GP020402_frame_000288_blur4,4,2,0,2,1.0,0.5
GP020402_frame_000288_noise1,4,4,5,0,0.4444,1.0
GP020402_frame_000288_noise2,4,3,3,1,0.5,0.75
GP020402_frame_000288_noise3,4,1,0,3,1.0,0.25
GP020402_frame_000288_dark1,4,4,7,0,0.3636,1.0
GP020402_frame_000288_dark2,4,3,2,1,0.6,0.75
GP020402_frame_000288_overexposure1,4,4,10,0,0.2857,1.0
GP020402_frame_000288_overexposure2,4,3,2,1,0.6,0.75
GP020402_frame_000295_ref,8,7,4,1,0.6364,0.875
GP020402_frame_000295_rain1,8,7,4,1,0.6364,0.875
GP020402_frame_000295_rain2,8,6,5,2,0.5455,0.75
GP020402_frame_000295_rain3,8,1,1,7,0.5,0.125
GP020402_frame_000295_blur1,8,7,5,1,0.5833,0.875
GP020402_frame_000295_blur2,8,6,3,2,0.6667,0.75
GP020402_frame_000295_blur3,8,6,4,2,0.6,0.75
GP020402_frame_000295_blur4,8,2,1,6,0.6667,0.25
GP020402_frame_000295_noise1,8,6,5,2,0.5455,0.75
GP020402_frame_000295_noise2,8,6,4,2,0.6,0.75
GP020402_frame_000295_noise3,8,5,0,3,1.0,0.625
GP020402_frame_000295_dark1,8,7,4,1,0.6364,0.875
GP020402_frame_000295_dark2,8,7,4,1,0.6364,0.875
GP020402_frame_000295_overexposure1,8,7,4,1,0.6364,0.875
GP020402_frame_000295_overexposure2,8,7,4,1,0.6364,0.875
GP020402_frame_000301_ref,2,2,3,0,0.4,1.0
GP020402_frame_000301_rain1,2,2,3,0,0.4,1.0
GP020402_frame_000301_rain2,2,2,3,0,0.4,1.0
GP020402_frame_000301_rain3,2,2,0,0,1.0,1.0
GP020402_frame_000301_blur1,2,2,4,0,0.3333,1.0
GP020402_frame_000301_blur2,2,2,3,0,0.4,1.0
GP020402_frame_000301_blur3,2,2,2,0,0.5,1.0
GP020402_frame_000301_blur4,2,2,0,0,1.0,1.0
GP020402_frame_000301_noise1,2,2,3,0,0.4,1.0
GP020402_frame_000301_noise2,2,2,4,0,0.3333,1.0
GP020402_frame_000301_noise3,2,2,0,0,1.0,1.0
GP020402_frame_000301_dark1,2,2,3,0,0.4,1.0
GP020402_frame_000301_dark2,2,2,2,0,0.5,1.0
GP020402_frame_000301_overexposure1,2,2,5,0,0.2857,1.0
GP020402_frame_000301_overexposure2,2,2,3,0,0.4,1.0
GP020402_frame_000306_ref,8,8,11,0,0.4211,1.0
GP020402_frame_000306_rain1,8,7,15,1,0.3182,0.875
GP020402_frame_000306_rain2,8,5,11,3,0.3125,0.625
GP020402_frame_000306_rain3,8,0,0,8,0.0,0.0
GP020402_frame_000306_blur1,8,7,10,1,0.4118,0.875
GP020402_frame_000306_blur2,8,6,10,2,0.375,0.75
GP020402_frame_000306_blur3,8,4,2,4,0.6667,0.5
GP020402_frame_000306_blur4,8,0,0,8,0.0,0.0
GP020402_frame_000306_noise1,8,6,10,2,0.375,0.75
GP020402_frame_000306_noise2,8,4,8,4,0.3333,0.5
GP020402_frame_000306_noise3,8,0,0,8,0.0,0.0
GP020402_frame_000306_dark1,8,7,9,1,0.4375,0.875
GP020402_frame_000306_dark2,8,6,7,2,0.4615,0.75
GP020402_frame_000306_overexposure1,8,8,11,0,0.4211,1.0
GP020402_frame_000306_overexposure2,8,8,10,0,0.4444,1.0
GP020402_frame_000311_ref,10,9,6,1,0.6,0.9
GP020402_frame_000311_rain1,10,8,5,2,0.6154,0.8
GP020402_frame_000311_rain2,10,5,2,5,0.7143,0.5
GP020402_frame_000311_rain3,10,2,4,8,0.3333,0.2
GP020402_frame_000311_blur1,10,9,3,1,0.75,0.9
GP020402_frame_000311_blur2,10,7,3,3,0.7,0.7
GP020402_frame_000311_blur3,10,5,2,5,0.7143,0.5
GP020402_frame_000311_blur4,10,0,1,10,0.0,0.0
GP020402_frame_000311_noise1,10,8,5,2,0.6154,0.8
GP020402_frame_000311_noise2,10,6,2,4,0.75,0.6
GP020402_frame_000311_noise3,10,1,3,9,0.25,0.1
GP020402_frame_000311_dark1,10,9,4,1,0.6923,0.9
GP020402_frame_000311_dark2,10,5,2,5,0.7143,0.5
GP020402_frame_000311_overexposure1,10,8,8,2,0.5,0.8
GP020402_frame_000311_overexposure2,10,8,5,2,0.6154,0.8
GP020402_frame_000316_ref,0,0,3,0,0.0,
GP020402_frame_000316_rain1,0,0,3,0,0.0,
GP020402_frame_000316_rain2,0,0,2,0,0.0,
GP020402_frame_000316_rain3,0,0,0,0,0.0,
GP020402_frame_000316_blur1,0,0,3,0,0.0,
GP020402_frame_000316_blur2,0,0,3,0,0.0,
GP020402_frame_000316_blur3,0,0,2,0,0.0,
GP020402_frame_000316_blur4,0,0,0,0,0.0,
GP020402_frame_000316_noise1,0,0,2,0,0.0,
GP020402_frame_000316_noise2,0,0,1,0,0.0,
GP020402_frame_000316_noise3,0,0,0,0,0.0,
GP020402_frame_000316_dark1,0,0,4,0,0.0,
GP020402_frame_000316_dark2,0,0,1,0,0.0,
GP020402_frame_000316_overexposure1,0,0,3,0,0.0,
GP020402_frame_000316_overexposure2,0,0,3,0,0.0,
GP020402_frame_000321_ref,0,0,4,0,0.0,
GP020402_frame_000321_rain1,0,0,4,0,0.0,
GP020402_frame_000321_rain2,0,0,2,0,0.0,
GP020402_frame_000321_rain3,0,0,0,0,0.0,
GP020402_frame_000321_blur1,0,0,4,0,0.0,
GP020402_frame_000321_blur2,0,0,3,0,0.0,
GP020402_frame_000321_blur3,0,0,1,0,0.0,
GP020402_frame_000321_blur4,0,0,0,0,0.0,
GP020402_frame_000321_noise1,0,0,4,0,0.0,
GP020402_frame_000321_noise2,0,0,3,0,0.0,
GP020402_frame_000321_noise3,0,0,0,0,0.0,
GP020402_frame_000321_dark1,0,0,4,0,0.0,
GP020402_frame_000321_dark2,0,0,3,0,0.0,
GP020402_frame_000321_overexposure1,0,0,4,0,0.0,
GP020402_frame_000321_overexposure2,0,0,5,0,0.0,
GP020402_frame_000326_ref,1,1,3,0,0.25,1.0
GP020402_frame_000326_rain1,1,1,3,0,0.25,1.0
GP020402_frame_000326_rain2,1,1,2,0,0.3333,1.0
GP020402_frame_000326_rain3,1,0,0,1,0.0,0.0
GP020402_frame_000326_blur1,1,1,2,0,0.3333,1.0
GP020402_frame_000326_blur2,1,1,2,0,0.3333,1.0
GP020402_frame_000326_blur3,1,1,0,0,1.0,1.0
GP020402_frame_000326_blur4,1,0,0,1,0.0,0.0
GP020402_frame_000326_noise1,1,1,3,0,0.25,1.0
GP020402_frame_000326_noise2,1,1,2,0,0.3333,1.0
GP020402_frame_000326_noise3,1,0,0,1,0.0,0.0
GP020402_frame_000326_dark1,1,1,2,0,0.3333,1.0
GP020402_frame_000326_dark2,1,1,2,0,0.3333,1.0
GP020402_frame_000326_overexposure1,1,1,3,0,0.25,1.0
GP020402_frame_000326_overexposure2,1,1,3,0,0.25,1.0
GP020402_frame_000332_ref,10,10,2,0,0.8333,1.0
GP020402_frame_000332_rain1,10,10,4,0,0.7143,1.0
GP020402_frame_000332_rain2,10,7,6,3,0.5385,0.7
GP020402_frame_000332_rain3,10,2,0,8,1.0,0.2
GP020402_frame_000332_blur1,10,10,2,0,0.8333,1.0
GP020402_frame_000332_blur2,10,10,2,0,0.8333,1.0
GP020402_frame_000332_blur3,10,5,2,5,0.7143,0.5
GP020402_frame_000332_blur4,10,1,0,9,1.0,0.1
GP020402_frame_000332_noise1,10,10,3,0,0.7692,1.0
GP020402_frame_000332_noise2,10,7,3,3,0.7,0.7
GP020402_frame_000332_noise3,10,3,0,7,1.0,0.3
GP020402_frame_000332_dark1,10,10,3,0,0.7692,1.0
GP020402_frame_000332_dark2,10,10,1,0,0.9091,1.0
GP020402_frame_000332_overexposure1,10,10,4,0,0.7143,1.0
GP020402_frame_000332_overexposure2,10,8,3,2,0.7273,0.8
GP020402_frame_000352_ref,6,6,3,0,0.6667,1.0
GP020402_frame_000352_rain1,6,5,2,1,0.7143,0.8333
GP020402_frame_000352_rain2,6,5,3,1,0.625,0.8333
GP020402_frame_000352_rain3,6,3,1,3,0.75,0.5
GP020402_frame_000352_blur1,6,5,2,1,0.7143,0.8333
GP020402_frame_000352_blur2,6,5,5,1,0.5,0.8333
GP020402_frame_000352_blur3,6,4,1,2,0.8,0.6667
GP020402_frame_000352_blur4,6,0,1,6,0.0,0.0
GP020402_frame_000352_noise1,6,5,3,1,0.625,0.8333
GP020402_frame_000352_noise2,6,5,5,1,0.5,0.8333
GP020402_frame_000352_noise3,6,3,1,3,0.75,0.5
GP020402_frame_000352_dark1,6,6,4,0,0.6,1.0
GP020402_frame_000352_dark2,6,5,2,1,0.7143,0.8333
GP020402_frame_000352_overexposure1,6,5,3,1,0.625,0.8333
GP020402_frame_000352_overexposure2,6,5,4,1,0.5556,0.8333
GP020402_frame_000362_ref,5,5,4,0,0.5556,1.0
GP020402_frame_000362_rain1,5,5,4,0,0.5556,1.0
GP020402_frame_000362_rain2,5,2,3,3,0.4,0.4
GP020402_frame_000362_rain3,5,1,0,4,1.0,0.2
GP020402_frame_000362_blur1,5,5,2,0,0.7143,1.0
GP020402_frame_000362_blur2,5,5,2,0,0.7143,1.0
GP020402_frame_000362_blur3,5,4,0,1,1.0,0.8
GP020402_frame_000362_blur4,5,0,0,5,0.0,0.0
GP020402_frame_000362_noise1,5,5,2,0,0.7143,1.0
GP020402_frame_000362_noise2,5,2,1,3,0.6667,0.4
GP020402_frame_000362_noise3,5,0,0,5,0.0,0.0
GP020402_frame_000362_dark1,5,5,3,0,0.625,1.0
GP020402_frame_000362_dark2,5,4,0,1,1.0,0.8
GP020402_frame_000362_overexposure1,5,5,4,0,0.5556,1.0
GP020402_frame_000362_overexposure2,5,5,4,0,0.5556,1.0
GP020402_frame_000372_ref,2,2,3,0,0.4,1.0
GP020402_frame_000372_rain1,2,2,3,0,0.4,1.0
GP020402_frame_000372_rain2,2,2,2,0,0.5,1.0
GP020402_frame_000372_rain3,2,2,1,0,0.6667,1.0
GP020402_frame_000372_blur1,2,2,3,0,0.4,1.0
GP020402_frame_000372_blur2,2,2,3,0,0.4,1.0
GP020402_frame_000372_blur3,2,2,0,0,1.0,1.0
GP020402_frame_000372_blur4,2,1,0,1,1.0,0.5
GP020402_frame_000372_noise1,2,2,3,0,0.4,1.0
GP020402_frame_000372_noise2,2,2,1,0,0.6667,1.0
GP020402_frame_000372_noise3,2,2,0,0,1.0,1.0
GP020402_frame_000372_dark1,2,2,2,0,0.5,1.0
GP020402_frame_000372_dark2,2,2,2,0,0.5,1.0
GP020402_frame_000372_overexposure1,2,2,3,0,0.4,1.0
GP020402_frame_000372_overexposure2,2,2,3,0,0.4,1.0
GP020402_frame_000383_ref,5,4,6,1,0.4,0.8
GP020402_frame_000383_rain1,5,4,6,1,0.4,0.8
GP020402_frame_000383_rain2,5,3,3,2,0.5,0.6
GP020402_frame_000383_rain3,5,0,0,5,0.0,0.0
GP020402_frame_000383_blur1,5,4,4,1,0.5,0.8
GP020402_frame_000383_blur2,5,4,3,1,0.5714,0.8
GP020402_frame_000383_blur3,5,3,0,2,1.0,0.6
GP020402_frame_000383_blur4,5,2,1,3,0.6667,0.4
GP020402_frame_000383_noise1,5,4,5,1,0.4444,0.8
GP020402_frame_000383_noise2,5,3,1,2,0.75,0.6
GP020402_frame_000383_noise3,5,1,1,4,0.5,0.2
GP020402_frame_000383_dark1,5,4,4,1,0.5,0.8
GP020402_frame_000383_dark2,5,3,2,2,0.6,0.6
GP020402_frame_000383_overexposure1,5,4,6,1,0.4,0.8
GP020402_frame_000383_overexposure2,5,3,6,2,0.3333,0.6
GP020402_frame_000389_ref,6,5,3,1,0.625,0.8333
GP020402_frame_000389_rain1,6,6,3,0,0.6667,1.0
GP020402_frame_000389_rain2,6,3,1,3,0.75,0.5
GP020402_frame_000389_rain3,6,0,0,6,0.0,0.0
GP020402_frame_000389_blur1,6,5,3,1,0.625,0.8333
GP020402_frame_000389_blur2,6,3,0,3,1.0,0.5
GP020402_frame_000389_blur3,6,2,1,4,0.6667,0.3333
GP020402_frame_000389_blur4,6,0,1,6,0.0,0.0
GP020402_frame_000389_noise1,6,6,3,0,0.6667,1.0
GP020402_frame_000389_noise2,6,2,0,4,1.0,0.3333
GP020402_frame_000389_noise3,6,0,1,6,0.0,0.0
GP020402_frame_000389_dark1,6,5,3,1,0.625,0.8333
GP020402_frame_000389_dark2,6,4,1,2,0.8,0.6667
GP020402_frame_000389_overexposure1,6,5,3,1,0.625,0.8333
GP020402_frame_000389_overexposure2,6,5,1,1,0.8333,0.8333
GP020402_frame_000404_ref,5,4,5,1,0.4444,0.8
GP020402_frame_000404_rain1,5,5,3,0,0.625,1.0
GP020402_frame_000404_rain2,5,2,2,3,0.5,0.4
GP020402_frame_000404_rain3,5,2,0,3,1.0,0.4
GP020402_frame_000404_blur1,5,4,1,1,0.8,0.8
GP020402_frame_000404_blur2,5,4,3,1,0.5714,0.8
GP020402_frame_000404_blur3,5,2,1,3,0.6667,0.4
GP020402_frame_000404_blur4,5,0,1,5,0.0,0.0
GP020402_frame_000404_noise1,5,4,1,1,0.8,0.8
GP020402_frame_000404_noise2,5,3,1,2,0.75,0.6
GP020402_frame_000404_noise3,5,0,0,5,0.0,0.0
GP020402_frame_000404_dark1,5,3,4,2,0.4286,0.6
GP020402_frame_000404_dark2,5,3,1,2,0.75,0.6
GP020402_frame_000404_overexposure1,5,4,3,1,0.5714,0.8
GP020402_frame_000404_overexposure2,5,4,3,1,0.5714,0.8
GP020402_frame_000409_ref,3,3,2,0,0.6,1.0
GP020402_frame_000409_rain1,3,3,2,0,0.6,1.0
GP020402_frame_000409_rain2,3,2,2,1,0.5,0.6667
GP020402_frame_000409_rain3,3,2,1,1,0.6667,0.6667
GP020402_frame_000409_blur1,3,2,1,1,0.6667,0.6667
GP020402_frame_000409_blur2,3,2,1,1,0.6667,0.6667
GP020402_frame_000409_blur3,3,2,1,1,0.6667,0.6667
GP020402_frame_000409_blur4,3,0,0,3,0.0,0.0
GP020402_frame_000409_noise1,3,3,2,0,0.6,1.0
GP020402_frame_000409_noise2,3,2,2,1,0.5,0.6667
GP020402_frame_000409_noise3,3,2,1,1,0.6667,0.6667
GP020402_frame_000409_dark1,3,2,1,1,0.6667,0.6667
GP020402_frame_000409_dark2,3,2,1,1,0.6667,0.6667
GP020402_frame_000409_overexposure1,3,3,2,0,0.6,1.0
GP020402_frame_000409_overexposure2,3,2,2,1,0.5,0.6667
GP020402_frame_000414_ref,4,3,1,1,0.75,0.75
GP020402_frame_000414_rain1,4,3,2,1,0.6,0.75
GP020402_frame_000414_rain2,4,2,1,2,0.6667,0.5
GP020402_frame_000414_rain3,4,1,0,3,1.0,0.25
GP020402_frame_000414_blur1,4,2,1,2,0.6667,0.5
GP020402_frame_000414_blur2,4,2,0,2,1.0,0.5
GP020402_frame_000414_blur3,4,2,0,2,1.0,0.5
GP020402_frame_000414_blur4,4,0,0,4,0.0,0.0
GP020402_frame_000414_noise1,4,4,0,0,1.0,1.0
GP020402_frame_000414_noise2,4,3,2,1,0.6,0.75
GP020402_frame_000414_noise3,4,0,0,4,0.0,0.0
GP020402_frame_000414_dark1,4,3,1,1,0.75,0.75
GP020402_frame_000414_dark2,4,2,0,2,1.0,0.5
GP020402_frame_000414_overexposure1,4,3,3,1,0.5,0.75
GP020402_frame_000414_overexposure2,4,2,2,2,0.5,0.5
GP020402_frame_000419_ref,9,9,1,0,0.9,1.0
GP020402_frame_000419_rain1,9,9,2,0,0.8182,1.0
GP020402_frame_000419_rain2,9,8,1,1,0.8889,0.8889
GP020402_frame_000419_rain3,9,3,0,6,1.0,0.3333
GP020402_frame_000419_blur1,9,9,0,0,1.0,1.0
GP020402_frame_000419_blur2,9,8,0,1,1.0,0.8889
GP020402_frame_000419_blur3,9,5,0,4,1.0,0.5556
GP020402_frame_000419_blur4,9,5,0,4,1.0,0.5556
GP020402_frame_000419_noise1,9,9,0,0,1.0,1.0
GP020402_frame_000419_noise2,9,8,3,1,0.7273,0.8889
GP020402_frame_000419_noise3,9,1,0,8,1.0,0.1111
GP020402_frame_000419_dark1,9,9,0,0,1.0,1.0
GP020402_frame_000419_dark2,9,8,0,1,1.0,0.8889
GP020402_frame_000419_overexposure1,9,9,2,0,0.8182,1.0
GP020402_frame_000419_overexposure2,9,8,2,1,0.8,0.8889
GP020402_frame_000424_ref,5,4,4,1,0.5,0.8
GP020402_frame_000424_rain1,5,4,1,1,0.8,0.8
GP020402_frame_000424_rain2,5,4,2,1,0.6667,0.8
GP020402_frame_000424_rain3,5,3,1,2,0.75,0.6
GP020402_frame_000424_blur1,5,4,1,1,0.8,0.8
GP020402_frame_000424_blur2,5,4,3,1,0.5714,0.8
GP020402_frame_000424_blur3,5,4,1,1,0.8,0.8
GP020402_frame_000424_blur4,5,4,0,1,1.0,0.8
GP020402_frame_000424_noise1,5,4,2,1,0.6667,0.8
GP020402_frame_000424_noise2,5,4,4,1,0.5,0.8
GP020402_frame_000424_noise3,5,4,0,1,1.0,0.8
GP020402_frame_000424_dark1,5,4,4,1,0.5,0.8
GP020402_frame_000424_dark2,5,4,2,1,0.6667,0.8
GP020402_frame_000424_overexposure1,5,4,4,1,0.5,0.8
GP020402_frame_000424_overexposure2,5,4,3,1,0.5714,0.8
GP020402_frame_000440_ref,5,4,3,1,0.5714,0.8
GP020402_frame_000440_rain1,5,4,4,1,0.5,0.8
GP020402_frame_000440_rain2,5,3,0,2,1.0,0.6
GP020402_frame_000440_rain3,5,0,0,5,0.0,0.0
GP020402_frame_000440_blur1,5,4,1,1,0.8,0.8
GP020402_frame_000440_blur2,5,3,0,2,1.0,0.6
GP020402_frame_000440_blur3,5,2,0,3,1.0,0.4
GP020402_frame_000440_blur4,5,0,0,5,0.0,0.0
GP020402_frame_000440_noise1,5,4,4,1,0.5,0.8
GP020402_frame_000440_noise2,5,3,2,2,0.6,0.6
GP020402_frame_000440_noise3,5,0,0,5,0.0,0.0
GP020402_frame_000440_dark1,5,4,3,1,0.5714,0.8
GP020402_frame_000440_dark2,5,3,2,2,0.6,0.6
GP020402_frame_000440_overexposure1,5,5,4,0,0.5556,1.0
GP020402_frame_000440_overexposure2,5,3,1,2,0.75,0.6
GP020402_frame_000450_ref,4,4,1,0,0.8,1.0
GP020402_frame_000450_rain1,4,3,1,1,0.75,0.75
GP020402_frame_000450_rain2,4,0,1,4,0.0,0.0
GP020402_frame_000450_rain3,4,0,0,4,0.0,0.0
GP020402_frame_000450_blur1,4,4,2,0,0.6667,1.0
GP020402_frame_000450_blur2,4,3,1,1,0.75,0.75
GP020402_frame_000450_blur3,4,3,0,1,1.0,0.75
GP020402_frame_000450_blur4,4,0,0,4,0.0,0.0
GP020402_frame_000450_noise1,4,3,2,1,0.6,0.75
GP020402_frame_000450_noise2,4,1,0,3,1.0,0.25
GP020402_frame_000450_noise3,4,0,0,4,0.0,0.0
GP020402_frame_000450_dark1,4,4,1,0,0.8,1.0
GP020402_frame_000450_dark2,4,1,1,3,0.5,0.25
GP020402_frame_000450_overexposure1,4,4,3,0,0.5714,1.0
GP020402_frame_000450_overexposure2,4,4,1,0,0.8,1.0
GP020402_frame_000457_ref,4,3,3,1,0.5,0.75
GP020402_frame_000457_rain1,4,3,5,1,0.375,0.75
GP020402_frame_000457_rain2,4,0,2,4,0.0,0.0
GP020402_frame_000457_rain3,4,0,0,4,0.0,0.0
GP020402_frame_000457_blur1,4,3,4,1,0.4286,0.75
GP020402_frame_000457_blur2,4,1,1,3,0.5,0.25
GP020402_frame_000457_blur3,4,1,2,3,0.3333,0.25
GP020402_frame_000457_blur4,4,1,0,3,1.0,0.25
GP020402_frame_000457_noise1,4,3,3,1,0.5,0.75
GP020402_frame_000457_noise2,4,1,0,3,1.0,0.25
GP020402_frame_000457_noise3,4,0,0,4,0.0,0.0
GP020402_frame_000457_dark1,4,3,3,1,0.5,0.75
GP020402_frame_000457_dark2,4,1,2,3,0.3333,0.25
GP020402_frame_000457_overexposure1,4,2,3,2,0.4,0.5
GP020402_frame_000457_overexposure2,4,3,2,1,0.6,0.75
GP020402_frame_000465_ref,7,4,4,3,0.5,0.5714
GP020402_frame_000465_rain1,7,4,7,3,0.3636,0.5714
GP020402_frame_000465_rain2,7,2,1,5,0.6667,0.2857
GP020402_frame_000465_rain3,7,0,0,7,0.0,0.0
GP020402_frame_000465_blur1,7,5,4,2,0.5556,0.7143
GP020402_frame_000465_blur2,7,3,2,4,0.6,0.4286
GP020402_frame_000465_blur3,7,2,4,5,0.3333,0.2857
GP020402_frame_000465_blur4,7,1,0,6,1.0,0.1429
GP020402_frame_000465_noise1,7,3,6,4,0.3333,0.4286
GP020402_frame_000465_noise2,7,3,3,4,0.5,0.4286
GP020402_frame_000465_noise3,7,1,0,6,1.0,0.1429
GP020402_frame_000465_dark1,7,4,4,3,0.5,0.5714
GP020402_frame_000465_dark2,7,2,1,5,0.6667,0.2857
GP020402_frame_000465_overexposure1,7,4,5,3,0.4444,0.5714
GP020402_frame_000465_overexposure2,7,4,6,3,0.4,0.5714
GP020402_frame_000472_ref,10,9,3,1,0.75,0.9
GP020402_frame_000472_rain1,10,9,3,1,0.75,0.9
GP020402_frame_000472_rain2,10,6,4,4,0.6,0.6
GP020402_frame_000472_rain3,10,0,1,10,0.0,0.0
GP020402_frame_000472_blur1,10,7,4,3,0.6364,0.7
GP020402_frame_000472_blur2,10,6,3,4,0.6667,0.6
GP020402_frame_000472_blur3,10,4,3,6,0.5714,0.4
GP020402_frame_000472_blur4,10,0,1,10,0.0,0.0
GP020402_frame_000472_noise1,10,5,4,5,0.5556,0.5
GP020402_frame_000472_noise2,10,5,3,5,0.625,0.5
GP020402_frame_000472_noise3,10,3,2,7,0.6,0.3
GP020402_frame_000472_dark1,10,7,3,3,0.7,0.7
GP020402_frame_000472_dark2,10,6,2,4,0.75,0.6
GP020402_frame_000472_overexposure1,10,9,3,1,0.75,0.9
GP020402_frame_000472_overexposure2,10,9,2,1,0.8182,0.9
GP020402_frame_000478_ref,3,2,4,1,0.3333,0.6667
GP020402_frame_000478_rain1,3,2,4,1,0.3333,0.6667
GP020402_frame_000478_rain2,3,3,1,0,0.75,1.0
GP020402_frame_000478_rain3,3,0,3,3,0.0,0.0
GP020402_frame_000478_blur1,3,2,3,1,0.4,0.6667
GP020402_frame_000478_blur2,3,2,1,1,0.6667,0.6667
GP020402_frame_000478_blur3,3,3,1,0,0.75,1.0
GP020402_frame_000478_blur4,3,0,1,3,0.0,0.0
GP020402_frame_000478_noise1,3,2,3,1,0.4,0.6667
GP020402_frame_000478_noise2,3,2,2,1,0.5,0.6667
GP020402_frame_000478_noise3,3,0,1,3,0.0,0.0
GP020402_frame_000478_dark1,3,2,4,1,0.3333,0.6667
GP020402_frame_000478_dark2,3,2,1,1,0.6667,0.6667
GP020402_frame_000478_overexposure1,3,2,4,1,0.3333,0.6667
GP020402_frame_000478_overexposure2,3,2,4,1,0.3333,0.6667
GP020402_frame_000485_ref,3,3,4,0,0.4286,1.0
GP020402_frame_000485_rain1,3,3,1,0,0.75,1.0
GP020402_frame_000485_rain2,3,3,0,0,1.0,1.0
GP020402_frame_000485_rain3,3,1,0,2,1.0,0.3333
GP020402_frame_000485_blur1,3,3,0,0,1.0,1.0
GP020402_frame_000485_blur2,3,3,0,0,1.0,1.0
GP020402_frame_000485_blur3,3,3,0,0,1.0,1.0
GP020402_frame_000485_blur4,3,1,2,2,0.3333,0.3333
GP020402_frame_000485_noise1,3,3,2,0,0.6,1.0
GP020402_frame_000485_noise2,3,2,0,1,1.0,0.6667
GP020402_frame_000485_noise3,3,0,0,3,0.0,0.0
GP020402_frame_000485_dark1,3,3,2,0,0.6,1.0
GP020402_frame_000485_dark2,3,2,0,1,1.0,0.6667
GP020402_frame_000485_overexposure1,3,3,5,0,0.375,1.0
GP020402_frame_000485_overexposure2,3,3,3,0,0.5,1.0
GP020402_frame_000505_ref,9,9,2,0,0.8182,1.0
GP020402_frame_000505_rain1,9,9,3,0,0.75,1.0
GP020402_frame_000505_rain2,9,7,4,2,0.6364,0.7778
GP020402_frame_000505_rain3,9,3,0,6,1.0,0.3333
GP020402_frame_000505_blur1,9,9,3,0,0.75,1.0
GP020402_frame_000505_blur2,9,8,1,1,0.8889,0.8889
GP020402_frame_000505_blur3,9,6,2,3,0.75,0.6667
GP020402_frame_000505_blur4,9,2,0,7,1.0,0.2222
GP020402_frame_000505_noise1,9,8,3,1,0.7273,0.8889
GP020402_frame_000505_noise2,9,7,2,2,0.7778,0.7778
GP020402_frame_000505_noise3,9,1,0,8,1.0,0.1111
GP020402_frame_000505_dark1,9,8,2,1,0.8,0.8889
GP020402_frame_000505_dark2,9,6,3,3,0.6667,0.6667
GP020402_frame_000505_overexposure1,9,9,3,0,0.75,1.0
GP020402_frame_000505_overexposure2,9,9,4,0,0.6923,1.0
GP020402_frame_000521_ref,7,5,4,2,0.5556,0.7143
GP020402_frame_000521_rain1,7,4,3,3,0.5714,0.5714
GP020402_frame_000521_rain2,7,4,2,3,0.6667,0.5714
GP020402_frame_000521_rain3,7,1,0,6,1.0,0.1429
GP020402_frame_000521_blur1,7,5,1,2,0.8333,0.7143
GP020402_frame_000521_blur2,7,4,2,3,0.6667,0.5714
GP020402_frame_000521_blur3,7,4,1,3,0.8,0.5714
GP020402_frame_000521_blur4,7,1,0,6,1.0,0.1429
GP020402_frame_000521_noise1,7,5,2,2,0.7143,0.7143
GP020402_frame_000521_noise2,7,4,2,3,0.6667,0.5714
GP020402_frame_000521_noise3,7,1,0,6,1.0,0.1429
GP020402_frame_000521_dark1,7,5,2,2,0.7143,0.7143
GP020402_frame_000521_dark2,7,4,1,3,0.8,0.5714
GP020402_frame_000521_overexposure1,7,5,5,2,0.5,0.7143
GP020402_frame_000521_overexposure2,7,5,3,2,0.625,0.7143
GP020402_frame_000531_ref,9,9,8,0,0.5294,1.0
GP020402_frame_000531_rain1,9,8,8,1,0.5,0.8889
GP020402_frame_000531_rain2,9,7,5,2,0.5833,0.7778
GP020402_frame_000531_rain3,9,5,1,4,0.8333,0.5556
GP020402_frame_000531_blur1,9,9,7,0,0.5625,1.0
GP020402_frame_000531_blur2,9,9,2,0,0.8182,1.0
GP020402_frame_000531_blur3,9,7,4,2,0.6364,0.7778
GP020402_frame_000531_blur4,9,6,2,3,0.75,0.6667
GP020402_frame_000531_noise1,9,8,9,1,0.4706,0.8889
GP020402_frame_000531_noise2,9,8,5,1,0.6154,0.8889
GP020402_frame_000531_noise3,9,7,2,2,0.7778,0.7778
GP020402_frame_000531_dark1,9,9,7,0,0.5625,1.0
GP020402_frame_000531_dark2,9,9,5,0,0.6429,1.0
GP020402_frame_000531_overexposure1,9,9,4,0,0.6923,1.0
GP020402_frame_000531_overexposure2,9,9,5,0,0.6429,1.0
GP020402_frame_000545_ref,10,10,2,0,0.8333,1.0
GP020402_frame_000545_rain1,10,9,2,1,0.8182,0.9
GP020402_frame_000545_rain2,10,9,3,1,0.75,0.9
GP020402_frame_000545_rain3,10,7,0,3,1.0,0.7
GP020402_frame_000545_blur1,10,10,3,0,0.7692,1.0
GP020402_frame_000545_blur2,10,9,2,1,0.8182,0.9
GP020402_frame_000545_blur3,10,8,1,2,0.8889,0.8
GP020402_frame_000545_blur4,10,2,3,8,0.4,0.2
GP020402_frame_000545_noise1,10,9,2,1,0.8182,0.9
GP020402_frame_000545_noise2,10,9,3,1,0.75,0.9
GP020402_frame_000545_noise3,10,6,0,4,1.0,0.6
GP020402_frame_000545_dark1,10,9,2,1,0.8182,0.9
GP020402_frame_000545_dark2,10,9,4,1,0.6923,0.9
GP020402_frame_000545_overexposure1,10,10,2,0,0.8333,1.0
GP020402_frame_000545_overexposure2,10,10,2,0,0.8333,1.0
GP020402_frame_000554_ref,5,5,6,0,0.4545,1.0
GP020402_frame_000554_rain1,5,5,7,0,0.4167,1.0
GP020402_frame_000554_rain2,5,3,3,2,0.5,0.6
GP020402_frame_000554_rain3,5,1,0,4,1.0,0.2
GP020402_frame_000554_blur1,5,5,7,0,0.4167,1.0
GP020402_frame_000554_blur2,5,4,4,1,0.5,0.8
GP020402_frame_000554_blur3,5,3,1,2,0.75,0.6
GP020402_frame_000554_blur4,5,0,0,5,0.0,0.0
GP020402_frame_000554_noise1,5,3,6,2,0.3333,0.6
GP020402_frame_000554_noise2,5,3,1,2,0.75,0.6
GP020402_frame_000554_noise3,5,1,0,4,1.0,0.2
GP020402_frame_000554_dark1,5,4,7,1,0.3636,0.8
GP020402_frame_000554_dark2,5,3,2,2,0.6,0.6
GP020402_frame_000554_overexposure1,5,5,6,0,0.4545,1.0
GP020402_frame_000554_overexposure2,5,4,5,1,0.4444,0.8
GP020402_frame_000567_ref,11,9,3,2,0.75,0.8182
GP020402_frame_000567_rain1,11,9,2,2,0.8182,0.8182
GP020402_frame_000567_rain2,11,3,1,8,0.75,0.2727
GP020402_frame_000567_rain3,11,0,0,11,0.0,0.0
GP020402_frame_000567_blur1,11,8,3,3,0.7273,0.7273
GP020402_frame_000567_blur2,11,6,3,5,0.6667,0.5455
GP020402_frame_000567_blur3,11,4,1,7,0.8,0.3636
GP020402_frame_000567_blur4,11,0,1,11,0.0,0.0
GP020402_frame_000567_noise1,11,7,3,4,0.7,0.6364
GP020402_frame_000567_noise2,11,5,4,6,0.5556,0.4545
GP020402_frame_000567_noise3,11,0,0,11,0.0,0.0
GP020402_frame_000567_dark1,11,9,4,2,0.6923,0.8182
GP020402_frame_000567_dark2,11,4,2,7,0.6667,0.3636
GP020402_frame_000567_overexposure1,11,9,4,2,0.6923,0.8182
GP020402_frame_000567_overexposure2,11,9,4,2,0.6923,0.8182
GP020402_frame_000578_ref,10,8,6,2,0.5714,0.8
GP020402_frame_000578_rain1,10,7,5,3,0.5833,0.7
GP020402_frame_000578_rain2,10,8,6,2,0.5714,0.8
GP020402_frame_000578_rain3,10,6,3,4,0.6667,0.6
GP020402_frame_000578_blur1,10,9,3,1,0.75,0.9
GP020402_frame_000578_blur2,10,9,3,1,0.75,0.9
GP020402_frame_000578_blur3,10,8,2,2,0.8,0.8
GP020402_frame_000578_blur4,10,3,2,7,0.6,0.3
GP020402_frame_000578_noise1,10,9,3,1,0.75,0.9
GP020402_frame_000578_noise2,10,9,4,1,0.6923,0.9
GP020402_frame_000578_noise3,10,6,3,4,0.6667,0.6
GP020402_frame_000578_dark1,10,9,5,1,0.6429,0.9
GP020402_frame_000578_dark2,10,7,4,3,0.6364,0.7
GP020402_frame_000578_overexposure1,10,8,7,2,0.5333,0.8
GP020402_frame_000578_overexposure2,10,10,6,0,0.625,1.0
GP020402_frame_000587_ref,5,5,5,0,0.5,1.0
GP020402_frame_000587_rain1,5,4,6,1,0.4,0.8
GP020402_frame_000587_rain2,5,2,4,3,0.3333,0.4
GP020402_frame_000587_rain3,5,0,0,5,0.0,0.0
GP020402_frame_000587_blur1,5,5,6,0,0.4545,1.0
GP020402_frame_000587_blur2,5,3,4,2,0.4286,0.6
GP020402_frame_000587_blur3,5,3,2,2,0.6,0.6
GP020402_frame_000587_blur4,5,1,0,4,1.0,0.2
GP020402_frame_000587_noise1,5,5,5,0,0.5,1.0
GP020402_frame_000587_noise2,5,3,2,2,0.6,0.6
GP020402_frame_000587_noise3,5,1,0,4,1.0,0.2
GP020402_frame_000587_dark1,5,3,5,2,0.375,0.6
GP020402_frame_000587_dark2,5,3,4,2,0.4286,0.6
GP020402_frame_000587_overexposure1,5,5,5,0,0.5,1.0
GP020402_frame_000587_overexposure2,5,4,3,1,0.5714,0.8
GP020571_frame_000638_ref,3,3,14,0,0.1765,1.0
GP020571_frame_000638_rain1,3,3,10,0,0.2308,1.0
GP020571_frame_000638_rain2,3,2,2,1,0.5,0.6667
GP020571_frame_000638_rain3,3,1,0,2,1.0,0.3333
GP020571_frame_000638_blur1,3,3,7,0,0.3,1.0
GP020571_frame_000638_blur2,3,2,1,1,0.6667,0.6667
GP020571_frame_000638_blur3,3,2,0,1,1.0,0.6667
GP020571_frame_000638_blur4,3,0,0,3,0.0,0.0
GP020571_frame_000638_noise1,3,3,11,0,0.2143,1.0
GP020571_frame_000638_noise2,3,1,1,2,0.5,0.3333
GP020571_frame_000638_noise3,3,0,1,3,0.0,0.0
GP020571_frame_000638_dark1,3,3,14,0,0.1765,1.0
GP020571_frame_000638_dark2,3,2,2,1,0.5,0.6667
GP020571_frame_000638_overexposure1,3,3,13,0,0.1875,1.0
GP020571_frame_000638_overexposure2,3,2,12,1,0.1429,0.6667
GP020571_frame_000646_ref,5,5,2,0,0.7143,1.0
GP020571_frame_000646_rain1,5,5,2,0,0.7143,1.0
GP020571_frame_000646_rain2,5,4,2,1,0.6667,0.8
GP020571_frame_000646_rain3,5,1,0,4,1.0,0.2
GP020571_frame_000646_blur1,5,5,2,0,0.7143,1.0
GP020571_frame_000646_blur2,5,4,3,1,0.5714,0.8
GP020571_frame_000646_blur3,5,3,1,2,0.75,0.6
GP020571_frame_000646_blur4,5,1,0,4,1.0,0.2
GP020571_frame_000646_noise1,5,5,2,0,0.7143,1.0
GP020571_frame_000646_noise2,5,4,1,1,0.8,0.8
GP020571_frame_000646_noise3,5,3,1,2,0.75,0.6
GP020571_frame_000646_dark1,5,5,2,0,0.7143,1.0
GP020571_frame_000646_dark2,5,4,1,1,0.8,0.8
GP020571_frame_000646_overexposure1,5,5,3,0,0.625,1.0
GP020571_frame_000646_overexposure2,5,4,3,1,0.5714,0.8
GP020571_frame_000656_ref,11,11,1,0,0.9167,1.0
GP020571_frame_000656_rain1,11,11,1,0,0.9167,1.0
GP020571_frame_000656_rain2,11,11,1,0,0.9167,1.0
GP020571_frame_000656_rain3,11,2,1,9,0.6667,0.1818
GP020571_frame_000656_blur1,11,11,1,0,0.9167,1.0
GP020571_frame_000656_blur2,11,10,1,1,0.9091,0.9091
GP020571_frame_000656_blur3,11,8,0,3,1.0,0.7273
GP020571_frame_000656_blur4,11,1,0,10,1.0,0.0909
GP020571_frame_000656_noise1,11,11,4,0,0.7333,1.0
GP020571_frame_000656_noise2,11,7,1,4,0.875,0.6364
GP020571_frame_000656_noise3,11,4,0,7,1.0,0.3636
GP020571_frame_000656_dark1,11,11,4,0,0.7333,1.0
GP020571_frame_000656_dark2,11,8,2,3,0.8,0.7273
GP020571_frame_000656_overexposure1,11,11,5,0,0.6875,1.0
GP020571_frame_000656_overexposure2,11,7,3,4,0.7,0.6364
GP020571_frame_000666_ref,3,3,6,0,0.3333,1.0
GP020571_frame_000666_rain1,3,3,5,0,0.375,1.0
GP020571_frame_000666_rain2,3,3,2,0,0.6,1.0
GP020571_frame_000666_rain3,3,1,0,2,1.0,0.3333
GP020571_frame_000666_blur1,3,3,5,0,0.375,1.0
GP020571_frame_000666_blur2,3,3,2,0,0.6,1.0
GP020571_frame_000666_blur3,3,3,3,0,0.5,1.0
GP020571_frame_000666_blur4,3,0,0,3,0.0,0.0
GP020571_frame_000666_noise1,3,3,5,0,0.375,1.0
GP020571_frame_000666_noise2,3,3,2,0,0.6,1.0
GP020571_frame_000666_noise3,3,0,0,3,0.0,0.0
GP020571_frame_000666_dark1,3,3,4,0,0.4286,1.0
GP020571_frame_000666_dark2,3,3,3,0,0.5,1.0
GP020571_frame_000666_overexposure1,3,3,4,0,0.4286,1.0
GP020571_frame_000666_overexposure2,3,3,4,0,0.4286,1.0
GP020571_frame_000675_ref,2,2,5,0,0.2857,1.0
GP020571_frame_000675_rain1,2,2,4,0,0.3333,1.0
GP020571_frame_000675_rain2,2,1,4,1,0.2,0.5
GP020571_frame_000675_rain3,2,2,1,0,0.6667,1.0
GP020571_frame_000675_blur1,2,2,5,0,0.2857,1.0
GP020571_frame_000675_blur2,2,2,5,0,0.2857,1.0
GP020571_frame_000675_blur3,2,2,2,0,0.5,1.0
GP020571_frame_000675_blur4,2,1,0,1,1.0,0.5
GP020571_frame_000675_noise1,2,2,4,0,0.3333,1.0
GP020571_frame_000675_noise2,2,2,0,0,1.0,1.0
GP020571_frame_000675_noise3,2,1,0,1,1.0,0.5
GP020571_frame_000675_dark1,2,2,4,0,0.3333,1.0
GP020571_frame_000675_dark2,2,2,1,0,0.6667,1.0
GP020571_frame_000675_overexposure1,2,2,7,0,0.2222,1.0
GP020571_frame_000675_overexposure2,2,2,6,0,0.25,1.0
GP020571_frame_000695_ref,1,1,8,0,0.1111,1.0
GP020571_frame_000695_rain1,1,1,5,0,0.1667,1.0
GP020571_frame_000695_rain2,1,0,1,1,0.0,0.0
GP020571_frame_000695_rain3,1,0,0,1,0.0,0.0
GP020571_frame_000695_blur1,1,1,5,0,0.1667,1.0
GP020571_frame_000695_blur2,1,0,2,1,0.0,0.0
GP020571_frame_000695_blur3,1,0,0,1,0.0,0.0
GP020571_frame_000695_blur4,1,0,0,1,0.0,0.0
GP020571_frame_000695_noise1,1,0,3,1,0.0,0.0
GP020571_frame_000695_noise2,1,0,0,1,0.0,0.0
GP020571_frame_000695_noise3,1,0,0,1,0.0,0.0
GP020571_frame_000695_dark1,1,0,2,1,0.0,0.0
GP020571_frame_000695_dark2,1,0,0,1,0.0,0.0
GP020571_frame_000695_overexposure1,1,1,8,0,0.1111,1.0
GP020571_frame_000695_overexposure2,1,1,8,0,0.1111,1.0
GP030400_frame_000005_ref,0,0,1,0,0.0,
GP030400_frame_000005_rain1,0,0,0,0,0.0,
GP030400_frame_000005_rain2,0,0,0,0,0.0,
GP030400_frame_000005_rain3,0,0,0,0,0.0,
GP030400_frame_000005_blur1,0,0,0,0,0.0,
GP030400_frame_000005_blur2,0,0,0,0,0.0,
GP030400_frame_000005_blur3,0,0,0,0,0.0,
GP030400_frame_000005_blur4,0,0,0,0,0.0,
GP030400_frame_000005_noise1,0,0,2,0,0.0,
GP030400_frame_000005_noise2,0,0,0,0,0.0,
GP030400_frame_000005_noise3,0,0,0,0,0.0,
GP030400_frame_000005_dark1,0,0,0,0,0.0,
GP030400_frame_000005_dark2,0,0,0,0,0.0,
GP030400_frame_000005_overexposure1,0,0,0,0,0.0,
GP030400_frame_000005_overexposure2,0,0,0,0,0.0,
GP030400_frame_000035_ref,0,0,4,0,0.0,
GP030400_frame_000035_rain1,0,0,1,0,0.0,
GP030400_frame_000035_rain2,0,0,0,0,0.0,
GP030400_frame_000035_rain3,0,0,0,0,0.0,
GP030400_frame_000035_blur1,0,0,2,0,0.0,
GP030400_frame_000035_blur2,0,0,0,0,0.0,
GP030400_frame_000035_blur3,0,0,0,0,0.0,
GP030400_frame_000035_blur4,0,0,0,0,0.0,
GP030400_frame_000035_noise1,0,0,3,0,0.0,
GP030400_frame_000035_noise2,0,0,0,0,0.0,
GP030400_frame_000035_noise3,0,0,0,0,0.0,
GP030400_frame_000035_dark1,0,0,2,0,0.0,
GP030400_frame_000035_dark2,0,0,0,0,0.0,
GP030400_frame_000035_overexposure1,0,0,5,0,0.0,
GP030400_frame_000035_overexposure2,0,0,1,0,0.0,
GP030400_frame_000045_ref,1,1,0,0,1.0,1.0
GP030400_frame_000045_rain1,1,1,0,0,1.0,1.0
GP030400_frame_000045_rain2,1,1,0,0,1.0,1.0
GP030400_frame_000045_rain3,1,1,1,0,0.5,1.0
GP030400_frame_000045_blur1,1,1,1,0,0.5,1.0
GP030400_frame_000045_blur2,1,1,0,0,1.0,1.0
GP030400_frame_000045_blur3,1,1,1,0,0.5,1.0
GP030400_frame_000045_blur4,1,1,0,0,1.0,1.0
GP030400_frame_000045_noise1,1,1,0,0,1.0,1.0
GP030400_frame_000045_noise2,1,1,1,0,0.5,1.0
GP030400_frame_000045_noise3,1,1,0,0,1.0,1.0
GP030400_frame_000045_dark1,1,1,0,0,1.0,1.0
GP030400_frame_000045_dark2,1,1,1,0,0.5,1.0
GP030400_frame_000045_overexposure1,1,1,0,0,1.0,1.0
GP030400_frame_000045_overexposure2,1,1,0,0,1.0,1.0
GP030400_frame_000050_ref,3,3,0,0,1.0,1.0
GP030400_frame_000050_rain1,3,3,0,0,1.0,1.0
GP030400_frame_000050_rain2,3,3,1,0,0.75,1.0
GP030400_frame_000050_rain3,3,2,0,1,1.0,0.6667
GP030400_frame_000050_blur1,3,3,0,0,1.0,1.0
GP030400_frame_000050_blur2,3,3,1,0,0.75,1.0
GP030400_frame_000050_blur3,3,2,0,1,1.0,0.6667
GP030400_frame_000050_blur4,3,0,0,3,0.0,0.0
GP030400_frame_000050_noise1,3,3,0,0,1.0,1.0
GP030400_frame_000050_noise2,3,3,0,0,1.0,1.0
GP030400_frame_000050_noise3,3,2,1,1,0.6667,0.6667
GP030400_frame_000050_dark1,3,3,0,0,1.0,1.0
GP030400_frame_000050_dark2,3,3,0,0,1.0,1.0
GP030400_frame_000050_overexposure1,3,3,0,0,1.0,1.0
GP030400_frame_000050_overexposure2,3,3,0,0,1.0,1.0
GP030400_frame_000055_ref,0,0,0,0,0.0,
GP030400_frame_000055_rain1,0,0,0,0,0.0,
GP030400_frame_000055_rain2,0,0,0,0,0.0,
GP030400_frame_000055_rain3,0,0,0,0,0.0,
GP030400_frame_000055_blur1,0,0,0,0,0.0,
GP030400_frame_000055_blur2,0,0,0,0,0.0,
GP030400_frame_000055_blur3,0,0,0,0,0.0,
GP030400_frame_000055_blur4,0,0,0,0,0.0,
GP030400_frame_000055_noise1,0,0,0,0,0.0,
GP030400_frame_000055_noise2,0,0,1,0,0.0,
GP030400_frame_000055_noise3,0,0,0,0,0.0,
GP030400_frame_000055_dark1,0,0,0,0,0.0,
GP030400_frame_000055_dark2,0,0,0,0,0.0,
GP030400_frame_000055_overexposure1,0,0,0,0,0.0,
GP030400_frame_000055_overexposure2,0,0,0,0,0.0,
GOPR0400_frame_000058_ref,8,5,3,3,0.625,0.625
GOPR0400_frame_000058_rain1,8,5,3,3,0.625,0.625
GOPR0400_frame_000058_rain2,8,4,4,4,0.5,0.5
GOPR0400_frame_000058_rain3,8,1,1,7,0.5,0.125
GOPR0400_frame_000058_blur1,8,5,1,3,0.8333,0.625
GOPR0400_frame_000058_blur2,8,3,2,5,0.6,0.375
GOPR0400_frame_000058_blur3,8,2,2,6,0.5,0.25
GOPR0400_frame_000058_blur4,8,1,1,7,0.5,0.125
GOPR0400_frame_000058_noise1,8,5,4,3,0.5556,0.625
GOPR0400_frame_000058_noise2,8,4,2,4,0.6667,0.5
GOPR0400_frame_000058_noise3,8,3,3,5,0.5,0.375
GOPR0400_frame_000058_dark1,8,4,3,4,0.5714,0.5
GOPR0400_frame_000058_dark2,8,4,2,4,0.6667,0.5
GOPR0400_frame_000058_overexposure1,8,6,3,2,0.6667,0.75
GOPR0400_frame_000058_overexposure2,8,3,3,5,0.5,0.375
GOPR0400_frame_000087_ref,0,0,2,0,0.0,
GOPR0400_frame_000087_rain1,0,0,0,0,0.0,
GOPR0400_frame_000087_rain2,0,0,0,0,0.0,
GOPR0400_frame_000087_rain3,0,0,0,0,0.0,
GOPR0400_frame_000087_blur1,0,0,0,0,0.0,
GOPR0400_frame_000087_blur2,0,0,1,0,0.0,
GOPR0400_frame_000087_blur3,0,0,0,0,0.0,
GOPR0400_frame_000087_blur4,0,0,0,0,0.0,
GOPR0400_frame_000087_noise1,0,0,0,0,0.0,
GOPR0400_frame_000087_noise2,0,0,0,0,0.0,
GOPR0400_frame_000087_noise3,0,0,0,0,0.0,
GOPR0400_frame_000087_dark1,0,0,0,0,0.0,
GOPR0400_frame_000087_dark2,0,0,0,0,0.0,
GOPR0400_frame_000087_overexposure1,0,0,1,0,0.0,
GOPR0400_frame_000087_overexposure2,0,0,1,0,0.0,
GOPR0400_frame_000094_ref,2,1,0,1,1.0,0.5
GOPR0400_frame_000094_rain1,2,1,0,1,1.0,0.5
GOPR0400_frame_000094_rain2,2,0,0,2,0.0,0.0
GOPR0400_frame_000094_rain3,2,0,0,2,0.0,0.0
GOPR0400_frame_000094_blur1,2,1,0,1,1.0,0.5
GOPR0400_frame_000094_blur2,2,1,0,1,1.0,0.5
GOPR0400_frame_000094_blur3,2,1,0,1,1.0,0.5
GOPR0400_frame_000094_blur4,2,0,0,2,0.0,0.0
GOPR0400_frame_000094_noise1,2,1,1,1,0.5,0.5
GOPR0400_frame_000094_noise2,2,1,0,1,1.0,0.5
GOPR0400_frame_000094_noise3,2,0,0,2,0.0,0.0
GOPR0400_frame_000094_dark1,2,1,1,1,0.5,0.5
GOPR0400_frame_000094_dark2,2,0,1,2,0.0,0.0
GOPR0400_frame_000094_overexposure1,2,1,0,1,1.0,0.5
GOPR0400_frame_000094_overexposure2,2,1,1,1,0.5,0.5
GOPR0400_frame_000107_ref,3,3,0,0,1.0,1.0
GOPR0400_frame_000107_rain1,3,3,1,0,0.75,1.0
GOPR0400_frame_000107_rain2,3,1,0,2,1.0,0.3333
GOPR0400_frame_000107_rain3,3,0,0,3,0.0,0.0
GOPR0400_frame_000107_blur1,3,3,0,0,1.0,1.0
GOPR0400_frame_000107_blur2,3,3,1,0,0.75,1.0
GOPR0400_frame_000107_blur3,3,3,2,0,0.6,1.0
GOPR0400_frame_000107_blur4,3,0,0,3,0.0,0.0
GOPR0400_frame_000107_noise1,3,3,0,0,1.0,1.0
GOPR0400_frame_000107_noise2,3,2,0,1,1.0,0.6667
GOPR0400_frame_000107_noise3,3,1,0,2,1.0,0.3333
GOPR0400_frame_000107_dark1,3,3,0,0,1.0,1.0
GOPR0400_frame_000107_dark2,3,2,0,1,1.0,0.6667
GOPR0400_frame_000107_overexposure1,3,3,0,0,1.0,1.0
GOPR0400_frame_000107_overexposure2,3,3,2,0,0.6,1.0
GOPR0400_frame_000114_ref,7,7,3,0,0.7,1.0
GOPR0400_frame_000114_rain1,7,7,3,0,0.7,1.0
GOPR0400_frame_000114_rain2,7,4,3,3,0.5714,0.5714
GOPR0400_frame_000114_rain3,7,1,0,6,1.0,0.1429
GOPR0400_frame_000114_blur1,7,7,1,0,0.875,1.0
GOPR0400_frame_000114_blur2,7,5,3,2,0.625,0.7143
GOPR0400_frame_000114_blur3,7,3,3,4,0.5,0.4286
GOPR0400_frame_000114_blur4,7,1,1,6,0.5,0.1429
GOPR0400_frame_000114_noise1,7,6,5,1,0.5455,0.8571
GOPR0400_frame_000114_noise2,7,5,3,2,0.625,0.7143
GOPR0400_frame_000114_noise3,7,0,0,7,0.0,0.0
GOPR0400_frame_000114_dark1,7,7,2,0,0.7778,1.0
GOPR0400_frame_000114_dark2,7,7,4,0,0.6364,1.0
GOPR0400_frame_000114_overexposure1,7,7,7,0,0.5,1.0
GOPR0400_frame_000114_overexposure2,7,5,3,2,0.625,0.7143
GOPR0400_frame_000125_ref,2,2,2,0,0.5,1.0
GOPR0400_frame_000125_rain1,2,2,2,0,0.5,1.0
GOPR0400_frame_000125_rain2,2,1,1,1,0.5,0.5
GOPR0400_frame_000125_rain3,2,0,0,2,0.0,0.0
GOPR0400_frame_000125_blur1,2,2,3,0,0.4,1.0
GOPR0400_frame_000125_blur2,2,1,1,1,0.5,0.5
GOPR0400_frame_000125_blur3,2,0,0,2,0.0,0.0
GOPR0400_frame_000125_blur4,2,0,0,2,0.0,0.0
GOPR0400_frame_000125_noise1,2,1,2,1,0.3333,0.5
GOPR0400_frame_000125_noise2,2,0,0,2,0.0,0.0
GOPR0400_frame_000125_noise3,2,0,0,2,0.0,0.0
GOPR0400_frame_000125_dark1,2,2,3,0,0.4,1.0
GOPR0400_frame_000125_dark2,2,1,3,1,0.25,0.5
GOPR0400_frame_000125_overexposure1,2,2,2,0,0.5,1.0
GOPR0400_frame_000125_overexposure2,2,2,3,0,0.4,1.0
GOPR0400_frame_000150_ref,3,3,0,0,1.0,1.0
GOPR0400_frame_000150_rain1,3,3,0,0,1.0,1.0
GOPR0400_frame_000150_rain2,3,2,0,1,1.0,0.6667
GOPR0400_frame_000150_rain3,3,1,0,2,1.0,0.3333
GOPR0400_frame_000150_blur1,3,3,0,0,1.0,1.0
GOPR0400_frame_000150_blur2,3,2,0,1,1.0,0.6667
GOPR0400_frame_000150_blur3,3,2,0,1,1.0,0.6667
GOPR0400_frame_000150_blur4,3,1,0,2,1.0,0.3333
GOPR0400_frame_000150_noise1,3,2,0,1,1.0,0.6667
GOPR0400_frame_000150_noise2,3,2,0,1,1.0,0.6667
GOPR0400_frame_000150_noise3,3,1,0,2,1.0,0.3333
GOPR0400_frame_000150_dark1,3,3,0,0,1.0,1.0
GOPR0400_frame_000150_dark2,3,2,0,1,1.0,0.6667
GOPR0400_frame_000150_overexposure1,3,3,0,0,1.0,1.0
GOPR0400_frame_000150_overexposure2,3,3,0,0,1.0,1.0
GOPR0402_frame_000120_ref,3,3,1,0,0.75,1.0
GOPR0402_frame_000120_rain1,3,3,1,0,0.75,1.0
GOPR0402_frame_000120_rain2,3,3,3,0,0.5,1.0
GOPR0402_frame_000120_rain3,3,1,0,2,1.0,0.3333
GOPR0402_frame_000120_blur1,3,3,1,0,0.75,1.0
GOPR0402_frame_000120_blur2,3,3,1,0,0.75,1.0
GOPR0402_frame_000120_blur3,3,3,1,0,0.75,1.0
GOPR0402_frame_000120_blur4,3,2,0,1,1.0,0.6667
GOPR0402_frame_000120_noise1,3,3,1,0,0.75,1.0
GOPR0402_frame_000120_noise2,3,3,1,0,0.75,1.0
GOPR0402_frame_000120_noise3,3,1,0,2,1.0,0.3333
GOPR0402_frame_000120_dark1,3,3,1,0,0.75,1.0
GOPR0402_frame_000120_dark2,3,3,1,0,0.75,1.0
GOPR0402_frame_000120_overexposure1,3,3,1,0,0.75,1.0
GOPR0402_frame_000120_overexposure2,3,3,1,0,0.75,1.0
GOPR0402_frame_000134_ref,2,2,1,0,0.6667,1.0
GOPR0402_frame_000134_rain1,2,2,2,0,0.5,1.0
GOPR0402_frame_000134_rain2,2,1,1,1,0.5,0.5
GOPR0402_frame_000134_rain3,2,0,0,2,0.0,0.0
GOPR0402_frame_000134_blur1,2,2,1,0,0.6667,1.0
GOPR0402_frame_000134_blur2,2,2,1,0,0.6667,1.0
GOPR0402_frame_000134_blur3,2,1,0,1,1.0,0.5
GOPR0402_frame_000134_blur4,2,0,0,2,0.0,0.0
GOPR0402_frame_000134_noise1,2,2,1,0,0.6667,1.0
GOPR0402_frame_000134_noise2,2,1,0,1,1.0,0.5
GOPR0402_frame_000134_noise3,2,0,0,2,0.0,0.0
GOPR0402_frame_000134_dark1,2,2,1,0,0.6667,1.0
GOPR0402_frame_000134_dark2,2,0,0,2,0.0,0.0
GOPR0402_frame_000134_overexposure1,2,2,1,0,0.6667,1.0
GOPR0402_frame_000134_overexposure2,2,2,1,0,0.6667,1.0
GOPR0402_frame_000154_ref,2,2,0,0,1.0,1.0
GOPR0402_frame_000154_rain1,2,2,0,0,1.0,1.0
GOPR0402_frame_000154_rain2,2,1,0,1,1.0,0.5
GOPR0402_frame_000154_rain3,2,0,0,2,0.0,0.0
GOPR0402_frame_000154_blur1,2,2,0,0,1.0,1.0
GOPR0402_frame_000154_blur2,2,1,1,1,0.5,0.5
GOPR0402_frame_000154_blur3,2,1,1,1,0.5,0.5
GOPR0402_frame_000154_blur4,2,0,0,2,0.0,0.0
GOPR0402_frame_000154_noise1,2,2,0,0,1.0,1.0
GOPR0402_frame_000154_noise2,2,1,0,1,1.0,0.5
GOPR0402_frame_000154_noise3,2,0,0,2,0.0,0.0
GOPR0402_frame_000154_dark1,2,2,0,0,1.0,1.0
GOPR0402_frame_000154_dark2,2,1,0,1,1.0,0.5
GOPR0402_frame_000154_overexposure1,2,2,1,0,0.6667,1.0
GOPR0402_frame_000154_overexposure2,2,2,2,0,0.5,1.0
GOPR0402_frame_000186_ref,4,4,4,0,0.5,1.0
GOPR0402_frame_000186_rain1,4,4,2,0,0.6667,1.0
GOPR0402_frame_000186_rain2,4,4,0,0,1.0,1.0
GOPR0402_frame_000186_rain3,4,0,0,4,0.0,0.0
GOPR0402_frame_000186_blur1,4,4,4,0,0.5,1.0
GOPR0402_frame_000186_blur2,4,4,3,0,0.5714,1.0
GOPR0402_frame_000186_blur3,4,3,0,1,1.0,0.75
GOPR0402_frame_000186_blur4,4,0,0,4,0.0,0.0
GOPR0402_frame_000186_noise1,4,4,2,0,0.6667,1.0
GOPR0402_frame_000186_noise2,4,2,0,2,1.0,0.5
GOPR0402_frame_000186_noise3,4,0,0,4,0.0,0.0
GOPR0402_frame_000186_dark1,4,4,2,0,0.6667,1.0
GOPR0402_frame_000186_dark2,4,2,1,2,0.6667,0.5
GOPR0402_frame_000186_overexposure1,4,4,3,0,0.5714,1.0
GOPR0402_frame_000186_overexposure2,4,4,7,0,0.3636,1.0
GOPR0402_frame_000194_ref,3,3,6,0,0.3333,1.0
GOPR0402_frame_000194_rain1,3,3,5,0,0.375,1.0
GOPR0402_frame_000194_rain2,3,1,1,2,0.5,0.3333
GOPR0402_frame_000194_rain3,3,0,0,3,0.0,0.0
GOPR0402_frame_000194_blur1,3,3,4,0,0.4286,1.0
GOPR0402_frame_000194_blur2,3,2,1,1,0.6667,0.6667
GOPR0402_frame_000194_blur3,3,2,0,1,1.0,0.6667
GOPR0402_frame_000194_blur4,3,1,0,2,1.0,0.3333
GOPR0402_frame_000194_noise1,3,3,5,0,0.375,1.0
GOPR0402_frame_000194_noise2,3,2,1,1,0.6667,0.6667
GOPR0402_frame_000194_noise3,3,0,0,3,0.0,0.0
GOPR0402_frame_000194_dark1,3,3,6,0,0.3333,1.0
GOPR0402_frame_000194_dark2,3,2,1,1,0.6667,0.6667
GOPR0402_frame_000194_overexposure1,3,3,8,0,0.2727,1.0
GOPR0402_frame_000194_overexposure2,3,3,7,0,0.3,1.0
GOPR0402_frame_000214_ref,2,2,4,0,0.3333,1.0
GOPR0402_frame_000214_rain1,2,2,2,0,0.5,1.0
GOPR0402_frame_000214_rain2,2,1,0,1,1.0,0.5
GOPR0402_frame_000214_rain3,2,0,0,2,0.0,0.0
GOPR0402_frame_000214_blur1,2,2,3,0,0.4,1.0
GOPR0402_frame_000214_blur2,2,2,0,0,1.0,1.0
GOPR0402_frame_000214_blur3,2,1,0,1,1.0,0.5
GOPR0402_frame_000214_blur4,2,0,0,2,0.0,0.0
GOPR0402_frame_000214_noise1,2,2,4,0,0.3333,1.0
GOPR0402_frame_000214_noise2,2,1,0,1,1.0,0.5
GOPR0402_frame_000214_noise3,2,0,0,2,0.0,0.0
GOPR0402_frame_000214_dark1,2,2,1,0,0.6667,1.0
GOPR0402_frame_000214_dark2,2,0,0,2,0.0,0.0
GOPR0402_frame_000214_overexposure1,2,2,3,0,0.4,1.0
GOPR0402_frame_000214_overexposure2,2,2,3,0,0.4,1.0
GOPR0402_frame_000234_ref,5,4,0,1,1.0,0.8
GOPR0402_frame_000234_rain1,5,4,1,1,0.8,0.8
GOPR0402_frame_000234_rain2,5,4,1,1,0.8,0.8
GOPR0402_frame_000234_rain3,5,0,0,5,0.0,0.0
GOPR0402_frame_000234_blur1,5,4,1,1,0.8,0.8
GOPR0402_frame_000234_blur2,5,3,0,2,1.0,0.6
GOPR0402_frame_000234_blur3,5,3,1,2,0.75,0.6
GOPR0402_frame_000234_blur4,5,1,0,4,1.0,0.2
GOPR0402_frame_000234_noise1,5,3,0,2,1.0,0.6
GOPR0402_frame_000234_noise2,5,2,1,3,0.6667,0.4
GOPR0402_frame_000234_noise3,5,1,0,4,1.0,0.2
GOPR0402_frame_000234_dark1,5,4,1,1,0.8,0.8
GOPR0402_frame_000234_dark2,5,1,0,4,1.0,0.2
GOPR0402_frame_000234_overexposure1,5,4,0,1,1.0,0.8
GOPR0402_frame_000234_overexposure2,5,4,2,1,0.6667,0.8
GOPR0402_frame_000254_ref,4,4,2,0,0.6667,1.0
GOPR0402_frame_000254_rain1,4,3,3,1,0.5,0.75
GOPR0402_frame_000254_rain2,4,0,0,4,0.0,0.0
GOPR0402_frame_000254_rain3,4,0,0,4,0.0,0.0
GOPR0402_frame_000254_blur1,4,4,1,0,0.8,1.0
GOPR0402_frame_000254_blur2,4,2,0,2,1.0,0.5
GOPR0402_frame_000254_blur3,4,1,1,3,0.5,0.25
GOPR0402_frame_000254_blur4,4,0,0,4,0.0,0.0
GOPR0402_frame_000254_noise1,4,4,3,0,0.5714,1.0
GOPR0402_frame_000254_noise2,4,1,0,3,1.0,0.25
GOPR0402_frame_000254_noise3,4,0,0,4,0.0,0.0
GOPR0402_frame_000254_dark1,4,4,2,0,0.6667,1.0
GOPR0402_frame_000254_dark2,4,1,1,3,0.5,0.25
GOPR0402_frame_000254_overexposure1,4,4,2,0,0.6667,1.0
GOPR0402_frame_000254_overexposure2,4,4,1,0,0.8,1.0
GOPR0402_frame_000294_ref,14,12,3,2,0.8,0.8571
GOPR0402_frame_000294_rain1,14,10,0,4,1.0,0.7143
GOPR0402_frame_000294_rain2,14,6,1,8,0.8571,0.4286
GOPR0402_frame_000294_rain3,14,0,0,14,0.0,0.0
GOPR0402_frame_000294_blur1,14,10,2,4,0.8333,0.7143
GOPR0402_frame_000294_blur2,14,8,1,6,0.8889,0.5714
GOPR0402_frame_000294_blur3,14,5,0,9,1.0,0.3571
GOPR0402_frame_000294_blur4,14,0,1,14,0.0,0.0
GOPR0402_frame_000294_noise1,14,7,2,7,0.7778,0.5
GOPR0402_frame_000294_noise2,14,5,0,9,1.0,0.3571
GOPR0402_frame_000294_noise3,14,5,1,9,0.8333,0.3571
GOPR0402_frame_000294_dark1,14,9,1,5,0.9,0.6429
GOPR0402_frame_000294_dark2,14,4,2,10,0.6667,0.2857
GOPR0402_frame_000294_overexposure1,14,14,3,0,0.8235,1.0
GOPR0402_frame_000294_overexposure2,14,13,3,1,0.8125,0.9286
GOPR0402_frame_000304_ref,8,7,4,1,0.6364,0.875
GOPR0402_frame_000304_rain1,8,8,3,0,0.7273,1.0
GOPR0402_frame_000304_rain2,8,2,4,6,0.3333,0.25
GOPR0402_frame_000304_rain3,8,0,0,8,0.0,0.0
GOPR0402_frame_000304_blur1,8,8,4,0,0.6667,1.0
GOPR0402_frame_000304_blur2,8,7,6,1,0.5385,0.875
GOPR0402_frame_000304_blur3,8,5,3,3,0.625,0.625
GOPR0402_frame_000304_blur4,8,2,0,6,1.0,0.25
GOPR0402_frame_000304_noise1,8,8,4,0,0.6667,1.0
GOPR0402_frame_000304_noise2,8,4,4,4,0.5,0.5
GOPR0402_frame_000304_noise3,8,2,0,6,1.0,0.25
GOPR0402_frame_000304_dark1,8,7,5,1,0.5833,0.875
GOPR0402_frame_000304_dark2,8,6,2,2,0.75,0.75
GOPR0402_frame_000304_overexposure1,8,7,5,1,0.5833,0.875
GOPR0402_frame_000304_overexposure2,8,7,4,1,0.6364,0.875
GOPR0402_frame_000315_ref,12,9,3,3,0.75,0.75
GOPR0402_frame_000315_rain1,12,9,3,3,0.75,0.75
GOPR0402_frame_000315_rain2,12,6,1,6,0.8571,0.5
GOPR0402_frame_000315_rain3,12,0,0,12,0.0,0.0
GOPR0402_frame_000315_blur1,12,8,3,4,0.7273,0.6667
GOPR0402_frame_000315_blur2,12,8,2,4,0.8,0.6667
GOPR0402_frame_000315_blur3,12,6,4,6,0.6,0.5
GOPR0402_frame_000315_blur4,12,1,0,11,1.0,0.0833
GOPR0402_frame_000315_noise1,12,10,2,2,0.8333,0.8333
GOPR0402_frame_000315_noise2,12,6,3,6,0.6667,0.5
GOPR0402_frame_000315_noise3,12,0,0,12,0.0,0.0
GOPR0402_frame_000315_dark1,12,9,3,3,0.75,0.75
GOPR0402_frame_000315_dark2,12,6,1,6,0.8571,0.5
GOPR0402_frame_000315_overexposure1,12,9,5,3,0.6429,0.75
GOPR0402_frame_000315_overexposure2,12,7,6,5,0.5385,0.5833
GOPR0402_frame_000320_ref,4,3,2,1,0.6,0.75
GOPR0402_frame_000320_rain1,4,2,0,2,1.0,0.5
GOPR0402_frame_000320_rain2,4,0,0,4,0.0,0.0
GOPR0402_frame_000320_rain3,4,0,0,4,0.0,0.0
GOPR0402_frame_000320_blur1,4,3,3,1,0.5,0.75
GOPR0402_frame_000320_blur2,4,0,2,4,0.0,0.0
GOPR0402_frame_000320_blur3,4,0,3,4,0.0,0.0
GOPR0402_frame_000320_blur4,4,0,0,4,0.0,0.0
GOPR0402_frame_000320_noise1,4,3,2,1,0.6,0.75
GOPR0402_frame_000320_noise2,4,1,2,3,0.3333,0.25
GOPR0402_frame_000320_noise3,4,0,0,4,0.0,0.0
GOPR0402_frame_000320_dark1,4,2,2,2,0.5,0.5
GOPR0402_frame_000320_dark2,4,0,0,4,0.0,0.0
GOPR0402_frame_000320_overexposure1,4,3,2,1,0.6,0.75
GOPR0402_frame_000320_overexposure2,4,2,2,2,0.5,0.5
GOPR0402_frame_000331_ref,2,2,2,0,0.5,1.0
GOPR0402_frame_000331_rain1,2,2,2,0,0.5,1.0
GOPR0402_frame_000331_rain2,2,0,0,2,0.0,0.0
GOPR0402_frame_000331_rain3,2,0,0,2,0.0,0.0
GOPR0402_frame_000331_blur1,2,2,1,0,0.6667,1.0
GOPR0402_frame_000331_blur2,2,1,1,1,0.5,0.5
GOPR0402_frame_000331_blur3,2,0,0,2,0.0,0.0
GOPR0402_frame_000331_blur4,2,0,0,2,0.0,0.0
GOPR0402_frame_000331_noise1,2,2,2,0,0.5,1.0
GOPR0402_frame_000331_noise2,2,1,0,1,1.0,0.5
GOPR0402_frame_000331_noise3,2,0,0,2,0.0,0.0
GOPR0402_frame_000331_dark1,2,2,1,0,0.6667,1.0
GOPR0402_frame_000331_dark2,2,0,1,2,0.0,0.0
GOPR0402_frame_000331_overexposure1,2,2,3,0,0.4,1.0
GOPR0402_frame_000331_overexposure2,2,2,3,0,0.4,1.0
GOPR0402_frame_000336_ref,2,2,2,0,0.5,1.0
GOPR0402_frame_000336_rain1,2,2,1,0,0.6667,1.0
GOPR0402_frame_000336_rain2,2,1,1,1,0.5,0.5
GOPR0402_frame_000336_rain3,2,0,0,2,0.0,0.0
GOPR0402_frame_000336_blur1,2,2,2,0,0.5,1.0
GOPR0402_frame_000336_blur2,2,1,1,1,0.5,0.5
GOPR0402_frame_000336_blur3,2,1,1,1,0.5,0.5
GOPR0402_frame_000336_blur4,2,1,0,1,1.0,0.5
GOPR0402_frame_000336_noise1,2,1,5,1,0.1667,0.5
GOPR0402_frame_000336_noise2,2,1,2,1,0.3333,0.5
GOPR0402_frame_000336_noise3,2,0,0,2,0.0,0.0
GOPR0402_frame_000336_dark1,2,2,2,0,0.5,1.0
GOPR0402_frame_000336_dark2,2,1,1,1,0.5,0.5
GOPR0402_frame_000336_overexposure1,2,2,3,0,0.4,1.0
GOPR0402_frame_000336_overexposure2,2,2,2,0,0.5,1.0
GOPR0402_frame_000351_ref,2,2,1,0,0.6667,1.0
GOPR0402_frame_000351_rain1,2,2,1,0,0.6667,1.0
GOPR0402_frame_000351_rain2,2,1,0,1,1.0,0.5
GOPR0402_frame_000351_rain3,2,0,0,2,0.0,0.0
GOPR0402_frame_000351_blur1,2,2,1,0,0.6667,1.0
GOPR0402_frame_000351_blur2,2,1,1,1,0.5,0.5
GOPR0402_frame_000351_blur3,2,1,0,1,1.0,0.5
GOPR0402_frame_000351_blur4,2,0,0,2,0.0,0.0
GOPR0402_frame_000351_noise1,2,1,1,1,0.5,0.5
GOPR0402_frame_000351_noise2,2,1,2,1,0.3333,0.5
GOPR0402_frame_000351_noise3,2,0,0,2,0.0,0.0
GOPR0402_frame_000351_dark1,2,2,1,0,0.6667,1.0
GOPR0402_frame_000351_dark2,2,1,1,1,0.5,0.5
GOPR0402_frame_000351_overexposure1,2,2,1,0,0.6667,1.0
GOPR0402_frame_000351_overexposure2,2,2,2,0,0.5,1.0
GOPR0402_frame_000365_ref,2,2,6,0,0.25,1.0
GOPR0402_frame_000365_rain1,2,2,3,0,0.4,1.0
GOPR0402_frame_000365_rain2,2,1,2,1,0.3333,0.5
GOPR0402_frame_000365_rain3,2,0,0,2,0.0,0.0
GOPR0402_frame_000365_blur1,2,1,5,1,0.1667,0.5
GOPR0402_frame_000365_blur2,2,1,3,1,0.25,0.5
GOPR0402_frame_000365_blur3,2,1,2,1,0.3333,0.5
GOPR0402_frame_000365_blur4,2,0,0,2,0.0,0.0
GOPR0402_frame_000365_noise1,2,1,5,1,0.1667,0.5
GOPR0402_frame_000365_noise2,2,1,2,1,0.3333,0.5
GOPR0402_frame_000365_noise3,2,0,1,2,0.0,0.0
GOPR0402_frame_000365_dark1,2,1,5,1,0.1667,0.5
GOPR0402_frame_000365_dark2,2,1,1,1,0.5,0.5
GOPR0402_frame_000365_overexposure1,2,2,6,0,0.25,1.0
GOPR0402_frame_000365_overexposure2,2,2,5,0,0.2857,1.0
GOPR0402_frame_000369_ref,9,8,9,1,0.4706,0.8889
GOPR0402_frame_000369_rain1,9,7,9,2,0.4375,0.7778
GOPR0402_frame_000369_rain2,9,5,3,4,0.625,0.5556
GOPR0402_frame_000369_rain3,9,0,0,9,0.0,0.0
GOPR0402_frame_000369_blur1,9,7,7,2,0.5,0.7778
GOPR0402_frame_000369_blur2,9,6,2,3,0.75,0.6667
GOPR0402_frame_000369_blur3,9,3,2,6,0.6,0.3333
GOPR0402_frame_000369_blur4,9,0,0,9,0.0,0.0
GOPR0402_frame_000369_noise1,9,7,7,2,0.5,0.7778
GOPR0402_frame_000369_noise2,9,5,1,4,0.8333,0.5556
GOPR0402_frame_000369_noise3,9,0,0,9,0.0,0.0
GOPR0402_frame_000369_dark1,9,7,4,2,0.6364,0.7778
GOPR0402_frame_000369_dark2,9,3,2,6,0.6,0.3333
GOPR0402_frame_000369_overexposure1,9,8,12,1,0.4,0.8889
GOPR0402_frame_000369_overexposure2,9,8,10,1,0.4444,0.8889
GOPR0402_frame_000384_ref,1,1,2,0,0.3333,1.0
GOPR0402_frame_000384_rain1,1,1,2,0,0.3333,1.0
GOPR0402_frame_000384_rain2,1,1,3,0,0.25,1.0
GOPR0402_frame_000384_rain3,1,0,0,1,0.0,0.0
GOPR0402_frame_000384_blur1,1,1,2,0,0.3333,1.0
GOPR0402_frame_000384_blur2,1,1,3,0,0.25,1.0
GOPR0402_frame_000384_blur3,1,1,2,0,0.3333,1.0
GOPR0402_frame_000384_blur4,1,0,1,1,0.0,0.0
GOPR0402_frame_000384_noise1,1,1,2,0,0.3333,1.0
GOPR0402_frame_000384_noise2,1,0,4,1,0.0,0.0
GOPR0402_frame_000384_noise3,1,0,1,1,0.0,0.0
GOPR0402_frame_000384_dark1,1,1,4,0,0.2,1.0
GOPR0402_frame_000384_dark2,1,1,4,0,0.2,1.0
GOPR0402_frame_000384_overexposure1,1,1,2,0,0.3333,1.0
GOPR0402_frame_000384_overexposure2,1,1,2,0,0.3333,1.0
GOPR0402_frame_000402_ref,8,8,0,0,1.0,1.0
GOPR0402_frame_000402_rain1,8,8,0,0,1.0,1.0
GOPR0402_frame_000402_rain2,8,7,2,1,0.7778,0.875
GOPR0402_frame_000402_rain3,8,2,0,6,1.0,0.25
GOPR0402_frame_000402_blur1,8,8,0,0,1.0,1.0
GOPR0402_frame_000402_blur2,8,8,0,0,1.0,1.0
GOPR0402_frame_000402_blur3,8,7,1,1,0.875,0.875
GOPR0402_frame_000402_blur4,8,2,1,6,0.6667,0.25
GOPR0402_frame_000402_noise1,8,8,0,0,1.0,1.0
GOPR0402_frame_000402_noise2,8,7,1,1,0.875,0.875
GOPR0402_frame_000402_noise3,8,4,1,4,0.8,0.5
GOPR0402_frame_000402_dark1,8,8,0,0,1.0,1.0
GOPR0402_frame_000402_dark2,8,7,0,1,1.0,0.875
GOPR0402_frame_000402_overexposure1,8,8,0,0,1.0,1.0
GOPR0402_frame_000402_overexposure2,8,8,0,0,1.0,1.0
GOPR0402_frame_000408_ref,8,7,3,1,0.7,0.875
GOPR0402_frame_000408_rain1,8,7,4,1,0.6364,0.875
GOPR0402_frame_000408_rain2,8,5,1,3,0.8333,0.625
GOPR0402_frame_000408_rain3,8,0,0,8,0.0,0.0
GOPR0402_frame_000408_blur1,8,7,2,1,0.7778,0.875
GOPR0402_frame_000408_blur2,8,7,0,1,1.0,0.875
GOPR0402_frame_000408_blur3,8,4,2,4,0.6667,0.5
GOPR0402_frame_000408_blur4,8,0,0,8,0.0,0.0
GOPR0402_frame_000408_noise1,8,7,2,1,0.7778,0.875
GOPR0402_frame_000408_noise2,8,5,1,3,0.8333,0.625
GOPR0402_frame_000408_noise3,8,0,0,8,0.0,0.0
GOPR0402_frame_000408_dark1,8,7,3,1,0.7,0.875
GOPR0402_frame_000408_dark2,8,4,1,4,0.8,0.5
GOPR0402_frame_000408_overexposure1,8,8,2,0,0.8,1.0
GOPR0402_frame_000408_overexposure2,8,8,2,0,0.8,1.0
GOPR0402_frame_000424_ref,2,2,3,0,0.4,1.0
GOPR0402_frame_000424_rain1,2,2,3,0,0.4,1.0
GOPR0402_frame_000424_rain2,2,2,1,0,0.6667,1.0
GOPR0402_frame_000424_rain3,2,1,0,1,1.0,0.5
GOPR0402_frame_000424_blur1,2,2,1,0,0.6667,1.0
GOPR0402_frame_000424_blur2,2,2,1,0,0.6667,1.0
GOPR0402_frame_000424_blur3,2,2,0,0,1.0,1.0
GOPR0402_frame_000424_blur4,2,1,0,1,1.0,0.5
GOPR0402_frame_000424_noise1,2,2,3,0,0.4,1.0
GOPR0402_frame_000424_noise2,2,2,1,0,0.6667,1.0
GOPR0402_frame_000424_noise3,2,1,0,1,1.0,0.5
GOPR0402_frame_000424_dark1,2,2,2,0,0.5,1.0
GOPR0402_frame_000424_dark2,2,2,1,0,0.6667,1.0
GOPR0402_frame_000424_overexposure1,2,2,3,0,0.4,1.0
GOPR0402_frame_000424_overexposure2,2,2,2,0,0.5,1.0
GOPR0402_frame_000429_ref,2,2,3,0,0.4,1.0
GOPR0402_frame_000429_rain1,2,2,3,0,0.4,1.0
GOPR0402_frame_000429_rain2,2,2,1,0,0.6667,1.0
GOPR0402_frame_000429_rain3,2,1,0,1,1.0,0.5
GOPR0402_frame_000429_blur1,2,2,1,0,0.6667,1.0
GOPR0402_frame_000429_blur2,2,2,1,0,0.6667,1.0
GOPR0402_frame_000429_blur3,2,2,0,0,1.0,1.0
GOPR0402_frame_000429_blur4,2,1,0,1,1.0,0.5
GOPR0402_frame_000429_noise1,2,2,2,0,0.5,1.0
GOPR0402_frame_000429_noise2,2,2,1,0,0.6667,1.0
GOPR0402_frame_000429_noise3,2,1,0,1,1.0,0.5
GOPR0402_frame_000429_dark1,2,2,3,0,0.4,1.0
GOPR0402_frame_000429_dark2,2,2,1,0,0.6667,1.0
GOPR0402_frame_000429_overexposure1,2,2,4,0,0.3333,1.0
GOPR0402_frame_000429_overexposure2,2,2,3,0,0.4,1.0
GOPR0402_frame_000435_ref,4,4,3,0,0.5714,1.0
GOPR0402_frame_000435_rain1,4,4,4,0,0.5,1.0
GOPR0402_frame_000435_rain2,4,2,3,2,0.4,0.5
GOPR0402_frame_000435_rain3,4,0,0,4,0.0,0.0
GOPR0402_frame_000435_blur1,4,3,4,1,0.4286,0.75
GOPR0402_frame_000435_blur2,4,3,1,1,0.75,0.75
GOPR0402_frame_000435_blur3,4,3,0,1,1.0,0.75
GOPR0402_frame_000435_blur4,4,2,0,2,1.0,0.5
GOPR0402_frame_000435_noise1,4,3,2,1,0.6,0.75
GOPR0402_frame_000435_noise2,4,3,1,1,0.75,0.75
GOPR0402_frame_000435_noise3,4,1,1,3,0.5,0.25
GOPR0402_frame_000435_dark1,4,3,2,1,0.6,0.75
GOPR0402_frame_000435_dark2,4,3,1,1,0.75,0.75
GOPR0402_frame_000435_overexposure1,4,4,3,0,0.5714,1.0
GOPR0402_frame_000435_overexposure2,4,4,3,0,0.5714,1.0
GOPR0402_frame_000441_ref,1,1,5,0,0.1667,1.0
GOPR0402_frame_000441_rain1,1,1,3,0,0.25,1.0
GOPR0402_frame_000441_rain2,1,1,1,0,0.5,1.0
GOPR0402_frame_000441_rain3,1,0,0,1,0.0,0.0
GOPR0402_frame_000441_blur1,1,1,3,0,0.25,1.0
GOPR0402_frame_000441_blur2,1,1,1,0,0.5,1.0
GOPR0402_frame_000441_blur3,1,1,0,0,1.0,1.0
GOPR0402_frame_000441_blur4,1,0,0,1,0.0,0.0
GOPR0402_frame_000441_noise1,1,1,5,0,0.1667,1.0
GOPR0402_frame_000441_noise2,1,1,0,0,1.0,1.0
GOPR0402_frame_000441_noise3,1,0,0,1,0.0,0.0
GOPR0402_frame_000441_dark1,1,1,4,0,0.2,1.0
GOPR0402_frame_000441_dark2,1,1,0,0,1.0,1.0
GOPR0402_frame_000441_overexposure1,1,1,5,0,0.1667,1.0
GOPR0402_frame_000441_overexposure2,1,1,6,0,0.1429,1.0
GOPR0402_frame_000457_ref,5,4,4,1,0.5,0.8
GOPR0402_frame_000457_rain1,5,4,5,1,0.4444,0.8
GOPR0402_frame_000457_rain2,5,4,3,1,0.5714,0.8
GOPR0402_frame_000457_rain3,5,2,0,3,1.0,0.4
GOPR0402_frame_000457_blur1,5,5,2,0,0.7143,1.0
GOPR0402_frame_000457_blur2,5,5,2,0,0.7143,1.0
GOPR0402_frame_000457_blur3,5,4,1,1,0.8,0.8
GOPR0402_frame_000457_blur4,5,2,0,3,1.0,0.4
GOPR0402_frame_000457_noise1,5,5,4,0,0.5556,1.0
GOPR0402_frame_000457_noise2,5,5,3,0,0.625,1.0
GOPR0402_frame_000457_noise3,5,4,0,1,1.0,0.8
GOPR0402_frame_000457_dark1,5,5,3,0,0.625,1.0
GOPR0402_frame_000457_dark2,5,4,1,1,0.8,0.8
GOPR0402_frame_000457_overexposure1,5,4,4,1,0.5,0.8
GOPR0402_frame_000457_overexposure2,5,4,4,1,0.5,0.8
GOPR0402_frame_000741_ref,5,5,1,0,0.8333,1.0
GOPR0402_frame_000741_rain1,5,5,1,0,0.8333,1.0
GOPR0402_frame_000741_rain2,5,4,0,1,1.0,0.8
GOPR0402_frame_000741_rain3,5,0,0,5,0.0,0.0
GOPR0402_frame_000741_blur1,5,4,1,1,0.8,0.8
GOPR0402_frame_000741_blur2,5,4,2,1,0.6667,0.8
GOPR0402_frame_000741_blur3,5,2,0,3,1.0,0.4
GOPR0402_frame_000741_blur4,5,1,0,4,1.0,0.2
GOPR0402_frame_000741_noise1,5,5,0,0,1.0,1.0
GOPR0402_frame_000741_noise2,5,5,1,0,0.8333,1.0
GOPR0402_frame_000741_noise3,5,1,0,4,1.0,0.2
GOPR0402_frame_000741_dark1,5,5,1,0,0.8333,1.0
GOPR0402_frame_000741_dark2,5,5,0,0,1.0,1.0
GOPR0402_frame_000741_overexposure1,5,5,2,0,0.7143,1.0
GOPR0402_frame_000741_overexposure2,5,2,1,3,0.6667,0.4
GOPR0402_frame_000748_ref,5,5,7,0,0.4167,1.0
GOPR0402_frame_000748_rain1,5,5,6,0,0.4545,1.0
GOPR0402_frame_000748_rain2,5,2,3,3,0.4,0.4
GOPR0402_frame_000748_rain3,5,1,0,4,1.0,0.2
GOPR0402_frame_000748_blur1,5,5,4,0,0.5556,1.0
GOPR0402_frame_000748_blur2,5,3,3,2,0.5,0.6
GOPR0402_frame_000748_blur3,5,1,0,4,1.0,0.2
GOPR0402_frame_000748_blur4,5,0,0,5,0.0,0.0
GOPR0402_frame_000748_noise1,5,5,6,0,0.4545,1.0
GOPR0402_frame_000748_noise2,5,1,1,4,0.5,0.2
GOPR0402_frame_000748_noise3,5,0,0,5,0.0,0.0
GOPR0402_frame_000748_dark1,5,5,10,0,0.3333,1.0
GOPR0402_frame_000748_dark2,5,2,1,3,0.6667,0.4
GOPR0402_frame_000748_overexposure1,5,5,6,0,0.4545,1.0
GOPR0402_frame_000748_overexposure2,5,4,3,1,0.5714,0.8
GOPR0402_frame_000755_ref,11,11,3,0,0.7857,1.0
GOPR0402_frame_000755_rain1,11,11,4,0,0.7333,1.0
GOPR0402_frame_000755_rain2,11,8,3,3,0.7273,0.7273
GOPR0402_frame_000755_rain3,11,3,0,8,1.0,0.2727
GOPR0402_frame_000755_blur1,11,11,3,0,0.7857,1.0
GOPR0402_frame_000755_blur2,11,11,2,0,0.8462,1.0
GOPR0402_frame_000755_blur3,11,8,0,3,1.0,0.7273
GOPR0402_frame_000755_blur4,11,5,0,6,1.0,0.4545
GOPR0402_frame_000755_noise1,11,11,3,0,0.7857,1.0
GOPR0402_frame_000755_noise2,11,9,1,2,0.9,0.8182
GOPR0402_frame_000755_noise3,11,1,0,10,1.0,0.0909
GOPR0402_frame_000755_dark1,11,10,5,1,0.6667,0.9091
GOPR0402_frame_000755_dark2,11,10,1,1,0.9091,0.9091
GOPR0402_frame_000755_overexposure1,11,11,4,0,0.7333,1.0
GOPR0402_frame_000755_overexposure2,11,10,4,1,0.7143,0.9091
GOPR0402_frame_000761_ref,1,1,1,0,0.5,1.0
GOPR0402_frame_000761_rain1,1,1,0,0,1.0,1.0
GOPR0402_frame_000761_rain2,1,1,0,0,1.0,1.0
GOPR0402_frame_000761_rain3,1,0,0,1,0.0,0.0
GOPR0402_frame_000761_blur1,1,1,1,0,0.5,1.0
GOPR0402_frame_000761_blur2,1,1,0,0,1.0,1.0
GOPR0402_frame_000761_blur3,1,1,0,0,1.0,1.0
GOPR0402_frame_000761_blur4,1,0,0,1,0.0,0.0
GOPR0402_frame_000761_noise1,1,1,0,0,1.0,1.0
GOPR0402_frame_000761_noise2,1,1,0,0,1.0,1.0
GOPR0402_frame_000761_noise3,1,0,0,1,0.0,0.0
GOPR0402_frame_000761_dark1,1,1,1,0,0.5,1.0
GOPR0402_frame_000761_dark2,1,1,0,0,1.0,1.0
GOPR0402_frame_000761_overexposure1,1,1,1,0,0.5,1.0
GOPR0402_frame_000761_overexposure2,1,1,1,0,0.5,1.0
GOPR0571_frame_000232_ref,4,3,4,1,0.4286,0.75
GOPR0571_frame_000232_rain1,4,3,3,1,0.5,0.75
GOPR0571_frame_000232_rain2,4,0,0,4,0.0,0.0
GOPR0571_frame_000232_rain3,4,0,0,4,0.0,0.0
GOPR0571_frame_000232_blur1,4,4,1,0,0.8,1.0
GOPR0571_frame_000232_blur2,4,3,2,1,0.6,0.75
GOPR0571_frame_000232_blur3,4,1,1,3,0.5,0.25
GOPR0571_frame_000232_blur4,4,0,0,4,0.0,0.0
GOPR0571_frame_000232_noise1,4,2,4,2,0.3333,0.5
GOPR0571_frame_000232_noise2,4,1,1,3,0.5,0.25
GOPR0571_frame_000232_noise3,4,0,0,4,0.0,0.0
GOPR0571_frame_000232_dark1,4,4,5,0,0.4444,1.0
GOPR0571_frame_000232_dark2,4,1,2,3,0.3333,0.25
GOPR0571_frame_000232_overexposure1,4,4,4,0,0.5,1.0
GOPR0571_frame_000232_overexposure2,4,2,4,2,0.3333,0.5
GOPR0571_frame_000275_ref,3,3,0,0,1.0,1.0
GOPR0571_frame_000275_rain1,3,3,0,0,1.0,1.0
GOPR0571_frame_000275_rain2,3,3,0,0,1.0,1.0
GOPR0571_frame_000275_rain3,3,1,0,2,1.0,0.3333
GOPR0571_frame_000275_blur1,3,3,0,0,1.0,1.0
GOPR0571_frame_000275_blur2,3,3,0,0,1.0,1.0
GOPR0571_frame_000275_blur3,3,2,1,1,0.6667,0.6667
GOPR0571_frame_000275_blur4,3,0,0,3,0.0,0.0
GOPR0571_frame_000275_noise1,3,2,0,1,1.0,0.6667
GOPR0571_frame_000275_noise2,3,3,1,0,0.75,1.0
GOPR0571_frame_000275_noise3,3,1,0,2,1.0,0.3333
GOPR0571_frame_000275_dark1,3,3,1,0,0.75,1.0
GOPR0571_frame_000275_dark2,3,3,0,0,1.0,1.0
GOPR0571_frame_000275_overexposure1,3,3,0,0,1.0,1.0
GOPR0571_frame_000275_overexposure2,3,2,0,1,1.0,0.6667
GOPR0572_frame_000736_ref,1,1,1,0,0.5,1.0
GOPR0572_frame_000736_rain1,1,0,1,1,0.0,0.0
GOPR0572_frame_000736_rain2,1,0,2,1,0.0,0.0
GOPR0572_frame_000736_rain3,1,0,1,1,0.0,0.0
GOPR0572_frame_000736_blur1,1,1,1,0,0.5,1.0
GOPR0572_frame_000736_blur2,1,1,1,0,0.5,1.0
GOPR0572_frame_000736_blur3,1,1,1,0,0.5,1.0
GOPR0572_frame_000736_blur4,1,1,0,0,1.0,1.0
GOPR0572_frame_000736_noise1,1,1,1,0,0.5,1.0
GOPR0572_frame_000736_noise2,1,1,1,0,0.5,1.0
GOPR0572_frame_000736_noise3,1,0,0,1,0.0,0.0
GOPR0572_frame_000736_dark1,1,1,3,0,0.25,1.0
GOPR0572_frame_000736_dark2,1,0,1,1,0.0,0.0
GOPR0572_frame_000736_overexposure1,1,1,2,0,0.3333,1.0
GOPR0572_frame_000736_overexposure2,1,0,0,1,0.0,0.0
GOPR0572_frame_000740_ref,4,3,2,1,0.6,0.75
GOPR0572_frame_000740_rain1,4,3,1,1,0.75,0.75
GOPR0572_frame_000740_rain2,4,0,1,4,0.0,0.0
GOPR0572_frame_000740_rain3,4,0,0,4,0.0,0.0
GOPR0572_frame_000740_blur1,4,2,2,2,0.5,0.5
GOPR0572_frame_000740_blur2,4,0,2,4,0.0,0.0
GOPR0572_frame_000740_blur3,4,0,1,4,0.0,0.0
GOPR0572_frame_000740_blur4,4,0,0,4,0.0,0.0
GOPR0572_frame_000740_noise1,4,2,2,2,0.5,0.5
GOPR0572_frame_000740_noise2,4,0,1,4,0.0,0.0
GOPR0572_frame_000740_noise3,4,0,0,4,0.0,0.0
GOPR0572_frame_000740_dark1,4,3,2,1,0.6,0.75
GOPR0572_frame_000740_dark2,4,1,1,3,0.5,0.25
GOPR0572_frame_000740_overexposure1,4,3,3,1,0.5,0.75
GOPR0572_frame_000740_overexposure2,4,0,2,4,0.0,0.0
GOPR0572_frame_000748_ref,4,3,2,1,0.6,0.75
GOPR0572_frame_000748_rain1,4,2,1,2,0.6667,0.5
GOPR0572_frame_000748_rain2,4,1,0,3,1.0,0.25
GOPR0572_frame_000748_rain3,4,0,0,4,0.0,0.0
GOPR0572_frame_000748_blur1,4,3,1,1,0.75,0.75
GOPR0572_frame_000748_blur2,4,1,1,3,0.5,0.25
GOPR0572_frame_000748_blur3,4,0,1,4,0.0,0.0
GOPR0572_frame_000748_blur4,4,0,0,4,0.0,0.0
GOPR0572_frame_000748_noise1,4,3,2,1,0.6,0.75
GOPR0572_frame_000748_noise2,4,0,2,4,0.0,0.0
GOPR0572_frame_000748_noise3,4,0,0,4,0.0,0.0
GOPR0572_frame_000748_dark1,4,3,1,1,0.75,0.75
GOPR0572_frame_000748_dark2,4,1,1,3,0.5,0.25
GOPR0572_frame_000748_overexposure1,4,3,2,1,0.6,0.75
GOPR0572_frame_000748_overexposure2,4,3,2,1,0.6,0.75
GOPR0572_frame_000752_ref,2,2,2,0,0.5,1.0
GOPR0572_frame_000752_rain1,2,2,2,0,0.5,1.0
GOPR0572_frame_000752_rain2,2,2,2,0,0.5,1.0
GOPR0572_frame_000752_rain3,2,2,1,0,0.6667,1.0
GOPR0572_frame_000752_blur1,2,2,2,0,0.5,1.0
GOPR0572_frame_000752_blur2,2,2,2,0,0.5,1.0
GOPR0572_frame_000752_blur3,2,2,1,0,0.6667,1.0
GOPR0572_frame_000752_blur4,2,1,0,1,1.0,0.5
GOPR0572_frame_000752_noise1,2,2,2,0,0.5,1.0
GOPR0572_frame_000752_noise2,2,2,2,0,0.5,1.0
GOPR0572_frame_000752_noise3,2,2,0,0,1.0,1.0
GOPR0572_frame_000752_dark1,2,2,2,0,0.5,1.0
GOPR0572_frame_000752_dark2,2,2,2,0,0.5,1.0
GOPR0572_frame_000752_overexposure1,2,2,2,0,0.5,1.0
GOPR0572_frame_000752_overexposure2,2,2,2,0,0.5,1.0
GOPR0572_frame_000756_ref,0,0,4,0,0.0,
GOPR0572_frame_000756_rain1,0,0,3,0,0.0,
GOPR0572_frame_000756_rain2,0,0,1,0,0.0,
GOPR0572_frame_000756_rain3,0,0,0,0,0.0,
GOPR0572_frame_000756_blur1,0,0,2,0,0.0,
GOPR0572_frame_000756_blur2,0,0,1,0,0.0,
GOPR0572_frame_000756_blur3,0,0,1,0,0.0,
GOPR0572_frame_000756_blur4,0,0,1,0,0.0,
GOPR0572_frame_000756_noise1,0,0,2,0,0.0,
GOPR0572_frame_000756_noise2,0,0,1,0,0.0,
GOPR0572_frame_000756_noise3,0,0,0,0,0.0,
GOPR0572_frame_000756_dark1,0,0,3,0,0.0,
GOPR0572_frame_000756_dark2,0,0,1,0,0.0,
GOPR0572_frame_000756_overexposure1,0,0,2,0,0.0,
GOPR0572_frame_000756_overexposure2,0,0,3,0,0.0,
GOPR0572_frame_000760_ref,7,7,3,0,0.7,1.0
GOPR0572_frame_000760_rain1,7,7,3,0,0.7,1.0
GOPR0572_frame_000760_rain2,7,5,2,2,0.7143,0.7143
GOPR0572_frame_000760_rain3,7,1,0,6,1.0,0.1429
GOPR0572_frame_000760_blur1,7,7,4,0,0.6364,1.0
GOPR0572_frame_000760_blur2,7,6,3,1,0.6667,0.8571
GOPR0572_frame_000760_blur3,7,3,2,4,0.6,0.4286
GOPR0572_frame_000760_blur4,7,1,0,6,1.0,0.1429
GOPR0572_frame_000760_noise1,7,7,5,0,0.5833,1.0
GOPR0572_frame_000760_noise2,7,6,3,1,0.6667,0.8571
GOPR0572_frame_000760_noise3,7,2,0,5,1.0,0.2857
GOPR0572_frame_000760_dark1,7,7,3,0,0.7,1.0
GOPR0572_frame_000760_dark2,7,5,3,2,0.625,0.7143
GOPR0572_frame_000760_overexposure1,7,7,3,0,0.7,1.0
GOPR0572_frame_000760_overexposure2,7,7,4,0,0.6364,1.0
GOPR0572_frame_000773_ref,2,2,5,0,0.2857,1.0
GOPR0572_frame_000773_rain1,2,2,5,0,0.2857,1.0
GOPR0572_frame_000773_rain2,2,2,6,0,0.25,1.0
GOPR0572_frame_000773_rain3,2,2,0,0,1.0,1.0
GOPR0572_frame_000773_blur1,2,2,5,0,0.2857,1.0
GOPR0572_frame_000773_blur2,2,2,6,0,0.25,1.0
GOPR0572_frame_000773_blur3,2,2,4,0,0.3333,1.0
GOPR0572_frame_000773_blur4,2,2,0,0,1.0,1.0
GOPR0572_frame_000773_noise1,2,2,5,0,0.2857,1.0
GOPR0572_frame_000773_noise2,2,2,7,0,0.2222,1.0
GOPR0572_frame_000773_noise3,2,2,0,0,1.0,1.0
GOPR0572_frame_000773_dark1,2,2,5,0,0.2857,1.0
GOPR0572_frame_000773_dark2,2,2,5,0,0.2857,1.0
GOPR0572_frame_000773_overexposure1,2,2,5,0,0.2857,1.0
GOPR0572_frame_000773_overexposure2,2,2,6,0,0.25,1.0
GOPR0572_frame_000778_ref,3,3,6,0,0.3333,1.0
GOPR0572_frame_000778_rain1,3,3,5,0,0.375,1.0
GOPR0572_frame_000778_rain2,3,2,1,1,0.6667,0.6667
GOPR0572_frame_000778_rain3,3,1,1,2,0.5,0.3333
GOPR0572_frame_000778_blur1,3,3,3,0,0.5,1.0
GOPR0572_frame_000778_blur2,3,2,5,1,0.2857,0.6667
GOPR0572_frame_000778_blur3,3,2,4,1,0.3333,0.6667
GOPR0572_frame_000778_blur4,3,1,0,2,1.0,0.3333
GOPR0572_frame_000778_noise1,3,3,6,0,0.3333,1.0
GOPR0572_frame_000778_noise2,3,2,3,1,0.4,0.6667
GOPR0572_frame_000778_noise3,3,2,0,1,1.0,0.6667
GOPR0572_frame_000778_dark1,3,3,4,0,0.4286,1.0
GOPR0572_frame_000778_dark2,3,2,2,1,0.5,0.6667
GOPR0572_frame_000778_overexposure1,3,3,4,0,0.4286,1.0
GOPR0572_frame_000778_overexposure2,3,3,5,0,0.375,1.0
GOPR0572_frame_000820_ref,4,4,3,0,0.5714,1.0
GOPR0572_frame_000820_rain1,4,4,2,0,0.6667,1.0
GOPR0572_frame_000820_rain2,4,2,0,2,1.0,0.5
GOPR0572_frame_000820_rain3,4,0,0,4,0.0,0.0
GOPR0572_frame_000820_blur1,4,4,2,0,0.6667,1.0
GOPR0572_frame_000820_blur2,4,4,0,0,1.0,1.0
GOPR0572_frame_000820_blur3,4,4,0,0,1.0,1.0
GOPR0572_frame_000820_blur4,4,1,1,3,0.5,0.25
GOPR0572_frame_000820_noise1,4,4,2,0,0.6667,1.0
GOPR0572_frame_000820_noise2,4,3,0,1,1.0,0.75
GOPR0572_frame_000820_noise3,4,0,0,4,0.0,0.0
GOPR0572_frame_000820_dark1,4,3,3,1,0.5,0.75
GOPR0572_frame_000820_dark2,4,3,0,1,1.0,0.75
GOPR0572_frame_000820_overexposure1,4,4,1,0,0.8,1.0
GOPR0572_frame_000820_overexposure2,4,4,1,0,0.8,1.0
GOPR0572_frame_000825_ref,0,0,1,0,0.0,
GOPR0572_frame_000825_rain1,0,0,0,0,0.0,
GOPR0572_frame_000825_rain2,0,0,0,0,0.0,
GOPR0572_frame_000825_rain3,0,0,0,0,0.0,
GOPR0572_frame_000825_blur1,0,0,0,0,0.0,
GOPR0572_frame_000825_blur2,0,0,0,0,0.0,
GOPR0572_frame_000825_blur3,0,0,0,0,0.0,
GOPR0572_frame_000825_blur4,0,0,0,0,0.0,
GOPR0572_frame_000825_noise1,0,0,0,0,0.0,
GOPR0572_frame_000825_noise2,0,0,0,0,0.0,
GOPR0572_frame_000825_noise3,0,0,0,0,0.0,
GOPR0572_frame_000825_dark1,0,0,0,0,0.0,
GOPR0572_frame_000825_dark2,0,0,0,0,0.0,
GOPR0572_frame_000825_overexposure1,0,0,1,0,0.0,
GOPR0572_frame_000825_overexposure2,0,0,0,0,0.0,
GOPR0572_frame_000830_ref,3,3,0,0,1.0,1.0
GOPR0572_frame_000830_rain1,3,3,1,0,0.75,1.0
GOPR0572_frame_000830_rain2,3,1,0,2,1.0,0.3333
GOPR0572_frame_000830_rain3,3,0,0,3,0.0,0.0
GOPR0572_frame_000830_blur1,3,3,0,0,1.0,1.0
GOPR0572_frame_000830_blur2,3,3,1,0,0.75,1.0
GOPR0572_frame_000830_blur3,3,2,0,1,1.0,0.6667
GOPR0572_frame_000830_blur4,3,0,0,3,0.0,0.0
GOPR0572_frame_000830_noise1,3,3,0,0,1.0,1.0
GOPR0572_frame_000830_noise2,3,3,0,0,1.0,1.0
GOPR0572_frame_000830_noise3,3,0,0,3,0.0,0.0
GOPR0572_frame_000830_dark1,3,3,1,0,0.75,1.0
GOPR0572_frame_000830_dark2,3,1,0,2,1.0,0.3333
GOPR0572_frame_000830_overexposure1,3,3,1,0,0.75,1.0
GOPR0572_frame_000830_overexposure2,3,3,2,0,0.6,1.0
GOPR0572_frame_000836_ref,3,2,4,1,0.3333,0.6667
GOPR0572_frame_000836_rain1,3,2,2,1,0.5,0.6667
GOPR0572_frame_000836_rain2,3,1,2,2,0.3333,0.3333
GOPR0572_frame_000836_rain3,3,0,0,3,0.0,0.0
GOPR0572_frame_000836_blur1,3,2,4,1,0.3333,0.6667
GOPR0572_frame_000836_blur2,3,3,1,0,0.75,1.0
GOPR0572_frame_000836_blur3,3,1,0,2,1.0,0.3333
GOPR0572_frame_000836_blur4,3,0,0,3,0.0,0.0
GOPR0572_frame_000836_noise1,3,2,2,1,0.5,0.6667
GOPR0572_frame_000836_noise2,3,1,0,2,1.0,0.3333
GOPR0572_frame_000836_noise3,3,0,0,3,0.0,0.0
GOPR0572_frame_000836_dark1,3,1,2,2,0.3333,0.3333
GOPR0572_frame_000836_dark2,3,1,0,2,1.0,0.3333
GOPR0572_frame_000836_overexposure1,3,2,4,1,0.3333,0.6667
GOPR0572_frame_000836_overexposure2,3,3,3,0,0.5,1.0
GOPR0572_frame_000860_ref,3,3,4,0,0.4286,1.0
GOPR0572_frame_000860_rain1,3,2,2,1,0.5,0.6667
GOPR0572_frame_000860_rain2,3,0,0,3,0.0,0.0
GOPR0572_frame_000860_rain3,3,0,0,3,0.0,0.0
GOPR0572_frame_000860_blur1,3,3,1,0,0.75,1.0
GOPR0572_frame_000860_blur2,3,3,2,0,0.6,1.0
GOPR0572_frame_000860_blur3,3,0,3,3,0.0,0.0
GOPR0572_frame_000860_blur4,3,0,2,3,0.0,0.0
GOPR0572_frame_000860_noise1,3,2,3,1,0.4,0.6667
GOPR0572_frame_000860_noise2,3,0,3,3,0.0,0.0
GOPR0572_frame_000860_noise3,3,0,0,3,0.0,0.0
GOPR0572_frame_000860_dark1,3,3,1,0,0.75,1.0
GOPR0572_frame_000860_dark2,3,0,1,3,0.0,0.0
GOPR0572_frame_000860_overexposure1,3,3,2,0,0.6,1.0
GOPR0572_frame_000860_overexposure2,3,2,7,1,0.2222,0.6667
GP010400_frame_000214_ref,7,7,5,0,0.5833,1.0
GP010400_frame_000214_rain1,7,6,3,1,0.6667,0.8571
GP010400_frame_000214_rain2,7,6,0,1,1.0,0.8571
GP010400_frame_000214_rain3,7,1,0,6,1.0,0.1429
GP010400_frame_000214_blur1,7,7,2,0,0.7778,1.0
GP010400_frame_000214_blur2,7,5,1,2,0.8333,0.7143
GP010400_frame_000214_blur3,7,5,1,2,0.8333,0.7143
GP010400_frame_000214_blur4,7,2,0,5,1.0,0.2857
GP010400_frame_000214_noise1,7,5,4,2,0.5556,0.7143
GP010400_frame_000214_noise2,7,5,3,2,0.625,0.7143
GP010400_frame_000214_noise3,7,2,1,5,0.6667,0.2857
GP010400_frame_000214_dark1,7,6,2,1,0.75,0.8571
GP010400_frame_000214_dark2,7,4,1,3,0.8,0.5714
GP010400_frame_000214_overexposure1,7,7,2,0,0.7778,1.0
GP010400_frame_000214_overexposure2,7,5,2,2,0.7143,0.7143
GP010400_frame_000234_ref,7,6,2,1,0.75,0.8571
GP010400_frame_000234_rain1,7,6,2,1,0.75,0.8571
GP010400_frame_000234_rain2,7,5,3,2,0.625,0.7143
GP010400_frame_000234_rain3,7,2,0,5,1.0,0.2857
GP010400_frame_000234_blur1,7,5,3,2,0.625,0.7143
GP010400_frame_000234_blur2,7,5,4,2,0.5556,0.7143
GP010400_frame_000234_blur3,7,3,1,4,0.75,0.4286
GP010400_frame_000234_blur4,7,2,1,5,0.6667,0.2857
GP010400_frame_000234_noise1,7,5,4,2,0.5556,0.7143
GP010400_frame_000234_noise2,7,4,0,3,1.0,0.5714
GP010400_frame_000234_noise3,7,3,0,4,1.0,0.4286
GP010400_frame_000234_dark1,7,5,4,2,0.5556,0.7143
GP010400_frame_000234_dark2,7,4,2,3,0.6667,0.5714
GP010400_frame_000234_overexposure1,7,6,2,1,0.75,0.8571
GP010400_frame_000234_overexposure2,7,7,1,0,0.875,1.0
GP010400_frame_000290_ref,4,4,2,0,0.6667,1.0
GP010400_frame_000290_rain1,4,4,2,0,0.6667,1.0
GP010400_frame_000290_rain2,4,2,0,2,1.0,0.5
GP010400_frame_000290_rain3,4,0,0,4,0.0,0.0
GP010400_frame_000290_blur1,4,4,2,0,0.6667,1.0
GP010400_frame_000290_blur2,4,4,1,0,0.8,1.0
GP010400_frame_000290_blur3,4,1,0,3,1.0,0.25
GP010400_frame_000290_blur4,4,0,0,4,0.0,0.0
GP010400_frame_000290_noise1,4,4,2,0,0.6667,1.0
GP010400_frame_000290_noise2,4,1,1,3,0.5,0.25
GP010400_frame_000290_noise3,4,0,1,4,0.0,0.0
GP010400_frame_000290_dark1,4,3,1,1,0.75,0.75
GP010400_frame_000290_dark2,4,1,1,3,0.5,0.25
GP010400_frame_000290_overexposure1,4,4,2,0,0.6667,1.0
GP010400_frame_000290_overexposure2,4,4,2,0,0.6667,1.0
GP010400_frame_000350_ref,2,2,0,0,1.0,1.0
GP010400_frame_000350_rain1,2,2,0,0,1.0,1.0
GP010400_frame_000350_rain2,2,2,0,0,1.0,1.0
GP010400_frame_000350_rain3,2,2,0,0,1.0,1.0
GP010400_frame_000350_blur1,2,2,0,0,1.0,1.0
GP010400_frame_000350_blur2,2,2,0,0,1.0,1.0
GP010400_frame_000350_blur3,2,2,0,0,1.0,1.0
GP010400_frame_000350_blur4,2,0,1,2,0.0,0.0
GP010400_frame_000350_noise1,2,2,1,0,0.6667,1.0
GP010400_frame_000350_noise2,2,2,0,0,1.0,1.0
GP010400_frame_000350_noise3,2,1,2,1,0.3333,0.5
GP010400_frame_000350_dark1,2,2,0,0,1.0,1.0
GP010400_frame_000350_dark2,2,2,0,0,1.0,1.0
GP010400_frame_000350_overexposure1,2,2,0,0,1.0,1.0
GP010400_frame_000350_overexposure2,2,2,0,0,1.0,1.0
GP010400_frame_000360_ref,4,3,6,1,0.3333,0.75
GP010400_frame_000360_rain1,4,3,5,1,0.375,0.75
GP010400_frame_000360_rain2,4,2,6,2,0.25,0.5
GP010400_frame_000360_rain3,4,1,1,3,0.5,0.25
GP010400_frame_000360_blur1,4,3,5,1,0.375,0.75
GP010400_frame_000360_blur2,4,3,4,1,0.4286,0.75
GP010400_frame_000360_blur3,4,1,0,3,1.0,0.25
GP010400_frame_000360_blur4,4,1,0,3,1.0,0.25
GP010400_frame_000360_noise1,4,3,6,1,0.3333,0.75
GP010400_frame_000360_noise2,4,2,2,2,0.5,0.5
GP010400_frame_000360_noise3,4,1,0,3,1.0,0.25
GP010400_frame_000360_dark1,4,3,6,1,0.3333,0.75
GP010400_frame_000360_dark2,4,2,5,2,0.2857,0.5
GP010400_frame_000360_overexposure1,4,3,5,1,0.375,0.75
GP010400_frame_000360_overexposure2,4,3,5,1,0.375,0.75
GP010400_frame_000380_ref,1,1,1,0,0.5,1.0
GP010400_frame_000380_rain1,1,1,0,0,1.0,1.0
GP010400_frame_000380_rain2,1,1,0,0,1.0,1.0
GP010400_frame_000380_rain3,1,0,0,1,0.0,0.0
GP010400_frame_000380_blur1,1,1,0,0,1.0,1.0
GP010400_frame_000380_blur2,1,1,0,0,1.0,1.0
GP010400_frame_000380_blur3,1,1,0,0,1.0,1.0
GP010400_frame_000380_blur4,1,1,1,0,0.5,1.0
GP010400_frame_000380_noise1,1,1,0,0,1.0,1.0
GP010400_frame_000380_noise2,1,1,0,0,1.0,1.0
GP010400_frame_000380_noise3,1,1,0,0,1.0,1.0
GP010400_frame_000380_dark1,1,1,0,0,1.0,1.0
GP010400_frame_000380_dark2,1,1,0,0,1.0,1.0
GP010400_frame_000380_overexposure1,1,1,1,0,0.5,1.0
GP010400_frame_000380_overexposure2,1,1,1,0,0.5,1.0
GP020402_frame_000599_ref,4,4,0,0,1.0,1.0
GP020402_frame_000599_rain1,4,4,1,0,0.8,1.0
GP020402_frame_000599_rain2,4,4,0,0,1.0,1.0
GP020402_frame_000599_rain3,4,0,0,4,0.0,0.0
GP020402_frame_000599_blur1,4,4,2,0,0.6667,1.0
GP020402_frame_000599_blur2,4,4,1,0,0.8,1.0
GP020402_frame_000599_blur3,4,3,0,1,1.0,0.75
GP020402_frame_000599_blur4,4,0,0,4,0.0,0.0
GP020402_frame_000599_noise1,4,4,1,0,0.8,1.0
GP020402_frame_000599_noise2,4,4,0,0,1.0,1.0
GP020402_frame_000599_noise3,4,0,0,4,0.0,0.0
GP020402_frame_000599_dark1,4,4,2,0,0.6667,1.0
GP020402_frame_000599_dark2,4,4,0,0,1.0,1.0
GP020402_frame_000599_overexposure1,4,4,1,0,0.8,1.0
GP020402_frame_000599_overexposure2,4,3,2,1,0.6,0.75
GP020402_frame_000615_ref,6,6,2,0,0.75,1.0
GP020402_frame_000615_rain1,6,6,1,0,0.8571,1.0
GP020402_frame_000615_rain2,6,5,1,1,0.8333,0.8333
GP020402_frame_000615_rain3,6,1,0,5,1.0,0.1667
GP020402_frame_000615_blur1,6,6,1,0,0.8571,1.0
GP020402_frame_000615_blur2,6,6,1,0,0.8571,1.0
GP020402_frame_000615_blur3,6,6,1,0,0.8571,1.0
GP020402_frame_000615_blur4,6,2,1,4,0.6667,0.3333
GP020402_frame_000615_noise1,6,6,1,0,0.8571,1.0
GP020402_frame_000615_noise2,6,2,2,4,0.5,0.3333
GP020402_frame_000615_noise3,6,1,1,5,0.5,0.1667
GP020402_frame_000615_dark1,6,6,1,0,0.8571,1.0
GP020402_frame_000615_dark2,6,5,1,1,0.8333,0.8333
GP020402_frame_000615_overexposure1,6,6,0,0,1.0,1.0
GP020402_frame_000615_overexposure2,6,6,0,0,1.0,1.0
GP020402_frame_000624_ref,7,7,0,0,1.0,1.0
GP020402_frame_000624_rain1,7,7,1,0,0.875,1.0
GP020402_frame_000624_rain2,7,3,3,4,0.5,0.4286
GP020402_frame_000624_rain3,7,1,0,6,1.0,0.1429
GP020402_frame_000624_blur1,7,6,2,1,0.75,0.8571
GP020402_frame_000624_blur2,7,3,2,4,0.6,0.4286
GP020402_frame_000624_blur3,7,3,3,4,0.5,0.4286
GP020402_frame_000624_blur4,7,1,1,6,0.5,0.1429
GP020402_frame_000624_noise1,7,6,1,1,0.8571,0.8571
GP020402_frame_000624_noise2,7,3,4,4,0.4286,0.4286
GP020402_frame_000624_noise3,7,1,0,6,1.0,0.1429
GP020402_frame_000624_dark1,7,5,2,2,0.7143,0.7143
GP020402_frame_000624_dark2,7,3,3,4,0.5,0.4286
GP020402_frame_000624_overexposure1,7,7,0,0,1.0,1.0
GP020402_frame_000624_overexposure2,7,6,0,1,1.0,0.8571
GP020402_frame_000644_ref,6,6,5,0,0.5455,1.0
GP020402_frame_000644_rain1,6,6,2,0,0.75,1.0
GP020402_frame_000644_rain2,6,3,1,3,0.75,0.5
GP020402_frame_000644_rain3,6,0,0,6,0.0,0.0
GP020402_frame_000644_blur1,6,6,1,0,0.8571,1.0
GP020402_frame_000644_blur2,6,6,1,0,0.8571,1.0
GP020402_frame_000644_blur3,6,3,1,3,0.75,0.5
GP020402_frame_000644_blur4,6,1,0,5,1.0,0.1667
GP020402_frame_000644_noise1,6,5,1,1,0.8333,0.8333
GP020402_frame_000644_noise2,6,2,1,4,0.6667,0.3333
GP020402_frame_000644_noise3,6,1,0,5,1.0,0.1667
GP020402_frame_000644_dark1,6,6,2,0,0.75,1.0
GP020402_frame_000644_dark2,6,5,2,1,0.7143,0.8333
GP020402_frame_000644_overexposure1,6,6,2,0,0.75,1.0
GP020402_frame_000644_overexposure2,6,5,4,1,0.5556,0.8333
GP020402_frame_000723_ref,1,1,0,0,1.0,1.0
GP020402_frame_000723_rain1,1,1,1,0,0.5,1.0
GP020402_frame_000723_rain2,1,1,0,0,1.0,1.0
GP020402_frame_000723_rain3,1,0,0,1,0.0,0.0
GP020402_frame_000723_blur1,1,1,0,0,1.0,1.0
GP020402_frame_000723_blur2,1,1,0,0,1.0,1.0
GP020402_frame_000723_blur3,1,1,0,0,1.0,1.0
GP020402_frame_000723_blur4,1,0,0,1,0.0,0.0
GP020402_frame_000723_noise1,1,1,1,0,0.5,1.0
GP020402_frame_000723_noise2,1,1,0,0,1.0,1.0
GP020402_frame_000723_noise3,1,0,0,1,0.0,0.0
GP020402_frame_000723_dark1,1,1,0,0,1.0,1.0
GP020402_frame_000723_dark2,1,1,0,0,1.0,1.0
GP020402_frame_000723_overexposure1,1,1,0,0,1.0,1.0
GP020402_frame_000723_overexposure2,1,1,0,0,1.0,1.0
GP020402_frame_000738_ref,5,5,1,0,0.8333,1.0
GP020402_frame_000738_rain1,5,5,1,0,0.8333,1.0
GP020402_frame_000738_rain2,5,4,3,1,0.5714,0.8
GP020402_frame_000738_rain3,5,3,0,2,1.0,0.6
GP020402_frame_000738_blur1,5,5,0,0,1.0,1.0
GP020402_frame_000738_blur2,5,5,0,0,1.0,1.0
GP020402_frame_000738_blur3,5,5,0,0,1.0,1.0
GP020402_frame_000738_blur4,5,1,1,4,0.5,0.2
GP020402_frame_000738_noise1,5,5,0,0,1.0,1.0
GP020402_frame_000738_noise2,5,4,1,1,0.8,0.8
GP020402_frame_000738_noise3,5,3,0,2,1.0,0.6
GP020402_frame_000738_dark1,5,5,2,0,0.7143,1.0
GP020402_frame_000738_dark2,5,4,1,1,0.8,0.8
GP020402_frame_000738_overexposure1,5,5,2,0,0.7143,1.0
GP020402_frame_000738_overexposure2,5,5,3,0,0.625,1.0
GP020402_frame_000748_ref,1,1,2,0,0.3333,1.0
GP020402_frame_000748_rain1,1,1,0,0,1.0,1.0
GP020402_frame_000748_rain2,1,1,0,0,1.0,1.0
GP020402_frame_000748_rain3,1,1,0,0,1.0,1.0
GP020402_frame_000748_blur1,1,1,2,0,0.3333,1.0
GP020402_frame_000748_blur2,1,1,0,0,1.0,1.0
GP020402_frame_000748_blur3,1,1,2,0,0.3333,1.0
GP020402_frame_000748_blur4,1,0,0,1,0.0,0.0
GP020402_frame_000748_noise1,1,1,2,0,0.3333,1.0
GP020402_frame_000748_noise2,1,1,0,0,1.0,1.0
GP020402_frame_000748_noise3,1,1,0,0,1.0,1.0
GP020402_frame_000748_dark1,1,1,1,0,0.5,1.0
GP020402_frame_000748_dark2,1,1,1,0,0.5,1.0
GP020402_frame_000748_overexposure1,1,1,2,0,0.3333,1.0
GP020402_frame_000748_overexposure2,1,1,2,0,0.3333,1.0
GP020402_frame_000753_ref,2,2,0,0,1.0,1.0
GP020402_frame_000753_rain1,2,2,2,0,0.5,1.0
GP020402_frame_000753_rain2,2,1,0,1,1.0,0.5
GP020402_frame_000753_rain3,2,0,0,2,0.0,0.0
GP020402_frame_000753_blur1,2,2,0,0,1.0,1.0
GP020402_frame_000753_blur2,2,1,1,1,0.5,0.5
GP020402_frame_000753_blur3,2,1,1,1,0.5,0.5
GP020402_frame_000753_blur4,2,0,0,2,0.0,0.0
GP020402_frame_000753_noise1,2,2,1,0,0.6667,1.0
GP020402_frame_000753_noise2,2,1,0,1,1.0,0.5
GP020402_frame_000753_noise3,2,0,0,2,0.0,0.0
GP020402_frame_000753_dark1,2,2,2,0,0.5,1.0
GP020402_frame_000753_dark2,2,2,0,0,1.0,1.0
GP020402_frame_000753_overexposure1,2,2,0,0,1.0,1.0
GP020402_frame_000753_overexposure2,2,1,0,1,1.0,0.5
GP020402_frame_000774_ref,8,8,1,0,0.8889,1.0
GP020402_frame_000774_rain1,8,7,1,1,0.875,0.875
GP020402_frame_000774_rain2,8,5,0,3,1.0,0.625
GP020402_frame_000774_rain3,8,3,1,5,0.75,0.375
GP020402_frame_000774_blur1,8,7,0,1,1.0,0.875
GP020402_frame_000774_blur2,8,5,0,3,1.0,0.625
GP020402_frame_000774_blur3,8,3,1,5,0.75,0.375
GP020402_frame_000774_blur4,8,0,0,8,0.0,0.0
GP020402_frame_000774_noise1,8,6,0,2,1.0,0.75
GP020402_frame_000774_noise2,8,5,1,3,0.8333,0.625
GP020402_frame_000774_noise3,8,1,0,7,1.0,0.125
GP020402_frame_000774_dark1,8,6,2,2,0.75,0.75
GP020402_frame_000774_dark2,8,4,1,4,0.8,0.5
GP020402_frame_000774_overexposure1,8,7,2,1,0.7778,0.875
GP020402_frame_000774_overexposure2,8,7,3,1,0.7,0.875
GP020402_frame_000784_ref,5,3,2,2,0.6,0.6
GP020402_frame_000784_rain1,5,4,0,1,1.0,0.8
GP020402_frame_000784_rain2,5,2,5,3,0.2857,0.4
GP020402_frame_000784_rain3,5,1,2,4,0.3333,0.2
GP020402_frame_000784_blur1,5,3,0,2,1.0,0.6
GP020402_frame_000784_blur2,5,3,0,2,1.0,0.6
GP020402_frame_000784_blur3,5,3,1,2,0.75,0.6
GP020402_frame_000784_blur4,5,3,0,2,1.0,0.6
GP020402_frame_000784_noise1,5,4,2,1,0.6667,0.8
GP020402_frame_000784_noise2,5,4,1,1,0.8,0.8
GP020402_frame_000784_noise3,5,3,1,2,0.75,0.6
GP020402_frame_000784_dark1,5,3,0,2,1.0,0.6
GP020402_frame_000784_dark2,5,4,0,1,1.0,0.8
GP020402_frame_000784_overexposure1,5,3,2,2,0.6,0.6
GP020402_frame_000784_overexposure2,5,3,2,2,0.6,0.6
GP020402_frame_000795_ref,6,5,4,1,0.5556,0.8333
GP020402_frame_000795_rain1,6,4,2,2,0.6667,0.6667
GP020402_frame_000795_rain2,6,2,4,4,0.3333,0.3333
GP020402_frame_000795_rain3,6,1,0,5,1.0,0.1667
GP020402_frame_000795_blur1,6,5,4,1,0.5556,0.8333
GP020402_frame_000795_blur2,6,4,3,2,0.5714,0.6667
GP020402_frame_000795_blur3,6,1,5,5,0.1667,0.1667
GP020402_frame_000795_blur4,6,0,0,6,0.0,0.0
GP020402_frame_000795_noise1,6,4,4,2,0.5,0.6667
GP020402_frame_000795_noise2,6,2,2,4,0.5,0.3333
GP020402_frame_000795_noise3,6,1,0,5,1.0,0.1667
GP020402_frame_000795_dark1,6,5,2,1,0.7143,0.8333
GP020402_frame_000795_dark2,6,3,2,3,0.6,0.5
GP020402_frame_000795_overexposure1,6,5,4,1,0.5556,0.8333
GP020402_frame_000795_overexposure2,6,5,5,1,0.5,0.8333
GP020402_frame_000802_ref,7,7,4,0,0.6364,1.0
GP020402_frame_000802_rain1,7,7,4,0,0.6364,1.0
GP020402_frame_000802_rain2,7,5,5,2,0.5,0.7143
GP020402_frame_000802_rain3,7,3,0,4,1.0,0.4286
GP020402_frame_000802_blur1,7,7,4,0,0.6364,1.0
GP020402_frame_000802_blur2,7,6,5,1,0.5455,0.8571
GP020402_frame_000802_blur3,7,5,4,2,0.5556,0.7143
GP020402_frame_000802_blur4,7,3,0,4,1.0,0.4286
GP020402_frame_000802_noise1,7,6,4,1,0.6,0.8571
GP020402_frame_000802_noise2,7,6,6,1,0.5,0.8571
GP020402_frame_000802_noise3,7,4,1,3,0.8,0.5714
GP020402_frame_000802_dark1,7,7,3,0,0.7,1.0
GP020402_frame_000802_dark2,7,6,4,1,0.6,0.8571
GP020402_frame_000802_overexposure1,7,7,5,0,0.5833,1.0
GP020402_frame_000802_overexposure2,7,6,5,1,0.5455,0.8571
GP020402_frame_000809_ref,2,2,2,0,0.5,1.0
GP020402_frame_000809_rain1,2,2,2,0,0.5,1.0
GP020402_frame_000809_rain2,2,2,2,0,0.5,1.0
GP020402_frame_000809_rain3,2,1,0,1,1.0,0.5
GP020402_frame_000809_blur1,2,2,2,0,0.5,1.0
GP020402_frame_000809_blur2,2,2,2,0,0.5,1.0
GP020402_frame_000809_blur3,2,2,1,0,0.6667,1.0
GP020402_frame_000809_blur4,2,1,0,1,1.0,0.5
GP020402_frame_000809_noise1,2,2,3,0,0.4,1.0
GP020402_frame_000809_noise2,2,2,2,0,0.5,1.0
GP020402_frame_000809_noise3,2,2,0,0,1.0,1.0
GP020402_frame_000809_dark1,2,2,2,0,0.5,1.0
GP020402_frame_000809_dark2,2,2,1,0,0.6667,1.0
GP020402_frame_000809_overexposure1,2,2,2,0,0.5,1.0
GP020402_frame_000809_overexposure2,2,2,2,0,0.5,1.0
GP020402_frame_000830_ref,1,1,3,0,0.25,1.0
GP020402_frame_000830_rain1,1,1,3,0,0.25,1.0
GP020402_frame_000830_rain2,1,1,2,0,0.3333,1.0
GP020402_frame_000830_rain3,1,0,0,1,0.0,0.0
GP020402_frame_000830_blur1,1,1,1,0,0.5,1.0
GP020402_frame_000830_blur2,1,1,0,0,1.0,1.0
GP020402_frame_000830_blur3,1,0,0,1,0.0,0.0
GP020402_frame_000830_blur4,1,0,0,1,0.0,0.0
GP020402_frame_000830_noise1,1,1,2,0,0.3333,1.0
GP020402_frame_000830_noise2,1,0,1,1,0.0,0.0
GP020402_frame_000830_noise3,1,0,0,1,0.0,0.0
GP020402_frame_000830_dark1,1,1,1,0,0.5,1.0
GP020402_frame_000830_dark2,1,0,1,1,0.0,0.0
GP020402_frame_000830_overexposure1,1,1,3,0,0.25,1.0
GP020402_frame_000830_overexposure2,1,0,1,1,0.0,0.0
GP020402_frame_000835_ref,0,0,4,0,0.0,
GP020402_frame_000835_rain1,0,0,1,0,0.0,
GP020402_frame_000835_rain2,0,0,0,0,0.0,
GP020402_frame_000835_rain3,0,0,0,0,0.0,
GP020402_frame_000835_blur1,0,0,1,0,0.0,
GP020402_frame_000835_blur2,0,0,0,0,0.0,
GP020402_frame_000835_blur3,0,0,0,0,0.0,
GP020402_frame_000835_blur4,0,0,0,0,0.0,
GP020402_frame_000835_noise1,0,0,2,0,0.0,
GP020402_frame_000835_noise2,0,0,0,0,0.0,
GP020402_frame_000835_noise3,0,0,0,0,0.0,
GP020402_frame_000835_dark1,0,0,3,0,0.0,
GP020402_frame_000835_dark2,0,0,0,0,0.0,
GP020402_frame_000835_overexposure1,0,0,4,0,0.0,
GP020402_frame_000835_overexposure2,0,0,2,0,0.0,
GP020402_frame_000843_ref,4,3,10,1,0.2308,0.75
GP020402_frame_000843_rain1,4,3,6,1,0.3333,0.75
GP020402_frame_000843_rain2,4,1,2,3,0.3333,0.25
GP020402_frame_000843_rain3,4,0,0,4,0.0,0.0
GP020402_frame_000843_blur1,4,3,8,1,0.2727,0.75
GP020402_frame_000843_blur2,4,2,5,2,0.2857,0.5
GP020402_frame_000843_blur3,4,1,0,3,1.0,0.25
GP020402_frame_000843_blur4,4,0,0,4,0.0,0.0
GP020402_frame_000843_noise1,4,2,7,2,0.2222,0.5
GP020402_frame_000843_noise2,4,0,2,4,0.0,0.0
GP020402_frame_000843_noise3,4,0,0,4,0.0,0.0
GP020402_frame_000843_dark1,4,2,8,2,0.2,0.5
GP020402_frame_000843_dark2,4,0,3,4,0.0,0.0
GP020402_frame_000843_overexposure1,4,3,9,1,0.25,0.75
GP020402_frame_000843_overexposure2,4,3,5,1,0.375,0.75
GP020402_frame_000863_ref,15,13,5,2,0.7222,0.8667
GP020402_frame_000863_rain1,15,13,4,2,0.7647,0.8667
GP020402_frame_000863_rain2,15,8,4,7,0.6667,0.5333
GP020402_frame_000863_rain3,15,0,0,15,0.0,0.0
GP020402_frame_000863_blur1,15,13,4,2,0.7647,0.8667
GP020402_frame_000863_blur2,15,11,2,4,0.8462,0.7333
GP020402_frame_000863_blur3,15,4,3,11,0.5714,0.2667
GP020402_frame_000863_blur4,15,0,1,15,0.0,0.0
GP020402_frame_000863_noise1,15,11,2,4,0.8462,0.7333
GP020402_frame_000863_noise2,15,7,3,8,0.7,0.4667
GP020402_frame_000863_noise3,15,0,0,15,0.0,0.0
GP020402_frame_000863_dark1,15,11,2,4,0.8462,0.7333
GP020402_frame_000863_dark2,15,9,2,6,0.8182,0.6
GP020402_frame_000863_overexposure1,15,14,6,1,0.7,0.9333
GP020402_frame_000863_overexposure2,15,14,3,1,0.8235,0.9333
GP020402_frame_000883_ref,14,14,5,0,0.7368,1.0
GP020402_frame_000883_rain1,14,13,3,1,0.8125,0.9286
GP020402_frame_000883_rain2,14,9,3,5,0.75,0.6429
GP020402_frame_000883_rain3,14,0,2,14,0.0,0.0
GP020402_frame_000883_blur1,14,11,3,3,0.7857,0.7857
GP020402_frame_000883_blur2,14,10,2,4,0.8333,0.7143
GP020402_frame_000883_blur3,14,6,2,8,0.75,0.4286
GP020402_frame_000883_blur4,14,0,3,14,0.0,0.0
GP020402_frame_000883_noise1,14,12,2,2,0.8571,0.8571
GP020402_frame_000883_noise2,14,8,3,6,0.7273,0.5714
GP020402_frame_000883_noise3,14,1,0,13,1.0,0.0714
GP020402_frame_000883_dark1,14,10,2,4,0.8333,0.7143
GP020402_frame_000883_dark2,14,9,3,5,0.75,0.6429
GP020402_frame_000883_overexposure1,14,14,5,0,0.7368,1.0
GP020402_frame_000883_overexposure2,14,13,6,1,0.6842,0.9286
GP020402_frame_000898_ref,3,3,0,0,1.0,1.0
GP020402_frame_000898_rain1,3,3,0,0,1.0,1.0
GP020402_frame_000898_rain2,3,2,0,1,1.0,0.6667
GP020402_frame_000898_rain3,3,0,0,3,0.0,0.0
GP020402_frame_000898_blur1,3,3,0,0,1.0,1.0
GP020402_frame_000898_blur2,3,3,0,0,1.0,1.0
GP020402_frame_000898_blur3,3,2,0,1,1.0,0.6667
GP020402_frame_000898_blur4,3,2,0,1,1.0,0.6667
GP020402_frame_000898_noise1,3,3,0,0,1.0,1.0
GP020402_frame_000898_noise2,3,2,0,1,1.0,0.6667
GP020402_frame_000898_noise3,3,0,0,3,0.0,0.0
GP020402_frame_000898_dark1,3,3,0,0,1.0,1.0
GP020402_frame_000898_dark2,3,2,1,1,0.6667,0.6667
GP020402_frame_000898_overexposure1,3,3,0,0,1.0,1.0
GP020402_frame_000898_overexposure2,3,2,0,1,1.0,0.6667
GP020402_frame_000904_ref,3,3,1,0,0.75,1.0
GP020402_frame_000904_rain1,3,3,1,0,0.75,1.0
GP020402_frame_000904_rain2,3,2,1,1,0.6667,0.6667
GP020402_frame_000904_rain3,3,0,0,3,0.0,0.0
GP020402_frame_000904_blur1,3,3,0,0,1.0,1.0
GP020402_frame_000904_blur2,3,2,1,1,0.6667,0.6667
GP020402_frame_000904_blur3,3,2,1,1,0.6667,0.6667
GP020402_frame_000904_blur4,3,2,0,1,1.0,0.6667
GP020402_frame_000904_noise1,3,2,1,1,0.6667,0.6667
GP020402_frame_000904_noise2,3,2,0,1,1.0,0.6667
GP020402_frame_000904_noise3,3,0,0,3,0.0,0.0
GP020402_frame_000904_dark1,3,2,1,1,0.6667,0.6667
GP020402_frame_000904_dark2,3,2,0,1,1.0,0.6667
GP020402_frame_000904_overexposure1,3,3,1,0,0.75,1.0
GP020402_frame_000904_overexposure2,3,3,1,0,0.75,1.0
GP020402_frame_000909_ref,4,4,6,0,0.4,1.0
GP020402_frame_000909_rain1,4,4,5,0,0.4444,1.0
GP020402_frame_000909_rain2,4,2,4,2,0.3333,0.5
GP020402_frame_000909_rain3,4,0,1,4,0.0,0.0
GP020402_frame_000909_blur1,4,3,4,1,0.4286,0.75
GP020402_frame_000909_blur2,4,3,3,1,0.5,0.75
GP020402_frame_000909_blur3,4,2,2,2,0.5,0.5
GP020402_frame_000909_blur4,4,1,1,3,0.5,0.25
GP020402_frame_000909_noise1,4,4,9,0,0.3077,1.0
GP020402_frame_000909_noise2,4,2,7,2,0.2222,0.5
GP020402_frame_000909_noise3,4,2,2,2,0.5,0.5
GP020402_frame_000909_dark1,4,4,4,0,0.5,1.0
GP020402_frame_000909_dark2,4,4,2,0,0.6667,1.0
GP020402_frame_000909_overexposure1,4,4,7,0,0.3636,1.0
GP020402_frame_000909_overexposure2,4,2,3,2,0.4,0.5
GP020402_frame_000914_ref,6,6,5,0,0.5455,1.0
GP020402_frame_000914_rain1,6,6,5,0,0.5455,1.0
GP020402_frame_000914_rain2,6,6,4,0,0.6,1.0
GP020402_frame_000914_rain3,6,2,2,4,0.5,0.3333
GP020402_frame_000914_blur1,6,6,4,0,0.6,1.0
GP020402_frame_000914_blur2,6,5,2,1,0.7143,0.8333
GP020402_frame_000914_blur3,6,5,1,1,0.8333,0.8333
GP020402_frame_000914_blur4,6,1,0,5,1.0,0.1667
GP020402_frame_000914_noise1,6,6,4,0,0.6,1.0
GP020402_frame_000914_noise2,6,5,5,1,0.5,0.8333
GP020402_frame_000914_noise3,6,1,0,5,1.0,0.1667
GP020402_frame_000914_dark1,6,6,4,0,0.6,1.0
GP020402_frame_000914_dark2,6,6,3,0,0.6667,1.0
GP020402_frame_000914_overexposure1,6,6,5,0,0.5455,1.0
GP020402_frame_000914_overexposure2,6,6,4,0,0.6,1.0
GP020402_frame_000919_ref,11,11,3,0,0.7857,1.0
GP020402_frame_000919_rain1,11,9,7,2,0.5625,0.8182
GP020402_frame_000919_rain2,11,9,0,2,1.0,0.8182
GP020402_frame_000919_rain3,11,3,1,8,0.75,0.2727
GP020402_frame_000919_blur1,11,10,4,1,0.7143,0.9091
GP020402_frame_000919_blur2,11,9,3,2,0.75,0.8182
GP020402_frame_000919_blur3,11,7,2,4,0.7778,0.6364
GP020402_frame_000919_blur4,11,3,0,8,1.0,0.2727
GP020402_frame_000919_noise1,11,9,3,2,0.75,0.8182
GP020402_frame_000919_noise2,11,9,6,2,0.6,0.8182
GP020402_frame_000919_noise3,11,1,1,10,0.5,0.0909
GP020402_frame_000919_dark1,11,10,4,1,0.7143,0.9091
GP020402_frame_000919_dark2,11,8,2,3,0.8,0.7273
GP020402_frame_000919_overexposure1,11,11,3,0,0.7857,1.0
GP020402_frame_000919_overexposure2,11,10,2,1,0.8333,0.9091
GP020402_frame_000939_ref,4,4,1,0,0.8,1.0
GP020402_frame_000939_rain1,4,3,3,1,0.5,0.75
GP020402_frame_000939_rain2,4,2,3,2,0.4,0.5
GP020402_frame_000939_rain3,4,1,2,3,0.3333,0.25
GP020402_frame_000939_blur1,4,3,2,1,0.6,0.75
GP020402_frame_000939_blur2,4,3,2,1,0.6,0.75
GP020402_frame_000939_blur3,4,2,2,2,0.5,0.5
GP020402_frame_000939_blur4,4,1,0,3,1.0,0.25
GP020402_frame_000939_noise1,4,2,4,2,0.3333,0.5
GP020402_frame_000939_noise2,4,2,3,2,0.4,0.5
GP020402_frame_000939_noise3,4,1,0,3,1.0,0.25
GP020402_frame_000939_dark1,4,4,2,0,0.6667,1.0
GP020402_frame_000939_dark2,4,2,2,2,0.5,0.5
GP020402_frame_000939_overexposure1,4,4,1,0,0.8,1.0
GP020402_frame_000939_overexposure2,4,3,4,1,0.4286,0.75
GP020402_frame_000946_ref,2,2,1,0,0.6667,1.0
GP020402_frame_000946_rain1,2,2,3,0,0.4,1.0
GP020402_frame_000946_rain2,2,1,4,1,0.2,0.5
GP020402_frame_000946_rain3,2,1,0,1,1.0,0.5
GP020402_frame_000946_blur1,2,1,3,1,0.25,0.5
GP020402_frame_000946_blur2,2,1,2,1,0.3333,0.5
GP020402_frame_000946_blur3,2,1,2,1,0.3333,0.5
GP020402_frame_000946_blur4,2,1,0,1,1.0,0.5
GP020402_frame_000946_noise1,2,2,4,0,0.3333,1.0
GP020402_frame_000946_noise2,2,1,2,1,0.3333,0.5
GP020402_frame_000946_noise3,2,0,0,2,0.0,0.0
GP020402_frame_000946_dark1,2,2,2,0,0.5,1.0
GP020402_frame_000946_dark2,2,1,3,1,0.25,0.5
GP020402_frame_000946_overexposure1,2,2,1,0,0.6667,1.0
GP020402_frame_000946_overexposure2,2,1,3,1,0.25,0.5
GP020402_frame_000951_ref,2,2,2,0,0.5,1.0
GP020402_frame_000951_rain1,2,2,1,0,0.6667,1.0
GP020402_frame_000951_rain2,2,2,0,0,1.0,1.0
GP020402_frame_000951_rain3,2,1,0,1,1.0,0.5
GP020402_frame_000951_blur1,2,2,1,0,0.6667,1.0
GP020402_frame_000951_blur2,2,2,2,0,0.5,1.0
GP020402_frame_000951_blur3,2,1,2,1,0.3333,0.5
GP020402_frame_000951_blur4,2,1,1,1,0.5,0.5
GP020402_frame_000951_noise1,2,1,2,1,0.3333,0.5
GP020402_frame_000951_noise2,2,1,5,1,0.1667,0.5
GP020402_frame_000951_noise3,2,1,0,1,1.0,0.5
GP020402_frame_000951_dark1,2,2,1,0,0.6667,1.0
GP020402_frame_000951_dark2,2,2,1,0,0.6667,1.0
GP020402_frame_000951_overexposure1,2,2,1,0,0.6667,1.0
GP020402_frame_000951_overexposure2,2,2,1,0,0.6667,1.0
GP020402_frame_000966_ref,5,5,2,0,0.7143,1.0
GP020402_frame_000966_rain1,5,5,1,0,0.8333,1.0
GP020402_frame_000966_rain2,5,5,0,0,1.0,1.0
GP020402_frame_000966_rain3,5,1,0,4,1.0,0.2
GP020402_frame_000966_blur1,5,5,1,0,0.8333,1.0
GP020402_frame_000966_blur2,5,5,0,0,1.0,1.0
GP020402_frame_000966_blur3,5,5,0,0,1.0,1.0
GP020402_frame_000966_blur4,5,0,0,5,0.0,0.0
GP020402_frame_000966_noise1,5,5,1,0,0.8333,1.0
GP020402_frame_000966_noise2,5,4,2,1,0.6667,0.8
GP020402_frame_000966_noise3,5,0,0,5,0.0,0.0
GP020402_frame_000966_dark1,5,5,0,0,1.0,1.0
GP020402_frame_000966_dark2,5,4,0,1,1.0,0.8
GP020402_frame_000966_overexposure1,5,5,3,0,0.625,1.0
GP020402_frame_000966_overexposure2,5,5,0,0,1.0,1.0
GP020402_frame_000971_ref,5,5,3,0,0.625,1.0
GP020402_frame_000971_rain1,5,5,4,0,0.5556,1.0
GP020402_frame_000971_rain2,5,2,4,3,0.3333,0.4
GP020402_frame_000971_rain3,5,0,1,5,0.0,0.0
GP020402_frame_000971_blur1,5,4,3,1,0.5714,0.8
GP020402_frame_000971_blur2,5,2,1,3,0.6667,0.4
GP020402_frame_000971_blur3,5,2,1,3,0.6667,0.4
GP020402_frame_000971_blur4,5,0,0,5,0.0,0.0
GP020402_frame_000971_noise1,5,5,3,0,0.625,1.0
GP020402_frame_000971_noise2,5,1,4,4,0.2,0.2
GP020402_frame_000971_noise3,5,1,0,4,1.0,0.2
GP020402_frame_000971_dark1,5,5,2,0,0.7143,1.0
GP020402_frame_000971_dark2,5,3,0,2,1.0,0.6
GP020402_frame_000971_overexposure1,5,5,5,0,0.5,1.0
GP020402_frame_000971_overexposure2,5,5,2,0,0.7143,1.0
GP020402_frame_000976_ref,8,6,4,2,0.6,0.75
GP020402_frame_000976_rain1,8,5,2,3,0.7143,0.625
GP020402_frame_000976_rain2,8,6,2,2,0.75,0.75
GP020402_frame_000976_rain3,8,0,1,8,0.0,0.0
GP020402_frame_000976_blur1,8,6,0,2,1.0,0.75
GP020402_frame_000976_blur2,8,6,4,2,0.6,0.75
GP020402_frame_000976_blur3,8,5,1,3,0.8333,0.625
GP020402_frame_000976_blur4,8,0,0,8,0.0,0.0
GP020402_frame_000976_noise1,8,7,2,1,0.7778,0.875
GP020402_frame_000976_noise2,8,5,3,3,0.625,0.625
GP020402_frame_000976_noise3,8,0,0,8,0.0,0.0
GP020402_frame_000976_dark1,8,6,2,2,0.75,0.75
GP020402_frame_000976_dark2,8,4,1,4,0.8,0.5
GP020402_frame_000976_overexposure1,8,6,5,2,0.5455,0.75
GP020402_frame_000976_overexposure2,8,5,6,3,0.4545,0.625
GP020402_frame_000981_ref,3,3,3,0,0.5,1.0
GP020402_frame_000981_rain1,3,3,4,0,0.4286,1.0
GP020402_frame_000981_rain2,3,2,1,1,0.6667,0.6667
GP020402_frame_000981_rain3,3,1,0,2,1.0,0.3333
GP020402_frame_000981_blur1,3,3,1,0,0.75,1.0
GP020402_frame_000981_blur2,3,3,2,0,0.6,1.0
GP020402_frame_000981_blur3,3,3,0,0,1.0,1.0
GP020402_frame_000981_blur4,3,2,0,1,1.0,0.6667
GP020402_frame_000981_noise1,3,3,1,0,0.75,1.0
GP020402_frame_000981_noise2,3,3,2,0,0.6,1.0
GP020402_frame_000981_noise3,3,2,1,1,0.6667,0.6667
GP020402_frame_000981_dark1,3,3,2,0,0.6,1.0
GP020402_frame_000981_dark2,3,3,0,0,1.0,1.0
GP020402_frame_000981_overexposure1,3,3,2,0,0.6,1.0
GP020402_frame_000981_overexposure2,3,3,3,0,0.5,1.0
GP020402_frame_000994_ref,5,5,3,0,0.625,1.0
GP020402_frame_000994_rain1,5,5,1,0,0.8333,1.0
GP020402_frame_000994_rain2,5,4,2,1,0.6667,0.8
GP020402_frame_000994_rain3,5,0,0,5,0.0,0.0
GP020402_frame_000994_blur1,5,4,4,1,0.5,0.8
GP020402_frame_000994_blur2,5,4,2,1,0.6667,0.8
GP020402_frame_000994_blur3,5,3,1,2,0.75,0.6
GP020402_frame_000994_blur4,5,1,0,4,1.0,0.2
GP020402_frame_000994_noise1,5,5,1,0,0.8333,1.0
GP020402_frame_000994_noise2,5,3,2,2,0.6,0.6
GP020402_frame_000994_noise3,5,0,0,5,0.0,0.0
GP020402_frame_000994_dark1,5,5,2,0,0.7143,1.0
GP020402_frame_000994_dark2,5,3,0,2,1.0,0.6
GP020402_frame_000994_overexposure1,5,5,4,0,0.5556,1.0
GP020402_frame_000994_overexposure2,5,3,3,2,0.5,0.6
GP020402_frame_001000_ref,9,7,2,2,0.7778,0.7778
GP020402_frame_001000_rain1,9,7,2,2,0.7778,0.7778
GP020402_frame_001000_rain2,9,8,2,1,0.8,0.8889
GP020402_frame_001000_rain3,9,4,0,5,1.0,0.4444
GP020402_frame_001000_blur1,9,7,1,2,0.875,0.7778
GP020402_frame_001000_blur2,9,6,2,3,0.75,0.6667
GP020402_frame_001000_blur3,9,7,1,2,0.875,0.7778
GP020402_frame_001000_blur4,9,1,2,8,0.3333,0.1111
GP020402_frame_001000_noise1,9,7,1,2,0.875,0.7778
GP020402_frame_001000_noise2,9,7,5,2,0.5833,0.7778
GP020402_frame_001000_noise3,9,4,0,5,1.0,0.4444
GP020402_frame_001000_dark1,9,7,2,2,0.7778,0.7778
GP020402_frame_001000_dark2,9,6,1,3,0.8571,0.6667
GP020402_frame_001000_overexposure1,9,7,6,2,0.5385,0.7778
GP020402_frame_001000_overexposure2,9,7,6,2,0.5385,0.7778
GP020402_frame_001020_ref,7,7,6,0,0.5385,1.0
GP020402_frame_001020_rain1,7,7,4,0,0.6364,1.0
GP020402_frame_001020_rain2,7,5,1,2,0.8333,0.7143
GP020402_frame_001020_rain3,7,1,0,6,1.0,0.1429
GP020402_frame_001020_blur1,7,7,3,0,0.7,1.0
GP020402_frame_001020_blur2,7,6,1,1,0.8571,0.8571
GP020402_frame_001020_blur3,7,3,0,4,1.0,0.4286
GP020402_frame_001020_blur4,7,2,0,5,1.0,0.2857
GP020402_frame_001020_noise1,7,7,1,0,0.875,1.0
GP020402_frame_001020_noise2,7,5,2,2,0.7143,0.7143
GP020402_frame_001020_noise3,7,2,0,5,1.0,0.2857
GP020402_frame_001020_dark1,7,6,4,1,0.6,0.8571
GP020402_frame_001020_dark2,7,5,0,2,1.0,0.7143
GP020402_frame_001020_overexposure1,7,7,5,0,0.5833,1.0
GP020402_frame_001020_overexposure2,7,7,4,0,0.6364,1.0
GP030400_frame_000121_ref,3,3,2,0,0.6,1.0
GP030400_frame_000121_rain1,3,2,0,1,1.0,0.6667
GP030400_frame_000121_rain2,3,2,0,1,1.0,0.6667
GP030400_frame_000121_rain3,3,0,0,3,0.0,0.0
GP030400_frame_000121_blur1,3,3,0,0,1.0,1.0
GP030400_frame_000121_blur2,3,2,0,1,1.0,0.6667
GP030400_frame_000121_blur3,3,1,0,2,1.0,0.3333
GP030400_frame_000121_blur4,3,0,0,3,0.0,0.0
GP030400_frame_000121_noise1,3,3,1,0,0.75,1.0
GP030400_frame_000121_noise2,3,2,0,1,1.0,0.6667
GP030400_frame_000121_noise3,3,1,0,2,1.0,0.3333
GP030400_frame_000121_dark1,3,3,2,0,0.6,1.0
GP030400_frame_000121_dark2,3,3,0,0,1.0,1.0
GP030400_frame_000121_overexposure1,3,3,0,0,1.0,1.0
GP030400_frame_000121_overexposure2,3,1,0,2,1.0,0.3333
GP030400_frame_000129_ref,3,3,3,0,0.5,1.0
GP030400_frame_000129_rain1,3,3,3,0,0.5,1.0
GP030400_frame_000129_rain2,3,1,3,2,0.25,0.3333
GP030400_frame_000129_rain3,3,1,1,2,0.5,0.3333
GP030400_frame_000129_blur1,3,2,2,1,0.5,0.6667
GP030400_frame_000129_blur2,3,1,2,2,0.3333,0.3333
GP030400_frame_000129_blur3,3,1,1,2,0.5,0.3333
GP030400_frame_000129_blur4,3,0,0,3,0.0,0.0
GP030400_frame_000129_noise1,3,2,4,1,0.3333,0.6667
GP030400_frame_000129_noise2,3,2,2,1,0.5,0.6667
GP030400_frame_000129_noise3,3,1,1,2,0.5,0.3333
GP030400_frame_000129_dark1,3,3,3,0,0.5,1.0
GP030400_frame_000129_dark2,3,2,2,1,0.5,0.6667
GP030400_frame_000129_overexposure1,3,3,2,0,0.6,1.0
GP030400_frame_000129_overexposure2,3,1,1,2,0.5,0.3333
GP030400_frame_000135_ref,3,3,2,0,0.6,1.0
GP030400_frame_000135_rain1,3,3,2,0,0.6,1.0
GP030400_frame_000135_rain2,3,3,1,0,0.75,1.0
GP030400_frame_000135_rain3,3,1,1,2,0.5,0.3333
GP030400_frame_000135_blur1,3,3,2,0,0.6,1.0
GP030400_frame_000135_blur2,3,2,2,1,0.5,0.6667
GP030400_frame_000135_blur3,3,1,3,2,0.25,0.3333
GP030400_frame_000135_blur4,3,1,0,2,1.0,0.3333
GP030400_frame_000135_noise1,3,3,2,0,0.6,1.0
GP030400_frame_000135_noise2,3,3,1,0,0.75,1.0
GP030400_frame_000135_noise3,3,2,0,1,1.0,0.6667
GP030400_frame_000135_dark1,3,3,2,0,0.6,1.0
GP030400_frame_000135_dark2,3,3,1,0,0.75,1.0
GP030400_frame_000135_overexposure1,3,3,2,0,0.6,1.0
GP030400_frame_000135_overexposure2,3,2,2,1,0.5,0.6667
GP030400_frame_000154_ref,2,2,1,0,0.6667,1.0
GP030400_frame_000154_rain1,2,2,1,0,0.6667,1.0
GP030400_frame_000154_rain2,2,2,2,0,0.5,1.0
GP030400_frame_000154_rain3,2,1,0,1,1.0,0.5
GP030400_frame_000154_blur1,2,2,1,0,0.6667,1.0
GP030400_frame_000154_blur2,2,2,1,0,0.6667,1.0
GP030400_frame_000154_blur3,2,1,0,1,1.0,0.5
GP030400_frame_000154_blur4,2,1,0,1,1.0,0.5
GP030400_frame_000154_noise1,2,2,1,0,0.6667,1.0
GP030400_frame_000154_noise2,2,2,2,0,0.5,1.0
GP030400_frame_000154_noise3,2,1,1,1,0.5,0.5
GP030400_frame_000154_dark1,2,2,1,0,0.6667,1.0
GP030400_frame_000154_dark2,2,2,1,0,0.6667,1.0
GP030400_frame_000154_overexposure1,2,2,1,0,0.6667,1.0
GP030400_frame_000154_overexposure2,2,0,1,2,0.0,0.0
GP030400_frame_000184_ref,4,4,0,0,1.0,1.0
GP030400_frame_000184_rain1,4,4,0,0,1.0,1.0
GP030400_frame_000184_rain2,4,3,1,1,0.75,0.75
GP030400_frame_000184_rain3,4,2,2,2,0.5,0.5
GP030400_frame_000184_blur1,4,4,0,0,1.0,1.0
GP030400_frame_000184_blur2,4,3,1,1,0.75,0.75
GP030400_frame_000184_blur3,4,3,2,1,0.6,0.75
GP030400_frame_000184_blur4,4,2,2,2,0.5,0.5
GP030400_frame_000184_noise1,4,3,1,1,0.75,0.75
GP030400_frame_000184_noise2,4,3,0,1,1.0,0.75
GP030400_frame_000184_noise3,4,3,2,1,0.6,0.75
GP030400_frame_000184_dark1,4,3,0,1,1.0,0.75
GP030400_frame_000184_dark2,4,3,2,1,0.6,0.75
GP030400_frame_000184_overexposure1,4,4,0,0,1.0,1.0
GP030400_frame_000184_overexposure2,4,2,2,2,0.5,0.5
GP030402_frame_000001_ref,7,7,8,0,0.4667,1.0
GP030402_frame_000001_rain1,7,7,5,0,0.5833,1.0
GP030402_frame_000001_rain2,7,6,4,1,0.6,0.8571
GP030402_frame_000001_rain3,7,3,2,4,0.6,0.4286
GP030402_frame_000001_blur1,7,7,5,0,0.5833,1.0
GP030402_frame_000001_blur2,7,7,3,0,0.7,1.0
GP030402_frame_000001_blur3,7,6,1,1,0.8571,0.8571
GP030402_frame_000001_blur4,7,3,0,4,1.0,0.4286
GP030402_frame_000001_noise1,7,7,5,0,0.5833,1.0
GP030402_frame_000001_noise2,7,6,5,1,0.5455,0.8571
GP030402_frame_000001_noise3,7,4,1,3,0.8,0.5714
GP030402_frame_000001_dark1,7,7,5,0,0.5833,1.0
GP030402_frame_000001_dark2,7,5,1,2,0.8333,0.7143
GP030402_frame_000001_overexposure1,7,7,9,0,0.4375,1.0
GP030402_frame_000001_overexposure2,7,7,5,0,0.5833,1.0
GP030402_frame_000022_ref,5,5,0,0,1.0,1.0
GP030402_frame_000022_rain1,5,5,1,0,0.8333,1.0
GP030402_frame_000022_rain2,5,4,0,1,1.0,0.8
GP030402_frame_000022_rain3,5,0,0,5,0.0,0.0
GP030402_frame_000022_blur1,5,4,0,1,1.0,0.8
GP030402_frame_000022_blur2,5,4,0,1,1.0,0.8
GP030402_frame_000022_blur3,5,3,0,2,1.0,0.6
GP030402_frame_000022_blur4,5,0,0,5,0.0,0.0
GP030402_frame_000022_noise1,5,4,0,1,1.0,0.8
GP030402_frame_000022_noise2,5,2,0,3,1.0,0.4
GP030402_frame_000022_noise3,5,0,0,5,0.0,0.0
GP030402_frame_000022_dark1,5,4,0,1,1.0,0.8
GP030402_frame_000022_dark2,5,2,0,3,1.0,0.4
GP030402_frame_000022_overexposure1,5,5,0,0,1.0,1.0
GP030402_frame_000022_overexposure2,5,4,0,1,1.0,0.8
GP030402_frame_000094_ref,2,1,1,1,0.5,0.5
GP030402_frame_000094_rain1,2,1,0,1,1.0,0.5
GP030402_frame_000094_rain2,2,0,0,2,0.0,0.0
GP030402_frame_000094_rain3,2,0,0,2,0.0,0.0
GP030402_frame_000094_blur1,2,0,0,2,0.0,0.0
GP030402_frame_000094_blur2,2,0,0,2,0.0,0.0
GP030402_frame_000094_blur3,2,0,0,2,0.0,0.0
GP030402_frame_000094_blur4,2,0,0,2,0.0,0.0
GP030402_frame_000094_noise1,2,1,0,1,1.0,0.5
GP030402_frame_000094_noise2,2,1,0,1,1.0,0.5
GP030402_frame_000094_noise3,2,0,0,2,0.0,0.0
GP030402_frame_000094_dark1,2,1,0,1,1.0,0.5
GP030402_frame_000094_dark2,2,0,1,2,0.0,0.0
GP030402_frame_000094_overexposure1,2,0,3,2,0.0,0.0
GP030402_frame_000094_overexposure2,2,0,0,2,0.0,0.0
GP030402_frame_000266_ref,3,3,1,0,0.75,1.0
GP030402_frame_000266_rain1,3,3,1,0,0.75,1.0
GP030402_frame_000266_rain2,3,1,2,2,0.3333,0.3333
GP030402_frame_000266_rain3,3,0,1,3,0.0,0.0
GP030402_frame_000266_blur1,3,3,1,0,0.75,1.0
GP030402_frame_000266_blur2,3,2,1,1,0.6667,0.6667
GP030402_frame_000266_blur3,3,3,1,0,0.75,1.0
GP030402_frame_000266_blur4,3,1,0,2,1.0,0.3333
GP030402_frame_000266_noise1,3,2,1,1,0.6667,0.6667
GP030402_frame_000266_noise2,3,2,1,1,0.6667,0.6667
GP030402_frame_000266_noise3,3,1,0,2,1.0,0.3333
GP030402_frame_000266_dark1,3,2,1,1,0.6667,0.6667
GP030402_frame_000266_dark2,3,2,1,1,0.6667,0.6667
GP030402_frame_000266_overexposure1,3,3,2,0,0.6,1.0
GP030402_frame_000266_overexposure2,3,2,1,1,0.6667,0.6667
GP030402_frame_000428_ref,6,6,0,0,1.0,1.0
GP030402_frame_000428_rain1,6,6,1,0,0.8571,1.0
GP030402_frame_000428_rain2,6,4,0,2,1.0,0.6667
GP030402_frame_000428_rain3,6,0,0,6,0.0,0.0
GP030402_frame_000428_blur1,6,5,1,1,0.8333,0.8333
GP030402_frame_000428_blur2,6,5,3,1,0.625,0.8333
GP030402_frame_000428_blur3,6,5,1,1,0.8333,0.8333
GP030402_frame_000428_blur4,6,2,0,4,1.0,0.3333
GP030402_frame_000428_noise1,6,5,1,1,0.8333,0.8333
GP030402_frame_000428_noise2,6,4,0,2,1.0,0.6667
GP030402_frame_000428_noise3,6,0,0,6,0.0,0.0
GP030402_frame_000428_dark1,6,5,0,1,1.0,0.8333
GP030402_frame_000428_dark2,6,4,0,2,1.0,0.6667
GP030402_frame_000428_overexposure1,6,6,0,0,1.0,1.0
GP030402_frame_000428_overexposure2,6,5,2,1,0.7143,0.8333
GOPR0572_frame_000145_ref,2,2,1,0,0.6667,1.0
GOPR0572_frame_000145_rain1,2,2,0,0,1.0,1.0
GOPR0572_frame_000145_rain2,2,1,0,1,1.0,0.5
GOPR0572_frame_000145_rain3,2,1,0,1,1.0,0.5
GOPR0572_frame_000145_blur1,2,2,1,0,0.6667,1.0
GOPR0572_frame_000145_blur2,2,2,1,0,0.6667,1.0
GOPR0572_frame_000145_blur3,2,1,0,1,1.0,0.5
GOPR0572_frame_000145_blur4,2,1,0,1,1.0,0.5
GOPR0572_frame_000145_noise1,2,2,2,0,0.5,1.0
GOPR0572_frame_000145_noise2,2,1,0,1,1.0,0.5
GOPR0572_frame_000145_noise3,2,0,0,2,0.0,0.0
GOPR0572_frame_000145_dark1,2,2,1,0,0.6667,1.0
GOPR0572_frame_000145_dark2,2,2,0,0,1.0,1.0
GOPR0572_frame_000145_overexposure1,2,2,0,0,1.0,1.0
GOPR0572_frame_000145_overexposure2,2,2,0,0,1.0,1.0
GOPR0572_frame_000165_ref,6,6,0,0,1.0,1.0
GOPR0572_frame_000165_rain1,6,5,1,1,0.8333,0.8333
GOPR0572_frame_000165_rain2,6,4,0,2,1.0,0.6667
GOPR0572_frame_000165_rain3,6,0,0,6,0.0,0.0
GOPR0572_frame_000165_blur1,6,6,1,0,0.8571,1.0
GOPR0572_frame_000165_blur2,6,5,1,1,0.8333,0.8333
GOPR0572_frame_000165_blur3,6,3,0,3,1.0,0.5
GOPR0572_frame_000165_blur4,6,1,0,5,1.0,0.1667
GOPR0572_frame_000165_noise1,6,5,1,1,0.8333,0.8333
GOPR0572_frame_000165_noise2,6,3,1,3,0.75,0.5
GOPR0572_frame_000165_noise3,6,0,0,6,0.0,0.0
GOPR0572_frame_000165_dark1,6,5,0,1,1.0,0.8333
GOPR0572_frame_000165_dark2,6,3,0,3,1.0,0.5
GOPR0572_frame_000165_overexposure1,6,6,0,0,1.0,1.0
GOPR0572_frame_000165_overexposure2,6,6,1,0,0.8571,1.0
GOPR0572_frame_000185_ref,10,10,2,0,0.8333,1.0
GOPR0572_frame_000185_rain1,10,9,1,1,0.9,0.9
GOPR0572_frame_000185_rain2,10,7,4,3,0.6364,0.7
GOPR0572_frame_000185_rain3,10,2,0,8,1.0,0.2
GOPR0572_frame_000185_blur1,10,9,0,1,1.0,0.9
GOPR0572_frame_000185_blur2,10,8,2,2,0.8,0.8
GOPR0572_frame_000185_blur3,10,8,2,2,0.8,0.8
GOPR0572_frame_000185_blur4,10,4,2,6,0.6667,0.4
GOPR0572_frame_000185_noise1,10,8,1,2,0.8889,0.8
GOPR0572_frame_000185_noise2,10,7,2,3,0.7778,0.7
GOPR0572_frame_000185_noise3,10,7,2,3,0.7778,0.7
GOPR0572_frame_000185_dark1,10,8,1,2,0.8889,0.8
GOPR0572_frame_000185_dark2,10,8,0,2,1.0,0.8
GOPR0572_frame_000185_overexposure1,10,8,2,2,0.8,0.8
GOPR0572_frame_000185_overexposure2,10,7,4,3,0.6364,0.7
GOPR0572_frame_000193_ref,0,0,0,0,0.0,
GOPR0572_frame_000193_rain1,0,0,0,0,0.0,
GOPR0572_frame_000193_rain2,0,0,0,0,0.0,
GOPR0572_frame_000193_rain3,0,0,0,0,0.0,
GOPR0572_frame_000193_blur1,0,0,0,0,0.0,
GOPR0572_frame_000193_blur2,0,0,0,0,0.0,
GOPR0572_frame_000193_blur3,0,0,0,0,0.0,
GOPR0572_frame_000193_blur4,0,0,0,0,0.0,
GOPR0572_frame_000193_noise1,0,0,0,0,0.0,
GOPR0572_frame_000193_noise2,0,0,1,0,0.0,
GOPR0572_frame_000193_noise3,0,0,0,0,0.0,
GOPR0572_frame_000193_dark1,0,0,0,0,0.0,
GOPR0572_frame_000193_dark2,0,0,0,0,0.0,
GOPR0572_frame_000193_overexposure1,0,0,0,0,0.0,
GOPR0572_frame_000193_overexposure2,0,0,0,0,0.0,
GOPR0572_frame_000200_ref,1,1,5,0,0.1667,1.0
GOPR0572_frame_000200_rain1,1,0,5,1,0.0,0.0
GOPR0572_frame_000200_rain2,1,0,1,1,0.0,0.0
GOPR0572_frame_000200_rain3,1,0,0,1,0.0,0.0
GOPR0572_frame_000200_blur1,1,1,4,0,0.2,1.0
GOPR0572_frame_000200_blur2,1,1,4,0,0.2,1.0
GOPR0572_frame_000200_blur3,1,0,1,1,0.0,0.0
GOPR0572_frame_000200_blur4,1,0,0,1,0.0,0.0
GOPR0572_frame_000200_noise1,1,0,4,1,0.0,0.0
GOPR0572_frame_000200_noise2,1,0,1,1,0.0,0.0
GOPR0572_frame_000200_noise3,1,0,0,1,0.0,0.0
GOPR0572_frame_000200_dark1,1,0,4,1,0.0,0.0
GOPR0572_frame_000200_dark2,1,0,2,1,0.0,0.0
GOPR0572_frame_000200_overexposure1,1,1,6,0,0.1429,1.0
GOPR0572_frame_000200_overexposure2,1,1,6,0,0.1429,1.0
GOPR0572_frame_000207_ref,0,0,1,0,0.0,
GOPR0572_frame_000207_rain1,0,0,1,0,0.0,
GOPR0572_frame_000207_rain2,0,0,0,0,0.0,
GOPR0572_frame_000207_rain3,0,0,0,0,0.0,
GOPR0572_frame_000207_blur1,0,0,0,0,0.0,
GOPR0572_frame_000207_blur2,0,0,0,0,0.0,
GOPR0572_frame_000207_blur3,0,0,0,0,0.0,
GOPR0572_frame_000207_blur4,0,0,0,0,0.0,
GOPR0572_frame_000207_noise1,0,0,1,0,0.0,
GOPR0572_frame_000207_noise2,0,0,0,0,0.0,
GOPR0572_frame_000207_noise3,0,0,0,0,0.0,
GOPR0572_frame_000207_dark1,0,0,1,0,0.0,
GOPR0572_frame_000207_dark2,0,0,0,0,0.0,
GOPR0572_frame_000207_overexposure1,0,0,1,0,0.0,
GOPR0572_frame_000207_overexposure2,0,0,0,0,0.0,
GOPR0572_frame_000215_ref,2,2,3,0,0.4,1.0
GOPR0572_frame_000215_rain1,2,2,2,0,0.5,1.0
GOPR0572_frame_000215_rain2,2,2,1,0,0.6667,1.0
GOPR0572_frame_000215_rain3,2,1,0,1,1.0,0.5
GOPR0572_frame_000215_blur1,2,2,2,0,0.5,1.0
GOPR0572_frame_000215_blur2,2,2,0,0,1.0,1.0
GOPR0572_frame_000215_blur3,2,1,0,1,1.0,0.5
GOPR0572_frame_000215_blur4,2,1,0,1,1.0,0.5
GOPR0572_frame_000215_noise1,2,2,1,0,0.6667,1.0
GOPR0572_frame_000215_noise2,2,1,0,1,1.0,0.5
GOPR0572_frame_000215_noise3,2,1,0,1,1.0,0.5
GOPR0572_frame_000215_dark1,2,2,2,0,0.5,1.0
GOPR0572_frame_000215_dark2,2,2,3,0,0.4,1.0
GOPR0572_frame_000215_overexposure1,2,2,4,0,0.3333,1.0
GOPR0572_frame_000215_overexposure2,2,2,5,0,0.2857,1.0
GOPR0572_frame_000235_ref,5,5,4,0,0.5556,1.0
GOPR0572_frame_000235_rain1,5,5,4,0,0.5556,1.0
GOPR0572_frame_000235_rain2,5,3,2,2,0.6,0.6
GOPR0572_frame_000235_rain3,5,1,2,4,0.3333,0.2
GOPR0572_frame_000235_blur1,5,5,3,0,0.625,1.0
GOPR0572_frame_000235_blur2,5,3,2,2,0.6,0.6
GOPR0572_frame_000235_blur3,5,1,2,4,0.3333,0.2
GOPR0572_frame_000235_blur4,5,1,1,4,0.5,0.2
GOPR0572_frame_000235_noise1,5,5,5,0,0.5,1.0
GOPR0572_frame_000235_noise2,5,2,3,3,0.4,0.4
GOPR0572_frame_000235_noise3,5,1,0,4,1.0,0.2
GOPR0572_frame_000235_dark1,5,4,4,1,0.5,0.8
GOPR0572_frame_000235_dark2,5,3,4,2,0.4286,0.6
GOPR0572_frame_000235_overexposure1,5,5,3,0,0.625,1.0
GOPR0572_frame_000235_overexposure2,5,2,1,3,0.6667,0.4
GOPR0572_frame_000255_ref,7,6,3,1,0.6667,0.8571
GOPR0572_frame_000255_rain1,7,6,3,1,0.6667,0.8571
GOPR0572_frame_000255_rain2,7,3,1,4,0.75,0.4286
GOPR0572_frame_000255_rain3,7,1,0,6,1.0,0.1429
GOPR0572_frame_000255_blur1,7,6,1,1,0.8571,0.8571
GOPR0572_frame_000255_blur2,7,2,2,5,0.5,0.2857
GOPR0572_frame_000255_blur3,7,1,1,6,0.5,0.1429
GOPR0572_frame_000255_blur4,7,1,1,6,0.5,0.1429
GOPR0572_frame_000255_noise1,7,5,4,2,0.5556,0.7143
GOPR0572_frame_000255_noise2,7,1,0,6,1.0,0.1429
GOPR0572_frame_000255_noise3,7,1,0,6,1.0,0.1429
GOPR0572_frame_000255_dark1,7,6,3,1,0.6667,0.8571
GOPR0572_frame_000255_dark2,7,2,1,5,0.6667,0.2857
GOPR0572_frame_000255_overexposure1,7,6,2,1,0.75,0.8571
GOPR0572_frame_000255_overexposure2,7,4,4,3,0.5,0.5714
GOPR0572_frame_000271_ref,7,7,6,0,0.5385,1.0
GOPR0572_frame_000271_rain1,7,7,4,0,0.6364,1.0
GOPR0572_frame_000271_rain2,7,6,6,1,0.5,0.8571
GOPR0572_frame_000271_rain3,7,4,3,3,0.5714,0.5714
GOPR0572_frame_000271_blur1,7,7,3,0,0.7,1.0
GOPR0572_frame_000271_blur2,7,6,4,1,0.6,0.8571
GOPR0572_frame_000271_blur3,7,6,3,1,0.6667,0.8571
GOPR0572_frame_000271_blur4,7,3,4,4,0.4286,0.4286
GOPR0572_frame_000271_noise1,7,7,6,0,0.5385,1.0
GOPR0572_frame_000271_noise2,7,6,4,1,0.6,0.8571
GOPR0572_frame_000271_noise3,7,5,2,2,0.7143,0.7143
GOPR0572_frame_000271_dark1,7,6,2,1,0.75,0.8571
GOPR0572_frame_000271_dark2,7,6,2,1,0.75,0.8571
GOPR0572_frame_000271_overexposure1,7,7,4,0,0.6364,1.0
GOPR0572_frame_000271_overexposure2,7,7,2,0,0.7778,1.0
GOPR0572_frame_000278_ref,6,6,6,0,0.5,1.0
GOPR0572_frame_000278_rain1,6,6,5,0,0.5455,1.0
GOPR0572_frame_000278_rain2,6,5,2,1,0.7143,0.8333
GOPR0572_frame_000278_rain3,6,3,1,3,0.75,0.5
GOPR0572_frame_000278_blur1,6,6,3,0,0.6667,1.0
GOPR0572_frame_000278_blur2,6,5,2,1,0.7143,0.8333
GOPR0572_frame_000278_blur3,6,4,0,2,1.0,0.6667
GOPR0572_frame_000278_blur4,6,4,2,2,0.6667,0.6667
GOPR0572_frame_000278_noise1,6,6,5,0,0.5455,1.0
GOPR0572_frame_000278_noise2,6,5,0,1,1.0,0.8333
GOPR0572_frame_000278_noise3,6,3,0,3,1.0,0.5
GOPR0572_frame_000278_dark1,6,5,3,1,0.625,0.8333
GOPR0572_frame_000278_dark2,6,6,1,0,0.8571,1.0
GOPR0572_frame_000278_overexposure1,6,6,4,0,0.6,1.0
GOPR0572_frame_000278_overexposure2,6,6,3,0,0.6667,1.0
GOPR0572_frame_000284_ref,8,7,5,1,0.5833,0.875
GOPR0572_frame_000284_rain1,8,7,5,1,0.5833,0.875
GOPR0572_frame_000284_rain2,8,6,1,2,0.8571,0.75
GOPR0572_frame_000284_rain3,8,1,0,7,1.0,0.125
GOPR0572_frame_000284_blur1,8,7,5,1,0.5833,0.875
GOPR0572_frame_000284_blur2,8,7,2,1,0.7778,0.875
GOPR0572_frame_000284_blur3,8,6,1,2,0.8571,0.75
GOPR0572_frame_000284_blur4,8,2,1,6,0.6667,0.25
GOPR0572_frame_000284_noise1,8,6,4,2,0.6,0.75
GOPR0572_frame_000284_noise2,8,5,1,3,0.8333,0.625
GOPR0572_frame_000284_noise3,8,1,0,7,1.0,0.125
GOPR0572_frame_000284_dark1,8,7,5,1,0.5833,0.875
GOPR0572_frame_000284_dark2,8,5,1,3,0.8333,0.625
GOPR0572_frame_000284_overexposure1,8,7,5,1,0.5833,0.875
GOPR0572_frame_000284_overexposure2,8,7,2,1,0.7778,0.875
GOPR0572_frame_000290_ref,5,4,6,1,0.4,0.8
GOPR0572_frame_000290_rain1,5,3,3,2,0.5,0.6
GOPR0572_frame_000290_rain2,5,3,1,2,0.75,0.6
GOPR0572_frame_000290_rain3,5,0,0,5,0.0,0.0
GOPR0572_frame_000290_blur1,5,3,3,2,0.5,0.6
GOPR0572_frame_000290_blur2,5,3,1,2,0.75,0.6
GOPR0572_frame_000290_blur3,5,3,3,2,0.5,0.6
GOPR0572_frame_000290_blur4,5,1,1,4,0.5,0.2
GOPR0572_frame_000290_noise1,5,4,5,1,0.4444,0.8
GOPR0572_frame_000290_noise2,5,3,1,2,0.75,0.6
GOPR0572_frame_000290_noise3,5,2,0,3,1.0,0.4
GOPR0572_frame_000290_dark1,5,4,4,1,0.5,0.8
GOPR0572_frame_000290_dark2,5,3,4,2,0.4286,0.6
GOPR0572_frame_000290_overexposure1,5,4,6,1,0.4,0.8
GOPR0572_frame_000290_overexposure2,5,3,7,2,0.3,0.6
GOPR0572_frame_000297_ref,3,2,2,1,0.5,0.6667
GOPR0572_frame_000297_rain1,3,2,3,1,0.4,0.6667
GOPR0572_frame_000297_rain2,3,1,2,2,0.3333,0.3333
GOPR0572_frame_000297_rain3,3,0,0,3,0.0,0.0
GOPR0572_frame_000297_blur1,3,2,2,1,0.5,0.6667
GOPR0572_frame_000297_blur2,3,2,2,1,0.5,0.6667
GOPR0572_frame_000297_blur3,3,2,1,1,0.6667,0.6667
GOPR0572_frame_000297_blur4,3,1,0,2,1.0,0.3333
GOPR0572_frame_000297_noise1,3,2,5,1,0.2857,0.6667
GOPR0572_frame_000297_noise2,3,2,2,1,0.5,0.6667
GOPR0572_frame_000297_noise3,3,1,1,2,0.5,0.3333
GOPR0572_frame_000297_dark1,3,2,3,1,0.4,0.6667
GOPR0572_frame_000297_dark2,3,2,2,1,0.5,0.6667
GOPR0572_frame_000297_overexposure1,3,2,3,1,0.4,0.6667
GOPR0572_frame_000297_overexposure2,3,2,5,1,0.2857,0.6667
GOPR0572_frame_000305_ref,10,9,11,1,0.45,0.9
GOPR0572_frame_000305_rain1,10,10,8,0,0.5556,1.0
GOPR0572_frame_000305_rain2,10,5,0,5,1.0,0.5
GOPR0572_frame_000305_rain3,10,0,0,10,0.0,0.0
GOPR0572_frame_000305_blur1,10,10,7,0,0.5882,1.0
GOPR0572_frame_000305_blur2,10,9,3,1,0.75,0.9
GOPR0572_frame_000305_blur3,10,5,2,5,0.7143,0.5
GOPR0572_frame_000305_blur4,10,5,0,5,1.0,0.5
GOPR0572_frame_000305_noise1,10,10,5,0,0.6667,1.0
GOPR0572_frame_000305_noise2,10,5,0,5,1.0,0.5
GOPR0572_frame_000305_noise3,10,4,0,6,1.0,0.4
GOPR0572_frame_000305_dark1,10,10,5,0,0.6667,1.0
GOPR0572_frame_000305_dark2,10,7,0,3,1.0,0.7
GOPR0572_frame_000305_overexposure1,10,10,10,0,0.5,1.0
GOPR0572_frame_000305_overexposure2,10,10,7,0,0.5882,1.0
GOPR0572_frame_000325_ref,10,9,11,1,0.45,0.9
GOPR0572_frame_000325_rain1,10,10,9,0,0.5263,1.0
GOPR0572_frame_000325_rain2,10,6,2,4,0.75,0.6
GOPR0572_frame_000325_rain3,10,1,0,9,1.0,0.1
GOPR0572_frame_000325_blur1,10,10,7,0,0.5882,1.0
GOPR0572_frame_000325_blur2,10,9,3,1,0.75,0.9
GOPR0572_frame_000325_blur3,10,5,2,5,0.7143,0.5
GOPR0572_frame_000325_blur4,10,5,0,5,1.0,0.5
GOPR0572_frame_000325_noise1,10,10,7,0,0.5882,1.0
GOPR0572_frame_000325_noise2,10,6,1,4,0.8571,0.6
GOPR0572_frame_000325_noise3,10,3,0,7,1.0,0.3
GOPR0572_frame_000325_dark1,10,10,5,0,0.6667,1.0
GOPR0572_frame_000325_dark2,10,7,0,3,1.0,0.7
GOPR0572_frame_000325_overexposure1,10,10,10,0,0.5,1.0
GOPR0572_frame_000325_overexposure2,10,10,7,0,0.5882,1.0
GOPR0572_frame_000345_ref,7,6,4,1,0.6,0.8571
GOPR0572_frame_000345_rain1,7,6,5,1,0.5455,0.8571
GOPR0572_frame_000345_rain2,7,5,5,2,0.5,0.7143
GOPR0572_frame_000345_rain3,7,4,3,3,0.5714,0.5714
GOPR0572_frame_000345_blur1,7,6,3,1,0.6667,0.8571
GOPR0572_frame_000345_blur2,7,6,2,1,0.75,0.8571
GOPR0572_frame_000345_blur3,7,5,3,2,0.625,0.7143
GOPR0572_frame_000345_blur4,7,1,4,6,0.2,0.1429
GOPR0572_frame_000345_noise1,7,6,9,1,0.4,0.8571
GOPR0572_frame_000345_noise2,7,5,6,2,0.4545,0.7143
GOPR0572_frame_000345_noise3,7,4,3,3,0.5714,0.5714
GOPR0572_frame_000345_dark1,7,6,4,1,0.6,0.8571
GOPR0572_frame_000345_dark2,7,6,5,1,0.5455,0.8571
GOPR0572_frame_000345_overexposure1,7,7,8,0,0.4667,1.0
GOPR0572_frame_000345_overexposure2,7,6,5,1,0.5455,0.8571
GOPR0572_frame_000352_ref,7,7,3,0,0.7,1.0
GOPR0572_frame_000352_rain1,7,7,5,0,0.5833,1.0
GOPR0572_frame_000352_rain2,7,6,4,1,0.6,0.8571
GOPR0572_frame_000352_rain3,7,3,1,4,0.75,0.4286
GOPR0572_frame_000352_blur1,7,7,3,0,0.7,1.0
GOPR0572_frame_000352_blur2,7,7,4,0,0.6364,1.0
GOPR0572_frame_000352_blur3,7,7,2,0,0.7778,1.0
GOPR0572_frame_000352_blur4,7,2,3,5,0.4,0.2857
GOPR0572_frame_000352_noise1,7,7,4,0,0.6364,1.0
GOPR0572_frame_000352_noise2,7,7,4,0,0.6364,1.0
GOPR0572_frame_000352_noise3,7,3,1,4,0.75,0.4286
GOPR0572_frame_000352_dark1,7,7,4,0,0.6364,1.0
GOPR0572_frame_000352_dark2,7,6,6,1,0.5,0.8571
GOPR0572_frame_000352_overexposure1,7,7,3,0,0.7,1.0
GOPR0572_frame_000352_overexposure2,7,7,1,0,0.875,1.0
GOPR0572_frame_000372_ref,8,8,3,0,0.7273,1.0
GOPR0572_frame_000372_rain1,8,8,3,0,0.7273,1.0
GOPR0572_frame_000372_rain2,8,7,1,1,0.875,0.875
GOPR0572_frame_000372_rain3,8,4,3,4,0.5714,0.5
GOPR0572_frame_000372_blur1,8,7,2,1,0.7778,0.875
GOPR0572_frame_000372_blur2,8,7,1,1,0.875,0.875
GOPR0572_frame_000372_blur3,8,6,0,2,1.0,0.75
GOPR0572_frame_000372_blur4,8,3,1,5,0.75,0.375
GOPR0572_frame_000372_noise1,8,7,2,1,0.7778,0.875
GOPR0572_frame_000372_noise2,8,7,1,1,0.875,0.875
GOPR0572_frame_000372_noise3,8,5,0,3,1.0,0.625
GOPR0572_frame_000372_dark1,8,8,2,0,0.8,1.0
GOPR0572_frame_000372_dark2,8,7,1,1,0.875,0.875
GOPR0572_frame_000372_overexposure1,8,8,3,0,0.7273,1.0
GOPR0572_frame_000372_overexposure2,8,6,5,2,0.5455,0.75
GOPR0572_frame_000382_ref,7,7,6,0,0.5385,1.0
GOPR0572_frame_000382_rain1,7,7,3,0,0.7,1.0
GOPR0572_frame_000382_rain2,7,5,3,2,0.625,0.7143
GOPR0572_frame_000382_rain3,7,0,0,7,0.0,0.0
GOPR0572_frame_000382_blur1,7,7,5,0,0.5833,1.0
GOPR0572_frame_000382_blur2,7,7,8,0,0.4667,1.0
GOPR0572_frame_000382_blur3,7,6,2,1,0.75,0.8571
GOPR0572_frame_000382_blur4,7,0,0,7,0.0,0.0
GOPR0572_frame_000382_noise1,7,7,5,0,0.5833,1.0
GOPR0572_frame_000382_noise2,7,5,0,2,1.0,0.7143
GOPR0572_frame_000382_noise3,7,1,0,6,1.0,0.1429
GOPR0572_frame_000382_dark1,7,7,5,0,0.5833,1.0
GOPR0572_frame_000382_dark2,7,6,4,1,0.6,0.8571
GOPR0572_frame_000382_overexposure1,7,7,5,0,0.5833,1.0
GOPR0572_frame_000382_overexposure2,7,6,4,1,0.6,0.8571
GOPR0572_frame_000388_ref,3,3,4,0,0.4286,1.0
GOPR0572_frame_000388_rain1,3,3,4,0,0.4286,1.0
GOPR0572_frame_000388_rain2,3,3,4,0,0.4286,1.0
GOPR0572_frame_000388_rain3,3,2,1,1,0.6667,0.6667
GOPR0572_frame_000388_blur1,3,3,4,0,0.4286,1.0
GOPR0572_frame_000388_blur2,3,3,5,0,0.375,1.0
GOPR0572_frame_000388_blur3,3,3,2,0,0.6,1.0
GOPR0572_frame_000388_blur4,3,0,1,3,0.0,0.0
GOPR0572_frame_000388_noise1,3,3,4,0,0.4286,1.0
GOPR0572_frame_000388_noise2,3,3,2,0,0.6,1.0
GOPR0572_frame_000388_noise3,3,1,0,2,1.0,0.3333
GOPR0572_frame_000388_dark1,3,3,4,0,0.4286,1.0
GOPR0572_frame_000388_dark2,3,3,4,0,0.4286,1.0
GOPR0572_frame_000388_overexposure1,3,3,3,0,0.5,1.0
GOPR0572_frame_000388_overexposure2,3,0,1,3,0.0,0.0
GOPR0572_frame_000395_ref,5,5,4,0,0.5556,1.0
GOPR0572_frame_000395_rain1,5,4,2,1,0.6667,0.8
GOPR0572_frame_000395_rain2,5,4,1,1,0.8,0.8
GOPR0572_frame_000395_rain3,5,1,0,4,1.0,0.2
GOPR0572_frame_000395_blur1,5,4,1,1,0.8,0.8
GOPR0572_frame_000395_blur2,5,4,1,1,0.8,0.8
GOPR0572_frame_000395_blur3,5,3,0,2,1.0,0.6
GOPR0572_frame_000395_blur4,5,1,3,4,0.25,0.2
GOPR0572_frame_000395_noise1,5,5,3,0,0.625,1.0
GOPR0572_frame_000395_noise2,5,4,0,1,1.0,0.8
GOPR0572_frame_000395_noise3,5,1,0,4,1.0,0.2
GOPR0572_frame_000395_dark1,5,5,3,0,0.625,1.0
GOPR0572_frame_000395_dark2,5,4,2,1,0.6667,0.8
GOPR0572_frame_000395_overexposure1,5,5,3,0,0.625,1.0
GOPR0572_frame_000395_overexposure2,5,5,7,0,0.4167,1.0
GOPR0572_frame_000414_ref,11,11,3,0,0.7857,1.0
GOPR0572_frame_000414_rain1,11,10,0,1,1.0,0.9091
GOPR0572_frame_000414_rain2,11,8,1,3,0.8889,0.7273
GOPR0572_frame_000414_rain3,11,1,0,10,1.0,0.0909
GOPR0572_frame_000414_blur1,11,11,1,0,0.9167,1.0
GOPR0572_frame_000414_blur2,11,10,1,1,0.9091,0.9091
GOPR0572_frame_000414_blur3,11,6,0,5,1.0,0.5455
GOPR0572_frame_000414_blur4,11,1,2,10,0.3333,0.0909
GOPR0572_frame_000414_noise1,11,9,0,2,1.0,0.8182
GOPR0572_frame_000414_noise2,11,9,1,2,0.9,0.8182
GOPR0572_frame_000414_noise3,11,3,1,8,0.75,0.2727
GOPR0572_frame_000414_dark1,11,10,2,1,0.8333,0.9091
GOPR0572_frame_000414_dark2,11,9,0,2,1.0,0.8182
GOPR0572_frame_000414_overexposure1,11,10,3,1,0.7692,0.9091
GOPR0572_frame_000414_overexposure2,11,10,3,1,0.7692,0.9091
GOPR0572_frame_000426_ref,13,12,14,1,0.4615,0.9231
GOPR0572_frame_000426_rain1,13,11,11,2,0.5,0.8462
GOPR0572_frame_000426_rain2,13,9,3,4,0.75,0.6923
GOPR0572_frame_000426_rain3,13,3,0,10,1.0,0.2308
GOPR0572_frame_000426_blur1,13,11,6,2,0.6471,0.8462
GOPR0572_frame_000426_blur2,13,11,6,2,0.6471,0.8462
GOPR0572_frame_000426_blur3,13,8,1,5,0.8889,0.6154
GOPR0572_frame_000426_blur4,13,4,0,9,1.0,0.3077
GOPR0572_frame_000426_noise1,13,10,8,3,0.5556,0.7692
GOPR0572_frame_000426_noise2,13,8,8,5,0.5,0.6154
GOPR0572_frame_000426_noise3,13,4,0,9,1.0,0.3077
GOPR0572_frame_000426_dark1,13,11,10,2,0.5238,0.8462
GOPR0572_frame_000426_dark2,13,7,7,6,0.5,0.5385
GOPR0572_frame_000426_overexposure1,13,11,15,2,0.4231,0.8462
GOPR0572_frame_000426_overexposure2,13,11,9,2,0.55,0.8462
GOPR0572_frame_000435_ref,7,6,15,1,0.2857,0.8571
GOPR0572_frame_000435_rain1,7,6,14,1,0.3,0.8571
GOPR0572_frame_000435_rain2,7,4,5,3,0.4444,0.5714
GOPR0572_frame_000435_rain3,7,0,0,7,0.0,0.0
GOPR0572_frame_000435_blur1,7,7,9,0,0.4375,1.0
GOPR0572_frame_000435_blur2,7,5,4,2,0.5556,0.7143
GOPR0572_frame_000435_blur3,7,0,1,7,0.0,0.0
GOPR0572_frame_000435_blur4,7,0,1,7,0.0,0.0
GOPR0572_frame_000435_noise1,7,3,12,4,0.2,0.4286
GOPR0572_frame_000435_noise2,7,1,2,6,0.3333,0.1429
GOPR0572_frame_000435_noise3,7,0,0,7,0.0,0.0
GOPR0572_frame_000435_dark1,7,4,11,3,0.2667,0.5714
GOPR0572_frame_000435_dark2,7,0,4,7,0.0,0.0
GOPR0572_frame_000435_overexposure1,7,7,23,0,0.2333,1.0
GOPR0572_frame_000435_overexposure2,7,7,13,0,0.35,1.0
GOPR0572_frame_000455_ref,16,15,13,1,0.5357,0.9375
GOPR0572_frame_000455_rain1,16,13,14,3,0.4815,0.8125
GOPR0572_frame_000455_rain2,16,7,7,9,0.5,0.4375
GOPR0572_frame_000455_rain3,16,1,0,15,1.0,0.0625
GOPR0572_frame_000455_blur1,16,14,11,2,0.56,0.875
GOPR0572_frame_000455_blur2,16,13,11,3,0.5417,0.8125
GOPR0572_frame_000455_blur3,16,11,5,5,0.6875,0.6875
GOPR0572_frame_000455_blur4,16,2,0,14,1.0,0.125
GOPR0572_frame_000455_noise1,16,13,8,3,0.619,0.8125
GOPR0572_frame_000455_noise2,16,10,5,6,0.6667,0.625
GOPR0572_frame_000455_noise3,16,2,0,14,1.0,0.125
GOPR0572_frame_000455_dark1,16,12,14,4,0.4615,0.75
GOPR0572_frame_000455_dark2,16,8,5,8,0.6154,0.5
GOPR0572_frame_000455_overexposure1,16,15,13,1,0.5357,0.9375
GOPR0572_frame_000455_overexposure2,16,15,15,1,0.5,0.9375
GOPR0572_frame_000501_ref,14,13,11,1,0.5417,0.9286
GOPR0572_frame_000501_rain1,14,13,7,1,0.65,0.9286
GOPR0572_frame_000501_rain2,14,10,6,4,0.625,0.7143
GOPR0572_frame_000501_rain3,14,0,0,14,0.0,0.0
GOPR0572_frame_000501_blur1,14,13,7,1,0.65,0.9286
GOPR0572_frame_000501_blur2,14,12,5,2,0.7059,0.8571
GOPR0572_frame_000501_blur3,14,8,2,6,0.8,0.5714
GOPR0572_frame_000501_blur4,14,2,1,12,0.6667,0.1429
GOPR0572_frame_000501_noise1,14,13,7,1,0.65,0.9286
GOPR0572_frame_000501_noise2,14,7,0,7,1.0,0.5
GOPR0572_frame_000501_noise3,14,1,0,13,1.0,0.0714
GOPR0572_frame_000501_dark1,14,12,7,2,0.6316,0.8571
GOPR0572_frame_000501_dark2,14,7,1,7,0.875,0.5
GOPR0572_frame_000501_overexposure1,14,13,12,1,0.52,0.9286
GOPR0572_frame_000501_overexposure2,14,13,13,1,0.5,0.9286
GOPR0572_frame_000515_ref,11,10,8,1,0.5556,0.9091
GOPR0572_frame_000515_rain1,11,9,7,2,0.5625,0.8182
GOPR0572_frame_000515_rain2,11,9,1,2,0.9,0.8182
GOPR0572_frame_000515_rain3,11,0,0,11,0.0,0.0
GOPR0572_frame_000515_blur1,11,10,9,1,0.5263,0.9091
GOPR0572_frame_000515_blur2,11,10,5,1,0.6667,0.9091
GOPR0572_frame_000515_blur3,11,9,0,2,1.0,0.8182
GOPR0572_frame_000515_blur4,11,2,0,9,1.0,0.1818
GOPR0572_frame_000515_noise1,11,10,8,1,0.5556,0.9091
GOPR0572_frame_000515_noise2,11,5,0,6,1.0,0.4545
GOPR0572_frame_000515_noise3,11,1,0,10,1.0,0.0909
GOPR0572_frame_000515_dark1,11,9,7,2,0.5625,0.8182
GOPR0572_frame_000515_dark2,11,4,2,7,0.6667,0.3636
GOPR0572_frame_000515_overexposure1,11,10,8,1,0.5556,0.9091
GOPR0572_frame_000515_overexposure2,11,9,9,2,0.5,0.8182
GOPR0572_frame_000521_ref,10,9,7,1,0.5625,0.9
GOPR0572_frame_000521_rain1,10,9,6,1,0.6,0.9
GOPR0572_frame_000521_rain2,10,6,5,4,0.5455,0.6
GOPR0572_frame_000521_rain3,10,2,0,8,1.0,0.2
GOPR0572_frame_000521_blur1,10,8,4,2,0.6667,0.8
GOPR0572_frame_000521_blur2,10,8,3,2,0.7273,0.8
GOPR0572_frame_000521_blur3,10,6,5,4,0.5455,0.6
GOPR0572_frame_000521_blur4,10,3,2,7,0.6,0.3
GOPR0572_frame_000521_noise1,10,8,5,2,0.6154,0.8
GOPR0572_frame_000521_noise2,10,5,2,5,0.7143,0.5
GOPR0572_frame_000521_noise3,10,4,1,6,0.8,0.4
GOPR0572_frame_000521_dark1,10,8,8,2,0.5,0.8
GOPR0572_frame_000521_dark2,10,5,2,5,0.7143,0.5
GOPR0572_frame_000521_overexposure1,10,9,6,1,0.6,0.9
GOPR0572_frame_000521_overexposure2,10,8,6,2,0.5714,0.8
GOPR0572_frame_000527_ref,7,7,0,0,1.0,1.0
GOPR0572_frame_000527_rain1,7,7,0,0,1.0,1.0
GOPR0572_frame_000527_rain2,7,7,1,0,0.875,1.0
GOPR0572_frame_000527_rain3,7,0,0,7,0.0,0.0
GOPR0572_frame_000527_blur1,7,7,0,0,1.0,1.0
GOPR0572_frame_000527_blur2,7,7,0,0,1.0,1.0
GOPR0572_frame_000527_blur3,7,7,0,0,1.0,1.0
GOPR0572_frame_000527_blur4,7,3,1,4,0.75,0.4286
GOPR0572_frame_000527_noise1,7,7,1,0,0.875,1.0
GOPR0572_frame_000527_noise2,7,6,2,1,0.75,0.8571
GOPR0572_frame_000527_noise3,7,1,2,6,0.3333,0.1429
GOPR0572_frame_000527_dark1,7,7,0,0,1.0,1.0
GOPR0572_frame_000527_dark2,7,6,1,1,0.8571,0.8571
GOPR0572_frame_000527_overexposure1,7,7,2,0,0.7778,1.0
GOPR0572_frame_000527_overexposure2,7,7,3,0,0.7,1.0
GOPR0572_frame_000532_ref,9,8,5,1,0.6154,0.8889
GOPR0572_frame_000532_rain1,9,8,4,1,0.6667,0.8889
GOPR0572_frame_000532_rain2,9,3,4,6,0.4286,0.3333
GOPR0572_frame_000532_rain3,9,1,0,8,1.0,0.1111
GOPR0572_frame_000532_blur1,9,9,4,0,0.6923,1.0
GOPR0572_frame_000532_blur2,9,6,3,3,0.6667,0.6667
GOPR0572_frame_000532_blur3,9,4,2,5,0.6667,0.4444
GOPR0572_frame_000532_blur4,9,3,0,6,1.0,0.3333
GOPR0572_frame_000532_noise1,9,7,5,2,0.5833,0.7778
GOPR0572_frame_000532_noise2,9,4,3,5,0.5714,0.4444
GOPR0572_frame_000532_noise3,9,0,0,9,0.0,0.0
GOPR0572_frame_000532_dark1,9,6,4,3,0.6,0.6667
GOPR0572_frame_000532_dark2,9,4,2,5,0.6667,0.4444
GOPR0572_frame_000532_overexposure1,9,9,6,0,0.6,1.0
GOPR0572_frame_000532_overexposure2,9,9,7,0,0.5625,1.0
GOPR0572_frame_000537_ref,5,5,3,0,0.625,1.0
GOPR0572_frame_000537_rain1,5,5,1,0,0.8333,1.0
GOPR0572_frame_000537_rain2,5,3,0,2,1.0,0.6
GOPR0572_frame_000537_rain3,5,0,0,5,0.0,0.0
GOPR0572_frame_000537_blur1,5,5,2,0,0.7143,1.0
GOPR0572_frame_000537_blur2,5,5,1,0,0.8333,1.0
GOPR0572_frame_000537_blur3,5,5,0,0,1.0,1.0
GOPR0572_frame_000537_blur4,5,2,0,3,1.0,0.4
GOPR0572_frame_000537_noise1,5,5,1,0,0.8333,1.0
GOPR0572_frame_000537_noise2,5,5,1,0,0.8333,1.0
GOPR0572_frame_000537_noise3,5,0,0,5,0.0,0.0
GOPR0572_frame_000537_dark1,5,5,2,0,0.7143,1.0
GOPR0572_frame_000537_dark2,5,5,2,0,0.7143,1.0
GOPR0572_frame_000537_overexposure1,5,5,4,0,0.5556,1.0
GOPR0572_frame_000537_overexposure2,5,5,3,0,0.625,1.0
GOPR0572_frame_000542_ref,6,5,1,1,0.8333,0.8333
GOPR0572_frame_000542_rain1,6,6,1,0,0.8571,1.0
GOPR0572_frame_000542_rain2,6,3,4,3,0.4286,0.5
GOPR0572_frame_000542_rain3,6,2,0,4,1.0,0.3333
GOPR0572_frame_000542_blur1,6,5,2,1,0.7143,0.8333
GOPR0572_frame_000542_blur2,6,6,1,0,0.8571,1.0
GOPR0572_frame_000542_blur3,6,4,0,2,1.0,0.6667
GOPR0572_frame_000542_blur4,6,4,0,2,1.0,0.6667
GOPR0572_frame_000542_noise1,6,5,1,1,0.8333,0.8333
GOPR0572_frame_000542_noise2,6,4,2,2,0.6667,0.6667
GOPR0572_frame_000542_noise3,6,3,0,3,1.0,0.5
GOPR0572_frame_000542_dark1,6,6,2,0,0.75,1.0
GOPR0572_frame_000542_dark2,6,3,1,3,0.75,0.5
GOPR0572_frame_000542_overexposure1,6,6,1,0,0.8571,1.0
GOPR0572_frame_000542_overexposure2,6,5,1,1,0.8333,0.8333
GOPR0572_frame_000547_ref,7,7,3,0,0.7,1.0
GOPR0572_frame_000547_rain1,7,7,3,0,0.7,1.0
GOPR0572_frame_000547_rain2,7,4,2,3,0.6667,0.5714
GOPR0572_frame_000547_rain3,7,0,0,7,0.0,0.0
GOPR0572_frame_000547_blur1,7,7,3,0,0.7,1.0
GOPR0572_frame_000547_blur2,7,7,1,0,0.875,1.0
GOPR0572_frame_000547_blur3,7,7,2,0,0.7778,1.0
GOPR0572_frame_000547_blur4,7,2,0,5,1.0,0.2857
GOPR0572_frame_000547_noise1,7,7,3,0,0.7,1.0
GOPR0572_frame_000547_noise2,7,6,2,1,0.75,0.8571
GOPR0572_frame_000547_noise3,7,1,0,6,1.0,0.1429
GOPR0572_frame_000547_dark1,7,7,3,0,0.7,1.0
GOPR0572_frame_000547_dark2,7,6,3,1,0.6667,0.8571
GOPR0572_frame_000547_overexposure1,7,7,3,0,0.7,1.0
GOPR0572_frame_000547_overexposure2,7,7,3,0,0.7,1.0
GOPR0572_frame_000552_ref,6,5,5,1,0.5,0.8333
GOPR0572_frame_000552_rain1,6,3,7,3,0.3,0.5
GOPR0572_frame_000552_rain2,6,1,3,5,0.25,0.1667
GOPR0572_frame_000552_rain3,6,0,0,6,0.0,0.0
GOPR0572_frame_000552_blur1,6,5,4,1,0.5556,0.8333
GOPR0572_frame_000552_blur2,6,3,3,3,0.5,0.5
GOPR0572_frame_000552_blur3,6,4,1,2,0.8,0.6667
GOPR0572_frame_000552_blur4,6,0,0,6,0.0,0.0
GOPR0572_frame_000552_noise1,6,4,5,2,0.4444,0.6667
GOPR0572_frame_000552_noise2,6,3,2,3,0.6,0.5
GOPR0572_frame_000552_noise3,6,0,0,6,0.0,0.0
GOPR0572_frame_000552_dark1,6,4,6,2,0.4,0.6667
GOPR0572_frame_000552_dark2,6,2,4,4,0.3333,0.3333
GOPR0572_frame_000552_overexposure1,6,5,5,1,0.5,0.8333
GOPR0572_frame_000552_overexposure2,6,5,5,1,0.5,0.8333
GOPR0572_frame_000578_ref,3,3,3,0,0.5,1.0
GOPR0572_frame_000578_rain1,3,3,2,0,0.6,1.0
GOPR0572_frame_000578_rain2,3,3,3,0,0.5,1.0
GOPR0572_frame_000578_rain3,3,0,0,3,0.0,0.0
GOPR0572_frame_000578_blur1,3,3,2,0,0.6,1.0
GOPR0572_frame_000578_blur2,3,3,3,0,0.5,1.0
GOPR0572_frame_000578_blur3,3,2,2,1,0.5,0.6667
GOPR0572_frame_000578_blur4,3,2,0,1,1.0,0.6667
GOPR0572_frame_000578_noise1,3,3,3,0,0.5,1.0
GOPR0572_frame_000578_noise2,3,3,2,0,0.6,1.0
GOPR0572_frame_000578_noise3,3,2,0,1,1.0,0.6667
GOPR0572_frame_000578_dark1,3,3,2,0,0.6,1.0
GOPR0572_frame_000578_dark2,3,3,1,0,0.75,1.0
GOPR0572_frame_000578_overexposure1,3,3,4,0,0.4286,1.0
GOPR0572_frame_000578_overexposure2,3,3,2,0,0.6,1.0
GOPR0572_frame_000597_ref,10,9,2,1,0.8182,0.9
GOPR0572_frame_000597_rain1,10,10,4,0,0.7143,1.0
GOPR0572_frame_000597_rain2,10,4,3,6,0.5714,0.4
GOPR0572_frame_000597_rain3,10,1,0,9,1.0,0.1
GOPR0572_frame_000597_blur1,10,10,1,0,0.9091,1.0
GOPR0572_frame_000597_blur2,10,7,2,3,0.7778,0.7
GOPR0572_frame_000597_blur3,10,6,2,4,0.75,0.6
GOPR0572_frame_000597_blur4,10,2,0,8,1.0,0.2
GOPR0572_frame_000597_noise1,10,8,3,2,0.7273,0.8
GOPR0572_frame_000597_noise2,10,4,3,6,0.5714,0.4
GOPR0572_frame_000597_noise3,10,1,0,9,1.0,0.1
GOPR0572_frame_000597_dark1,10,8,1,2,0.8889,0.8
GOPR0572_frame_000597_dark2,10,4,1,6,0.8,0.4
GOPR0572_frame_000597_overexposure1,10,9,1,1,0.9,0.9
GOPR0572_frame_000597_overexposure2,10,9,3,1,0.75,0.9
GOPR0572_frame_000609_ref,3,3,2,0,0.6,1.0
GOPR0572_frame_000609_rain1,3,3,2,0,0.6,1.0
GOPR0572_frame_000609_rain2,3,3,2,0,0.6,1.0
GOPR0572_frame_000609_rain3,3,2,0,1,1.0,0.6667
GOPR0572_frame_000609_blur1,3,3,2,0,0.6,1.0
GOPR0572_frame_000609_blur2,3,3,2,0,0.6,1.0
GOPR0572_frame_000609_blur3,3,2,0,1,1.0,0.6667
GOPR0572_frame_000609_blur4,3,1,0,2,1.0,0.3333
GOPR0572_frame_000609_noise1,3,3,2,0,0.6,1.0
GOPR0572_frame_000609_noise2,3,3,1,0,0.75,1.0
GOPR0572_frame_000609_noise3,3,2,0,1,1.0,0.6667
GOPR0572_frame_000609_dark1,3,3,2,0,0.6,1.0
GOPR0572_frame_000609_dark2,3,3,2,0,0.6,1.0
GOPR0572_frame_000609_overexposure1,3,3,2,0,0.6,1.0
GOPR0572_frame_000609_overexposure2,3,3,2,0,0.6,1.0
GOPR0572_frame_000640_ref,1,1,2,0,0.3333,1.0
GOPR0572_frame_000640_rain1,1,1,1,0,0.5,1.0
GOPR0572_frame_000640_rain2,1,1,0,0,1.0,1.0
GOPR0572_frame_000640_rain3,1,0,0,1,0.0,0.0
GOPR0572_frame_000640_blur1,1,1,1,0,0.5,1.0
GOPR0572_frame_000640_blur2,1,1,0,0,1.0,1.0
GOPR0572_frame_000640_blur3,1,1,1,0,0.5,1.0
GOPR0572_frame_000640_blur4,1,0,0,1,0.0,0.0
GOPR0572_frame_000640_noise1,1,1,0,0,1.0,1.0
GOPR0572_frame_000640_noise2,1,1,0,0,1.0,1.0
GOPR0572_frame_000640_noise3,1,0,0,1,0.0,0.0
GOPR0572_frame_000640_dark1,1,1,1,0,0.5,1.0
GOPR0572_frame_000640_dark2,1,1,0,0,1.0,1.0
GOPR0572_frame_000640_overexposure1,1,1,2,0,0.3333,1.0
GOPR0572_frame_000640_overexposure2,1,1,1,0,0.5,1.0
GOPR0572_frame_000645_ref,2,2,2,0,0.5,1.0
GOPR0572_frame_000645_rain1,2,1,2,1,0.3333,0.5
GOPR0572_frame_000645_rain2,2,1,2,1,0.3333,0.5
GOPR0572_frame_000645_rain3,2,0,0,2,0.0,0.0
GOPR0572_frame_000645_blur1,2,2,2,0,0.5,1.0
GOPR0572_frame_000645_blur2,2,1,1,1,0.5,0.5
GOPR0572_frame_000645_blur3,2,1,1,1,0.5,0.5
GOPR0572_frame_000645_blur4,2,0,0,2,0.0,0.0
GOPR0572_frame_000645_noise1,2,1,3,1,0.25,0.5
GOPR0572_frame_000645_noise2,2,1,0,1,1.0,0.5
GOPR0572_frame_000645_noise3,2,0,0,2,0.0,0.0
GOPR0572_frame_000645_dark1,2,2,1,0,0.6667,1.0
GOPR0572_frame_000645_dark2,2,1,0,1,1.0,0.5
GOPR0572_frame_000645_overexposure1,2,2,2,0,0.5,1.0
GOPR0572_frame_000645_overexposure2,2,2,4,0,0.3333,1.0
GOPR0572_frame_000660_ref,1,1,1,0,0.5,1.0
GOPR0572_frame_000660_rain1,1,0,1,1,0.0,0.0
GOPR0572_frame_000660_rain2,1,0,1,1,0.0,0.0
GOPR0572_frame_000660_rain3,1,0,0,1,0.0,0.0
GOPR0572_frame_000660_blur1,1,0,1,1,0.0,0.0
GOPR0572_frame_000660_blur2,1,1,1,0,0.5,1.0
GOPR0572_frame_000660_blur3,1,0,1,1,0.0,0.0
GOPR0572_frame_000660_blur4,1,0,0,1,0.0,0.0
GOPR0572_frame_000660_noise1,1,0,1,1,0.0,0.0
GOPR0572_frame_000660_noise2,1,0,1,1,0.0,0.0
GOPR0572_frame_000660_noise3,1,0,0,1,0.0,0.0
GOPR0572_frame_000660_dark1,1,0,1,1,0.0,0.0
GOPR0572_frame_000660_dark2,1,0,1,1,0.0,0.0
GOPR0572_frame_000660_overexposure1,1,1,1,0,0.5,1.0
GOPR0572_frame_000660_overexposure2,1,1,1,0,0.5,1.0
GOPR0572_frame_000670_ref,2,2,2,0,0.5,1.0
GOPR0572_frame_000670_rain1,2,2,1,0,0.6667,1.0
GOPR0572_frame_000670_rain2,2,2,1,0,0.6667,1.0
GOPR0572_frame_000670_rain3,2,0,0,2,0.0,0.0
GOPR0572_frame_000670_blur1,2,2,1,0,0.6667,1.0
GOPR0572_frame_000670_blur2,2,2,1,0,0.6667,1.0
GOPR0572_frame_000670_blur3,2,2,1,0,0.6667,1.0
GOPR0572_frame_000670_blur4,2,2,0,0,1.0,1.0
GOPR0572_frame_000670_noise1,2,2,1,0,0.6667,1.0
GOPR0572_frame_000670_noise2,2,2,1,0,0.6667,1.0
GOPR0572_frame_000670_noise3,2,0,0,2,0.0,0.0
GOPR0572_frame_000670_dark1,2,2,1,0,0.6667,1.0
GOPR0572_frame_000670_dark2,2,2,1,0,0.6667,1.0
GOPR0572_frame_000670_overexposure1,2,2,2,0,0.5,1.0
GOPR0572_frame_000670_overexposure2,2,2,3,0,0.4,1.0
GOPR0572_frame_000674_ref,2,0,3,2,0.0,0.0
GOPR0572_frame_000674_rain1,2,0,1,2,0.0,0.0
GOPR0572_frame_000674_rain2,2,0,1,2,0.0,0.0
GOPR0572_frame_000674_rain3,2,0,0,2,0.0,0.0
GOPR0572_frame_000674_blur1,2,0,2,2,0.0,0.0
GOPR0572_frame_000674_blur2,2,0,2,2,0.0,0.0
GOPR0572_frame_000674_blur3,2,0,0,2,0.0,0.0
GOPR0572_frame_000674_blur4,2,0,0,2,0.0,0.0
GOPR0572_frame_000674_noise1,2,0,2,2,0.0,0.0
GOPR0572_frame_000674_noise2,2,0,0,2,0.0,0.0
GOPR0572_frame_000674_noise3,2,0,0,2,0.0,0.0
GOPR0572_frame_000674_dark1,2,0,2,2,0.0,0.0
GOPR0572_frame_000674_dark2,2,0,0,2,0.0,0.0
GOPR0572_frame_000674_overexposure1,2,0,3,2,0.0,0.0
GOPR0572_frame_000674_overexposure2,2,1,3,1,0.25,0.5
GOPR0572_frame_000684_ref,2,2,3,0,0.4,1.0
GOPR0572_frame_000684_rain1,2,2,2,0,0.5,1.0
GOPR0572_frame_000684_rain2,2,1,0,1,1.0,0.5
GOPR0572_frame_000684_rain3,2,0,0,2,0.0,0.0
GOPR0572_frame_000684_blur1,2,2,2,0,0.5,1.0
GOPR0572_frame_000684_blur2,2,2,1,0,0.6667,1.0
GOPR0572_frame_000684_blur3,2,1,2,1,0.3333,0.5
GOPR0572_frame_000684_blur4,2,1,0,1,1.0,0.5
GOPR0572_frame_000684_noise1,2,2,1,0,0.6667,1.0
GOPR0572_frame_000684_noise2,2,1,1,1,0.5,0.5
GOPR0572_frame_000684_noise3,2,1,0,1,1.0,0.5
GOPR0572_frame_000684_dark1,2,2,2,0,0.5,1.0
GOPR0572_frame_000684_dark2,2,2,1,0,0.6667,1.0
GOPR0572_frame_000684_overexposure1,2,2,4,0,0.3333,1.0
GOPR0572_frame_000684_overexposure2,2,2,4,0,0.3333,1.0
GOPR0572_frame_000688_ref,2,2,2,0,0.5,1.0
GOPR0572_frame_000688_rain1,2,1,2,1,0.3333,0.5
GOPR0572_frame_000688_rain2,2,0,1,2,0.0,0.0
GOPR0572_frame_000688_rain3,2,0,0,2,0.0,0.0
GOPR0572_frame_000688_blur1,2,2,2,0,0.5,1.0
GOPR0572_frame_000688_blur2,2,2,2,0,0.5,1.0
GOPR0572_frame_000688_blur3,2,1,1,1,0.5,0.5
GOPR0572_frame_000688_blur4,2,1,1,1,0.5,0.5
GOPR0572_frame_000688_noise1,2,2,2,0,0.5,1.0
GOPR0572_frame_000688_noise2,2,1,1,1,0.5,0.5
GOPR0572_frame_000688_noise3,2,0,0,2,0.0,0.0
GOPR0572_frame_000688_dark1,2,2,2,0,0.5,1.0
GOPR0572_frame_000688_dark2,2,1,3,1,0.25,0.5
GOPR0572_frame_000688_overexposure1,2,2,2,0,0.5,1.0
GOPR0572_frame_000688_overexposure2,2,1,2,1,0.3333,0.5
GOPR0572_frame_000692_ref,1,1,2,0,0.3333,1.0
GOPR0572_frame_000692_rain1,1,1,2,0,0.3333,1.0
GOPR0572_frame_000692_rain2,1,1,2,0,0.3333,1.0
GOPR0572_frame_000692_rain3,1,1,1,0,0.5,1.0
GOPR0572_frame_000692_blur1,1,1,2,0,0.3333,1.0
GOPR0572_frame_000692_blur2,1,1,1,0,0.5,1.0
GOPR0572_frame_000692_blur3,1,1,2,0,0.3333,1.0
GOPR0572_frame_000692_blur4,1,0,0,1,0.0,0.0
GOPR0572_frame_000692_noise1,1,1,2,0,0.3333,1.0
GOPR0572_frame_000692_noise2,1,1,1,0,0.5,1.0
GOPR0572_frame_000692_noise3,1,1,0,0,1.0,1.0
GOPR0572_frame_000692_dark1,1,1,2,0,0.3333,1.0
GOPR0572_frame_000692_dark2,1,1,2,0,0.3333,1.0
GOPR0572_frame_000692_overexposure1,1,1,4,0,0.2,1.0
GOPR0572_frame_000692_overexposure2,1,1,1,0,0.5,1.0
GOPR0572_frame_000700_ref,2,2,3,0,0.4,1.0
GOPR0572_frame_000700_rain1,2,2,2,0,0.5,1.0
GOPR0572_frame_000700_rain2,2,2,2,0,0.5,1.0
GOPR0572_frame_000700_rain3,2,0,0,2,0.0,0.0
GOPR0572_frame_000700_blur1,2,2,3,0,0.4,1.0
GOPR0572_frame_000700_blur2,2,2,1,0,0.6667,1.0
GOPR0572_frame_000700_blur3,2,1,0,1,1.0,0.5
GOPR0572_frame_000700_blur4,2,1,0,1,1.0,0.5
GOPR0572_frame_000700_noise1,2,2,4,0,0.3333,1.0
GOPR0572_frame_000700_noise2,2,2,1,0,0.6667,1.0
GOPR0572_frame_000700_noise3,2,1,1,1,0.5,0.5
GOPR0572_frame_000700_dark1,2,2,3,0,0.4,1.0
GOPR0572_frame_000700_dark2,2,2,3,0,0.4,1.0
GOPR0572_frame_000700_overexposure1,2,2,1,0,0.6667,1.0
GOPR0572_frame_000700_overexposure2,2,1,1,1,0.5,0.5
GOPR0572_frame_000724_ref,0,0,1,0,0.0,
GOPR0572_frame_000724_rain1,0,0,1,0,0.0,
GOPR0572_frame_000724_rain2,0,0,1,0,0.0,
GOPR0572_frame_000724_rain3,0,0,0,0,0.0,
GOPR0572_frame_000724_blur1,0,0,1,0,0.0,
GOPR0572_frame_000724_blur2,0,0,1,0,0.0,
GOPR0572_frame_000724_blur3,0,0,1,0,0.0,
GOPR0572_frame_000724_blur4,0,0,0,0,0.0,
GOPR0572_frame_000724_noise1,0,0,1,0,0.0,
GOPR0572_frame_000724_noise2,0,0,0,0,0.0,
GOPR0572_frame_000724_noise3,0,0,0,0,0.0,
GOPR0572_frame_000724_dark1,0,0,1,0,0.0,
GOPR0572_frame_000724_dark2,0,0,1,0,0.0,
GOPR0572_frame_000724_overexposure1,0,0,1,0,0.0,
GOPR0572_frame_000724_overexposure2,0,0,1,0,0.0,
GOPR0572_frame_000728_ref,5,4,1,1,0.8,0.8
GOPR0572_frame_000728_rain1,5,3,2,2,0.6,0.6
GOPR0572_frame_000728_rain2,5,2,1,3,0.6667,0.4
GOPR0572_frame_000728_rain3,5,0,0,5,0.0,0.0
GOPR0572_frame_000728_blur1,5,2,1,3,0.6667,0.4
GOPR0572_frame_000728_blur2,5,2,1,3,0.6667,0.4
GOPR0572_frame_000728_blur3,5,0,0,5,0.0,0.0
GOPR0572_frame_000728_blur4,5,0,0,5,0.0,0.0
GOPR0572_frame_000728_noise1,5,3,3,2,0.5,0.6
GOPR0572_frame_000728_noise2,5,2,2,3,0.5,0.4
GOPR0572_frame_000728_noise3,5,1,0,4,1.0,0.2
GOPR0572_frame_000728_dark1,5,2,1,3,0.6667,0.4
GOPR0572_frame_000728_dark2,5,2,1,3,0.6667,0.4
GOPR0572_frame_000728_overexposure1,5,4,2,1,0.6667,0.8
GOPR0572_frame_000728_overexposure2,5,4,2,1,0.6667,0.8
GOPR0572_frame_000873_ref,1,0,1,1,0.0,0.0
GOPR0572_frame_000873_rain1,1,0,0,1,0.0,0.0
GOPR0572_frame_000873_rain2,1,0,0,1,0.0,0.0
GOPR0572_frame_000873_rain3,1,0,0,1,0.0,0.0
GOPR0572_frame_000873_blur1,1,0,2,1,0.0,0.0
GOPR0572_frame_000873_blur2,1,0,1,1,0.0,0.0
GOPR0572_frame_000873_blur3,1,0,0,1,0.0,0.0
GOPR0572_frame_000873_blur4,1,0,0,1,0.0,0.0
GOPR0572_frame_000873_noise1,1,0,2,1,0.0,0.0
GOPR0572_frame_000873_noise2,1,0,2,1,0.0,0.0
GOPR0572_frame_000873_noise3,1,0,0,1,0.0,0.0
GOPR0572_frame_000873_dark1,1,0,0,1,0.0,0.0
GOPR0572_frame_000873_dark2,1,0,0,1,0.0,0.0
GOPR0572_frame_000873_overexposure1,1,0,1,1,0.0,0.0
GOPR0572_frame_000873_overexposure2,1,0,0,1,0.0,0.0
GOPR0572_frame_000877_ref,2,2,6,0,0.25,1.0
GOPR0572_frame_000877_rain1,2,2,4,0,0.3333,1.0
GOPR0572_frame_000877_rain2,2,0,2,2,0.0,0.0
GOPR0572_frame_000877_rain3,2,0,0,2,0.0,0.0
GOPR0572_frame_000877_blur1,2,2,0,0,1.0,1.0
GOPR0572_frame_000877_blur2,2,1,1,1,0.5,0.5
GOPR0572_frame_000877_blur3,2,2,1,0,0.6667,1.0
GOPR0572_frame_000877_blur4,2,1,0,1,1.0,0.5
GOPR0572_frame_000877_noise1,2,2,4,0,0.3333,1.0
GOPR0572_frame_000877_noise2,2,2,1,0,0.6667,1.0
GOPR0572_frame_000877_noise3,2,1,0,1,1.0,0.5
GOPR0572_frame_000877_dark1,2,2,5,0,0.2857,1.0
GOPR0572_frame_000877_dark2,2,2,1,0,0.6667,1.0
GOPR0572_frame_000877_overexposure1,2,2,5,0,0.2857,1.0
GOPR0572_frame_000877_overexposure2,2,2,4,0,0.3333,1.0
GOPR0572_frame_000906_ref,0,0,0,0,0.0,
GOPR0572_frame_000906_rain1,0,0,0,0,0.0,
GOPR0572_frame_000906_rain2,0,0,0,0,0.0,
GOPR0572_frame_000906_rain3,0,0,0,0,0.0,
GOPR0572_frame_000906_blur1,0,0,0,0,0.0,
GOPR0572_frame_000906_blur2,0,0,0,0,0.0,
GOPR0572_frame_000906_blur3,0,0,0,0,0.0,
GOPR0572_frame_000906_blur4,0,0,0,0,0.0,
GOPR0572_frame_000906_noise1,0,0,0,0,0.0,
GOPR0572_frame_000906_noise2,0,0,0,0,0.0,
GOPR0572_frame_000906_noise3,0,0,0,0,0.0,
GOPR0572_frame_000906_dark1,0,0,0,0,0.0,
GOPR0572_frame_000906_dark2,0,0,0,0,0.0,
GOPR0572_frame_000906_overexposure1,0,0,0,0,0.0,
GOPR0572_frame_000906_overexposure2,0,0,0,0,0.0,
GOPR0572_frame_000915_ref,2,2,2,0,0.5,1.0
GOPR0572_frame_000915_rain1,2,2,0,0,1.0,1.0
GOPR0572_frame_000915_rain2,2,2,1,0,0.6667,1.0
GOPR0572_frame_000915_rain3,2,0,0,2,0.0,0.0
GOPR0572_frame_000915_blur1,2,2,2,0,0.5,1.0
GOPR0572_frame_000915_blur2,2,2,3,0,0.4,1.0
GOPR0572_frame_000915_blur3,2,2,2,0,0.5,1.0
GOPR0572_frame_000915_blur4,2,2,0,0,1.0,1.0
GOPR0572_frame_000915_noise1,2,2,1,0,0.6667,1.0
GOPR0572_frame_000915_noise2,2,2,0,0,1.0,1.0
GOPR0572_frame_000915_noise3,2,2,0,0,1.0,1.0
GOPR0572_frame_000915_dark1,2,2,1,0,0.6667,1.0
GOPR0572_frame_000915_dark2,2,2,1,0,0.6667,1.0
GOPR0572_frame_000915_overexposure1,2,2,0,0,1.0,1.0
GOPR0572_frame_000915_overexposure2,2,2,2,0,0.5,1.0
GOPR0572_frame_000920_ref,2,1,4,1,0.2,0.5
GOPR0572_frame_000920_rain1,2,1,3,1,0.25,0.5
GOPR0572_frame_000920_rain2,2,0,0,2,0.0,0.0
GOPR0572_frame_000920_rain3,2,0,0,2,0.0,0.0
GOPR0572_frame_000920_blur1,2,1,2,1,0.3333,0.5
GOPR0572_frame_000920_blur2,2,1,1,1,0.5,0.5
GOPR0572_frame_000920_blur3,2,0,0,2,0.0,0.0
GOPR0572_frame_000920_blur4,2,0,0,2,0.0,0.0
GOPR0572_frame_000920_noise1,2,1,3,1,0.25,0.5
GOPR0572_frame_000920_noise2,2,0,1,2,0.0,0.0
GOPR0572_frame_000920_noise3,2,0,1,2,0.0,0.0
GOPR0572_frame_000920_dark1,2,1,2,1,0.3333,0.5
GOPR0572_frame_000920_dark2,2,0,0,2,0.0,0.0
GOPR0572_frame_000920_overexposure1,2,1,4,1,0.2,0.5
GOPR0572_frame_000920_overexposure2,2,1,2,1,0.3333,0.5
GOPR0572_frame_000929_ref,2,2,6,0,0.25,1.0
GOPR0572_frame_000929_rain1,2,1,3,1,0.25,0.5
GOPR0572_frame_000929_rain2,2,0,2,2,0.0,0.0
GOPR0572_frame_000929_rain3,2,0,0,2,0.0,0.0
GOPR0572_frame_000929_blur1,2,1,3,1,0.25,0.5
GOPR0572_frame_000929_blur2,2,1,2,1,0.3333,0.5
GOPR0572_frame_000929_blur3,2,1,1,1,0.5,0.5
GOPR0572_frame_000929_blur4,2,0,0,2,0.0,0.0
GOPR0572_frame_000929_noise1,2,1,2,1,0.3333,0.5
GOPR0572_frame_000929_noise2,2,0,1,2,0.0,0.0
GOPR0572_frame_000929_noise3,2,0,1,2,0.0,0.0
GOPR0572_frame_000929_dark1,2,0,4,2,0.0,0.0
GOPR0572_frame_000929_dark2,2,0,2,2,0.0,0.0
GOPR0572_frame_000929_overexposure1,2,2,5,0,0.2857,1.0
GOPR0572_frame_000929_overexposure2,2,2,5,0,0.2857,1.0
GOPR0572_frame_000934_ref,0,0,8,0,0.0,
GOPR0572_frame_000934_rain1,0,0,5,0,0.0,
GOPR0572_frame_000934_rain2,0,0,0,0,0.0,
GOPR0572_frame_000934_rain3,0,0,0,0,0.0,
GOPR0572_frame_000934_blur1,0,0,5,0,0.0,
GOPR0572_frame_000934_blur2,0,0,1,0,0.0,
GOPR0572_frame_000934_blur3,0,0,0,0,0.0,
GOPR0572_frame_000934_blur4,0,0,0,0,0.0,
GOPR0572_frame_000934_noise1,0,0,7,0,0.0,
GOPR0572_frame_000934_noise2,0,0,1,0,0.0,
GOPR0572_frame_000934_noise3,0,0,0,0,0.0,
GOPR0572_frame_000934_dark1,0,0,9,0,0.0,
GOPR0572_frame_000934_dark2,0,0,3,0,0.0,
GOPR0572_frame_000934_overexposure1,0,0,5,0,0.0,
GOPR0572_frame_000934_overexposure2,0,0,4,0,0.0,
GOPR0572_frame_000939_ref,8,7,8,1,0.4667,0.875
GOPR0572_frame_000939_rain1,8,6,8,2,0.4286,0.75
GOPR0572_frame_000939_rain2,8,4,2,4,0.6667,0.5
GOPR0572_frame_000939_rain3,8,0,0,8,0.0,0.0
GOPR0572_frame_000939_blur1,8,6,4,2,0.6,0.75
GOPR0572_frame_000939_blur2,8,5,7,3,0.4167,0.625
GOPR0572_frame_000939_blur3,8,4,4,4,0.5,0.5
GOPR0572_frame_000939_blur4,8,1,0,7,1.0,0.125
GOPR0572_frame_000939_noise1,8,7,6,1,0.5385,0.875
GOPR0572_frame_000939_noise2,8,6,5,2,0.5455,0.75
GOPR0572_frame_000939_noise3,8,0,0,8,0.0,0.0
GOPR0572_frame_000939_dark1,8,7,6,1,0.5385,0.875
GOPR0572_frame_000939_dark2,8,7,3,1,0.7,0.875
GOPR0572_frame_000939_overexposure1,8,7,7,1,0.5,0.875
GOPR0572_frame_000939_overexposure2,8,7,8,1,0.4667,0.875
GOPR0572_frame_000944_ref,5,5,8,0,0.3846,1.0
GOPR0572_frame_000944_rain1,5,5,8,0,0.3846,1.0
GOPR0572_frame_000944_rain2,5,2,3,3,0.4,0.4
GOPR0572_frame_000944_rain3,5,0,0,5,0.0,0.0
GOPR0572_frame_000944_blur1,5,5,8,0,0.3846,1.0
GOPR0572_frame_000944_blur2,5,5,2,0,0.7143,1.0
GOPR0572_frame_000944_blur3,5,5,1,0,0.8333,1.0
GOPR0572_frame_000944_blur4,5,1,1,4,0.5,0.2
GOPR0572_frame_000944_noise1,5,5,6,0,0.4545,1.0
GOPR0572_frame_000944_noise2,5,5,2,0,0.7143,1.0
GOPR0572_frame_000944_noise3,5,0,0,5,0.0,0.0
GOPR0572_frame_000944_dark1,5,5,5,0,0.5,1.0
GOPR0572_frame_000944_dark2,5,5,0,0,1.0,1.0
GOPR0572_frame_000944_overexposure1,5,5,7,0,0.4167,1.0
GOPR0572_frame_000944_overexposure2,5,5,5,0,0.5,1.0
GOPR0572_frame_000956_ref,2,2,1,0,0.6667,1.0
GOPR0572_frame_000956_rain1,2,2,0,0,1.0,1.0
GOPR0572_frame_000956_rain2,2,1,0,1,1.0,0.5
GOPR0572_frame_000956_rain3,2,1,0,1,1.0,0.5
GOPR0572_frame_000956_blur1,2,2,0,0,1.0,1.0
GOPR0572_frame_000956_blur2,2,1,0,1,1.0,0.5
GOPR0572_frame_000956_blur3,2,1,0,1,1.0,0.5
GOPR0572_frame_000956_blur4,2,0,0,2,0.0,0.0
GOPR0572_frame_000956_noise1,2,1,0,1,1.0,0.5
GOPR0572_frame_000956_noise2,2,1,0,1,1.0,0.5
GOPR0572_frame_000956_noise3,2,0,0,2,0.0,0.0
GOPR0572_frame_000956_dark1,2,2,0,0,1.0,1.0
GOPR0572_frame_000956_dark2,2,1,0,1,1.0,0.5
GOPR0572_frame_000956_overexposure1,2,2,2,0,0.5,1.0
GOPR0572_frame_000956_overexposure2,2,2,2,0,0.5,1.0
GOPR0572_frame_000966_ref,7,7,1,0,0.875,1.0
GOPR0572_frame_000966_rain1,7,7,1,0,0.875,1.0
GOPR0572_frame_000966_rain2,7,5,1,2,0.8333,0.7143
GOPR0572_frame_000966_rain3,7,1,0,6,1.0,0.1429
GOPR0572_frame_000966_blur1,7,7,0,0,1.0,1.0
GOPR0572_frame_000966_blur2,7,6,1,1,0.8571,0.8571
GOPR0572_frame_000966_blur3,7,5,1,2,0.8333,0.7143
GOPR0572_frame_000966_blur4,7,2,0,5,1.0,0.2857
GOPR0572_frame_000966_noise1,7,7,3,0,0.7,1.0
GOPR0572_frame_000966_noise2,7,4,2,3,0.6667,0.5714
GOPR0572_frame_000966_noise3,7,0,0,7,0.0,0.0
GOPR0572_frame_000966_dark1,7,7,0,0,1.0,1.0
GOPR0572_frame_000966_dark2,7,4,0,3,1.0,0.5714
GOPR0572_frame_000966_overexposure1,7,7,0,0,1.0,1.0
GOPR0572_frame_000966_overexposure2,7,7,1,0,0.875,1.0
GOPR0572_frame_000971_ref,3,3,1,0,0.75,1.0
GOPR0572_frame_000971_rain1,3,2,2,1,0.5,0.6667
GOPR0572_frame_000971_rain2,3,2,0,1,1.0,0.6667
GOPR0572_frame_000971_rain3,3,1,0,2,1.0,0.3333
GOPR0572_frame_000971_blur1,3,2,0,1,1.0,0.6667
GOPR0572_frame_000971_blur2,3,2,1,1,0.6667,0.6667
GOPR0572_frame_000971_blur3,3,1,0,2,1.0,0.3333
GOPR0572_frame_000971_blur4,3,0,0,3,0.0,0.0
GOPR0572_frame_000971_noise1,3,2,0,1,1.0,0.6667
GOPR0572_frame_000971_noise2,3,2,1,1,0.6667,0.6667
GOPR0572_frame_000971_noise3,3,0,0,3,0.0,0.0
GOPR0572_frame_000971_dark1,3,2,0,1,1.0,0.6667
GOPR0572_frame_000971_dark2,3,2,0,1,1.0,0.6667
GOPR0572_frame_000971_overexposure1,3,3,1,0,0.75,1.0
GOPR0572_frame_000971_overexposure2,3,3,2,0,0.6,1.0
GOPR0572_frame_000985_ref,3,2,1,1,0.6667,0.6667
GOPR0572_frame_000985_rain1,3,2,1,1,0.6667,0.6667
GOPR0572_frame_000985_rain2,3,2,1,1,0.6667,0.6667
GOPR0572_frame_000985_rain3,3,0,0,3,0.0,0.0
GOPR0572_frame_000985_blur1,3,2,2,1,0.5,0.6667
GOPR0572_frame_000985_blur2,3,2,0,1,1.0,0.6667
GOPR0572_frame_000985_blur3,3,1,1,2,0.5,0.3333
GOPR0572_frame_000985_blur4,3,1,0,2,1.0,0.3333
GOPR0572_frame_000985_noise1,3,2,1,1,0.6667,0.6667
GOPR0572_frame_000985_noise2,3,1,0,2,1.0,0.3333
GOPR0572_frame_000985_noise3,3,1,0,2,1.0,0.3333
GOPR0572_frame_000985_dark1,3,2,0,1,1.0,0.6667
GOPR0572_frame_000985_dark2,3,1,0,2,1.0,0.3333
GOPR0572_frame_000985_overexposure1,3,1,1,2,0.5,0.3333
GOPR0572_frame_000985_overexposure2,3,1,1,2,0.5,0.3333
GOPR0572_frame_000990_ref,4,4,0,0,1.0,1.0
GOPR0572_frame_000990_rain1,4,4,0,0,1.0,1.0
GOPR0572_frame_000990_rain2,4,3,0,1,1.0,0.75
GOPR0572_frame_000990_rain3,4,0,0,4,0.0,0.0
GOPR0572_frame_000990_blur1,4,4,0,0,1.0,1.0
GOPR0572_frame_000990_blur2,4,4,1,0,0.8,1.0
GOPR0572_frame_000990_blur3,4,3,1,1,0.75,0.75
GOPR0572_frame_000990_blur4,4,2,2,2,0.5,0.5
GOPR0572_frame_000990_noise1,4,4,1,0,0.8,1.0
GOPR0572_frame_000990_noise2,4,3,3,1,0.5,0.75
GOPR0572_frame_000990_noise3,4,1,3,3,0.25,0.25
GOPR0572_frame_000990_dark1,4,4,0,0,1.0,1.0
GOPR0572_frame_000990_dark2,4,3,1,1,0.75,0.75
GOPR0572_frame_000990_overexposure1,4,4,1,0,0.8,1.0
GOPR0572_frame_000990_overexposure2,4,4,1,0,0.8,1.0
GOPR0572_frame_000995_ref,8,7,6,1,0.5385,0.875
GOPR0572_frame_000995_rain1,8,7,9,1,0.4375,0.875
GOPR0572_frame_000995_rain2,8,3,3,5,0.5,0.375
GOPR0572_frame_000995_rain3,8,2,0,6,1.0,0.25
GOPR0572_frame_000995_blur1,8,7,5,1,0.5833,0.875
GOPR0572_frame_000995_blur2,8,4,3,4,0.5714,0.5
GOPR0572_frame_000995_blur3,8,2,2,6,0.5,0.25
GOPR0572_frame_000995_blur4,8,1,0,7,1.0,0.125
GOPR0572_frame_000995_noise1,8,7,7,1,0.5,0.875
GOPR0572_frame_000995_noise2,8,3,1,5,0.75,0.375
GOPR0572_frame_000995_noise3,8,1,0,7,1.0,0.125
GOPR0572_frame_000995_dark1,8,6,6,2,0.5,0.75
GOPR0572_frame_000995_dark2,8,2,1,6,0.6667,0.25
GOPR0572_frame_000995_overexposure1,8,7,5,1,0.5833,0.875
GOPR0572_frame_000995_overexposure2,8,5,7,3,0.4167,0.625
GOPR0572_frame_001015_ref,1,1,2,0,0.3333,1.0
GOPR0572_frame_001015_rain1,1,1,1,0,0.5,1.0
GOPR0572_frame_001015_rain2,1,0,0,1,0.0,0.0
GOPR0572_frame_001015_rain3,1,0,0,1,0.0,0.0
GOPR0572_frame_001015_blur1,1,1,1,0,0.5,1.0
GOPR0572_frame_001015_blur2,1,1,1,0,0.5,1.0
GOPR0572_frame_001015_blur3,1,0,0,1,0.0,0.0
GOPR0572_frame_001015_blur4,1,0,0,1,0.0,0.0
GOPR0572_frame_001015_noise1,1,1,0,0,1.0,1.0
GOPR0572_frame_001015_noise2,1,0,0,1,0.0,0.0
GOPR0572_frame_001015_noise3,1,0,0,1,0.0,0.0
GOPR0572_frame_001015_dark1,1,1,0,0,1.0,1.0
GOPR0572_frame_001015_dark2,1,0,0,1,0.0,0.0
GOPR0572_frame_001015_overexposure1,1,1,2,0,0.3333,1.0
GOPR0572_frame_001015_overexposure2,1,1,2,0,0.3333,1.0
GOPR0572_frame_001028_ref,3,3,5,0,0.375,1.0
GOPR0572_frame_001028_rain1,3,3,4,0,0.4286,1.0
GOPR0572_frame_001028_rain2,3,2,1,1,0.6667,0.6667
GOPR0572_frame_001028_rain3,3,0,0,3,0.0,0.0
GOPR0572_frame_001028_blur1,3,3,4,0,0.4286,1.0
GOPR0572_frame_001028_blur2,3,3,1,0,0.75,1.0
GOPR0572_frame_001028_blur3,3,2,1,1,0.6667,0.6667
GOPR0572_frame_001028_blur4,3,0,0,3,0.0,0.0
GOPR0572_frame_001028_noise1,3,2,4,1,0.3333,0.6667
GOPR0572_frame_001028_noise2,3,1,1,2,0.5,0.3333
GOPR0572_frame_001028_noise3,3,0,2,3,0.0,0.0
GOPR0572_frame_001028_dark1,3,2,2,1,0.5,0.6667
GOPR0572_frame_001028_dark2,3,0,1,3,0.0,0.0
GOPR0572_frame_001028_overexposure1,3,3,5,0,0.375,1.0
GOPR0572_frame_001028_overexposure2,3,3,3,0,0.5,1.0
GOPR0572_frame_001035_ref,3,3,8,0,0.2727,1.0
GOPR0572_frame_001035_rain1,3,3,7,0,0.3,1.0
GOPR0572_frame_001035_rain2,3,1,1,2,0.5,0.3333
GOPR0572_frame_001035_rain3,3,0,1,3,0.0,0.0
GOPR0572_frame_001035_blur1,3,1,7,2,0.125,0.3333
GOPR0572_frame_001035_blur2,3,1,4,2,0.2,0.3333
GOPR0572_frame_001035_blur3,3,0,2,3,0.0,0.0
GOPR0572_frame_001035_blur4,3,0,1,3,0.0,0.0
GOPR0572_frame_001035_noise1,3,2,8,1,0.2,0.6667
GOPR0572_frame_001035_noise2,3,0,5,3,0.0,0.0
GOPR0572_frame_001035_noise3,3,0,1,3,0.0,0.0
GOPR0572_frame_001035_dark1,3,1,7,2,0.125,0.3333
GOPR0572_frame_001035_dark2,3,1,4,2,0.2,0.3333
GOPR0572_frame_001035_overexposure1,3,2,8,1,0.2,0.6667
GOPR0572_frame_001035_overexposure2,3,2,6,1,0.25,0.6667
GOPR0573_frame_000180_ref,5,5,3,0,0.625,1.0
GOPR0573_frame_000180_rain1,5,5,5,0,0.5,1.0
GOPR0573_frame_000180_rain2,5,3,2,2,0.6,0.6
GOPR0573_frame_000180_rain3,5,0,0,5,0.0,0.0
GOPR0573_frame_000180_blur1,5,4,2,1,0.6667,0.8
GOPR0573_frame_000180_blur2,5,2,2,3,0.5,0.4
GOPR0573_frame_000180_blur3,5,2,1,3,0.6667,0.4
GOPR0573_frame_000180_blur4,5,0,0,5,0.0,0.0
GOPR0573_frame_000180_noise1,5,5,4,0,0.5556,1.0
GOPR0573_frame_000180_noise2,5,2,3,3,0.4,0.4
GOPR0573_frame_000180_noise3,5,0,0,5,0.0,0.0
GOPR0573_frame_000180_dark1,5,5,6,0,0.4545,1.0
GOPR0573_frame_000180_dark2,5,3,4,2,0.4286,0.6
GOPR0573_frame_000180_overexposure1,5,5,3,0,0.625,1.0
GOPR0573_frame_000180_overexposure2,5,5,4,0,0.5556,1.0
GOPR0573_frame_000236_ref,7,7,10,0,0.4118,1.0
GOPR0573_frame_000236_rain1,7,7,8,0,0.4667,1.0
GOPR0573_frame_000236_rain2,7,3,0,4,1.0,0.4286
GOPR0573_frame_000236_rain3,7,0,0,7,0.0,0.0
GOPR0573_frame_000236_blur1,7,6,9,1,0.4,0.8571
GOPR0573_frame_000236_blur2,7,5,7,2,0.4167,0.7143
GOPR0573_frame_000236_blur3,7,2,2,5,0.5,0.2857
GOPR0573_frame_000236_blur4,7,0,0,7,0.0,0.0
GOPR0573_frame_000236_noise1,7,7,9,0,0.4375,1.0
GOPR0573_frame_000236_noise2,7,6,8,1,0.4286,0.8571
GOPR0573_frame_000236_noise3,7,1,0,6,1.0,0.1429
GOPR0573_frame_000236_dark1,7,7,15,0,0.3182,1.0
GOPR0573_frame_000236_dark2,7,6,8,1,0.4286,0.8571
GOPR0573_frame_000236_overexposure1,7,7,12,0,0.3684,1.0
GOPR0573_frame_000236_overexposure2,7,7,12,0,0.3684,1.0
GOPR0573_frame_000246_ref,12,9,4,3,0.6923,0.75
GOPR0573_frame_000246_rain1,12,10,4,2,0.7143,0.8333
GOPR0573_frame_000246_rain2,12,7,1,5,0.875,0.5833
GOPR0573_frame_000246_rain3,12,5,1,7,0.8333,0.4167
GOPR0573_frame_000246_blur1,12,8,3,4,0.7273,0.6667
GOPR0573_frame_000246_blur2,12,8,1,4,0.8889,0.6667
GOPR0573_frame_000246_blur3,12,6,2,6,0.75,0.5
GOPR0573_frame_000246_blur4,12,2,0,10,1.0,0.1667
GOPR0573_frame_000246_noise1,12,7,4,5,0.6364,0.5833
GOPR0573_frame_000246_noise2,12,6,3,6,0.6667,0.5
GOPR0573_frame_000246_noise3,12,2,0,10,1.0,0.1667
GOPR0573_frame_000246_dark1,12,8,4,4,0.6667,0.6667
GOPR0573_frame_000246_dark2,12,7,4,5,0.6364,0.5833
GOPR0573_frame_000246_overexposure1,12,9,5,3,0.6429,0.75
GOPR0573_frame_000246_overexposure2,12,6,6,6,0.5,0.5
GOPR0573_frame_000253_ref,9,7,6,2,0.5385,0.7778
GOPR0573_frame_000253_rain1,9,7,2,2,0.7778,0.7778
GOPR0573_frame_000253_rain2,9,6,4,3,0.6,0.6667
GOPR0573_frame_000253_rain3,9,1,0,8,1.0,0.1111
GOPR0573_frame_000253_blur1,9,7,2,2,0.7778,0.7778
GOPR0573_frame_000253_blur2,9,7,5,2,0.5833,0.7778
GOPR0573_frame_000253_blur3,9,6,0,3,1.0,0.6667
GOPR0573_frame_000253_blur4,9,3,1,6,0.75,0.3333
GOPR0573_frame_000253_noise1,9,7,2,2,0.7778,0.7778
GOPR0573_frame_000253_noise2,9,5,3,4,0.625,0.5556
GOPR0573_frame_000253_noise3,9,2,0,7,1.0,0.2222
GOPR0573_frame_000253_dark1,9,7,3,2,0.7,0.7778
GOPR0573_frame_000253_dark2,9,7,3,2,0.7,0.7778
GOPR0573_frame_000253_overexposure1,9,8,6,1,0.5714,0.8889
GOPR0573_frame_000253_overexposure2,9,5,7,4,0.4167,0.5556
GOPR0573_frame_000273_ref,11,11,3,0,0.7857,1.0
GOPR0573_frame_000273_rain1,11,9,5,2,0.6429,0.8182
GOPR0573_frame_000273_rain2,11,6,2,5,0.75,0.5455
GOPR0573_frame_000273_rain3,11,0,1,11,0.0,0.0
GOPR0573_frame_000273_blur1,11,10,1,1,0.9091,0.9091
GOPR0573_frame_000273_blur2,11,6,3,5,0.6667,0.5455
GOPR0573_frame_000273_blur3,11,3,3,8,0.5,0.2727
GOPR0573_frame_000273_blur4,11,1,1,10,0.5,0.0909
GOPR0573_frame_000273_noise1,11,8,3,3,0.7273,0.7273
GOPR0573_frame_000273_noise2,11,3,4,8,0.4286,0.2727
GOPR0573_frame_000273_noise3,11,1,0,10,1.0,0.0909
GOPR0573_frame_000273_dark1,11,9,3,2,0.75,0.8182
GOPR0573_frame_000273_dark2,11,6,2,5,0.75,0.5455
GOPR0573_frame_000273_overexposure1,11,11,7,0,0.6111,1.0
GOPR0573_frame_000273_overexposure2,11,10,6,1,0.625,0.9091
GOPR0573_frame_000291_ref,8,7,4,1,0.6364,0.875
GOPR0573_frame_000291_rain1,8,6,3,2,0.6667,0.75
GOPR0573_frame_000291_rain2,8,5,2,3,0.7143,0.625
GOPR0573_frame_000291_rain3,8,1,3,7,0.25,0.125
GOPR0573_frame_000291_blur1,8,7,3,1,0.7,0.875
GOPR0573_frame_000291_blur2,8,6,1,2,0.8571,0.75
GOPR0573_frame_000291_blur3,8,5,1,3,0.8333,0.625
GOPR0573_frame_000291_blur4,8,2,2,6,0.5,0.25
GOPR0573_frame_000291_noise1,8,7,1,1,0.875,0.875
GOPR0573_frame_000291_noise2,8,4,0,4,1.0,0.5
GOPR0573_frame_000291_noise3,8,2,2,6,0.5,0.25
GOPR0573_frame_000291_dark1,8,5,1,3,0.8333,0.625
GOPR0573_frame_000291_dark2,8,3,1,5,0.75,0.375
GOPR0573_frame_000291_overexposure1,8,7,4,1,0.6364,0.875
GOPR0573_frame_000291_overexposure2,8,7,5,1,0.5833,0.875
GOPR0573_frame_000300_ref,9,7,4,2,0.6364,0.7778
GOPR0573_frame_000300_rain1,9,7,3,2,0.7,0.7778
GOPR0573_frame_000300_rain2,9,6,2,3,0.75,0.6667
GOPR0573_frame_000300_rain3,9,2,1,7,0.6667,0.2222
GOPR0573_frame_000300_blur1,9,7,5,2,0.5833,0.7778
GOPR0573_frame_000300_blur2,9,5,1,4,0.8333,0.5556
GOPR0573_frame_000300_blur3,9,4,2,5,0.6667,0.4444
GOPR0573_frame_000300_blur4,9,1,0,8,1.0,0.1111
GOPR0573_frame_000300_noise1,9,8,3,1,0.7273,0.8889
GOPR0573_frame_000300_noise2,9,6,1,3,0.8571,0.6667
GOPR0573_frame_000300_noise3,9,3,0,6,1.0,0.3333
GOPR0573_frame_000300_dark1,9,7,3,2,0.7,0.7778
GOPR0573_frame_000300_dark2,9,7,3,2,0.7,0.7778
GOPR0573_frame_000300_overexposure1,9,7,9,2,0.4375,0.7778
GOPR0573_frame_000300_overexposure2,9,6,5,3,0.5455,0.6667
GOPR0573_frame_000310_ref,4,3,15,1,0.1667,0.75
GOPR0573_frame_000310_rain1,4,3,8,1,0.2727,0.75
GOPR0573_frame_000310_rain2,4,3,7,1,0.3,0.75
GOPR0573_frame_000310_rain3,4,0,0,4,0.0,0.0
GOPR0573_frame_000310_blur1,4,3,7,1,0.3,0.75
GOPR0573_frame_000310_blur2,4,3,3,1,0.5,0.75
GOPR0573_frame_000310_blur3,4,2,1,2,0.6667,0.5
GOPR0573_frame_000310_blur4,4,1,0,3,1.0,0.25
GOPR0573_frame_000310_noise1,4,3,6,1,0.3333,0.75
GOPR0573_frame_000310_noise2,4,3,1,1,0.75,0.75
GOPR0573_frame_000310_noise3,4,0,0,4,0.0,0.0
GOPR0573_frame_000310_dark1,4,3,11,1,0.2143,0.75
GOPR0573_frame_000310_dark2,4,3,3,1,0.5,0.75
GOPR0573_frame_000310_overexposure1,4,3,12,1,0.2,0.75
GOPR0573_frame_000310_overexposure2,4,3,13,1,0.1875,0.75
GOPR0573_frame_000330_ref,5,4,4,1,0.5,0.8
GOPR0573_frame_000330_rain1,5,4,4,1,0.5,0.8
GOPR0573_frame_000330_rain2,5,3,3,2,0.5,0.6
GOPR0573_frame_000330_rain3,5,0,0,5,0.0,0.0
GOPR0573_frame_000330_blur1,5,4,4,1,0.5,0.8
GOPR0573_frame_000330_blur2,5,4,3,1,0.5714,0.8
GOPR0573_frame_000330_blur3,5,3,2,2,0.6,0.6
GOPR0573_frame_000330_blur4,5,1,0,4,1.0,0.2
GOPR0573_frame_000330_noise1,5,4,3,1,0.5714,0.8
GOPR0573_frame_000330_noise2,5,3,3,2,0.5,0.6
GOPR0573_frame_000330_noise3,5,1,0,4,1.0,0.2
GOPR0573_frame_000330_dark1,5,4,3,1,0.5714,0.8
GOPR0573_frame_000330_dark2,5,4,2,1,0.6667,0.8
GOPR0573_frame_000330_overexposure1,5,4,3,1,0.5714,0.8
GOPR0573_frame_000330_overexposure2,5,4,3,1,0.5714,0.8
GOPR0573_frame_000348_ref,9,7,2,2,0.7778,0.7778
GOPR0573_frame_000348_rain1,9,6,5,3,0.5455,0.6667
GOPR0573_frame_000348_rain2,9,5,2,4,0.7143,0.5556
GOPR0573_frame_000348_rain3,9,2,0,7,1.0,0.2222
GOPR0573_frame_000348_blur1,9,6,2,3,0.75,0.6667
GOPR0573_frame_000348_blur2,9,6,4,3,0.6,0.6667
GOPR0573_frame_000348_blur3,9,5,0,4,1.0,0.5556
GOPR0573_frame_000348_blur4,9,1,0,8,1.0,0.1111
GOPR0573_frame_000348_noise1,9,6,5,3,0.5455,0.6667
GOPR0573_frame_000348_noise2,9,5,5,4,0.5,0.5556
GOPR0573_frame_000348_noise3,9,5,0,4,1.0,0.5556
GOPR0573_frame_000348_dark1,9,7,4,2,0.6364,0.7778
GOPR0573_frame_000348_dark2,9,5,3,4,0.625,0.5556
GOPR0573_frame_000348_overexposure1,9,6,2,3,0.75,0.6667
GOPR0573_frame_000348_overexposure2,9,7,3,2,0.7,0.7778
GOPR0573_frame_000355_ref,4,3,1,1,0.75,0.75
GOPR0573_frame_000355_rain1,4,3,0,1,1.0,0.75
GOPR0573_frame_000355_rain2,4,2,1,2,0.6667,0.5
GOPR0573_frame_000355_rain3,4,2,1,2,0.6667,0.5
GOPR0573_frame_000355_blur1,4,3,0,1,1.0,0.75
GOPR0573_frame_000355_blur2,4,3,0,1,1.0,0.75
GOPR0573_frame_000355_blur3,4,2,0,2,1.0,0.5
GOPR0573_frame_000355_blur4,4,0,0,4,0.0,0.0
GOPR0573_frame_000355_noise1,4,3,1,1,0.75,0.75
GOPR0573_frame_000355_noise2,4,2,0,2,1.0,0.5
GOPR0573_frame_000355_noise3,4,1,0,3,1.0,0.25
GOPR0573_frame_000355_dark1,4,4,0,0,1.0,1.0
GOPR0573_frame_000355_dark2,4,3,0,1,1.0,0.75
GOPR0573_frame_000355_overexposure1,4,3,1,1,0.75,0.75
GOPR0573_frame_000355_overexposure2,4,2,0,2,1.0,0.5
GOPR0573_frame_000361_ref,2,2,1,0,0.6667,1.0
GOPR0573_frame_000361_rain1,2,2,1,0,0.6667,1.0
GOPR0573_frame_000361_rain2,2,2,0,0,1.0,1.0
GOPR0573_frame_000361_rain3,2,0,0,2,0.0,0.0
GOPR0573_frame_000361_blur1,2,2,1,0,0.6667,1.0
GOPR0573_frame_000361_blur2,2,2,2,0,0.5,1.0
GOPR0573_frame_000361_blur3,2,2,0,0,1.0,1.0
GOPR0573_frame_000361_blur4,2,1,0,1,1.0,0.5
GOPR0573_frame_000361_noise1,2,2,1,0,0.6667,1.0
GOPR0573_frame_000361_noise2,2,2,1,0,0.6667,1.0
GOPR0573_frame_000361_noise3,2,0,0,2,0.0,0.0
GOPR0573_frame_000361_dark1,2,2,1,0,0.6667,1.0
GOPR0573_frame_000361_dark2,2,2,0,0,1.0,1.0
GOPR0573_frame_000361_overexposure1,2,2,2,0,0.5,1.0
GOPR0573_frame_000361_overexposure2,2,2,2,0,0.5,1.0
GOPR0573_frame_000366_ref,2,2,2,0,0.5,1.0
GOPR0573_frame_000366_rain1,2,2,2,0,0.5,1.0
GOPR0573_frame_000366_rain2,2,2,2,0,0.5,1.0
GOPR0573_frame_000366_rain3,2,1,1,1,0.5,0.5
GOPR0573_frame_000366_blur1,2,2,1,0,0.6667,1.0
GOPR0573_frame_000366_blur2,2,2,4,0,0.3333,1.0
GOPR0573_frame_000366_blur3,2,2,1,0,0.6667,1.0
GOPR0573_frame_000366_blur4,2,0,1,2,0.0,0.0
GOPR0573_frame_000366_noise1,2,2,2,0,0.5,1.0
GOPR0573_frame_000366_noise2,2,2,2,0,0.5,1.0
GOPR0573_frame_000366_noise3,2,1,1,1,0.5,0.5
GOPR0573_frame_000366_dark1,2,2,1,0,0.6667,1.0
GOPR0573_frame_000366_dark2,2,2,3,0,0.4,1.0
GOPR0573_frame_000366_overexposure1,2,2,1,0,0.6667,1.0
GOPR0573_frame_000366_overexposure2,2,2,1,0,0.6667,1.0
GOPR0573_frame_000371_ref,6,6,5,0,0.5455,1.0
GOPR0573_frame_000371_rain1,6,6,2,0,0.75,1.0
GOPR0573_frame_000371_rain2,6,5,3,1,0.625,0.8333
GOPR0573_frame_000371_rain3,6,1,0,5,1.0,0.1667
GOPR0573_frame_000371_blur1,6,6,4,0,0.6,1.0
GOPR0573_frame_000371_blur2,6,5,1,1,0.8333,0.8333
GOPR0573_frame_000371_blur3,6,3,2,3,0.6,0.5
GOPR0573_frame_000371_blur4,6,2,1,4,0.6667,0.3333
GOPR0573_frame_000371_noise1,6,5,2,1,0.7143,0.8333
GOPR0573_frame_000371_noise2,6,3,2,3,0.6,0.5
GOPR0573_frame_000371_noise3,6,2,2,4,0.5,0.3333
GOPR0573_frame_000371_dark1,6,5,5,1,0.5,0.8333
GOPR0573_frame_000371_dark2,6,3,2,3,0.6,0.5
GOPR0573_frame_000371_overexposure1,6,5,3,1,0.625,0.8333
GOPR0573_frame_000371_overexposure2,6,6,5,0,0.5455,1.0
GOPR0573_frame_000378_ref,6,6,2,0,0.75,1.0
GOPR0573_frame_000378_rain1,6,6,2,0,0.75,1.0
GOPR0573_frame_000378_rain2,6,6,4,0,0.6,1.0
GOPR0573_frame_000378_rain3,6,1,1,5,0.5,0.1667
GOPR0573_frame_000378_blur1,6,6,2,0,0.75,1.0
GOPR0573_frame_000378_blur2,6,6,1,0,0.8571,1.0
GOPR0573_frame_000378_blur3,6,6,0,0,1.0,1.0
GOPR0573_frame_000378_blur4,6,3,1,3,0.75,0.5
GOPR0573_frame_000378_noise1,6,6,2,0,0.75,1.0
GOPR0573_frame_000378_noise2,6,6,0,0,1.0,1.0
GOPR0573_frame_000378_noise3,6,4,0,2,1.0,0.6667
GOPR0573_frame_000378_dark1,6,6,2,0,0.75,1.0
GOPR0573_frame_000378_dark2,6,6,2,0,0.75,1.0
GOPR0573_frame_000378_overexposure1,6,6,4,0,0.6,1.0
GOPR0573_frame_000378_overexposure2,6,6,4,0,0.6,1.0
GOPR0573_frame_000398_ref,6,6,4,0,0.6,1.0
GOPR0573_frame_000398_rain1,6,6,3,0,0.6667,1.0
GOPR0573_frame_000398_rain2,6,5,3,1,0.625,0.8333
GOPR0573_frame_000398_rain3,6,4,0,2,1.0,0.6667
GOPR0573_frame_000398_blur1,6,5,3,1,0.625,0.8333
GOPR0573_frame_000398_blur2,6,5,2,1,0.7143,0.8333
GOPR0573_frame_000398_blur3,6,5,2,1,0.7143,0.8333
GOPR0573_frame_000398_blur4,6,3,0,3,1.0,0.5
GOPR0573_frame_000398_noise1,6,5,3,1,0.625,0.8333
GOPR0573_frame_000398_noise2,6,5,1,1,0.8333,0.8333
GOPR0573_frame_000398_noise3,6,3,0,3,1.0,0.5
GOPR0573_frame_000398_dark1,6,6,2,0,0.75,1.0
GOPR0573_frame_000398_dark2,6,5,2,1,0.7143,0.8333
GOPR0573_frame_000398_overexposure1,6,5,4,1,0.5556,0.8333
GOPR0573_frame_000398_overexposure2,6,5,2,1,0.7143,0.8333
GOPR0573_frame_000405_ref,4,4,4,0,0.5,1.0
GOPR0573_frame_000405_rain1,4,4,5,0,0.4444,1.0
GOPR0573_frame_000405_rain2,4,2,2,2,0.5,0.5
GOPR0573_frame_000405_rain3,4,1,0,3,1.0,0.25
GOPR0573_frame_000405_blur1,4,4,2,0,0.6667,1.0
GOPR0573_frame_000405_blur2,4,3,1,1,0.75,0.75
GOPR0573_frame_000405_blur3,4,3,0,1,1.0,0.75
GOPR0573_frame_000405_blur4,4,1,0,3,1.0,0.25
GOPR0573_frame_000405_noise1,4,4,2,0,0.6667,1.0
GOPR0573_frame_000405_noise2,4,3,3,1,0.5,0.75
GOPR0573_frame_000405_noise3,4,3,0,1,1.0,0.75
GOPR0573_frame_000405_dark1,4,3,4,1,0.4286,0.75
GOPR0573_frame_000405_dark2,4,3,2,1,0.6,0.75
GOPR0573_frame_000405_overexposure1,4,4,5,0,0.4444,1.0
GOPR0573_frame_000405_overexposure2,4,4,3,0,0.5714,1.0
GOPR0573_frame_000412_ref,7,7,1,0,0.875,1.0
GOPR0573_frame_000412_rain1,7,7,0,0,1.0,1.0
GOPR0573_frame_000412_rain2,7,7,1,0,0.875,1.0
GOPR0573_frame_000412_rain3,7,1,0,6,1.0,0.1429
GOPR0573_frame_000412_blur1,7,7,0,0,1.0,1.0
GOPR0573_frame_000412_blur2,7,7,0,0,1.0,1.0
GOPR0573_frame_000412_blur3,7,5,0,2,1.0,0.7143
GOPR0573_frame_000412_blur4,7,2,1,5,0.6667,0.2857
GOPR0573_frame_000412_noise1,7,7,2,0,0.7778,1.0
GOPR0573_frame_000412_noise2,7,6,3,1,0.6667,0.8571
GOPR0573_frame_000412_noise3,7,2,0,5,1.0,0.2857
GOPR0573_frame_000412_dark1,7,7,1,0,0.875,1.0
GOPR0573_frame_000412_dark2,7,6,0,1,1.0,0.8571
GOPR0573_frame_000412_overexposure1,7,7,1,0,0.875,1.0
GOPR0573_frame_000412_overexposure2,7,7,1,0,0.875,1.0
GOPR0573_frame_000419_ref,7,6,3,1,0.6667,0.8571
GOPR0573_frame_000419_rain1,7,7,2,0,0.7778,1.0
GOPR0573_frame_000419_rain2,7,6,5,1,0.5455,0.8571
GOPR0573_frame_000419_rain3,7,2,1,5,0.6667,0.2857
GOPR0573_frame_000419_blur1,7,6,2,1,0.75,0.8571
GOPR0573_frame_000419_blur2,7,6,1,1,0.8571,0.8571
GOPR0573_frame_000419_blur3,7,4,1,3,0.8,0.5714
GOPR0573_frame_000419_blur4,7,2,0,5,1.0,0.2857
GOPR0573_frame_000419_noise1,7,7,4,0,0.6364,1.0
GOPR0573_frame_000419_noise2,7,5,1,2,0.8333,0.7143
GOPR0573_frame_000419_noise3,7,4,0,3,1.0,0.5714
GOPR0573_frame_000419_dark1,7,7,2,0,0.7778,1.0
GOPR0573_frame_000419_dark2,7,6,2,1,0.75,0.8571
GOPR0573_frame_000419_overexposure1,7,7,3,0,0.7,1.0
GOPR0573_frame_000419_overexposure2,7,7,2,0,0.7778,1.0
GOPR0573_frame_000454_ref,7,7,1,0,0.875,1.0
GOPR0573_frame_000454_rain1,7,7,1,0,0.875,1.0
GOPR0573_frame_000454_rain2,7,5,1,2,0.8333,0.7143
GOPR0573_frame_000454_rain3,7,0,0,7,0.0,0.0
GOPR0573_frame_000454_blur1,7,7,2,0,0.7778,1.0
GOPR0573_frame_000454_blur2,7,6,2,1,0.75,0.8571
GOPR0573_frame_000454_blur3,7,6,0,1,1.0,0.8571
GOPR0573_frame_000454_blur4,7,1,1,6,0.5,0.1429
GOPR0573_frame_000454_noise1,7,7,2,0,0.7778,1.0
GOPR0573_frame_000454_noise2,7,6,1,1,0.8571,0.8571
GOPR0573_frame_000454_noise3,7,0,0,7,0.0,0.0
GOPR0573_frame_000454_dark1,7,7,1,0,0.875,1.0
GOPR0573_frame_000454_dark2,7,6,0,1,1.0,0.8571
GOPR0573_frame_000454_overexposure1,7,7,1,0,0.875,1.0
GOPR0573_frame_000454_overexposure2,7,7,2,0,0.7778,1.0
GOPR0573_frame_000461_ref,5,5,0,0,1.0,1.0
GOPR0573_frame_000461_rain1,5,4,0,1,1.0,0.8
GOPR0573_frame_000461_rain2,5,3,3,2,0.5,0.6
GOPR0573_frame_000461_rain3,5,1,0,4,1.0,0.2
GOPR0573_frame_000461_blur1,5,4,0,1,1.0,0.8
GOPR0573_frame_000461_blur2,5,4,0,1,1.0,0.8
GOPR0573_frame_000461_blur3,5,4,0,1,1.0,0.8
GOPR0573_frame_000461_blur4,5,0,0,5,0.0,0.0
GOPR0573_frame_000461_noise1,5,4,0,1,1.0,0.8
GOPR0573_frame_000461_noise2,5,3,2,2,0.6,0.6
GOPR0573_frame_000461_noise3,5,1,0,4,1.0,0.2
GOPR0573_frame_000461_dark1,5,5,0,0,1.0,1.0
GOPR0573_frame_000461_dark2,5,3,0,2,1.0,0.6
GOPR0573_frame_000461_overexposure1,5,5,0,0,1.0,1.0
GOPR0573_frame_000461_overexposure2,5,4,0,1,1.0,0.8
GOPR0573_frame_000481_ref,4,4,0,0,1.0,1.0
GOPR0573_frame_000481_rain1,4,4,2,0,0.6667,1.0
GOPR0573_frame_000481_rain2,4,3,1,1,0.75,0.75
GOPR0573_frame_000481_rain3,4,1,2,3,0.3333,0.25
GOPR0573_frame_000481_blur1,4,4,0,0,1.0,1.0
GOPR0573_frame_000481_blur2,4,4,1,0,0.8,1.0
GOPR0573_frame_000481_blur3,4,4,1,0,0.8,1.0
GOPR0573_frame_000481_blur4,4,3,1,1,0.75,0.75
GOPR0573_frame_000481_noise1,4,4,0,0,1.0,1.0
GOPR0573_frame_000481_noise2,4,3,0,1,1.0,0.75
GOPR0573_frame_000481_noise3,4,1,0,3,1.0,0.25
GOPR0573_frame_000481_dark1,4,4,0,0,1.0,1.0
GOPR0573_frame_000481_dark2,4,4,0,0,1.0,1.0
GOPR0573_frame_000481_overexposure1,4,4,0,0,1.0,1.0
GOPR0573_frame_000481_overexposure2,4,4,0,0,1.0,1.0
GOPR0573_frame_000500_ref,6,6,4,0,0.6,1.0
GOPR0573_frame_000500_rain1,6,6,5,0,0.5455,1.0
GOPR0573_frame_000500_rain2,6,6,3,0,0.6667,1.0
GOPR0573_frame_000500_rain3,6,0,0,6,0.0,0.0
GOPR0573_frame_000500_blur1,6,6,5,0,0.5455,1.0
GOPR0573_frame_000500_blur2,6,6,3,0,0.6667,1.0
GOPR0573_frame_000500_blur3,6,5,0,1,1.0,0.8333
GOPR0573_frame_000500_blur4,6,2,0,4,1.0,0.3333
GOPR0573_frame_000500_noise1,6,6,7,0,0.4615,1.0
GOPR0573_frame_000500_noise2,6,6,1,0,0.8571,1.0
GOPR0573_frame_000500_noise3,6,4,0,2,1.0,0.6667
GOPR0573_frame_000500_dark1,6,6,5,0,0.5455,1.0
GOPR0573_frame_000500_dark2,6,6,2,0,0.75,1.0
GOPR0573_frame_000500_overexposure1,6,6,4,0,0.6,1.0
GOPR0573_frame_000500_overexposure2,6,6,5,0,0.5455,1.0
GOPR0573_frame_000506_ref,2,1,8,1,0.1111,0.5
GOPR0573_frame_000506_rain1,2,1,7,1,0.125,0.5
GOPR0573_frame_000506_rain2,2,0,3,2,0.0,0.0
GOPR0573_frame_000506_rain3,2,0,0,2,0.0,0.0
GOPR0573_frame_000506_blur1,2,1,3,1,0.25,0.5
GOPR0573_frame_000506_blur2,2,1,2,1,0.3333,0.5
GOPR0573_frame_000506_blur3,2,0,2,2,0.0,0.0
GOPR0573_frame_000506_blur4,2,0,0,2,0.0,0.0
GOPR0573_frame_000506_noise1,2,1,6,1,0.1429,0.5
GOPR0573_frame_000506_noise2,2,1,2,1,0.3333,0.5
GOPR0573_frame_000506_noise3,2,0,0,2,0.0,0.0
GOPR0573_frame_000506_dark1,2,1,7,1,0.125,0.5
GOPR0573_frame_000506_dark2,2,1,2,1,0.3333,0.5
GOPR0573_frame_000506_overexposure1,2,1,7,1,0.125,0.5
GOPR0573_frame_000506_overexposure2,2,1,12,1,0.0769,0.5
GOPR0573_frame_000511_ref,7,7,13,0,0.35,1.0
GOPR0573_frame_000511_rain1,7,7,12,0,0.3684,1.0
GOPR0573_frame_000511_rain2,7,4,6,3,0.4,0.5714
GOPR0573_frame_000511_rain3,7,0,0,7,0.0,0.0
GOPR0573_frame_000511_blur1,7,6,11,1,0.3529,0.8571
GOPR0573_frame_000511_blur2,7,6,4,1,0.6,0.8571
GOPR0573_frame_000511_blur3,7,3,2,4,0.6,0.4286
GOPR0573_frame_000511_blur4,7,0,1,7,0.0,0.0
GOPR0573_frame_000511_noise1,7,7,11,0,0.3889,1.0
GOPR0573_frame_000511_noise2,7,3,5,4,0.375,0.4286
GOPR0573_frame_000511_noise3,7,0,0,7,0.0,0.0
GOPR0573_frame_000511_dark1,7,7,11,0,0.3889,1.0
GOPR0573_frame_000511_dark2,7,2,5,5,0.2857,0.2857
GOPR0573_frame_000511_overexposure1,7,6,14,1,0.3,0.8571
GOPR0573_frame_000511_overexposure2,7,6,10,1,0.375,0.8571
GOPR0573_frame_000516_ref,9,9,6,0,0.6,1.0
GOPR0573_frame_000516_rain1,9,9,2,0,0.8182,1.0
GOPR0573_frame_000516_rain2,9,7,1,2,0.875,0.7778
GOPR0573_frame_000516_rain3,9,4,2,5,0.6667,0.4444
GOPR0573_frame_000516_blur1,9,9,2,0,0.8182,1.0
GOPR0573_frame_000516_blur2,9,8,3,1,0.7273,0.8889
GOPR0573_frame_000516_blur3,9,8,2,1,0.8,0.8889
GOPR0573_frame_000516_blur4,9,5,0,4,1.0,0.5556
GOPR0573_frame_000516_noise1,9,9,3,0,0.75,1.0
GOPR0573_frame_000516_noise2,9,9,1,0,0.9,1.0
GOPR0573_frame_000516_noise3,9,4,1,5,0.8,0.4444
GOPR0573_frame_000516_dark1,9,9,2,0,0.8182,1.0
GOPR0573_frame_000516_dark2,9,8,2,1,0.8,0.8889
GOPR0573_frame_000516_overexposure1,9,9,7,0,0.5625,1.0
GOPR0573_frame_000516_overexposure2,9,8,5,1,0.6154,0.8889
GOPR0573_frame_000532_ref,13,13,10,0,0.5652,1.0
GOPR0573_frame_000532_rain1,13,13,7,0,0.65,1.0
GOPR0573_frame_000532_rain2,13,10,2,3,0.8333,0.7692
GOPR0573_frame_000532_rain3,13,2,1,11,0.6667,0.1538
GOPR0573_frame_000532_blur1,13,13,3,0,0.8125,1.0
GOPR0573_frame_000532_blur2,13,12,2,1,0.8571,0.9231
GOPR0573_frame_000532_blur3,13,9,0,4,1.0,0.6923
GOPR0573_frame_000532_blur4,13,2,3,11,0.4,0.1538
GOPR0573_frame_000532_noise1,13,13,5,0,0.7222,1.0
GOPR0573_frame_000532_noise2,13,10,1,3,0.9091,0.7692
GOPR0573_frame_000532_noise3,13,5,2,8,0.7143,0.3846
GOPR0573_frame_000532_dark1,13,13,6,0,0.6842,1.0
GOPR0573_frame_000532_dark2,13,10,2,3,0.8333,0.7692
GOPR0573_frame_000532_overexposure1,13,13,10,0,0.5652,1.0
GOPR0573_frame_000532_overexposure2,13,13,11,0,0.5417,1.0
GOPR0573_frame_000549_ref,21,21,6,0,0.7778,1.0
GOPR0573_frame_000549_rain1,21,21,5,0,0.8077,1.0
GOPR0573_frame_000549_rain2,21,19,4,2,0.8261,0.9048
GOPR0573_frame_000549_rain3,21,5,1,16,0.8333,0.2381
GOPR0573_frame_000549_blur1,21,21,5,0,0.8077,1.0
GOPR0573_frame_000549_blur2,21,21,4,0,0.84,1.0
GOPR0573_frame_000549_blur3,21,16,1,5,0.9412,0.7619
GOPR0573_frame_000549_blur4,21,8,0,13,1.0,0.381
GOPR0573_frame_000549_noise1,21,21,3,0,0.875,1.0
GOPR0573_frame_000549_noise2,21,18,3,3,0.8571,0.8571
GOPR0573_frame_000549_noise3,21,7,1,14,0.875,0.3333
GOPR0573_frame_000549_dark1,21,20,7,1,0.7407,0.9524
GOPR0573_frame_000549_dark2,21,17,2,4,0.8947,0.8095
GOPR0573_frame_000549_overexposure1,21,21,8,0,0.7241,1.0
GOPR0573_frame_000549_overexposure2,21,21,7,0,0.75,1.0
GOPR0573_frame_000587_ref,15,13,8,2,0.619,0.8667
GOPR0573_frame_000587_rain1,15,13,4,2,0.7647,0.8667
GOPR0573_frame_000587_rain2,15,11,5,4,0.6875,0.7333
GOPR0573_frame_000587_rain3,15,1,1,14,0.5,0.0667
GOPR0573_frame_000587_blur1,15,13,4,2,0.7647,0.8667
GOPR0573_frame_000587_blur2,15,10,4,5,0.7143,0.6667
GOPR0573_frame_000587_blur3,15,6,3,9,0.6667,0.4
GOPR0573_frame_000587_blur4,15,1,1,14,0.5,0.0667
GOPR0573_frame_000587_noise1,15,12,9,3,0.5714,0.8
GOPR0573_frame_000587_noise2,15,8,4,7,0.6667,0.5333
GOPR0573_frame_000587_noise3,15,2,1,13,0.6667,0.1333
GOPR0573_frame_000587_dark1,15,13,8,2,0.619,0.8667
GOPR0573_frame_000587_dark2,15,9,4,6,0.6923,0.6
GOPR0573_frame_000587_overexposure1,15,14,9,1,0.6087,0.9333
GOPR0573_frame_000587_overexposure2,15,11,3,4,0.7857,0.7333
GOPR0573_frame_000594_ref,11,11,1,0,0.9167,1.0
GOPR0573_frame_000594_rain1,11,10,3,1,0.7692,0.9091
GOPR0573_frame_000594_rain2,11,5,3,6,0.625,0.4545
GOPR0573_frame_000594_rain3,11,2,1,9,0.6667,0.1818
GOPR0573_frame_000594_blur1,11,11,1,0,0.9167,1.0
GOPR0573_frame_000594_blur2,11,9,0,2,1.0,0.8182
GOPR0573_frame_000594_blur3,11,8,2,3,0.8,0.7273
GOPR0573_frame_000594_blur4,11,3,1,8,0.75,0.2727
GOPR0573_frame_000594_noise1,11,11,3,0,0.7857,1.0
GOPR0573_frame_000594_noise2,11,8,2,3,0.8,0.7273
GOPR0573_frame_000594_noise3,11,5,1,6,0.8333,0.4545
GOPR0573_frame_000594_dark1,11,11,3,0,0.7857,1.0
GOPR0573_frame_000594_dark2,11,9,2,2,0.8182,0.8182
GOPR0573_frame_000594_overexposure1,11,11,2,0,0.8462,1.0
GOPR0573_frame_000594_overexposure2,11,11,4,0,0.7333,1.0
GOPR0573_frame_000624_ref,8,8,2,0,0.8,1.0
GOPR0573_frame_000624_rain1,8,8,1,0,0.8889,1.0
GOPR0573_frame_000624_rain2,8,4,2,4,0.6667,0.5
GOPR0573_frame_000624_rain3,8,1,0,7,1.0,0.125
GOPR0573_frame_000624_blur1,8,8,1,0,0.8889,1.0
GOPR0573_frame_000624_blur2,8,8,0,0,1.0,1.0
GOPR0573_frame_000624_blur3,8,6,1,2,0.8571,0.75
GOPR0573_frame_000624_blur4,8,1,4,7,0.2,0.125
GOPR0573_frame_000624_noise1,8,8,1,0,0.8889,1.0
GOPR0573_frame_000624_noise2,8,6,1,2,0.8571,0.75
GOPR0573_frame_000624_noise3,8,3,2,5,0.6,0.375
GOPR0573_frame_000624_dark1,8,8,1,0,0.8889,1.0
GOPR0573_frame_000624_dark2,8,5,1,3,0.8333,0.625
GOPR0573_frame_000624_overexposure1,8,8,0,0,1.0,1.0
GOPR0573_frame_000624_overexposure2,8,7,1,1,0.875,0.875
GOPR0573_frame_000664_ref,5,5,1,0,0.8333,1.0
GOPR0573_frame_000664_rain1,5,4,0,1,1.0,0.8
GOPR0573_frame_000664_rain2,5,3,0,2,1.0,0.6
GOPR0573_frame_000664_rain3,5,1,1,4,0.5,0.2
GOPR0573_frame_000664_blur1,5,4,0,1,1.0,0.8
GOPR0573_frame_000664_blur2,5,4,1,1,0.8,0.8
GOPR0573_frame_000664_blur3,5,4,1,1,0.8,0.8
GOPR0573_frame_000664_blur4,5,3,2,2,0.6,0.6
GOPR0573_frame_000664_noise1,5,5,0,0,1.0,1.0
GOPR0573_frame_000664_noise2,5,4,0,1,1.0,0.8
GOPR0573_frame_000664_noise3,5,3,0,2,1.0,0.6
GOPR0573_frame_000664_dark1,5,5,1,0,0.8333,1.0
GOPR0573_frame_000664_dark2,5,4,1,1,0.8,0.8
GOPR0573_frame_000664_overexposure1,5,4,0,1,1.0,0.8
GOPR0573_frame_000664_overexposure2,5,4,0,1,1.0,0.8
GOPR0573_frame_000675_ref,3,3,1,0,0.75,1.0
GOPR0573_frame_000675_rain1,3,3,2,0,0.6,1.0
GOPR0573_frame_000675_rain2,3,3,2,0,0.6,1.0
GOPR0573_frame_000675_rain3,3,2,0,1,1.0,0.6667
GOPR0573_frame_000675_blur1,3,3,1,0,0.75,1.0
GOPR0573_frame_000675_blur2,3,3,1,0,0.75,1.0
GOPR0573_frame_000675_blur3,3,3,0,0,1.0,1.0
GOPR0573_frame_000675_blur4,3,2,1,1,0.6667,0.6667
GOPR0573_frame_000675_noise1,3,3,2,0,0.6,1.0
GOPR0573_frame_000675_noise2,3,3,0,0,1.0,1.0
GOPR0573_frame_000675_noise3,3,2,0,1,1.0,0.6667
GOPR0573_frame_000675_dark1,3,3,1,0,0.75,1.0
GOPR0573_frame_000675_dark2,3,3,1,0,0.75,1.0
GOPR0573_frame_000675_overexposure1,3,3,1,0,0.75,1.0
GOPR0573_frame_000675_overexposure2,3,3,2,0,0.6,1.0
GOPR0573_frame_000695_ref,13,13,2,0,0.8667,1.0
GOPR0573_frame_000695_rain1,13,12,5,1,0.7059,0.9231
GOPR0573_frame_000695_rain2,13,11,3,2,0.7857,0.8462
GOPR0573_frame_000695_rain3,13,2,1,11,0.6667,0.1538
GOPR0573_frame_000695_blur1,13,13,4,0,0.7647,1.0
GOPR0573_frame_000695_blur2,13,13,2,0,0.8667,1.0
GOPR0573_frame_000695_blur3,13,9,2,4,0.8182,0.6923
GOPR0573_frame_000695_blur4,13,5,1,8,0.8333,0.3846
GOPR0573_frame_000695_noise1,13,13,3,0,0.8125,1.0
GOPR0573_frame_000695_noise2,13,10,4,3,0.7143,0.7692
GOPR0573_frame_000695_noise3,13,5,1,8,0.8333,0.3846
GOPR0573_frame_000695_dark1,13,13,4,0,0.7647,1.0
GOPR0573_frame_000695_dark2,13,9,5,4,0.6429,0.6923
GOPR0573_frame_000695_overexposure1,13,12,2,1,0.8571,0.9231
GOPR0573_frame_000695_overexposure2,13,11,4,2,0.7333,0.8462
GOPR0573_frame_000701_ref,9,9,16,0,0.36,1.0
GOPR0573_frame_000701_rain1,9,9,9,0,0.5,1.0
GOPR0573_frame_000701_rain2,9,7,5,2,0.5833,0.7778
GOPR0573_frame_000701_rain3,9,6,6,3,0.5,0.6667
GOPR0573_frame_000701_blur1,9,9,11,0,0.45,1.0
GOPR0573_frame_000701_blur2,9,8,5,1,0.6154,0.8889
GOPR0573_frame_000701_blur3,9,8,1,1,0.8889,0.8889
GOPR0573_frame_000701_blur4,9,5,1,4,0.8333,0.5556
GOPR0573_frame_000701_noise1,9,9,9,0,0.5,1.0
GOPR0573_frame_000701_noise2,9,7,6,2,0.5385,0.7778
GOPR0573_frame_000701_noise3,9,5,0,4,1.0,0.5556
GOPR0573_frame_000701_dark1,9,9,10,0,0.4737,1.0
GOPR0573_frame_000701_dark2,9,8,3,1,0.7273,0.8889
GOPR0573_frame_000701_overexposure1,9,9,12,0,0.4286,1.0
GOPR0573_frame_000701_overexposure2,9,7,13,2,0.35,0.7778
GOPR0573_frame_000706_ref,17,16,6,1,0.7273,0.9412
GOPR0573_frame_000706_rain1,17,16,5,1,0.7619,0.9412
GOPR0573_frame_000706_rain2,17,12,6,5,0.6667,0.7059
GOPR0573_frame_000706_rain3,17,5,1,12,0.8333,0.2941
GOPR0573_frame_000706_blur1,17,16,3,1,0.8421,0.9412
GOPR0573_frame_000706_blur2,17,11,5,6,0.6875,0.6471
GOPR0573_frame_000706_blur3,17,9,2,8,0.8182,0.5294
GOPR0573_frame_000706_blur4,17,4,3,13,0.5714,0.2353
GOPR0573_frame_000706_noise1,17,16,5,1,0.7619,0.9412
GOPR0573_frame_000706_noise2,17,10,3,7,0.7692,0.5882
GOPR0573_frame_000706_noise3,17,4,0,13,1.0,0.2353
GOPR0573_frame_000706_dark1,17,16,8,1,0.6667,0.9412
GOPR0573_frame_000706_dark2,17,11,3,6,0.7857,0.6471
GOPR0573_frame_000706_overexposure1,17,16,7,1,0.6957,0.9412
GOPR0573_frame_000706_overexposure2,17,13,10,4,0.5652,0.7647
GOPR0573_frame_000720_ref,9,9,8,0,0.5294,1.0
GOPR0573_frame_000720_rain1,9,9,7,0,0.5625,1.0
GOPR0573_frame_000720_rain2,9,5,6,4,0.4545,0.5556
GOPR0573_frame_000720_rain3,9,1,1,8,0.5,0.1111
GOPR0573_frame_000720_blur1,9,7,6,2,0.5385,0.7778
GOPR0573_frame_000720_blur2,9,8,2,1,0.8,0.8889
GOPR0573_frame_000720_blur3,9,5,2,4,0.7143,0.5556
GOPR0573_frame_000720_blur4,9,3,3,6,0.5,0.3333
GOPR0573_frame_000720_noise1,9,8,5,1,0.6154,0.8889
GOPR0573_frame_000720_noise2,9,6,3,3,0.6667,0.6667
GOPR0573_frame_000720_noise3,9,3,0,6,1.0,0.3333
GOPR0573_frame_000720_dark1,9,9,4,0,0.6923,1.0
GOPR0573_frame_000720_dark2,9,7,1,2,0.875,0.7778
GOPR0573_frame_000720_overexposure1,9,9,8,0,0.5294,1.0
GOPR0573_frame_000720_overexposure2,9,9,7,0,0.5625,1.0
GOPR0573_frame_000740_ref,6,5,16,1,0.2381,0.8333
GOPR0573_frame_000740_rain1,6,6,8,0,0.4286,1.0
GOPR0573_frame_000740_rain2,6,4,9,2,0.3077,0.6667
GOPR0573_frame_000740_rain3,6,0,0,6,0.0,0.0
GOPR0573_frame_000740_blur1,6,6,8,0,0.4286,1.0
GOPR0573_frame_000740_blur2,6,5,6,1,0.4545,0.8333
GOPR0573_frame_000740_blur3,6,4,1,2,0.8,0.6667
GOPR0573_frame_000740_blur4,6,1,2,5,0.3333,0.1667
GOPR0573_frame_000740_noise1,6,6,13,0,0.3158,1.0
GOPR0573_frame_000740_noise2,6,5,7,1,0.4167,0.8333
GOPR0573_frame_000740_noise3,6,3,2,3,0.6,0.5
GOPR0573_frame_000740_dark1,6,5,14,1,0.2632,0.8333
GOPR0573_frame_000740_dark2,6,5,5,1,0.5,0.8333
GOPR0573_frame_000740_overexposure1,6,6,14,0,0.3,1.0
GOPR0573_frame_000740_overexposure2,6,5,9,1,0.3571,0.8333
GOPR0573_frame_000760_ref,16,15,8,1,0.6522,0.9375
GOPR0573_frame_000760_rain1,16,15,4,1,0.7895,0.9375
GOPR0573_frame_000760_rain2,16,14,5,2,0.7368,0.875
GOPR0573_frame_000760_rain3,16,2,0,14,1.0,0.125
GOPR0573_frame_000760_blur1,16,14,6,2,0.7,0.875
GOPR0573_frame_000760_blur2,16,13,5,3,0.7222,0.8125
GOPR0573_frame_000760_blur3,16,9,2,7,0.8182,0.5625
GOPR0573_frame_000760_blur4,16,2,1,14,0.6667,0.125
GOPR0573_frame_000760_noise1,16,15,5,1,0.75,0.9375
GOPR0573_frame_000760_noise2,16,13,9,3,0.5909,0.8125
GOPR0573_frame_000760_noise3,16,7,1,9,0.875,0.4375
GOPR0573_frame_000760_dark1,16,15,4,1,0.7895,0.9375
GOPR0573_frame_000760_dark2,16,15,2,1,0.8824,0.9375
GOPR0573_frame_000760_overexposure1,16,15,8,1,0.6522,0.9375
GOPR0573_frame_000760_overexposure2,16,13,3,3,0.8125,0.8125
GOPR0573_frame_000770_ref,11,10,15,1,0.4,0.9091
GOPR0573_frame_000770_rain1,11,10,16,1,0.3846,0.9091
GOPR0573_frame_000770_rain2,11,8,7,3,0.5333,0.7273
GOPR0573_frame_000770_rain3,11,3,0,8,1.0,0.2727
GOPR0573_frame_000770_blur1,11,10,12,1,0.4545,0.9091
GOPR0573_frame_000770_blur2,11,9,12,2,0.4286,0.8182
GOPR0573_frame_000770_blur3,11,8,5,3,0.6154,0.7273
GOPR0573_frame_000770_blur4,11,2,0,9,1.0,0.1818
GOPR0573_frame_000770_noise1,11,10,14,1,0.4167,0.9091
GOPR0573_frame_000770_noise2,11,8,10,3,0.4444,0.7273
GOPR0573_frame_000770_noise3,11,5,2,6,0.7143,0.4545
GOPR0573_frame_000770_dark1,11,10,13,1,0.4348,0.9091
GOPR0573_frame_000770_dark2,11,9,6,2,0.6,0.8182
GOPR0573_frame_000770_overexposure1,11,10,11,1,0.4762,0.9091
GOPR0573_frame_000770_overexposure2,11,11,14,0,0.44,1.0
GOPR0573_frame_000777_ref,20,19,6,1,0.76,0.95
GOPR0573_frame_000777_rain1,20,17,4,3,0.8095,0.85
GOPR0573_frame_000777_rain2,20,16,5,4,0.7619,0.8
GOPR0573_frame_000777_rain3,20,8,3,12,0.7273,0.4
GOPR0573_frame_000777_blur1,20,17,4,3,0.8095,0.85
GOPR0573_frame_000777_blur2,20,16,5,4,0.7619,0.8
GOPR0573_frame_000777_blur3,20,13,5,7,0.7222,0.65
GOPR0573_frame_000777_blur4,20,5,2,15,0.7143,0.25
GOPR0573_frame_000777_noise1,20,17,8,3,0.68,0.85
GOPR0573_frame_000777_noise2,20,15,3,5,0.8333,0.75
GOPR0573_frame_000777_noise3,20,10,2,10,0.8333,0.5
GOPR0573_frame_000777_dark1,20,18,6,2,0.75,0.9
GOPR0573_frame_000777_dark2,20,16,3,4,0.8421,0.8
GOPR0573_frame_000777_overexposure1,20,18,4,2,0.8182,0.9
GOPR0573_frame_000777_overexposure2,20,18,5,2,0.7826,0.9
GOPR0573_frame_000789_ref,6,6,3,0,0.6667,1.0
GOPR0573_frame_000789_rain1,6,6,6,0,0.5,1.0
GOPR0573_frame_000789_rain2,6,2,1,4,0.6667,0.3333
GOPR0573_frame_000789_rain3,6,0,0,6,0.0,0.0
GOPR0573_frame_000789_blur1,6,6,4,0,0.6,1.0
GOPR0573_frame_000789_blur2,6,4,0,2,1.0,0.6667
GOPR0573_frame_000789_blur3,6,0,0,6,0.0,0.0
GOPR0573_frame_000789_blur4,6,0,0,6,0.0,0.0
GOPR0573_frame_000789_noise1,6,5,5,1,0.5,0.8333
GOPR0573_frame_000789_noise2,6,1,1,5,0.5,0.1667
GOPR0573_frame_000789_noise3,6,0,0,6,0.0,0.0
GOPR0573_frame_000789_dark1,6,6,4,0,0.6,1.0
GOPR0573_frame_000789_dark2,6,1,1,5,0.5,0.1667
GOPR0573_frame_000789_overexposure1,6,6,4,0,0.6,1.0
GOPR0573_frame_000789_overexposure2,6,5,2,1,0.7143,0.8333
GOPR0573_frame_000999_ref,6,6,4,0,0.6,1.0
GOPR0573_frame_000999_rain1,6,5,4,1,0.5556,0.8333
GOPR0573_frame_000999_rain2,6,2,3,4,0.4,0.3333
GOPR0573_frame_000999_rain3,6,0,0,6,0.0,0.0
GOPR0573_frame_000999_blur1,6,6,4,0,0.6,1.0
GOPR0573_frame_000999_blur2,6,4,0,2,1.0,0.6667
GOPR0573_frame_000999_blur3,6,0,0,6,0.0,0.0
GOPR0573_frame_000999_blur4,6,0,0,6,0.0,0.0
GOPR0573_frame_000999_noise1,6,6,3,0,0.6667,1.0
GOPR0573_frame_000999_noise2,6,0,1,6,0.0,0.0
GOPR0573_frame_000999_noise3,6,0,0,6,0.0,0.0
GOPR0573_frame_000999_dark1,6,6,4,0,0.6,1.0
GOPR0573_frame_000999_dark2,6,1,1,5,0.5,0.1667
GOPR0573_frame_000999_overexposure1,6,6,3,0,0.6667,1.0
GOPR0573_frame_000999_overexposure2,6,5,2,1,0.7143,0.8333
GOPR0573_frame_001012_ref,2,2,3,0,0.4,1.0
GOPR0573_frame_001012_rain1,2,1,1,1,0.5,0.5
GOPR0573_frame_001012_rain2,2,0,0,2,0.0,0.0
GOPR0573_frame_001012_rain3,2,0,0,2,0.0,0.0
GOPR0573_frame_001012_blur1,2,2,2,0,0.5,1.0
GOPR0573_frame_001012_blur2,2,0,0,2,0.0,0.0
GOPR0573_frame_001012_blur3,2,0,0,2,0.0,0.0
GOPR0573_frame_001012_blur4,2,0,0,2,0.0,0.0
GOPR0573_frame_001012_noise1,2,1,1,1,0.5,0.5
GOPR0573_frame_001012_noise2,2,0,1,2,0.0,0.0
GOPR0573_frame_001012_noise3,2,0,0,2,0.0,0.0
GOPR0573_frame_001012_dark1,2,2,2,0,0.5,1.0
GOPR0573_frame_001012_dark2,2,0,0,2,0.0,0.0
GOPR0573_frame_001012_overexposure1,2,2,2,0,0.5,1.0
GOPR0573_frame_001012_overexposure2,2,2,2,0,0.5,1.0
GOPR0573_frame_001019_ref,9,8,4,1,0.6667,0.8889
GOPR0573_frame_001019_rain1,9,8,4,1,0.6667,0.8889
GOPR0573_frame_001019_rain2,9,7,2,2,0.7778,0.7778
GOPR0573_frame_001019_rain3,9,4,0,5,1.0,0.4444
GOPR0573_frame_001019_blur1,9,8,2,1,0.8,0.8889
GOPR0573_frame_001019_blur2,9,8,0,1,1.0,0.8889
GOPR0573_frame_001019_blur3,9,6,2,3,0.75,0.6667
GOPR0573_frame_001019_blur4,9,4,0,5,1.0,0.4444
GOPR0573_frame_001019_noise1,9,8,3,1,0.7273,0.8889
GOPR0573_frame_001019_noise2,9,8,0,1,1.0,0.8889
GOPR0573_frame_001019_noise3,9,6,0,3,1.0,0.6667
GOPR0573_frame_001019_dark1,9,8,3,1,0.7273,0.8889
GOPR0573_frame_001019_dark2,9,7,2,2,0.7778,0.7778
GOPR0573_frame_001019_overexposure1,9,8,3,1,0.7273,0.8889
GOPR0573_frame_001019_overexposure2,9,8,10,1,0.4444,0.8889
GOPR0573_frame_001026_ref,10,8,7,2,0.5333,0.8
GOPR0573_frame_001026_rain1,10,8,6,2,0.5714,0.8
GOPR0573_frame_001026_rain2,10,5,2,5,0.7143,0.5
GOPR0573_frame_001026_rain3,10,0,0,10,0.0,0.0
GOPR0573_frame_001026_blur1,10,8,4,2,0.6667,0.8
GOPR0573_frame_001026_blur2,10,6,8,4,0.4286,0.6
GOPR0573_frame_001026_blur3,10,2,3,8,0.4,0.2
GOPR0573_frame_001026_blur4,10,1,0,9,1.0,0.1
GOPR0573_frame_001026_noise1,10,8,5,2,0.6154,0.8
GOPR0573_frame_001026_noise2,10,4,2,6,0.6667,0.4
GOPR0573_frame_001026_noise3,10,1,0,9,1.0,0.1
GOPR0573_frame_001026_dark1,10,10,6,0,0.625,1.0
GOPR0573_frame_001026_dark2,10,6,1,4,0.8571,0.6
GOPR0573_frame_001026_overexposure1,10,9,6,1,0.6,0.9
GOPR0573_frame_001026_overexposure2,10,10,9,0,0.5263,1.0
GOPR0573_frame_001046_ref,5,5,4,0,0.5556,1.0
GOPR0573_frame_001046_rain1,5,5,3,0,0.625,1.0
GOPR0573_frame_001046_rain2,5,2,2,3,0.5,0.4
GOPR0573_frame_001046_rain3,5,0,0,5,0.0,0.0
GOPR0573_frame_001046_blur1,5,5,4,0,0.5556,1.0
GOPR0573_frame_001046_blur2,5,4,2,1,0.6667,0.8
GOPR0573_frame_001046_blur3,5,4,1,1,0.8,0.8
GOPR0573_frame_001046_blur4,5,1,0,4,1.0,0.2
GOPR0573_frame_001046_noise1,5,4,2,1,0.6667,0.8
GOPR0573_frame_001046_noise2,5,4,0,1,1.0,0.8
GOPR0573_frame_001046_noise3,5,0,0,5,0.0,0.0
GOPR0573_frame_001046_dark1,5,4,3,1,0.5714,0.8
GOPR0573_frame_001046_dark2,5,1,0,4,1.0,0.2
GOPR0573_frame_001046_overexposure1,5,5,4,0,0.5556,1.0
GOPR0573_frame_001046_overexposure2,5,5,4,0,0.5556,1.0
GP010400_frame_000616_ref,1,1,2,0,0.3333,1.0
GP010400_frame_000616_rain1,1,1,1,0,0.5,1.0
GP010400_frame_000616_rain2,1,0,0,1,0.0,0.0
GP010400_frame_000616_rain3,1,0,0,1,0.0,0.0
GP010400_frame_000616_blur1,1,1,1,0,0.5,1.0
GP010400_frame_000616_blur2,1,1,0,0,1.0,1.0
GP010400_frame_000616_blur3,1,0,0,1,0.0,0.0
GP010400_frame_000616_blur4,1,0,0,1,0.0,0.0
GP010400_frame_000616_noise1,1,1,0,0,1.0,1.0
GP010400_frame_000616_noise2,1,0,0,1,0.0,0.0
GP010400_frame_000616_noise3,1,0,0,1,0.0,0.0
GP010400_frame_000616_dark1,1,1,1,0,0.5,1.0
GP010400_frame_000616_dark2,1,0,0,1,0.0,0.0
GP010400_frame_000616_overexposure1,1,1,1,0,0.5,1.0
GP010400_frame_000616_overexposure2,1,1,3,0,0.25,1.0
GP010400_frame_000621_ref,1,1,1,0,0.5,1.0
GP010400_frame_000621_rain1,1,1,0,0,1.0,1.0
GP010400_frame_000621_rain2,1,1,0,0,1.0,1.0
GP010400_frame_000621_rain3,1,0,0,1,0.0,0.0
GP010400_frame_000621_blur1,1,1,0,0,1.0,1.0
GP010400_frame_000621_blur2,1,1,0,0,1.0,1.0
GP010400_frame_000621_blur3,1,1,0,0,1.0,1.0
GP010400_frame_000621_blur4,1,1,0,0,1.0,1.0
GP010400_frame_000621_noise1,1,1,0,0,1.0,1.0
GP010400_frame_000621_noise2,1,1,0,0,1.0,1.0
GP010400_frame_000621_noise3,1,1,0,0,1.0,1.0
GP010400_frame_000621_dark1,1,1,0,0,1.0,1.0
GP010400_frame_000621_dark2,1,1,0,0,1.0,1.0
GP010400_frame_000621_overexposure1,1,1,1,0,0.5,1.0
GP010400_frame_000621_overexposure2,1,1,0,0,1.0,1.0
GP010400_frame_000636_ref,5,5,2,0,0.7143,1.0
GP010400_frame_000636_rain1,5,4,1,1,0.8,0.8
GP010400_frame_000636_rain2,5,1,2,4,0.3333,0.2
GP010400_frame_000636_rain3,5,0,0,5,0.0,0.0
GP010400_frame_000636_blur1,5,5,2,0,0.7143,1.0
GP010400_frame_000636_blur2,5,5,1,0,0.8333,1.0
GP010400_frame_000636_blur3,5,2,1,3,0.6667,0.4
GP010400_frame_000636_blur4,5,1,1,4,0.5,0.2
GP010400_frame_000636_noise1,5,4,1,1,0.8,0.8
GP010400_frame_000636_noise2,5,1,0,4,1.0,0.2
GP010400_frame_000636_noise3,5,0,0,5,0.0,0.0
GP010400_frame_000636_dark1,5,5,2,0,0.7143,1.0
GP010400_frame_000636_dark2,5,1,1,4,0.5,0.2
GP010400_frame_000636_overexposure1,5,5,2,0,0.7143,1.0
GP010400_frame_000636_overexposure2,5,5,1,0,0.8333,1.0
GP010400_frame_000674_ref,9,9,6,0,0.6,1.0
GP010400_frame_000674_rain1,9,9,3,0,0.75,1.0
GP010400_frame_000674_rain2,9,9,4,0,0.6923,1.0
GP010400_frame_000674_rain3,9,7,0,2,1.0,0.7778
GP010400_frame_000674_blur1,9,8,4,1,0.6667,0.8889
GP010400_frame_000674_blur2,9,8,1,1,0.8889,0.8889
GP010400_frame_000674_blur3,9,8,0,1,1.0,0.8889
GP010400_frame_000674_blur4,9,4,0,5,1.0,0.4444
GP010400_frame_000674_noise1,9,8,3,1,0.7273,0.8889
GP010400_frame_000674_noise2,9,8,1,1,0.8889,0.8889
GP010400_frame_000674_noise3,9,4,0,5,1.0,0.4444
GP010400_frame_000674_dark1,9,9,4,0,0.6923,1.0
GP010400_frame_000674_dark2,9,9,2,0,0.8182,1.0
GP010400_frame_000674_overexposure1,9,9,7,0,0.5625,1.0
GP010400_frame_000674_overexposure2,9,9,4,0,0.6923,1.0
GP010400_frame_000700_ref,1,1,6,0,0.1429,1.0
GP010400_frame_000700_rain1,1,1,4,0,0.2,1.0
GP010400_frame_000700_rain2,1,1,1,0,0.5,1.0
GP010400_frame_000700_rain3,1,0,0,1,0.0,0.0
GP010400_frame_000700_blur1,1,1,3,0,0.25,1.0
GP010400_frame_000700_blur2,1,1,2,0,0.3333,1.0
GP010400_frame_000700_blur3,1,1,2,0,0.3333,1.0
GP010400_frame_000700_blur4,1,0,1,1,0.0,0.0
GP010400_frame_000700_noise1,1,1,3,0,0.25,1.0
GP010400_frame_000700_noise2,1,1,1,0,0.5,1.0
GP010400_frame_000700_noise3,1,0,0,1,0.0,0.0
GP010400_frame_000700_dark1,1,1,3,0,0.25,1.0
GP010400_frame_000700_dark2,1,1,1,0,0.5,1.0
GP010400_frame_000700_overexposure1,1,1,6,0,0.1429,1.0
GP010400_frame_000700_overexposure2,1,1,5,0,0.1667,1.0
GP010400_frame_000710_ref,6,5,1,1,0.8333,0.8333
GP010400_frame_000710_rain1,6,5,5,1,0.5,0.8333
GP010400_frame_000710_rain2,6,1,0,5,1.0,0.1667
GP010400_frame_000710_rain3,6,0,0,6,0.0,0.0
GP010400_frame_000710_blur1,6,5,4,1,0.5556,0.8333
GP010400_frame_000710_blur2,6,4,1,2,0.8,0.6667
GP010400_frame_000710_blur3,6,1,1,5,0.5,0.1667
GP010400_frame_000710_blur4,6,0,0,6,0.0,0.0
GP010400_frame_000710_noise1,6,5,5,1,0.5,0.8333
GP010400_frame_000710_noise2,6,0,0,6,0.0,0.0
GP010400_frame_000710_noise3,6,0,0,6,0.0,0.0
GP010400_frame_000710_dark1,6,5,3,1,0.625,0.8333
GP010400_frame_000710_dark2,6,4,0,2,1.0,0.6667
GP010400_frame_000710_overexposure1,6,5,0,1,1.0,0.8333
GP010400_frame_000710_overexposure2,6,4,1,2,0.8,0.6667
GP010400_frame_000733_ref,11,10,7,1,0.5882,0.9091
GP010400_frame_000733_rain1,11,10,4,1,0.7143,0.9091
GP010400_frame_000733_rain2,11,6,2,5,0.75,0.5455
GP010400_frame_000733_rain3,11,1,0,10,1.0,0.0909
GP010400_frame_000733_blur1,11,10,7,1,0.5882,0.9091
GP010400_frame_000733_blur2,11,8,3,3,0.7273,0.7273
GP010400_frame_000733_blur3,11,2,3,9,0.4,0.1818
GP010400_frame_000733_blur4,11,0,0,11,0.0,0.0
GP010400_frame_000733_noise1,11,8,8,3,0.5,0.7273
GP010400_frame_000733_noise2,11,6,0,5,1.0,0.5455
GP010400_frame_000733_noise3,11,3,1,8,0.75,0.2727
GP010400_frame_000733_dark1,11,9,8,2,0.5294,0.8182
GP010400_frame_000733_dark2,11,7,2,4,0.7778,0.6364
GP010400_frame_000733_overexposure1,11,10,7,1,0.5882,0.9091
GP010400_frame_000733_overexposure2,11,7,5,4,0.5833,0.6364
GP010400_frame_000739_ref,2,2,1,0,0.6667,1.0
GP010400_frame_000739_rain1,2,2,1,0,0.6667,1.0
GP010400_frame_000739_rain2,2,1,2,1,0.3333,0.5
GP010400_frame_000739_rain3,2,0,0,2,0.0,0.0
GP010400_frame_000739_blur1,2,2,1,0,0.6667,1.0
GP010400_frame_000739_blur2,2,2,1,0,0.6667,1.0
GP010400_frame_000739_blur3,2,2,1,0,0.6667,1.0
GP010400_frame_000739_blur4,2,1,1,1,0.5,0.5
GP010400_frame_000739_noise1,2,2,1,0,0.6667,1.0
GP010400_frame_000739_noise2,2,2,3,0,0.4,1.0
GP010400_frame_000739_noise3,2,0,0,2,0.0,0.0
GP010400_frame_000739_dark1,2,2,1,0,0.6667,1.0
GP010400_frame_000739_dark2,2,2,2,0,0.5,1.0
GP010400_frame_000739_overexposure1,2,2,1,0,0.6667,1.0
GP010400_frame_000739_overexposure2,2,2,2,0,0.5,1.0
GP010400_frame_000762_ref,5,4,4,1,0.5,0.8
GP010400_frame_000762_rain1,5,2,4,3,0.3333,0.4
GP010400_frame_000762_rain2,5,1,0,4,1.0,0.2
GP010400_frame_000762_rain3,5,1,0,4,1.0,0.2
GP010400_frame_000762_blur1,5,2,0,3,1.0,0.4
GP010400_frame_000762_blur2,5,1,0,4,1.0,0.2
GP010400_frame_000762_blur3,5,1,0,4,1.0,0.2
GP010400_frame_000762_blur4,5,1,0,4,1.0,0.2
GP010400_frame_000762_noise1,5,3,4,2,0.4286,0.6
GP010400_frame_000762_noise2,5,1,0,4,1.0,0.2
GP010400_frame_000762_noise3,5,1,0,4,1.0,0.2
GP010400_frame_000762_dark1,5,3,3,2,0.5,0.6
GP010400_frame_000762_dark2,5,2,0,3,1.0,0.4
GP010400_frame_000762_overexposure1,5,5,8,0,0.3846,1.0
GP010400_frame_000762_overexposure2,5,3,5,2,0.375,0.6
GP010400_frame_000769_ref,7,7,8,0,0.4667,1.0
GP010400_frame_000769_rain1,7,6,7,1,0.4615,0.8571
GP010400_frame_000769_rain2,7,4,0,3,1.0,0.5714
GP010400_frame_000769_rain3,7,2,0,5,1.0,0.2857
GP010400_frame_000769_blur1,7,6,4,1,0.6,0.8571
GP010400_frame_000769_blur2,7,5,0,2,1.0,0.7143
GP010400_frame_000769_blur3,7,5,0,2,1.0,0.7143
GP010400_frame_000769_blur4,7,2,0,5,1.0,0.2857
GP010400_frame_000769_noise1,7,6,3,1,0.6667,0.8571
GP010400_frame_000769_noise2,7,3,0,4,1.0,0.4286
GP010400_frame_000769_noise3,7,0,0,7,0.0,0.0
GP010400_frame_000769_dark1,7,4,5,3,0.4444,0.5714
GP010400_frame_000769_dark2,7,4,2,3,0.6667,0.5714
GP010400_frame_000769_overexposure1,7,7,6,0,0.5385,1.0
GP010400_frame_000769_overexposure2,7,6,7,1,0.4615,0.8571
GP010400_frame_000778_ref,24,24,10,0,0.7059,1.0
GP010400_frame_000778_rain1,24,24,10,0,0.7059,1.0
GP010400_frame_000778_rain2,24,22,5,2,0.8148,0.9167
GP010400_frame_000778_rain3,24,9,0,15,1.0,0.375
GP010400_frame_000778_blur1,24,24,5,0,0.8276,1.0
GP010400_frame_000778_blur2,24,23,7,1,0.7667,0.9583
GP010400_frame_000778_blur3,24,19,3,5,0.8636,0.7917
GP010400_frame_000778_blur4,24,9,0,15,1.0,0.375
GP010400_frame_000778_noise1,24,24,8,0,0.75,1.0
GP010400_frame_000778_noise2,24,20,4,4,0.8333,0.8333
GP010400_frame_000778_noise3,24,11,1,13,0.9167,0.4583
GP010400_frame_000778_dark1,24,24,9,0,0.7273,1.0
GP010400_frame_000778_dark2,24,23,4,1,0.8519,0.9583
GP010400_frame_000778_overexposure1,24,24,10,0,0.7059,1.0
GP010400_frame_000778_overexposure2,24,21,10,3,0.6774,0.875
GP010400_frame_000786_ref,11,11,5,0,0.6875,1.0
GP010400_frame_000786_rain1,11,10,3,1,0.7692,0.9091
GP010400_frame_000786_rain2,11,9,1,2,0.9,0.8182
GP010400_frame_000786_rain3,11,4,1,7,0.8,0.3636
GP010400_frame_000786_blur1,11,10,5,1,0.6667,0.9091
GP010400_frame_000786_blur2,11,9,3,2,0.75,0.8182
GP010400_frame_000786_blur3,11,8,3,3,0.7273,0.7273
GP010400_frame_000786_blur4,11,1,0,10,1.0,0.0909
GP010400_frame_000786_noise1,11,9,2,2,0.8182,0.8182
GP010400_frame_000786_noise2,11,8,2,3,0.8,0.7273
GP010400_frame_000786_noise3,11,5,1,6,0.8333,0.4545
GP010400_frame_000786_dark1,11,10,4,1,0.7143,0.9091
GP010400_frame_000786_dark2,11,8,1,3,0.8889,0.7273
GP010400_frame_000786_overexposure1,11,11,5,0,0.6875,1.0
GP010400_frame_000786_overexposure2,11,9,5,2,0.6429,0.8182
GP010400_frame_000810_ref,14,12,14,2,0.4615,0.8571
GP010400_frame_000810_rain1,14,12,9,2,0.5714,0.8571
GP010400_frame_000810_rain2,14,12,5,2,0.7059,0.8571
GP010400_frame_000810_rain3,14,3,0,11,1.0,0.2143
GP010400_frame_000810_blur1,14,11,8,3,0.5789,0.7857
GP010400_frame_000810_blur2,14,8,4,6,0.6667,0.5714
GP010400_frame_000810_blur3,14,4,1,10,0.8,0.2857
GP010400_frame_000810_blur4,14,1,1,13,0.5,0.0714
GP010400_frame_000810_noise1,14,10,10,4,0.5,0.7143
GP010400_frame_000810_noise2,14,7,2,7,0.7778,0.5
GP010400_frame_000810_noise3,14,2,0,12,1.0,0.1429
GP010400_frame_000810_dark1,14,12,10,2,0.5455,0.8571
GP010400_frame_000810_dark2,14,9,6,5,0.6,0.6429
GP010400_frame_000810_overexposure1,14,11,7,3,0.6111,0.7857
GP010400_frame_000810_overexposure2,14,9,9,5,0.5,0.6429
GP010400_frame_000818_ref,7,7,9,0,0.4375,1.0
GP010400_frame_000818_rain1,7,7,9,0,0.4375,1.0
GP010400_frame_000818_rain2,7,7,8,0,0.4667,1.0
GP010400_frame_000818_rain3,7,2,1,5,0.6667,0.2857
GP010400_frame_000818_blur1,7,7,8,0,0.4667,1.0
GP010400_frame_000818_blur2,7,7,5,0,0.5833,1.0
GP010400_frame_000818_blur3,7,6,3,1,0.6667,0.8571
GP010400_frame_000818_blur4,7,2,0,5,1.0,0.2857
GP010400_frame_000818_noise1,7,7,8,0,0.4667,1.0
GP010400_frame_000818_noise2,7,7,4,0,0.6364,1.0
GP010400_frame_000818_noise3,7,3,0,4,1.0,0.4286
GP010400_frame_000818_dark1,7,7,7,0,0.5,1.0
GP010400_frame_000818_dark2,7,6,5,1,0.5455,0.8571
GP010400_frame_000818_overexposure1,7,7,9,0,0.4375,1.0
GP010400_frame_000818_overexposure2,7,6,10,1,0.375,0.8571
GP010400_frame_000824_ref,3,3,8,0,0.2727,1.0
GP010400_frame_000824_rain1,3,3,10,0,0.2308,1.0
GP010400_frame_000824_rain2,3,2,2,1,0.5,0.6667
GP010400_frame_000824_rain3,3,1,0,2,1.0,0.3333
GP010400_frame_000824_blur1,3,3,8,0,0.2727,1.0
GP010400_frame_000824_blur2,3,3,5,0,0.375,1.0
GP010400_frame_000824_blur3,3,3,0,0,1.0,1.0
GP010400_frame_000824_blur4,3,1,0,2,1.0,0.3333
GP010400_frame_000824_noise1,3,3,8,0,0.2727,1.0
GP010400_frame_000824_noise2,3,2,2,1,0.5,0.6667
GP010400_frame_000824_noise3,3,1,0,2,1.0,0.3333
GP010400_frame_000824_dark1,3,3,8,0,0.2727,1.0
GP010400_frame_000824_dark2,3,3,2,0,0.6,1.0
GP010400_frame_000824_overexposure1,3,3,6,0,0.3333,1.0
GP010400_frame_000824_overexposure2,3,1,1,2,0.5,0.3333
GP010400_frame_000832_ref,7,7,3,0,0.7,1.0
GP010400_frame_000832_rain1,7,7,3,0,0.7,1.0
GP010400_frame_000832_rain2,7,7,4,0,0.6364,1.0
GP010400_frame_000832_rain3,7,4,1,3,0.8,0.5714
GP010400_frame_000832_blur1,7,7,2,0,0.7778,1.0
GP010400_frame_000832_blur2,7,6,1,1,0.8571,0.8571
GP010400_frame_000832_blur3,7,6,0,1,1.0,0.8571
GP010400_frame_000832_blur4,7,5,1,2,0.8333,0.7143
GP010400_frame_000832_noise1,7,7,2,0,0.7778,1.0
GP010400_frame_000832_noise2,7,6,0,1,1.0,0.8571
GP010400_frame_000832_noise3,7,6,0,1,1.0,0.8571
GP010400_frame_000832_dark1,7,7,3,0,0.7,1.0
GP010400_frame_000832_dark2,7,6,0,1,1.0,0.8571
GP010400_frame_000832_overexposure1,7,7,3,0,0.7,1.0
GP010400_frame_000832_overexposure2,7,6,4,1,0.6,0.8571
GP010400_frame_000852_ref,6,6,2,0,0.75,1.0
GP010400_frame_000852_rain1,6,6,4,0,0.6,1.0
GP010400_frame_000852_rain2,6,5,1,1,0.8333,0.8333
GP010400_frame_000852_rain3,6,3,2,3,0.6,0.5
GP010400_frame_000852_blur1,6,6,1,0,0.8571,1.0
GP010400_frame_000852_blur2,6,6,1,0,0.8571,1.0
GP010400_frame_000852_blur3,6,5,0,1,1.0,0.8333
GP010400_frame_000852_blur4,6,2,0,4,1.0,0.3333
GP010400_frame_000852_noise1,6,6,0,0,1.0,1.0
GP010400_frame_000852_noise2,6,5,1,1,0.8333,0.8333
GP010400_frame_000852_noise3,6,3,0,3,1.0,0.5
GP010400_frame_000852_dark1,6,6,3,0,0.6667,1.0
GP010400_frame_000852_dark2,6,5,2,1,0.7143,0.8333
GP010400_frame_000852_overexposure1,6,6,3,0,0.6667,1.0
GP010400_frame_000852_overexposure2,6,5,1,1,0.8333,0.8333
GP010400_frame_000859_ref,3,3,2,0,0.6,1.0
GP010400_frame_000859_rain1,3,3,0,0,1.0,1.0
GP010400_frame_000859_rain2,3,3,0,0,1.0,1.0
GP010400_frame_000859_rain3,3,3,0,0,1.0,1.0
GP010400_frame_000859_blur1,3,3,1,0,0.75,1.0
GP010400_frame_000859_blur2,3,3,0,0,1.0,1.0
GP010400_frame_000859_blur3,3,3,0,0,1.0,1.0
GP010400_frame_000859_blur4,3,1,0,2,1.0,0.3333
GP010400_frame_000859_noise1,3,3,0,0,1.0,1.0
GP010400_frame_000859_noise2,3,3,0,0,1.0,1.0
GP010400_frame_000859_noise3,3,2,0,1,1.0,0.6667
GP010400_frame_000859_dark1,3,3,0,0,1.0,1.0
GP010400_frame_000859_dark2,3,3,0,0,1.0,1.0
GP010400_frame_000859_overexposure1,3,3,1,0,0.75,1.0
GP010400_frame_000859_overexposure2,3,3,2,0,0.6,1.0
GP010400_frame_000864_ref,5,5,1,0,0.8333,1.0
GP010400_frame_000864_rain1,5,5,2,0,0.7143,1.0
GP010400_frame_000864_rain2,5,4,2,1,0.6667,0.8
GP010400_frame_000864_rain3,5,4,0,1,1.0,0.8
GP010400_frame_000864_blur1,5,5,1,0,0.8333,1.0
GP010400_frame_000864_blur2,5,5,0,0,1.0,1.0
GP010400_frame_000864_blur3,5,5,1,0,0.8333,1.0
GP010400_frame_000864_blur4,5,1,0,4,1.0,0.2
GP010400_frame_000864_noise1,5,5,1,0,0.8333,1.0
GP010400_frame_000864_noise2,5,5,0,0,1.0,1.0
GP010400_frame_000864_noise3,5,1,0,4,1.0,0.2
GP010400_frame_000864_dark1,5,5,1,0,0.8333,1.0
GP010400_frame_000864_dark2,5,5,1,0,0.8333,1.0
GP010400_frame_000864_overexposure1,5,5,1,0,0.8333,1.0
GP010400_frame_000864_overexposure2,5,4,3,1,0.5714,0.8
GP010400_frame_000869_ref,3,3,1,0,0.75,1.0
GP010400_frame_000869_rain1,3,3,1,0,0.75,1.0
GP010400_frame_000869_rain2,3,3,1,0,0.75,1.0
GP010400_frame_000869_rain3,3,3,0,0,1.0,1.0
GP010400_frame_000869_blur1,3,3,1,0,0.75,1.0
GP010400_frame_000869_blur2,3,3,1,0,0.75,1.0
GP010400_frame_000869_blur3,3,3,0,0,1.0,1.0
GP010400_frame_000869_blur4,3,3,0,0,1.0,1.0
GP010400_frame_000869_noise1,3,3,1,0,0.75,1.0
GP010400_frame_000869_noise2,3,3,0,0,1.0,1.0
GP010400_frame_000869_noise3,3,2,0,1,1.0,0.6667
GP010400_frame_000869_dark1,3,3,1,0,0.75,1.0
GP010400_frame_000869_dark2,3,3,1,0,0.75,1.0
GP010400_frame_000869_overexposure1,3,3,1,0,0.75,1.0
GP010400_frame_000869_overexposure2,3,3,1,0,0.75,1.0
GP010400_frame_000889_ref,8,8,2,0,0.8,1.0
GP010400_frame_000889_rain1,8,8,1,0,0.8889,1.0
GP010400_frame_000889_rain2,8,6,3,2,0.6667,0.75
GP010400_frame_000889_rain3,8,2,0,6,1.0,0.25
GP010400_frame_000889_blur1,8,8,1,0,0.8889,1.0
GP010400_frame_000889_blur2,8,8,1,0,0.8889,1.0
GP010400_frame_000889_blur3,8,8,0,0,1.0,1.0
GP010400_frame_000889_blur4,8,7,0,1,1.0,0.875
GP010400_frame_000889_noise1,8,8,1,0,0.8889,1.0
GP010400_frame_000889_noise2,8,7,0,1,1.0,0.875
GP010400_frame_000889_noise3,8,4,0,4,1.0,0.5
GP010400_frame_000889_dark1,8,8,0,0,1.0,1.0
GP010400_frame_000889_dark2,8,8,0,0,1.0,1.0
GP010400_frame_000889_overexposure1,8,8,2,0,0.8,1.0
GP010400_frame_000889_overexposure2,8,8,2,0,0.8,1.0
GP010400_frame_000913_ref,2,2,5,0,0.2857,1.0
GP010400_frame_000913_rain1,2,2,3,0,0.4,1.0
GP010400_frame_000913_rain2,2,2,0,0,1.0,1.0
GP010400_frame_000913_rain3,2,1,0,1,1.0,0.5
GP010400_frame_000913_blur1,2,2,2,0,0.5,1.0
GP010400_frame_000913_blur2,2,2,1,0,0.6667,1.0
GP010400_frame_000913_blur3,2,1,0,1,1.0,0.5
GP010400_frame_000913_blur4,2,0,0,2,0.0,0.0
GP010400_frame_000913_noise1,2,2,1,0,0.6667,1.0
GP010400_frame_000913_noise2,2,1,1,1,0.5,0.5
GP010400_frame_000913_noise3,2,1,0,1,1.0,0.5
GP010400_frame_000913_dark1,2,2,3,0,0.4,1.0
GP010400_frame_000913_dark2,2,2,0,0,1.0,1.0
GP010400_frame_000913_overexposure1,2,2,4,0,0.3333,1.0
GP010400_frame_000913_overexposure2,2,2,3,0,0.4,1.0
GP010400_frame_000919_ref,8,7,13,1,0.35,0.875
GP010400_frame_000919_rain1,8,7,9,1,0.4375,0.875
GP010400_frame_000919_rain2,8,7,6,1,0.5385,0.875
GP010400_frame_000919_rain3,8,3,1,5,0.75,0.375
GP010400_frame_000919_blur1,8,7,3,1,0.7,0.875
GP010400_frame_000919_blur2,8,5,4,3,0.5556,0.625
GP010400_frame_000919_blur3,8,4,1,4,0.8,0.5
GP010400_frame_000919_blur4,8,1,2,7,0.3333,0.125
GP010400_frame_000919_noise1,8,7,9,1,0.4375,0.875
GP010400_frame_000919_noise2,8,5,1,3,0.8333,0.625
GP010400_frame_000919_noise3,8,3,0,5,1.0,0.375
GP010400_frame_000919_dark1,8,8,8,0,0.5,1.0
GP010400_frame_000919_dark2,8,6,4,2,0.6,0.75
GP010400_frame_000919_overexposure1,8,7,9,1,0.4375,0.875
GP010400_frame_000919_overexposure2,8,4,3,4,0.5714,0.5
GP010400_frame_000939_ref,6,6,3,0,0.6667,1.0
GP010400_frame_000939_rain1,6,6,2,0,0.75,1.0
GP010400_frame_000939_rain2,6,4,3,2,0.5714,0.6667
GP010400_frame_000939_rain3,6,0,0,6,0.0,0.0
GP010400_frame_000939_blur1,6,5,2,1,0.7143,0.8333
GP010400_frame_000939_blur2,6,5,3,1,0.625,0.8333
GP010400_frame_000939_blur3,6,4,0,2,1.0,0.6667
GP010400_frame_000939_blur4,6,0,0,6,0.0,0.0
GP010400_frame_000939_noise1,6,5,2,1,0.7143,0.8333
GP010400_frame_000939_noise2,6,4,1,2,0.8,0.6667
GP010400_frame_000939_noise3,6,2,0,4,1.0,0.3333
GP010400_frame_000939_dark1,6,5,1,1,0.8333,0.8333
GP010400_frame_000939_dark2,6,4,2,2,0.6667,0.6667
GP010400_frame_000939_overexposure1,6,6,1,0,0.8571,1.0
GP010400_frame_000939_overexposure2,6,5,2,1,0.7143,0.8333
GP010400_frame_000959_ref,8,8,2,0,0.8,1.0
GP010400_frame_000959_rain1,8,6,2,2,0.75,0.75
GP010400_frame_000959_rain2,8,5,1,3,0.8333,0.625
GP010400_frame_000959_rain3,8,1,0,7,1.0,0.125
GP010400_frame_000959_blur1,8,6,2,2,0.75,0.75
GP010400_frame_000959_blur2,8,6,2,2,0.75,0.75
GP010400_frame_000959_blur3,8,3,0,5,1.0,0.375
GP010400_frame_000959_blur4,8,2,0,6,1.0,0.25
GP010400_frame_000959_noise1,8,7,3,1,0.7,0.875
GP010400_frame_000959_noise2,8,4,1,4,0.8,0.5
GP010400_frame_000959_noise3,8,3,2,5,0.6,0.375
GP010400_frame_000959_dark1,8,7,2,1,0.7778,0.875
GP010400_frame_000959_dark2,8,5,2,3,0.7143,0.625
GP010400_frame_000959_overexposure1,8,7,2,1,0.7778,0.875
GP010400_frame_000959_overexposure2,8,3,0,5,1.0,0.375
GP010400_frame_000970_ref,7,5,3,2,0.625,0.7143
GP010400_frame_000970_rain1,7,4,6,3,0.4,0.5714
GP010400_frame_000970_rain2,7,2,1,5,0.6667,0.2857
GP010400_frame_000970_rain3,7,0,0,7,0.0,0.0
GP010400_frame_000970_blur1,7,6,3,1,0.6667,0.8571
GP010400_frame_000970_blur2,7,5,4,2,0.5556,0.7143
GP010400_frame_000970_blur3,7,5,2,2,0.7143,0.7143
GP010400_frame_000970_blur4,7,2,1,5,0.6667,0.2857
GP010400_frame_000970_noise1,7,7,1,0,0.875,1.0
GP010400_frame_000970_noise2,7,5,1,2,0.8333,0.7143
GP010400_frame_000970_noise3,7,1,0,6,1.0,0.1429
GP010400_frame_000970_dark1,7,6,1,1,0.8571,0.8571
GP010400_frame_000970_dark2,7,4,1,3,0.8,0.5714
GP010400_frame_000970_overexposure1,7,6,5,1,0.5455,0.8571
GP010400_frame_000970_overexposure2,7,5,4,2,0.5556,0.7143
GP010400_frame_001033_ref,3,3,0,0,1.0,1.0
GP010400_frame_001033_rain1,3,3,1,0,0.75,1.0
GP010400_frame_001033_rain2,3,2,0,1,1.0,0.6667
GP010400_frame_001033_rain3,3,0,0,3,0.0,0.0
GP010400_frame_001033_blur1,3,3,1,0,0.75,1.0
GP010400_frame_001033_blur2,3,2,2,1,0.5,0.6667
GP010400_frame_001033_blur3,3,1,1,2,0.5,0.3333
GP010400_frame_001033_blur4,3,1,0,2,1.0,0.3333
GP010400_frame_001033_noise1,3,2,3,1,0.4,0.6667
GP010400_frame_001033_noise2,3,1,1,2,0.5,0.3333
GP010400_frame_001033_noise3,3,1,0,2,1.0,0.3333
GP010400_frame_001033_dark1,3,3,1,0,0.75,1.0
GP010400_frame_001033_dark2,3,2,3,1,0.4,0.6667
GP010400_frame_001033_overexposure1,3,3,0,0,1.0,1.0
GP010400_frame_001033_overexposure2,3,3,1,0,0.75,1.0
GP010400_frame_001057_ref,7,7,6,0,0.5385,1.0
GP010400_frame_001057_rain1,7,7,6,0,0.5385,1.0
GP010400_frame_001057_rain2,7,7,0,0,1.0,1.0
GP010400_frame_001057_rain3,7,2,0,5,1.0,0.2857
GP010400_frame_001057_blur1,7,7,5,0,0.5833,1.0
GP010400_frame_001057_blur2,7,7,2,0,0.7778,1.0
GP010400_frame_001057_blur3,7,6,1,1,0.8571,0.8571
GP010400_frame_001057_blur4,7,0,2,7,0.0,0.0
GP010400_frame_001057_noise1,7,7,3,0,0.7,1.0
GP010400_frame_001057_noise2,7,7,0,0,1.0,1.0
GP010400_frame_001057_noise3,7,0,0,7,0.0,0.0
GP010400_frame_001057_dark1,7,7,5,0,0.5833,1.0
GP010400_frame_001057_dark2,7,7,3,0,0.7,1.0
GP010400_frame_001057_overexposure1,7,7,7,0,0.5,1.0
GP010400_frame_001057_overexposure2,7,7,8,0,0.4667,1.0
GP010402_frame_000326_ref,3,3,2,0,0.6,1.0
GP010402_frame_000326_rain1,3,1,1,2,0.5,0.3333
GP010402_frame_000326_rain2,3,0,0,3,0.0,0.0
GP010402_frame_000326_rain3,3,0,0,3,0.0,0.0
GP010402_frame_000326_blur1,3,2,0,1,1.0,0.6667
GP010402_frame_000326_blur2,3,1,0,2,1.0,0.3333
GP010402_frame_000326_blur3,3,1,0,2,1.0,0.3333
GP010402_frame_000326_blur4,3,0,1,3,0.0,0.0
GP010402_frame_000326_noise1,3,2,1,1,0.6667,0.6667
GP010402_frame_000326_noise2,3,1,0,2,1.0,0.3333
GP010402_frame_000326_noise3,3,0,0,3,0.0,0.0
GP010402_frame_000326_dark1,3,2,0,1,1.0,0.6667
GP010402_frame_000326_dark2,3,0,0,3,0.0,0.0
GP010402_frame_000326_overexposure1,3,2,1,1,0.6667,0.6667
GP010402_frame_000326_overexposure2,3,3,1,0,0.75,1.0
GP010402_frame_000336_ref,4,4,4,0,0.5,1.0
GP010402_frame_000336_rain1,4,4,5,0,0.4444,1.0
GP010402_frame_000336_rain2,4,3,3,1,0.5,0.75
GP010402_frame_000336_rain3,4,0,0,4,0.0,0.0
GP010402_frame_000336_blur1,4,4,2,0,0.6667,1.0
GP010402_frame_000336_blur2,4,4,3,0,0.5714,1.0
GP010402_frame_000336_blur3,4,3,1,1,0.75,0.75
GP010402_frame_000336_blur4,4,0,0,4,0.0,0.0
GP010402_frame_000336_noise1,4,4,2,0,0.6667,1.0
GP010402_frame_000336_noise2,4,3,3,1,0.5,0.75
GP010402_frame_000336_noise3,4,0,0,4,0.0,0.0
GP010402_frame_000336_dark1,4,4,3,0,0.5714,1.0
GP010402_frame_000336_dark2,4,4,3,0,0.5714,1.0
GP010402_frame_000336_overexposure1,4,4,3,0,0.5714,1.0
GP010402_frame_000336_overexposure2,4,4,5,0,0.4444,1.0
GP010402_frame_000343_ref,4,4,6,0,0.4,1.0
GP010402_frame_000343_rain1,4,4,4,0,0.5,1.0
GP010402_frame_000343_rain2,4,4,3,0,0.5714,1.0
GP010402_frame_000343_rain3,4,0,0,4,0.0,0.0
GP010402_frame_000343_blur1,4,4,4,0,0.5,1.0
GP010402_frame_000343_blur2,4,4,3,0,0.5714,1.0
GP010402_frame_000343_blur3,4,1,1,3,0.5,0.25
GP010402_frame_000343_blur4,4,1,1,3,0.5,0.25
GP010402_frame_000343_noise1,4,4,4,0,0.5,1.0
GP010402_frame_000343_noise2,4,4,1,0,0.8,1.0
GP010402_frame_000343_noise3,4,2,0,2,1.0,0.5
GP010402_frame_000343_dark1,4,4,4,0,0.5,1.0
GP010402_frame_000343_dark2,4,3,3,1,0.5,0.75
GP010402_frame_000343_overexposure1,4,4,6,0,0.4,1.0
GP010402_frame_000343_overexposure2,4,4,5,0,0.4444,1.0
GP010402_frame_000363_ref,3,2,6,1,0.25,0.6667
GP010402_frame_000363_rain1,3,2,7,1,0.2222,0.6667
GP010402_frame_000363_rain2,3,2,4,1,0.3333,0.6667
GP010402_frame_000363_rain3,3,0,0,3,0.0,0.0
GP010402_frame_000363_blur1,3,2,5,1,0.2857,0.6667
GP010402_frame_000363_blur2,3,2,6,1,0.25,0.6667
GP010402_frame_000363_blur3,3,1,1,2,0.5,0.3333
GP010402_frame_000363_blur4,3,0,1,3,0.0,0.0
GP010402_frame_000363_noise1,3,2,7,1,0.2222,0.6667
GP010402_frame_000363_noise2,3,2,3,1,0.4,0.6667
GP010402_frame_000363_noise3,3,0,0,3,0.0,0.0
GP010402_frame_000363_dark1,3,2,7,1,0.2222,0.6667
GP010402_frame_000363_dark2,3,2,4,1,0.3333,0.6667
GP010402_frame_000363_overexposure1,3,2,8,1,0.2,0.6667
GP010402_frame_000363_overexposure2,3,2,5,1,0.2857,0.6667
GP010402_frame_000373_ref,0,0,1,0,0.0,
GP010402_frame_000373_rain1,0,0,1,0,0.0,
GP010402_frame_000373_rain2,0,0,2,0,0.0,
GP010402_frame_000373_rain3,0,0,0,0,0.0,
GP010402_frame_000373_blur1,0,0,2,0,0.0,
GP010402_frame_000373_blur2,0,0,3,0,0.0,
GP010402_frame_000373_blur3,0,0,0,0,0.0,
GP010402_frame_000373_blur4,0,0,0,0,0.0,
GP010402_frame_000373_noise1,0,0,1,0,0.0,
GP010402_frame_000373_noise2,0,0,0,0,0.0,
GP010402_frame_000373_noise3,0,0,0,0,0.0,
GP010402_frame_000373_dark1,0,0,1,0,0.0,
GP010402_frame_000373_dark2,0,0,0,0,0.0,
GP010402_frame_000373_overexposure1,0,0,1,0,0.0,
GP010402_frame_000373_overexposure2,0,0,1,0,0.0,
GP010402_frame_000383_ref,4,4,1,0,0.8,1.0
GP010402_frame_000383_rain1,4,3,1,1,0.75,0.75
GP010402_frame_000383_rain2,4,1,2,3,0.3333,0.25
GP010402_frame_000383_rain3,4,1,1,3,0.5,0.25
GP010402_frame_000383_blur1,4,4,2,0,0.6667,1.0
GP010402_frame_000383_blur2,4,3,1,1,0.75,0.75
GP010402_frame_000383_blur3,4,3,2,1,0.6,0.75
GP010402_frame_000383_blur4,4,0,0,4,0.0,0.0
GP010402_frame_000383_noise1,4,4,3,0,0.5714,1.0
GP010402_frame_000383_noise2,4,4,1,0,0.8,1.0
GP010402_frame_000383_noise3,4,1,1,3,0.5,0.25
GP010402_frame_000383_dark1,4,4,2,0,0.6667,1.0
GP010402_frame_000383_dark2,4,4,3,0,0.5714,1.0
GP010402_frame_000383_overexposure1,4,4,1,0,0.8,1.0
GP010402_frame_000383_overexposure2,4,3,1,1,0.75,0.75
GP010402_frame_000401_ref,0,0,4,0,0.0,
GP010402_frame_000401_rain1,0,0,2,0,0.0,
GP010402_frame_000401_rain2,0,0,1,0,0.0,
GP010402_frame_000401_rain3,0,0,0,0,0.0,
GP010402_frame_000401_blur1,0,0,1,0,0.0,
GP010402_frame_000401_blur2,0,0,1,0,0.0,
GP010402_frame_000401_blur3,0,0,0,0,0.0,
GP010402_frame_000401_blur4,0,0,0,0,0.0,
GP010402_frame_000401_noise1,0,0,3,0,0.0,
GP010402_frame_000401_noise2,0,0,0,0,0.0,
GP010402_frame_000401_noise3,0,0,0,0,0.0,
GP010402_frame_000401_dark1,0,0,2,0,0.0,
GP010402_frame_000401_dark2,0,0,1,0,0.0,
GP010402_frame_000401_overexposure1,0,0,3,0,0.0,
GP010402_frame_000401_overexposure2,0,0,2,0,0.0,
GP010402_frame_000406_ref,4,4,1,0,0.8,1.0
GP010402_frame_000406_rain1,4,4,2,0,0.6667,1.0
GP010402_frame_000406_rain2,4,4,3,0,0.5714,1.0
GP010402_frame_000406_rain3,4,2,0,2,1.0,0.5
GP010402_frame_000406_blur1,4,4,2,0,0.6667,1.0
GP010402_frame_000406_blur2,4,4,1,0,0.8,1.0
GP010402_frame_000406_blur3,4,2,0,2,1.0,0.5
GP010402_frame_000406_blur4,4,2,0,2,1.0,0.5
GP010402_frame_000406_noise1,4,4,2,0,0.6667,1.0
GP010402_frame_000406_noise2,4,2,0,2,1.0,0.5
GP010402_frame_000406_noise3,4,2,2,2,0.5,0.5
GP010402_frame_000406_dark1,4,4,1,0,0.8,1.0
GP010402_frame_000406_dark2,4,4,0,0,1.0,1.0
GP010402_frame_000406_overexposure1,4,4,1,0,0.8,1.0
GP010402_frame_000406_overexposure2,4,4,0,0,1.0,1.0
GP010402_frame_000411_ref,4,4,6,0,0.4,1.0
GP010402_frame_000411_rain1,4,4,5,0,0.4444,1.0
GP010402_frame_000411_rain2,4,2,1,2,0.6667,0.5
GP010402_frame_000411_rain3,4,1,0,3,1.0,0.25
GP010402_frame_000411_blur1,4,4,5,0,0.4444,1.0
GP010402_frame_000411_blur2,4,3,2,1,0.6,0.75
GP010402_frame_000411_blur3,4,2,3,2,0.4,0.5
GP010402_frame_000411_blur4,4,1,0,3,1.0,0.25
GP010402_frame_000411_noise1,4,4,3,0,0.5714,1.0
GP010402_frame_000411_noise2,4,2,3,2,0.4,0.5
GP010402_frame_000411_noise3,4,0,0,4,0.0,0.0
GP010402_frame_000411_dark1,4,4,4,0,0.5,1.0
GP010402_frame_000411_dark2,4,2,2,2,0.5,0.5
GP010402_frame_000411_overexposure1,4,4,7,0,0.3636,1.0
GP010402_frame_000411_overexposure2,4,4,6,0,0.4,1.0
GP010402_frame_000416_ref,4,4,2,0,0.6667,1.0
GP010402_frame_000416_rain1,4,4,3,0,0.5714,1.0
GP010402_frame_000416_rain2,4,4,0,0,1.0,1.0
GP010402_frame_000416_rain3,4,0,0,4,0.0,0.0
GP010402_frame_000416_blur1,4,4,2,0,0.6667,1.0
GP010402_frame_000416_blur2,4,3,1,1,0.75,0.75
GP010402_frame_000416_blur3,4,2,1,2,0.6667,0.5
GP010402_frame_000416_blur4,4,0,0,4,0.0,0.0
GP010402_frame_000416_noise1,4,4,3,0,0.5714,1.0
GP010402_frame_000416_noise2,4,3,1,1,0.75,0.75
GP010402_frame_000416_noise3,4,0,0,4,0.0,0.0
GP010402_frame_000416_dark1,4,4,2,0,0.6667,1.0
GP010402_frame_000416_dark2,4,4,1,0,0.8,1.0
GP010402_frame_000416_overexposure1,4,4,2,0,0.6667,1.0
GP010402_frame_000416_overexposure2,4,4,4,0,0.5,1.0
GP010402_frame_000423_ref,7,6,7,1,0.4615,0.8571
GP010402_frame_000423_rain1,7,6,4,1,0.6,0.8571
GP010402_frame_000423_rain2,7,5,1,2,0.8333,0.7143
GP010402_frame_000423_rain3,7,2,0,5,1.0,0.2857
GP010402_frame_000423_blur1,7,6,6,1,0.5,0.8571
GP010402_frame_000423_blur2,7,6,3,1,0.6667,0.8571
GP010402_frame_000423_blur3,7,5,1,2,0.8333,0.7143
GP010402_frame_000423_blur4,7,2,0,5,1.0,0.2857
GP010402_frame_000423_noise1,7,7,4,0,0.6364,1.0
GP010402_frame_000423_noise2,7,5,5,2,0.5,0.7143
GP010402_frame_000423_noise3,7,2,1,5,0.6667,0.2857
GP010402_frame_000423_dark1,7,6,5,1,0.5455,0.8571
GP010402_frame_000423_dark2,7,5,1,2,0.8333,0.7143
GP010402_frame_000423_overexposure1,7,7,5,0,0.5833,1.0
GP010402_frame_000423_overexposure2,7,7,4,0,0.6364,1.0
GP010402_frame_000443_ref,8,8,3,0,0.7273,1.0
GP010402_frame_000443_rain1,8,6,3,2,0.6667,0.75
GP010402_frame_000443_rain2,8,5,0,3,1.0,0.625
GP010402_frame_000443_rain3,8,0,0,8,0.0,0.0
GP010402_frame_000443_blur1,8,7,2,1,0.7778,0.875
GP010402_frame_000443_blur2,8,7,0,1,1.0,0.875
GP010402_frame_000443_blur3,8,4,1,4,0.8,0.5
GP010402_frame_000443_blur4,8,2,0,6,1.0,0.25
GP010402_frame_000443_noise1,8,5,1,3,0.8333,0.625
GP010402_frame_000443_noise2,8,4,3,4,0.5714,0.5
GP010402_frame_000443_noise3,8,2,0,6,1.0,0.25
GP010402_frame_000443_dark1,8,6,1,2,0.8571,0.75
GP010402_frame_000443_dark2,8,4,1,4,0.8,0.5
GP010402_frame_000443_overexposure1,8,8,4,0,0.6667,1.0
GP010402_frame_000443_overexposure2,8,8,4,0,0.6667,1.0
GP010402_frame_000463_ref,5,5,5,0,0.5,1.0
GP010402_frame_000463_rain1,5,5,5,0,0.5,1.0
GP010402_frame_000463_rain2,5,5,2,0,0.7143,1.0
GP010402_frame_000463_rain3,5,4,0,1,1.0,0.8
GP010402_frame_000463_blur1,5,5,4,0,0.5556,1.0
GP010402_frame_000463_blur2,5,5,3,0,0.625,1.0
GP010402_frame_000463_blur3,5,4,0,1,1.0,0.8
GP010402_frame_000463_blur4,5,4,0,1,1.0,0.8
GP010402_frame_000463_noise1,5,5,4,0,0.5556,1.0
GP010402_frame_000463_noise2,5,4,1,1,0.8,0.8
GP010402_frame_000463_noise3,5,2,1,3,0.6667,0.4
GP010402_frame_000463_dark1,5,5,4,0,0.5556,1.0
GP010402_frame_000463_dark2,5,4,1,1,0.8,0.8
GP010402_frame_000463_overexposure1,5,5,5,0,0.5,1.0
GP010402_frame_000463_overexposure2,5,5,5,0,0.5,1.0
GP010402_frame_000478_ref,3,3,4,0,0.4286,1.0
GP010402_frame_000478_rain1,3,3,4,0,0.4286,1.0
GP010402_frame_000478_rain2,3,1,0,2,1.0,0.3333
GP010402_frame_000478_rain3,3,0,0,3,0.0,0.0
GP010402_frame_000478_blur1,3,3,2,0,0.6,1.0
GP010402_frame_000478_blur2,3,3,1,0,0.75,1.0
GP010402_frame_000478_blur3,3,2,1,1,0.6667,0.6667
GP010402_frame_000478_blur4,3,1,0,2,1.0,0.3333
GP010402_frame_000478_noise1,3,3,1,0,0.75,1.0
GP010402_frame_000478_noise2,3,3,0,0,1.0,1.0
GP010402_frame_000478_noise3,3,0,0,3,0.0,0.0
GP010402_frame_000478_dark1,3,3,2,0,0.6,1.0
GP010402_frame_000478_dark2,3,2,0,1,1.0,0.6667
GP010402_frame_000478_overexposure1,3,3,3,0,0.5,1.0
GP010402_frame_000478_overexposure2,3,3,4,0,0.4286,1.0
GP010402_frame_000484_ref,2,2,5,0,0.2857,1.0
GP010402_frame_000484_rain1,2,2,3,0,0.4,1.0
GP010402_frame_000484_rain2,2,1,3,1,0.25,0.5
GP010402_frame_000484_rain3,2,0,0,2,0.0,0.0
GP010402_frame_000484_blur1,2,2,5,0,0.2857,1.0
GP010402_frame_000484_blur2,2,2,3,0,0.4,1.0
GP010402_frame_000484_blur3,2,1,1,1,0.5,0.5
GP010402_frame_000484_blur4,2,0,0,2,0.0,0.0
GP010402_frame_000484_noise1,2,2,2,0,0.5,1.0
GP010402_frame_000484_noise2,2,1,2,1,0.3333,0.5
GP010402_frame_000484_noise3,2,0,0,2,0.0,0.0
GP010402_frame_000484_dark1,2,2,2,0,0.5,1.0
GP010402_frame_000484_dark2,2,1,2,1,0.3333,0.5
GP010402_frame_000484_overexposure1,2,2,4,0,0.3333,1.0
GP010402_frame_000484_overexposure2,2,2,3,0,0.4,1.0
GP010402_frame_000491_ref,5,3,2,2,0.6,0.6
GP010402_frame_000491_rain1,5,3,1,2,0.75,0.6
GP010402_frame_000491_rain2,5,3,1,2,0.75,0.6
GP010402_frame_000491_rain3,5,2,1,3,0.6667,0.4
GP010402_frame_000491_blur1,5,3,1,2,0.75,0.6
GP010402_frame_000491_blur2,5,3,0,2,1.0,0.6
GP010402_frame_000491_blur3,5,2,0,3,1.0,0.4
GP010402_frame_000491_blur4,5,1,0,4,1.0,0.2
GP010402_frame_000491_noise1,5,3,2,2,0.6,0.6
GP010402_frame_000491_noise2,5,4,1,1,0.8,0.8
GP010402_frame_000491_noise3,5,3,1,2,0.75,0.6
GP010402_frame_000491_dark1,5,3,3,2,0.5,0.6
GP010402_frame_000491_dark2,5,3,1,2,0.75,0.6
GP010402_frame_000491_overexposure1,5,4,3,1,0.5714,0.8
GP010402_frame_000491_overexposure2,5,5,2,0,0.7143,1.0
GP010402_frame_000499_ref,8,8,6,0,0.5714,1.0
GP010402_frame_000499_rain1,8,7,4,1,0.6364,0.875
GP010402_frame_000499_rain2,8,4,3,4,0.5714,0.5
GP010402_frame_000499_rain3,8,0,0,8,0.0,0.0
GP010402_frame_000499_blur1,8,8,4,0,0.6667,1.0
GP010402_frame_000499_blur2,8,6,4,2,0.6,0.75
GP010402_frame_000499_blur3,8,4,3,4,0.5714,0.5
GP010402_frame_000499_blur4,8,1,1,7,0.5,0.125
GP010402_frame_000499_noise1,8,6,7,2,0.4615,0.75
GP010402_frame_000499_noise2,8,2,3,6,0.4,0.25
GP010402_frame_000499_noise3,8,0,0,8,0.0,0.0
GP010402_frame_000499_dark1,8,6,6,2,0.5,0.75
GP010402_frame_000499_dark2,8,2,3,6,0.4,0.25
GP010402_frame_000499_overexposure1,8,8,7,0,0.5333,1.0
GP010402_frame_000499_overexposure2,8,8,6,0,0.5714,1.0
GP010402_frame_000517_ref,10,10,7,0,0.5882,1.0
GP010402_frame_000517_rain1,10,8,5,2,0.6154,0.8
GP010402_frame_000517_rain2,10,5,1,5,0.8333,0.5
GP010402_frame_000517_rain3,10,0,0,10,0.0,0.0
GP010402_frame_000517_blur1,10,9,1,1,0.9,0.9
GP010402_frame_000517_blur2,10,7,0,3,1.0,0.7
GP010402_frame_000517_blur3,10,6,0,4,1.0,0.6
GP010402_frame_000517_blur4,10,0,0,10,0.0,0.0
GP010402_frame_000517_noise1,10,8,5,2,0.6154,0.8
GP010402_frame_000517_noise2,10,5,0,5,1.0,0.5
GP010402_frame_000517_noise3,10,0,0,10,0.0,0.0
GP010402_frame_000517_dark1,10,7,3,3,0.7,0.7
GP010402_frame_000517_dark2,10,3,1,7,0.75,0.3
GP010402_frame_000517_overexposure1,10,10,6,0,0.625,1.0
GP010402_frame_000517_overexposure2,10,10,7,0,0.5882,1.0
GP010402_frame_000526_ref,7,6,8,1,0.4286,0.8571
GP010402_frame_000526_rain1,7,6,3,1,0.6667,0.8571
GP010402_frame_000526_rain2,7,3,0,4,1.0,0.4286
GP010402_frame_000526_rain3,7,1,2,6,0.3333,0.1429
GP010402_frame_000526_blur1,7,6,4,1,0.6,0.8571
GP010402_frame_000526_blur2,7,5,3,2,0.625,0.7143
GP010402_frame_000526_blur3,7,2,0,5,1.0,0.2857
GP010402_frame_000526_blur4,7,0,0,7,0.0,0.0
GP010402_frame_000526_noise1,7,6,3,1,0.6667,0.8571
GP010402_frame_000526_noise2,7,5,0,2,1.0,0.7143
GP010402_frame_000526_noise3,7,2,0,5,1.0,0.2857
GP010402_frame_000526_dark1,7,6,1,1,0.8571,0.8571
GP010402_frame_000526_dark2,7,6,2,1,0.75,0.8571
GP010402_frame_000526_overexposure1,7,6,8,1,0.4286,0.8571
GP010402_frame_000526_overexposure2,7,7,8,0,0.4667,1.0
GP010402_frame_000533_ref,4,3,10,1,0.2308,0.75
GP010402_frame_000533_rain1,4,3,11,1,0.2143,0.75
GP010402_frame_000533_rain2,4,3,4,1,0.4286,0.75
GP010402_frame_000533_rain3,4,0,0,4,0.0,0.0
GP010402_frame_000533_blur1,4,3,8,1,0.2727,0.75
GP010402_frame_000533_blur2,4,3,5,1,0.375,0.75
GP010402_frame_000533_blur3,4,3,1,1,0.75,0.75
GP010402_frame_000533_blur4,4,0,0,4,0.0,0.0
GP010402_frame_000533_noise1,4,3,8,1,0.2727,0.75
GP010402_frame_000533_noise2,4,3,0,1,1.0,0.75
GP010402_frame_000533_noise3,4,0,0,4,0.0,0.0
GP010402_frame_000533_dark1,4,3,8,1,0.2727,0.75
GP010402_frame_000533_dark2,4,3,1,1,0.75,0.75
GP010402_frame_000533_overexposure1,4,3,11,1,0.2143,0.75
GP010402_frame_000533_overexposure2,4,3,11,1,0.2143,0.75
GP010402_frame_000540_ref,9,8,6,1,0.5714,0.8889
GP010402_frame_000540_rain1,9,5,4,4,0.5556,0.5556
GP010402_frame_000540_rain2,9,3,1,6,0.75,0.3333
GP010402_frame_000540_rain3,9,0,0,9,0.0,0.0
GP010402_frame_000540_blur1,9,6,4,3,0.6,0.6667
GP010402_frame_000540_blur2,9,5,3,4,0.625,0.5556
GP010402_frame_000540_blur3,9,3,1,6,0.75,0.3333
GP010402_frame_000540_blur4,9,1,0,8,1.0,0.1111
GP010402_frame_000540_noise1,9,5,5,4,0.5,0.5556
GP010402_frame_000540_noise2,9,5,0,4,1.0,0.5556
GP010402_frame_000540_noise3,9,0,0,9,0.0,0.0
GP010402_frame_000540_dark1,9,6,5,3,0.5455,0.6667
GP010402_frame_000540_dark2,9,2,0,7,1.0,0.2222
GP010402_frame_000540_overexposure1,9,7,5,2,0.5833,0.7778
GP010402_frame_000540_overexposure2,9,7,4,2,0.6364,0.7778
GP010402_frame_000547_ref,8,8,4,0,0.6667,1.0
GP010402_frame_000547_rain1,8,5,2,3,0.7143,0.625
GP010402_frame_000547_rain2,8,1,1,7,0.5,0.125
GP010402_frame_000547_rain3,8,0,0,8,0.0,0.0
GP010402_frame_000547_blur1,8,4,2,4,0.6667,0.5
GP010402_frame_000547_blur2,8,2,1,6,0.6667,0.25
GP010402_frame_000547_blur3,8,1,0,7,1.0,0.125
GP010402_frame_000547_blur4,8,0,0,8,0.0,0.0
GP010402_frame_000547_noise1,8,3,2,5,0.6,0.375
GP010402_frame_000547_noise2,8,0,1,8,0.0,0.0
GP010402_frame_000547_noise3,8,0,0,8,0.0,0.0
GP010402_frame_000547_dark1,8,4,3,4,0.5714,0.5
GP010402_frame_000547_dark2,8,1,1,7,0.5,0.125
GP010402_frame_000547_overexposure1,8,7,3,1,0.7,0.875
GP010402_frame_000547_overexposure2,8,7,4,1,0.6364,0.875
GP010402_frame_000563_ref,6,6,5,0,0.5455,1.0
GP010402_frame_000563_rain1,6,5,4,1,0.5556,0.8333
GP010402_frame_000563_rain2,6,3,3,3,0.5,0.5
GP010402_frame_000563_rain3,6,0,0,6,0.0,0.0
GP010402_frame_000563_blur1,6,6,3,0,0.6667,1.0
GP010402_frame_000563_blur2,6,4,4,2,0.5,0.6667
GP010402_frame_000563_blur3,6,2,2,4,0.5,0.3333
GP010402_frame_000563_blur4,6,0,0,6,0.0,0.0
GP010402_frame_000563_noise1,6,5,4,1,0.5556,0.8333
GP010402_frame_000563_noise2,6,3,2,3,0.6,0.5
GP010402_frame_000563_noise3,6,0,0,6,0.0,0.0
GP010402_frame_000563_dark1,6,5,4,1,0.5556,0.8333
GP010402_frame_000563_dark2,6,2,2,4,0.5,0.3333
GP010402_frame_000563_overexposure1,6,6,5,0,0.5455,1.0
GP010402_frame_000563_overexposure2,6,6,6,0,0.5,1.0
GP010402_frame_000573_ref,12,11,6,1,0.6471,0.9167
GP010402_frame_000573_rain1,12,11,7,1,0.6111,0.9167
GP010402_frame_000573_rain2,12,10,5,2,0.6667,0.8333
GP010402_frame_000573_rain3,12,1,4,11,0.2,0.0833
GP010402_frame_000573_blur1,12,10,5,2,0.6667,0.8333
GP010402_frame_000573_blur2,12,8,3,4,0.7273,0.6667
GP010402_frame_000573_blur3,12,6,2,6,0.75,0.5
GP010402_frame_000573_blur4,12,2,3,10,0.4,0.1667
GP010402_frame_000573_noise1,12,9,6,3,0.6,0.75
GP010402_frame_000573_noise2,12,7,3,5,0.7,0.5833
GP010402_frame_000573_noise3,12,3,4,9,0.4286,0.25
GP010402_frame_000573_dark1,12,10,5,2,0.6667,0.8333
GP010402_frame_000573_dark2,12,8,1,4,0.8889,0.6667
GP010402_frame_000573_overexposure1,12,11,5,1,0.6875,0.9167
GP010402_frame_000573_overexposure2,12,11,5,1,0.6875,0.9167
GP010402_frame_000593_ref,2,2,2,0,0.5,1.0
GP010402_frame_000593_rain1,2,2,2,0,0.5,1.0
GP010402_frame_000593_rain2,2,2,1,0,0.6667,1.0
GP010402_frame_000593_rain3,2,0,0,2,0.0,0.0
GP010402_frame_000593_blur1,2,2,1,0,0.6667,1.0
GP010402_frame_000593_blur2,2,2,1,0,0.6667,1.0
GP010402_frame_000593_blur3,2,2,0,0,1.0,1.0
GP010402_frame_000593_blur4,2,1,0,1,1.0,0.5
GP010402_frame_000593_noise1,2,2,1,0,0.6667,1.0
GP010402_frame_000593_noise2,2,2,0,0,1.0,1.0
GP010402_frame_000593_noise3,2,0,0,2,0.0,0.0
GP010402_frame_000593_dark1,2,2,3,0,0.4,1.0
GP010402_frame_000593_dark2,2,2,1,0,0.6667,1.0
GP010402_frame_000593_overexposure1,2,2,2,0,0.5,1.0
GP010402_frame_000593_overexposure2,2,2,3,0,0.4,1.0
GP010402_frame_000600_ref,4,3,6,1,0.3333,0.75
GP010402_frame_000600_rain1,4,3,3,1,0.5,0.75
GP010402_frame_000600_rain2,4,4,2,0,0.6667,1.0
GP010402_frame_000600_rain3,4,2,0,2,1.0,0.5
GP010402_frame_000600_blur1,4,3,5,1,0.375,0.75
GP010402_frame_000600_blur2,4,2,3,2,0.4,0.5
GP010402_frame_000600_blur3,4,2,2,2,0.5,0.5
GP010402_frame_000600_blur4,4,0,0,4,0.0,0.0
GP010402_frame_000600_noise1,4,2,5,2,0.2857,0.5
GP010402_frame_000600_noise2,4,2,2,2,0.5,0.5
GP010402_frame_000600_noise3,4,0,0,4,0.0,0.0
GP010402_frame_000600_dark1,4,2,5,2,0.2857,0.5
GP010402_frame_000600_dark2,4,3,3,1,0.5,0.75
GP010402_frame_000600_overexposure1,4,2,6,2,0.25,0.5
GP010402_frame_000600_overexposure2,4,0,3,4,0.0,0.0
GP010402_frame_000613_ref,3,2,4,1,0.3333,0.6667
GP010402_frame_000613_rain1,3,2,3,1,0.4,0.6667
GP010402_frame_000613_rain2,3,0,0,3,0.0,0.0
GP010402_frame_000613_rain3,3,0,0,3,0.0,0.0
GP010402_frame_000613_blur1,3,2,4,1,0.3333,0.6667
GP010402_frame_000613_blur2,3,1,3,2,0.25,0.3333
GP010402_frame_000613_blur3,3,0,0,3,0.0,0.0
GP010402_frame_000613_blur4,3,0,0,3,0.0,0.0
GP010402_frame_000613_noise1,3,1,4,2,0.2,0.3333
GP010402_frame_000613_noise2,3,1,2,2,0.3333,0.3333
GP010402_frame_000613_noise3,3,0,0,3,0.0,0.0
GP010402_frame_000613_dark1,3,2,4,1,0.3333,0.6667
GP010402_frame_000613_dark2,3,1,1,2,0.5,0.3333
GP010402_frame_000613_overexposure1,3,2,6,1,0.25,0.6667
GP010402_frame_000613_overexposure2,3,2,2,1,0.5,0.6667
GP010402_frame_000633_ref,1,1,0,0,1.0,1.0
GP010402_frame_000633_rain1,1,1,0,0,1.0,1.0
GP010402_frame_000633_rain2,1,0,1,1,0.0,0.0
GP010402_frame_000633_rain3,1,0,0,1,0.0,0.0
GP010402_frame_000633_blur1,1,1,0,0,1.0,1.0
GP010402_frame_000633_blur2,1,0,1,1,0.0,0.0
GP010402_frame_000633_blur3,1,0,0,1,0.0,0.0
GP010402_frame_000633_blur4,1,0,0,1,0.0,0.0
GP010402_frame_000633_noise1,1,0,0,1,0.0,0.0
GP010402_frame_000633_noise2,1,0,0,1,0.0,0.0
GP010402_frame_000633_noise3,1,0,0,1,0.0,0.0
GP010402_frame_000633_dark1,1,0,0,1,0.0,0.0
GP010402_frame_000633_dark2,1,0,0,1,0.0,0.0
GP010402_frame_000633_overexposure1,1,1,1,0,0.5,1.0
GP010402_frame_000633_overexposure2,1,0,0,1,0.0,0.0
GP010402_frame_000803_ref,3,2,3,1,0.4,0.6667
GP010402_frame_000803_rain1,3,2,2,1,0.5,0.6667
GP010402_frame_000803_rain2,3,2,3,1,0.4,0.6667
GP010402_frame_000803_rain3,3,3,2,0,0.6,1.0
GP010402_frame_000803_blur1,3,2,3,1,0.4,0.6667
GP010402_frame_000803_blur2,3,1,2,2,0.3333,0.3333
GP010402_frame_000803_blur3,3,1,2,2,0.3333,0.3333
GP010402_frame_000803_blur4,3,1,0,2,1.0,0.3333
GP010402_frame_000803_noise1,3,3,2,0,0.6,1.0
GP010402_frame_000803_noise2,3,3,0,0,1.0,1.0
GP010402_frame_000803_noise3,3,1,0,2,1.0,0.3333
GP010402_frame_000803_dark1,3,3,3,0,0.5,1.0
GP010402_frame_000803_dark2,3,3,0,0,1.0,1.0
GP010402_frame_000803_overexposure1,3,2,2,1,0.5,0.6667
GP010402_frame_000803_overexposure2,3,1,3,2,0.25,0.3333
GP010402_frame_000823_ref,5,5,1,0,0.8333,1.0
GP010402_frame_000823_rain1,5,5,1,0,0.8333,1.0
GP010402_frame_000823_rain2,5,4,4,1,0.5,0.8
GP010402_frame_000823_rain3,5,3,4,2,0.4286,0.6
GP010402_frame_000823_blur1,5,5,1,0,0.8333,1.0
GP010402_frame_000823_blur2,5,5,1,0,0.8333,1.0
GP010402_frame_000823_blur3,5,5,1,0,0.8333,1.0
GP010402_frame_000823_blur4,5,3,0,2,1.0,0.6
GP010402_frame_000823_noise1,5,5,0,0,1.0,1.0
GP010402_frame_000823_noise2,5,5,1,0,0.8333,1.0
GP010402_frame_000823_noise3,5,3,0,2,1.0,0.6
GP010402_frame_000823_dark1,5,5,0,0,1.0,1.0
GP010402_frame_000823_dark2,5,5,0,0,1.0,1.0
GP010402_frame_000823_overexposure1,5,5,1,0,0.8333,1.0
GP010402_frame_000823_overexposure2,5,5,1,0,0.8333,1.0
GP010402_frame_000843_ref,5,5,4,0,0.5556,1.0
GP010402_frame_000843_rain1,5,4,2,1,0.6667,0.8
GP010402_frame_000843_rain2,5,4,1,1,0.8,0.8
GP010402_frame_000843_rain3,5,2,1,3,0.6667,0.4
GP010402_frame_000843_blur1,5,5,2,0,0.7143,1.0
GP010402_frame_000843_blur2,5,4,1,1,0.8,0.8
GP010402_frame_000843_blur3,5,3,0,2,1.0,0.6
GP010402_frame_000843_blur4,5,1,0,4,1.0,0.2
GP010402_frame_000843_noise1,5,5,2,0,0.7143,1.0
GP010402_frame_000843_noise2,5,4,1,1,0.8,0.8
GP010402_frame_000843_noise3,5,1,0,4,1.0,0.2
GP010402_frame_000843_dark1,5,5,2,0,0.7143,1.0
GP010402_frame_000843_dark2,5,4,0,1,1.0,0.8
GP010402_frame_000843_overexposure1,5,5,5,0,0.5,1.0
GP010402_frame_000843_overexposure2,5,5,4,0,0.5556,1.0
GP010402_frame_000863_ref,7,7,2,0,0.7778,1.0
GP010402_frame_000863_rain1,7,7,2,0,0.7778,1.0
GP010402_frame_000863_rain2,7,4,2,3,0.6667,0.5714
GP010402_frame_000863_rain3,7,1,1,6,0.5,0.1429
GP010402_frame_000863_blur1,7,7,2,0,0.7778,1.0
GP010402_frame_000863_blur2,7,6,3,1,0.6667,0.8571
GP010402_frame_000863_blur3,7,3,0,4,1.0,0.4286
GP010402_frame_000863_blur4,7,1,0,6,1.0,0.1429
GP010402_frame_000863_noise1,7,7,3,0,0.7,1.0
GP010402_frame_000863_noise2,7,5,3,2,0.625,0.7143
GP010402_frame_000863_noise3,7,1,0,6,1.0,0.1429
GP010402_frame_000863_dark1,7,7,3,0,0.7,1.0
GP010402_frame_000863_dark2,7,5,0,2,1.0,0.7143
GP010402_frame_000863_overexposure1,7,7,2,0,0.7778,1.0
GP010402_frame_000863_overexposure2,7,7,1,0,0.875,1.0
GP010402_frame_000883_ref,9,9,6,0,0.6,1.0
GP010402_frame_000883_rain1,9,7,5,2,0.5833,0.7778
GP010402_frame_000883_rain2,9,1,3,8,0.25,0.1111
GP010402_frame_000883_rain3,9,1,0,8,1.0,0.1111
GP010402_frame_000883_blur1,9,8,7,1,0.5333,0.8889
GP010402_frame_000883_blur2,9,5,5,4,0.5,0.5556
GP010402_frame_000883_blur3,9,3,3,6,0.5,0.3333
GP010402_frame_000883_blur4,9,1,0,8,1.0,0.1111
GP010402_frame_000883_noise1,9,8,4,1,0.6667,0.8889
GP010402_frame_000883_noise2,9,4,2,5,0.6667,0.4444
GP010402_frame_000883_noise3,9,1,1,8,0.5,0.1111
GP010402_frame_000883_dark1,9,8,7,1,0.5333,0.8889
GP010402_frame_000883_dark2,9,4,3,5,0.5714,0.4444
GP010402_frame_000883_overexposure1,9,9,5,0,0.6429,1.0
GP010402_frame_000883_overexposure2,9,8,11,1,0.4211,0.8889
GP010402_frame_000894_ref,3,3,0,0,1.0,1.0
GP010402_frame_000894_rain1,3,3,1,0,0.75,1.0
GP010402_frame_000894_rain2,3,1,1,2,0.5,0.3333
GP010402_frame_000894_rain3,3,1,0,2,1.0,0.3333
GP010402_frame_000894_blur1,3,3,1,0,0.75,1.0
GP010402_frame_000894_blur2,3,3,1,0,0.75,1.0
GP010402_frame_000894_blur3,3,2,1,1,0.6667,0.6667
GP010402_frame_000894_blur4,3,1,0,2,1.0,0.3333
GP010402_frame_000894_noise1,3,3,0,0,1.0,1.0
GP010402_frame_000894_noise2,3,3,0,0,1.0,1.0
GP010402_frame_000894_noise3,3,1,0,2,1.0,0.3333
GP010402_frame_000894_dark1,3,3,1,0,0.75,1.0
GP010402_frame_000894_dark2,3,3,0,0,1.0,1.0
GP010402_frame_000894_overexposure1,3,3,0,0,1.0,1.0
GP010402_frame_000894_overexposure2,3,3,0,0,1.0,1.0
GP010402_frame_000903_ref,4,4,1,0,0.8,1.0
GP010402_frame_000903_rain1,4,4,1,0,0.8,1.0
GP010402_frame_000903_rain2,4,4,3,0,0.5714,1.0
GP010402_frame_000903_rain3,4,1,0,3,1.0,0.25
GP010402_frame_000903_blur1,4,4,2,0,0.6667,1.0
GP010402_frame_000903_blur2,4,4,1,0,0.8,1.0
GP010402_frame_000903_blur3,4,4,3,0,0.5714,1.0
GP010402_frame_000903_blur4,4,0,0,4,0.0,0.0
GP010402_frame_000903_noise1,4,4,1,0,0.8,1.0
GP010402_frame_000903_noise2,4,3,2,1,0.6,0.75
GP010402_frame_000903_noise3,4,1,0,3,1.0,0.25
GP010402_frame_000903_dark1,4,4,1,0,0.8,1.0
GP010402_frame_000903_dark2,4,4,2,0,0.6667,1.0
GP010402_frame_000903_overexposure1,4,4,1,0,0.8,1.0
GP010402_frame_000903_overexposure2,4,4,2,0,0.6667,1.0
GP010402_frame_000909_ref,5,5,4,0,0.5556,1.0
GP010402_frame_000909_rain1,5,5,4,0,0.5556,1.0
GP010402_frame_000909_rain2,5,4,4,1,0.5,0.8
GP010402_frame_000909_rain3,5,1,0,4,1.0,0.2
GP010402_frame_000909_blur1,5,5,3,0,0.625,1.0
GP010402_frame_000909_blur2,5,5,4,0,0.5556,1.0
GP010402_frame_000909_blur3,5,3,1,2,0.75,0.6
GP010402_frame_000909_blur4,5,0,0,5,0.0,0.0
GP010402_frame_000909_noise1,5,5,3,0,0.625,1.0
GP010402_frame_000909_noise2,5,4,2,1,0.6667,0.8
GP010402_frame_000909_noise3,5,0,0,5,0.0,0.0
GP010402_frame_000909_dark1,5,5,3,0,0.625,1.0
GP010402_frame_000909_dark2,5,4,2,1,0.6667,0.8
GP010402_frame_000909_overexposure1,5,4,5,1,0.4444,0.8
GP010402_frame_000909_overexposure2,5,5,6,0,0.4545,1.0
GP010402_frame_000915_ref,5,3,2,2,0.6,0.6
GP010402_frame_000915_rain1,5,4,1,1,0.8,0.8
GP010402_frame_000915_rain2,5,2,3,3,0.4,0.4
GP010402_frame_000915_rain3,5,2,2,3,0.5,0.4
GP010402_frame_000915_blur1,5,3,1,2,0.75,0.6
GP010402_frame_000915_blur2,5,3,0,2,1.0,0.6
GP010402_frame_000915_blur3,5,3,0,2,1.0,0.6
GP010402_frame_000915_blur4,5,1,0,4,1.0,0.2
GP010402_frame_000915_noise1,5,4,2,1,0.6667,0.8
GP010402_frame_000915_noise2,5,3,1,2,0.75,0.6
GP010402_frame_000915_noise3,5,3,1,2,0.75,0.6
GP010402_frame_000915_dark1,5,3,1,2,0.75,0.6
GP010402_frame_000915_dark2,5,3,1,2,0.75,0.6
GP010402_frame_000915_overexposure1,5,3,2,2,0.6,0.6
GP010402_frame_000915_overexposure2,5,4,2,1,0.6667,0.8
GP010402_frame_000921_ref,2,2,3,0,0.4,1.0
GP010402_frame_000921_rain1,2,2,3,0,0.4,1.0
GP010402_frame_000921_rain2,2,1,1,1,0.5,0.5
GP010402_frame_000921_rain3,2,0,0,2,0.0,0.0
GP010402_frame_000921_blur1,2,1,1,1,0.5,0.5
GP010402_frame_000921_blur2,2,1,0,1,1.0,0.5
GP010402_frame_000921_blur3,2,1,2,1,0.3333,0.5
GP010402_frame_000921_blur4,2,0,0,2,0.0,0.0
GP010402_frame_000921_noise1,2,1,3,1,0.25,0.5
GP010402_frame_000921_noise2,2,1,0,1,1.0,0.5
GP010402_frame_000921_noise3,2,0,0,2,0.0,0.0
GP010402_frame_000921_dark1,2,2,4,0,0.3333,1.0
GP010402_frame_000921_dark2,2,1,2,1,0.3333,0.5
GP010402_frame_000921_overexposure1,2,2,3,0,0.4,1.0
GP010402_frame_000921_overexposure2,2,2,4,0,0.3333,1.0
GP010402_frame_000927_ref,4,4,1,0,0.8,1.0
GP010402_frame_000927_rain1,4,3,1,1,0.75,0.75
GP010402_frame_000927_rain2,4,2,1,2,0.6667,0.5
GP010402_frame_000927_rain3,4,1,0,3,1.0,0.25
GP010402_frame_000927_blur1,4,4,2,0,0.6667,1.0
GP010402_frame_000927_blur2,4,3,2,1,0.6,0.75
GP010402_frame_000927_blur3,4,3,1,1,0.75,0.75
GP010402_frame_000927_blur4,4,0,0,4,0.0,0.0
GP010402_frame_000927_noise1,4,3,2,1,0.6,0.75
GP010402_frame_000927_noise2,4,3,2,1,0.6,0.75
GP010402_frame_000927_noise3,4,2,1,2,0.6667,0.5
GP010402_frame_000927_dark1,4,3,3,1,0.5,0.75
GP010402_frame_000927_dark2,4,3,1,1,0.75,0.75
GP010402_frame_000927_overexposure1,4,4,1,0,0.8,1.0
GP010402_frame_000927_overexposure2,4,3,1,1,0.75,0.75
GP010402_frame_000932_ref,4,4,1,0,0.8,1.0
GP010402_frame_000932_rain1,4,4,1,0,0.8,1.0
GP010402_frame_000932_rain2,4,3,2,1,0.6,0.75
GP010402_frame_000932_rain3,4,1,1,3,0.5,0.25
GP010402_frame_000932_blur1,4,4,1,0,0.8,1.0
GP010402_frame_000932_blur2,4,4,2,0,0.6667,1.0
GP010402_frame_000932_blur3,4,3,5,1,0.375,0.75
GP010402_frame_000932_blur4,4,1,1,3,0.5,0.25
GP010402_frame_000932_noise1,4,4,1,0,0.8,1.0
GP010402_frame_000932_noise2,4,4,3,0,0.5714,1.0
GP010402_frame_000932_noise3,4,2,1,2,0.6667,0.5
GP010402_frame_000932_dark1,4,4,1,0,0.8,1.0
GP010402_frame_000932_dark2,4,4,3,0,0.5714,1.0
GP010402_frame_000932_overexposure1,4,4,1,0,0.8,1.0
GP010402_frame_000932_overexposure2,4,4,1,0,0.8,1.0
GP010402_frame_000937_ref,3,3,4,0,0.4286,1.0
GP010402_frame_000937_rain1,3,3,3,0,0.5,1.0
GP010402_frame_000937_rain2,3,3,2,0,0.6,1.0
GP010402_frame_000937_rain3,3,0,0,3,0.0,0.0
GP010402_frame_000937_blur1,3,3,3,0,0.5,1.0
GP010402_frame_000937_blur2,3,3,3,0,0.5,1.0
GP010402_frame_000937_blur3,3,2,3,1,0.4,0.6667
GP010402_frame_000937_blur4,3,0,0,3,0.0,0.0
GP010402_frame_000937_noise1,3,3,4,0,0.4286,1.0
GP010402_frame_000937_noise2,3,3,2,0,0.6,1.0
GP010402_frame_000937_noise3,3,0,0,3,0.0,0.0
GP010402_frame_000937_dark1,3,3,5,0,0.375,1.0
GP010402_frame_000937_dark2,3,3,4,0,0.4286,1.0
GP010402_frame_000937_overexposure1,3,3,4,0,0.4286,1.0
GP010402_frame_000937_overexposure2,3,2,3,1,0.4,0.6667
GP010402_frame_000942_ref,3,3,2,0,0.6,1.0
GP010402_frame_000942_rain1,3,3,2,0,0.6,1.0
GP010402_frame_000942_rain2,3,3,1,0,0.75,1.0
GP010402_frame_000942_rain3,3,2,1,1,0.6667,0.6667
GP010402_frame_000942_blur1,3,3,1,0,0.75,1.0
GP010402_frame_000942_blur2,3,3,1,0,0.75,1.0
GP010402_frame_000942_blur3,3,3,0,0,1.0,1.0
GP010402_frame_000942_blur4,3,1,0,2,1.0,0.3333
GP010402_frame_000942_noise1,3,3,1,0,0.75,1.0
GP010402_frame_000942_noise2,3,3,3,0,0.5,1.0
GP010402_frame_000942_noise3,3,2,0,1,1.0,0.6667
GP010402_frame_000942_dark1,3,3,1,0,0.75,1.0
GP010402_frame_000942_dark2,3,3,2,0,0.6,1.0
GP010402_frame_000942_overexposure1,3,3,2,0,0.6,1.0
GP010402_frame_000942_overexposure2,3,3,2,0,0.6,1.0
GP010402_frame_000949_ref,5,4,0,1,1.0,0.8
GP010402_frame_000949_rain1,5,5,1,0,0.8333,1.0
GP010402_frame_000949_rain2,5,1,2,4,0.3333,0.2
GP010402_frame_000949_rain3,5,0,0,5,0.0,0.0
GP010402_frame_000949_blur1,5,4,0,1,1.0,0.8
GP010402_frame_000949_blur2,5,5,0,0,1.0,1.0
GP010402_frame_000949_blur3,5,4,1,1,0.8,0.8
GP010402_frame_000949_blur4,5,3,0,2,1.0,0.6
GP010402_frame_000949_noise1,5,4,0,1,1.0,0.8
GP010402_frame_000949_noise2,5,4,0,1,1.0,0.8
GP010402_frame_000949_noise3,5,2,0,3,1.0,0.4
GP010402_frame_000949_dark1,5,4,1,1,0.8,0.8
GP010402_frame_000949_dark2,5,4,0,1,1.0,0.8
GP010402_frame_000949_overexposure1,5,4,0,1,1.0,0.8
GP010402_frame_000949_overexposure2,5,4,1,1,0.8,0.8
GP010402_frame_000969_ref,4,3,0,1,1.0,0.75
GP010402_frame_000969_rain1,4,3,0,1,1.0,0.75
GP010402_frame_000969_rain2,4,1,0,3,1.0,0.25
GP010402_frame_000969_rain3,4,0,0,4,0.0,0.0
GP010402_frame_000969_blur1,4,3,0,1,1.0,0.75
GP010402_frame_000969_blur2,4,2,0,2,1.0,0.5
GP010402_frame_000969_blur3,4,2,1,2,0.6667,0.5
GP010402_frame_000969_blur4,4,2,0,2,1.0,0.5
GP010402_frame_000969_noise1,4,3,0,1,1.0,0.75
GP010402_frame_000969_noise2,4,2,1,2,0.6667,0.5
GP010402_frame_000969_noise3,4,2,1,2,0.6667,0.5
GP010402_frame_000969_dark1,4,3,0,1,1.0,0.75
GP010402_frame_000969_dark2,4,2,1,2,0.6667,0.5
GP010402_frame_000969_overexposure1,4,3,0,1,1.0,0.75
GP010402_frame_000969_overexposure2,4,2,1,2,0.6667,0.5
GP010402_frame_000998_ref,6,5,2,1,0.7143,0.8333
GP010402_frame_000998_rain1,6,6,2,0,0.75,1.0
GP010402_frame_000998_rain2,6,4,0,2,1.0,0.6667
GP010402_frame_000998_rain3,6,0,0,6,0.0,0.0
GP010402_frame_000998_blur1,6,6,1,0,0.8571,1.0
GP010402_frame_000998_blur2,6,5,1,1,0.8333,0.8333
GP010402_frame_000998_blur3,6,2,2,4,0.5,0.3333
GP010402_frame_000998_blur4,6,0,0,6,0.0,0.0
GP010402_frame_000998_noise1,6,6,2,0,0.75,1.0
GP010402_frame_000998_noise2,6,1,0,5,1.0,0.1667
GP010402_frame_000998_noise3,6,0,0,6,0.0,0.0
GP010402_frame_000998_dark1,6,5,3,1,0.625,0.8333
GP010402_frame_000998_dark2,6,4,0,2,1.0,0.6667
GP010402_frame_000998_overexposure1,6,5,2,1,0.7143,0.8333
GP010402_frame_000998_overexposure2,6,6,2,0,0.75,1.0
GP010402_frame_001006_ref,5,5,2,0,0.7143,1.0
GP010402_frame_001006_rain1,5,4,2,1,0.6667,0.8
GP010402_frame_001006_rain2,5,2,2,3,0.5,0.4
GP010402_frame_001006_rain3,5,1,1,4,0.5,0.2
GP010402_frame_001006_blur1,5,5,2,0,0.7143,1.0
GP010402_frame_001006_blur2,5,5,2,0,0.7143,1.0
GP010402_frame_001006_blur3,5,3,5,2,0.375,0.6
GP010402_frame_001006_blur4,5,1,0,4,1.0,0.2
GP010402_frame_001006_noise1,5,5,3,0,0.625,1.0
GP010402_frame_001006_noise2,5,5,1,0,0.8333,1.0
GP010402_frame_001006_noise3,5,2,1,3,0.6667,0.4
GP010402_frame_001006_dark1,5,5,4,0,0.5556,1.0
GP010402_frame_001006_dark2,5,4,3,1,0.5714,0.8
GP010402_frame_001006_overexposure1,5,5,2,0,0.7143,1.0
GP010402_frame_001006_overexposure2,5,5,1,0,0.8333,1.0
GP010402_frame_001026_ref,6,6,2,0,0.75,1.0
GP010402_frame_001026_rain1,6,5,1,1,0.8333,0.8333
GP010402_frame_001026_rain2,6,3,0,3,1.0,0.5
GP010402_frame_001026_rain3,6,0,0,6,0.0,0.0
GP010402_frame_001026_blur1,6,5,0,1,1.0,0.8333
GP010402_frame_001026_blur2,6,4,0,2,1.0,0.6667
GP010402_frame_001026_blur3,6,4,2,2,0.6667,0.6667
GP010402_frame_001026_blur4,6,0,1,6,0.0,0.0
GP010402_frame_001026_noise1,6,5,0,1,1.0,0.8333
GP010402_frame_001026_noise2,6,3,2,3,0.6,0.5
GP010402_frame_001026_noise3,6,0,1,6,0.0,0.0
GP010402_frame_001026_dark1,6,5,1,1,0.8333,0.8333
GP010402_frame_001026_dark2,6,2,4,4,0.3333,0.3333
GP010402_frame_001026_overexposure1,6,6,1,0,0.8571,1.0
GP010402_frame_001026_overexposure2,6,6,1,0,0.8571,1.0
GP010402_frame_001046_ref,4,4,3,0,0.5714,1.0
GP010402_frame_001046_rain1,4,4,2,0,0.6667,1.0
GP010402_frame_001046_rain2,4,3,0,1,1.0,0.75
GP010402_frame_001046_rain3,4,0,0,4,0.0,0.0
GP010402_frame_001046_blur1,4,4,2,0,0.6667,1.0
GP010402_frame_001046_blur2,4,4,1,0,0.8,1.0
GP010402_frame_001046_blur3,4,4,1,0,0.8,1.0
GP010402_frame_001046_blur4,4,0,2,4,0.0,0.0
GP010402_frame_001046_noise1,4,4,2,0,0.6667,1.0
GP010402_frame_001046_noise2,4,2,2,2,0.5,0.5
GP010402_frame_001046_noise3,4,0,1,4,0.0,0.0
GP010402_frame_001046_dark1,4,4,2,0,0.6667,1.0
GP010402_frame_001046_dark2,4,3,1,1,0.75,0.75
GP010402_frame_001046_overexposure1,4,4,3,0,0.5714,1.0
GP010402_frame_001046_overexposure2,4,4,3,0,0.5714,1.0
GP010571_frame_000077_ref,14,11,7,3,0.6111,0.7857
GP010571_frame_000077_rain1,14,10,5,4,0.6667,0.7143
GP010571_frame_000077_rain2,14,6,2,8,0.75,0.4286
GP010571_frame_000077_rain3,14,0,0,14,0.0,0.0
GP010571_frame_000077_blur1,14,10,5,4,0.6667,0.7143
GP010571_frame_000077_blur2,14,7,7,7,0.5,0.5
GP010571_frame_000077_blur3,14,3,3,11,0.5,0.2143
GP010571_frame_000077_blur4,14,0,0,14,0.0,0.0
GP010571_frame_000077_noise1,14,12,6,2,0.6667,0.8571
GP010571_frame_000077_noise2,14,3,3,11,0.5,0.2143
GP010571_frame_000077_noise3,14,0,0,14,0.0,0.0
GP010571_frame_000077_dark1,14,11,5,3,0.6875,0.7857
GP010571_frame_000077_dark2,14,5,3,9,0.625,0.3571
GP010571_frame_000077_overexposure1,14,10,6,4,0.625,0.7143
GP010571_frame_000077_overexposure2,14,8,8,6,0.5,0.5714
GP010571_frame_000097_ref,10,9,10,1,0.4737,0.9
GP010571_frame_000097_rain1,10,8,9,2,0.4706,0.8
GP010571_frame_000097_rain2,10,4,1,6,0.8,0.4
GP010571_frame_000097_rain3,10,1,1,9,0.5,0.1
GP010571_frame_000097_blur1,10,7,12,3,0.3684,0.7
GP010571_frame_000097_blur2,10,2,5,8,0.2857,0.2
GP010571_frame_000097_blur3,10,1,1,9,0.5,0.1
GP010571_frame_000097_blur4,10,0,0,10,0.0,0.0
GP010571_frame_000097_noise1,10,9,7,1,0.5625,0.9
GP010571_frame_000097_noise2,10,6,2,4,0.75,0.6
GP010571_frame_000097_noise3,10,2,1,8,0.6667,0.2
GP010571_frame_000097_dark1,10,8,8,2,0.5,0.8
GP010571_frame_000097_dark2,10,6,3,4,0.6667,0.6
GP010571_frame_000097_overexposure1,10,9,9,1,0.5,0.9
GP010571_frame_000097_overexposure2,10,7,11,3,0.3889,0.7
GP010571_frame_000137_ref,12,11,13,1,0.4583,0.9167
GP010571_frame_000137_rain1,12,11,10,1,0.5238,0.9167
GP010571_frame_000137_rain2,12,7,8,5,0.4667,0.5833
GP010571_frame_000137_rain3,12,0,1,12,0.0,0.0
GP010571_frame_000137_blur1,12,10,6,2,0.625,0.8333
GP010571_frame_000137_blur2,12,8,4,4,0.6667,0.6667
GP010571_frame_000137_blur3,12,3,2,9,0.6,0.25
GP010571_frame_000137_blur4,12,0,0,12,0.0,0.0
GP010571_frame_000137_noise1,12,10,11,2,0.4762,0.8333
GP010571_frame_000137_noise2,12,7,2,5,0.7778,0.5833
GP010571_frame_000137_noise3,12,4,2,8,0.6667,0.3333
GP010571_frame_000137_dark1,12,12,8,0,0.6,1.0
GP010571_frame_000137_dark2,12,8,6,4,0.5714,0.6667
GP010571_frame_000137_overexposure1,12,10,12,2,0.4545,0.8333
GP010571_frame_000137_overexposure2,12,10,10,2,0.5,0.8333
GP010571_frame_000157_ref,10,9,9,1,0.5,0.9
GP010571_frame_000157_rain1,10,9,8,1,0.5294,0.9
GP010571_frame_000157_rain2,10,9,3,1,0.75,0.9
GP010571_frame_000157_rain3,10,0,0,10,0.0,0.0
GP010571_frame_000157_blur1,10,9,7,1,0.5625,0.9
GP010571_frame_000157_blur2,10,8,4,2,0.6667,0.8
GP010571_frame_000157_blur3,10,7,3,3,0.7,0.7
GP010571_frame_000157_blur4,10,4,1,6,0.8,0.4
GP010571_frame_000157_noise1,10,9,6,1,0.6,0.9
GP010571_frame_000157_noise2,10,7,1,3,0.875,0.7
GP010571_frame_000157_noise3,10,6,3,4,0.6667,0.6
GP010571_frame_000157_dark1,10,9,7,1,0.5625,0.9
GP010571_frame_000157_dark2,10,8,2,2,0.8,0.8
GP010571_frame_000157_overexposure1,10,9,7,1,0.5625,0.9
GP010571_frame_000157_overexposure2,10,8,10,2,0.4444,0.8
GP010571_frame_000177_ref,11,11,5,0,0.6875,1.0
GP010571_frame_000177_rain1,11,11,7,0,0.6111,1.0
GP010571_frame_000177_rain2,11,7,3,4,0.7,0.6364
GP010571_frame_000177_rain3,11,1,2,10,0.3333,0.0909
GP010571_frame_000177_blur1,11,9,5,2,0.6429,0.8182
GP010571_frame_000177_blur2,11,9,2,2,0.8182,0.8182
GP010571_frame_000177_blur3,11,6,2,5,0.75,0.5455
GP010571_frame_000177_blur4,11,4,0,7,1.0,0.3636
GP010571_frame_000177_noise1,11,10,5,1,0.6667,0.9091
GP010571_frame_000177_noise2,11,8,3,3,0.7273,0.7273
GP010571_frame_000177_noise3,11,5,2,6,0.7143,0.4545
GP010571_frame_000177_dark1,11,9,7,2,0.5625,0.8182
GP010571_frame_000177_dark2,11,9,3,2,0.75,0.8182
GP010571_frame_000177_overexposure1,11,10,5,1,0.6667,0.9091
GP010571_frame_000177_overexposure2,11,8,7,3,0.5333,0.7273
GP010571_frame_000197_ref,12,12,6,0,0.6667,1.0
GP010571_frame_000197_rain1,12,12,3,0,0.8,1.0
GP010571_frame_000197_rain2,12,11,1,1,0.9167,0.9167
GP010571_frame_000197_rain3,12,0,0,12,0.0,0.0
GP010571_frame_000197_blur1,12,12,5,0,0.7059,1.0
GP010571_frame_000197_blur2,12,11,3,1,0.7857,0.9167
GP010571_frame_000197_blur3,12,6,0,6,1.0,0.5
GP010571_frame_000197_blur4,12,2,0,10,1.0,0.1667
GP010571_frame_000197_noise1,12,12,3,0,0.8,1.0
GP010571_frame_000197_noise2,12,5,1,7,0.8333,0.4167
GP010571_frame_000197_noise3,12,1,2,11,0.3333,0.0833
GP010571_frame_000197_dark1,12,12,3,0,0.8,1.0
GP010571_frame_000197_dark2,12,11,1,1,0.9167,0.9167
GP010571_frame_000197_overexposure1,12,12,6,0,0.6667,1.0
GP010571_frame_000197_overexposure2,12,12,4,0,0.75,1.0
GP010571_frame_000205_ref,5,5,14,0,0.2632,1.0
GP010571_frame_000205_rain1,5,3,11,2,0.2143,0.6
GP010571_frame_000205_rain2,5,2,2,3,0.5,0.4
GP010571_frame_000205_rain3,5,0,0,5,0.0,0.0
GP010571_frame_000205_blur1,5,3,11,2,0.2143,0.6
GP010571_frame_000205_blur2,5,3,3,2,0.5,0.6
GP010571_frame_000205_blur3,5,0,1,5,0.0,0.0
GP010571_frame_000205_blur4,5,0,0,5,0.0,0.0
GP010571_frame_000205_noise1,5,4,6,1,0.4,0.8
GP010571_frame_000205_noise2,5,1,1,4,0.5,0.2
GP010571_frame_000205_noise3,5,0,0,5,0.0,0.0
GP010571_frame_000205_dark1,5,3,10,2,0.2308,0.6
GP010571_frame_000205_dark2,5,3,2,2,0.6,0.6
GP010571_frame_000205_overexposure1,5,4,14,1,0.2222,0.8
GP010571_frame_000205_overexposure2,5,3,14,2,0.1765,0.6
GP010571_frame_000221_ref,4,3,0,1,1.0,0.75
GP010571_frame_000221_rain1,4,3,0,1,1.0,0.75
GP010571_frame_000221_rain2,4,1,0,3,1.0,0.25
GP010571_frame_000221_rain3,4,0,0,4,0.0,0.0
GP010571_frame_000221_blur1,4,3,1,1,0.75,0.75
GP010571_frame_000221_blur2,4,1,1,3,0.5,0.25
GP010571_frame_000221_blur3,4,1,1,3,0.5,0.25
GP010571_frame_000221_blur4,4,0,1,4,0.0,0.0
GP010571_frame_000221_noise1,4,3,0,1,1.0,0.75
GP010571_frame_000221_noise2,4,3,0,1,1.0,0.75
GP010571_frame_000221_noise3,4,1,0,3,1.0,0.25
GP010571_frame_000221_dark1,4,3,0,1,1.0,0.75
GP010571_frame_000221_dark2,4,2,0,2,1.0,0.5
GP010571_frame_000221_overexposure1,4,3,0,1,1.0,0.75
GP010571_frame_000221_overexposure2,4,2,1,2,0.6667,0.5
GP010571_frame_000226_ref,1,1,0,0,1.0,1.0
GP010571_frame_000226_rain1,1,1,0,0,1.0,1.0
GP010571_frame_000226_rain2,1,1,0,0,1.0,1.0
GP010571_frame_000226_rain3,1,0,0,1,0.0,0.0
GP010571_frame_000226_blur1,1,1,0,0,1.0,1.0
GP010571_frame_000226_blur2,1,1,0,0,1.0,1.0
GP010571_frame_000226_blur3,1,1,0,0,1.0,1.0
GP010571_frame_000226_blur4,1,0,0,1,0.0,0.0
GP010571_frame_000226_noise1,1,1,1,0,0.5,1.0
GP010571_frame_000226_noise2,1,1,0,0,1.0,1.0
GP010571_frame_000226_noise3,1,1,0,0,1.0,1.0
GP010571_frame_000226_dark1,1,1,0,0,1.0,1.0
GP010571_frame_000226_dark2,1,1,1,0,0.5,1.0
GP010571_frame_000226_overexposure1,1,1,0,0,1.0,1.0
GP010571_frame_000226_overexposure2,1,1,0,0,1.0,1.0
GP010571_frame_000231_ref,5,5,3,0,0.625,1.0
GP010571_frame_000231_rain1,5,4,1,1,0.8,0.8
GP010571_frame_000231_rain2,5,2,0,3,1.0,0.4
GP010571_frame_000231_rain3,5,0,0,5,0.0,0.0
GP010571_frame_000231_blur1,5,3,0,2,1.0,0.6
GP010571_frame_000231_blur2,5,3,0,2,1.0,0.6
GP010571_frame_000231_blur3,5,2,0,3,1.0,0.4
GP010571_frame_000231_blur4,5,0,0,5,0.0,0.0
GP010571_frame_000231_noise1,5,4,0,1,1.0,0.8
GP010571_frame_000231_noise2,5,2,0,3,1.0,0.4
GP010571_frame_000231_noise3,5,0,0,5,0.0,0.0
GP010571_frame_000231_dark1,5,2,0,3,1.0,0.4
GP010571_frame_000231_dark2,5,1,0,4,1.0,0.2
GP010571_frame_000231_overexposure1,5,4,3,1,0.5714,0.8
GP010571_frame_000231_overexposure2,5,4,4,1,0.5,0.8
GP010571_frame_000241_ref,3,3,1,0,0.75,1.0
GP010571_frame_000241_rain1,3,2,1,1,0.6667,0.6667
GP010571_frame_000241_rain2,3,0,1,3,0.0,0.0
GP010571_frame_000241_rain3,3,0,0,3,0.0,0.0
GP010571_frame_000241_blur1,3,3,1,0,0.75,1.0
GP010571_frame_000241_blur2,3,2,0,1,1.0,0.6667
GP010571_frame_000241_blur3,3,2,0,1,1.0,0.6667
GP010571_frame_000241_blur4,3,0,0,3,0.0,0.0
GP010571_frame_000241_noise1,3,3,1,0,0.75,1.0
GP010571_frame_000241_noise2,3,1,0,2,1.0,0.3333
GP010571_frame_000241_noise3,3,0,0,3,0.0,0.0
GP010571_frame_000241_dark1,3,3,1,0,0.75,1.0
GP010571_frame_000241_dark2,3,2,2,1,0.5,0.6667
GP010571_frame_000241_overexposure1,3,3,1,0,0.75,1.0
GP010571_frame_000241_overexposure2,3,3,1,0,0.75,1.0
GP010571_frame_000246_ref,8,8,3,0,0.7273,1.0
GP010571_frame_000246_rain1,8,7,2,1,0.7778,0.875
GP010571_frame_000246_rain2,8,3,4,5,0.4286,0.375
GP010571_frame_000246_rain3,8,0,0,8,0.0,0.0
GP010571_frame_000246_blur1,8,7,3,1,0.7,0.875
GP010571_frame_000246_blur2,8,6,2,2,0.75,0.75
GP010571_frame_000246_blur3,8,3,2,5,0.6,0.375
GP010571_frame_000246_blur4,8,0,0,8,0.0,0.0
GP010571_frame_000246_noise1,8,6,5,2,0.5455,0.75
GP010571_frame_000246_noise2,8,5,4,3,0.5556,0.625
GP010571_frame_000246_noise3,8,0,1,8,0.0,0.0
GP010571_frame_000246_dark1,8,6,3,2,0.6667,0.75
GP010571_frame_000246_dark2,8,3,3,5,0.5,0.375
GP010571_frame_000246_overexposure1,8,7,7,1,0.5,0.875
GP010571_frame_000246_overexposure2,8,7,7,1,0.5,0.875
GP010571_frame_000257_ref,11,10,13,1,0.4348,0.9091
GP010571_frame_000257_rain1,11,9,12,2,0.4286,0.8182
GP010571_frame_000257_rain2,11,5,7,6,0.4167,0.4545
GP010571_frame_000257_rain3,11,0,0,11,0.0,0.0
GP010571_frame_000257_blur1,11,9,7,2,0.5625,0.8182
GP010571_frame_000257_blur2,11,7,5,4,0.5833,0.6364
GP010571_frame_000257_blur3,11,3,0,8,1.0,0.2727
GP010571_frame_000257_blur4,11,0,0,11,0.0,0.0
GP010571_frame_000257_noise1,11,9,8,2,0.5294,0.8182
GP010571_frame_000257_noise2,11,4,1,7,0.8,0.3636
GP010571_frame_000257_noise3,11,2,0,9,1.0,0.1818
GP010571_frame_000257_dark1,11,9,9,2,0.5,0.8182
GP010571_frame_000257_dark2,11,4,0,7,1.0,0.3636
GP010571_frame_000257_overexposure1,11,10,14,1,0.4167,0.9091
GP010571_frame_000257_overexposure2,11,9,13,2,0.4091,0.8182
GP010571_frame_000292_ref,16,15,7,1,0.6818,0.9375
GP010571_frame_000292_rain1,16,14,6,2,0.7,0.875
GP010571_frame_000292_rain2,16,11,4,5,0.7333,0.6875
GP010571_frame_000292_rain3,16,1,0,15,1.0,0.0625
GP010571_frame_000292_blur1,16,14,3,2,0.8235,0.875
GP010571_frame_000292_blur2,16,13,0,3,1.0,0.8125
GP010571_frame_000292_blur3,16,10,0,6,1.0,0.625
GP010571_frame_000292_blur4,16,3,1,13,0.75,0.1875
GP010571_frame_000292_noise1,16,14,6,2,0.7,0.875
GP010571_frame_000292_noise2,16,8,2,8,0.8,0.5
GP010571_frame_000292_noise3,16,2,2,14,0.5,0.125
GP010571_frame_000292_dark1,16,13,3,3,0.8125,0.8125
GP010571_frame_000292_dark2,16,9,1,7,0.9,0.5625
GP010571_frame_000292_overexposure1,16,15,7,1,0.6818,0.9375
GP010571_frame_000292_overexposure2,16,15,6,1,0.7143,0.9375
GP010571_frame_000312_ref,10,10,7,0,0.5882,1.0
GP010571_frame_000312_rain1,10,10,5,0,0.6667,1.0
GP010571_frame_000312_rain2,10,7,2,3,0.7778,0.7
GP010571_frame_000312_rain3,10,2,0,8,1.0,0.2
GP010571_frame_000312_blur1,10,10,5,0,0.6667,1.0
GP010571_frame_000312_blur2,10,7,1,3,0.875,0.7
GP010571_frame_000312_blur3,10,6,2,4,0.75,0.6
GP010571_frame_000312_blur4,10,2,1,8,0.6667,0.2
GP010571_frame_000312_noise1,10,9,6,1,0.6,0.9
GP010571_frame_000312_noise2,10,6,1,4,0.8571,0.6
GP010571_frame_000312_noise3,10,2,1,8,0.6667,0.2
GP010571_frame_000312_dark1,10,10,6,0,0.625,1.0
GP010571_frame_000312_dark2,10,8,2,2,0.8,0.8
GP010571_frame_000312_overexposure1,10,10,7,0,0.5882,1.0
GP010571_frame_000312_overexposure2,10,7,5,3,0.5833,0.7
GP010571_frame_000336_ref,12,11,1,1,0.9167,0.9167
GP010571_frame_000336_rain1,12,10,3,2,0.7692,0.8333
GP010571_frame_000336_rain2,12,9,1,3,0.9,0.75
GP010571_frame_000336_rain3,12,6,2,6,0.75,0.5
GP010571_frame_000336_blur1,12,10,2,2,0.8333,0.8333
GP010571_frame_000336_blur2,12,8,2,4,0.8,0.6667
GP010571_frame_000336_blur3,12,8,0,4,1.0,0.6667
GP010571_frame_000336_blur4,12,4,2,8,0.6667,0.3333
GP010571_frame_000336_noise1,12,10,1,2,0.9091,0.8333
GP010571_frame_000336_noise2,12,6,1,6,0.8571,0.5
GP010571_frame_000336_noise3,12,6,0,6,1.0,0.5
GP010571_frame_000336_dark1,12,11,1,1,0.9167,0.9167
GP010571_frame_000336_dark2,12,10,1,2,0.9091,0.8333
GP010571_frame_000336_overexposure1,12,11,3,1,0.7857,0.9167
GP010571_frame_000336_overexposure2,12,10,5,2,0.6667,0.8333
GP010571_frame_000542_ref,11,9,9,2,0.5,0.8182
GP010571_frame_000542_rain1,11,9,8,2,0.5294,0.8182
GP010571_frame_000542_rain2,11,9,2,2,0.8182,0.8182
GP010571_frame_000542_rain3,11,5,0,6,1.0,0.4545
GP010571_frame_000542_blur1,11,8,3,3,0.7273,0.7273
GP010571_frame_000542_blur2,11,8,3,3,0.7273,0.7273
GP010571_frame_000542_blur3,11,6,2,5,0.75,0.5455
GP010571_frame_000542_blur4,11,4,1,7,0.8,0.3636
GP010571_frame_000542_noise1,11,8,6,3,0.5714,0.7273
GP010571_frame_000542_noise2,11,7,2,4,0.7778,0.6364
GP010571_frame_000542_noise3,11,6,0,5,1.0,0.5455
GP010571_frame_000542_dark1,11,9,4,2,0.6923,0.8182
GP010571_frame_000542_dark2,11,7,3,4,0.7,0.6364
GP010571_frame_000542_overexposure1,11,9,7,2,0.5625,0.8182
GP010571_frame_000542_overexposure2,11,8,7,3,0.5333,0.7273
GP010571_frame_000549_ref,9,9,3,0,0.75,1.0
GP010571_frame_000549_rain1,9,9,2,0,0.8182,1.0
GP010571_frame_000549_rain2,9,7,4,2,0.6364,0.7778
GP010571_frame_000549_rain3,9,4,3,5,0.5714,0.4444
GP010571_frame_000549_blur1,9,9,1,0,0.9,1.0
GP010571_frame_000549_blur2,9,6,0,3,1.0,0.6667
GP010571_frame_000549_blur3,9,6,1,3,0.8571,0.6667
GP010571_frame_000549_blur4,9,2,0,7,1.0,0.2222
GP010571_frame_000549_noise1,9,9,2,0,0.8182,1.0
GP010571_frame_000549_noise2,9,7,1,2,0.875,0.7778
GP010571_frame_000549_noise3,9,3,0,6,1.0,0.3333
GP010571_frame_000549_dark1,9,9,1,0,0.9,1.0
GP010571_frame_000549_dark2,9,7,1,2,0.875,0.7778
GP010571_frame_000549_overexposure1,9,9,5,0,0.6429,1.0
GP010571_frame_000549_overexposure2,9,9,2,0,0.8182,1.0
GP010571_frame_000554_ref,8,8,2,0,0.8,1.0
GP010571_frame_000554_rain1,8,7,1,1,0.875,0.875
GP010571_frame_000554_rain2,8,5,4,3,0.5556,0.625
GP010571_frame_000554_rain3,8,2,1,6,0.6667,0.25
GP010571_frame_000554_blur1,8,7,1,1,0.875,0.875
GP010571_frame_000554_blur2,8,6,1,2,0.8571,0.75
GP010571_frame_000554_blur3,8,2,1,6,0.6667,0.25
GP010571_frame_000554_blur4,8,0,0,8,0.0,0.0
GP010571_frame_000554_noise1,8,7,2,1,0.7778,0.875
GP010571_frame_000554_noise2,8,4,1,4,0.8,0.5
GP010571_frame_000554_noise3,8,2,0,6,1.0,0.25
GP010571_frame_000554_dark1,8,7,3,1,0.7,0.875
GP010571_frame_000554_dark2,8,6,3,2,0.6667,0.75
GP010571_frame_000554_overexposure1,8,7,1,1,0.875,0.875
GP010571_frame_000554_overexposure2,8,6,1,2,0.8571,0.75
GP010571_frame_000560_ref,8,8,5,0,0.6154,1.0
GP010571_frame_000560_rain1,8,8,5,0,0.6154,1.0
GP010571_frame_000560_rain2,8,8,2,0,0.8,1.0
GP010571_frame_000560_rain3,8,2,2,6,0.5,0.25
GP010571_frame_000560_blur1,8,8,5,0,0.6154,1.0
GP010571_frame_000560_blur2,8,8,4,0,0.6667,1.0
GP010571_frame_000560_blur3,8,6,4,2,0.6,0.75
GP010571_frame_000560_blur4,8,3,1,5,0.75,0.375
GP010571_frame_000560_noise1,8,8,5,0,0.6154,1.0
GP010571_frame_000560_noise2,8,8,4,0,0.6667,1.0
GP010571_frame_000560_noise3,8,6,0,2,1.0,0.75
GP010571_frame_000560_dark1,8,8,5,0,0.6154,1.0
GP010571_frame_000560_dark2,8,7,4,1,0.6364,0.875
GP010571_frame_000560_overexposure1,8,8,6,0,0.5714,1.0
GP010571_frame_000560_overexposure2,8,8,9,0,0.4706,1.0
GP010571_frame_000566_ref,13,13,4,0,0.7647,1.0
GP010571_frame_000566_rain1,13,12,3,1,0.8,0.9231
GP010571_frame_000566_rain2,13,11,3,2,0.7857,0.8462
GP010571_frame_000566_rain3,13,6,2,7,0.75,0.4615
GP010571_frame_000566_blur1,13,12,2,1,0.8571,0.9231
GP010571_frame_000566_blur2,13,11,1,2,0.9167,0.8462
GP010571_frame_000566_blur3,13,8,0,5,1.0,0.6154
GP010571_frame_000566_blur4,13,6,2,7,0.75,0.4615
GP010571_frame_000566_noise1,13,12,3,1,0.8,0.9231
GP010571_frame_000566_noise2,13,11,1,2,0.9167,0.8462
GP010571_frame_000566_noise3,13,7,0,6,1.0,0.5385
GP010571_frame_000566_dark1,13,13,3,0,0.8125,1.0
GP010571_frame_000566_dark2,13,9,0,4,1.0,0.6923
GP010571_frame_000566_overexposure1,13,13,6,0,0.6842,1.0
GP010571_frame_000566_overexposure2,13,9,3,4,0.75,0.6923
GP010571_frame_000571_ref,15,15,3,0,0.8333,1.0
GP010571_frame_000571_rain1,15,14,4,1,0.7778,0.9333
GP010571_frame_000571_rain2,15,10,3,5,0.7692,0.6667
GP010571_frame_000571_rain3,15,6,6,9,0.5,0.4
GP010571_frame_000571_blur1,15,14,3,1,0.8235,0.9333
GP010571_frame_000571_blur2,15,14,3,1,0.8235,0.9333
GP010571_frame_000571_blur3,15,10,2,5,0.8333,0.6667
GP010571_frame_000571_blur4,15,6,2,9,0.75,0.4
GP010571_frame_000571_noise1,15,15,3,0,0.8333,1.0
GP010571_frame_000571_noise2,15,11,3,4,0.7857,0.7333
GP010571_frame_000571_noise3,15,7,3,8,0.7,0.4667
GP010571_frame_000571_dark1,15,15,4,0,0.7895,1.0
GP010571_frame_000571_dark2,15,10,2,5,0.8333,0.6667
GP010571_frame_000571_overexposure1,15,15,3,0,0.8333,1.0
GP010571_frame_000571_overexposure2,15,12,5,3,0.7059,0.8
GP010571_frame_000576_ref,11,11,5,0,0.6875,1.0
GP010571_frame_000576_rain1,11,11,5,0,0.6875,1.0
GP010571_frame_000576_rain2,11,8,3,3,0.7273,0.7273
GP010571_frame_000576_rain3,11,4,1,7,0.8,0.3636
GP010571_frame_000576_blur1,11,11,5,0,0.6875,1.0
GP010571_frame_000576_blur2,11,10,3,1,0.7692,0.9091
GP010571_frame_000576_blur3,11,6,1,5,0.8571,0.5455
GP010571_frame_000576_blur4,11,4,0,7,1.0,0.3636
GP010571_frame_000576_noise1,11,10,6,1,0.625,0.9091
GP010571_frame_000576_noise2,11,9,4,2,0.6923,0.8182
GP010571_frame_000576_noise3,11,5,1,6,0.8333,0.4545
GP010571_frame_000576_dark1,11,11,4,0,0.7333,1.0
GP010571_frame_000576_dark2,11,7,2,4,0.7778,0.6364
GP010571_frame_000576_overexposure1,11,11,5,0,0.6875,1.0
GP010571_frame_000576_overexposure2,11,11,4,0,0.7333,1.0
GP010571_frame_000585_ref,11,11,5,0,0.6875,1.0
GP010571_frame_000585_rain1,11,11,4,0,0.7333,1.0
GP010571_frame_000585_rain2,11,10,5,1,0.6667,0.9091
GP010571_frame_000585_rain3,11,6,0,5,1.0,0.5455
GP010571_frame_000585_blur1,11,11,2,0,0.8462,1.0
GP010571_frame_000585_blur2,11,9,1,2,0.9,0.8182
GP010571_frame_000585_blur3,11,7,1,4,0.875,0.6364
GP010571_frame_000585_blur4,11,6,0,5,1.0,0.5455
GP010571_frame_000585_noise1,11,10,3,1,0.7692,0.9091
GP010571_frame_000585_noise2,11,9,1,2,0.9,0.8182
GP010571_frame_000585_noise3,11,6,1,5,0.8571,0.5455
GP010571_frame_000585_dark1,11,10,3,1,0.7692,0.9091
GP010571_frame_000585_dark2,11,11,3,0,0.7857,1.0
GP010571_frame_000585_overexposure1,11,11,6,0,0.6471,1.0
GP010571_frame_000585_overexposure2,11,8,1,3,0.8889,0.7273
GP010571_frame_000593_ref,11,10,10,1,0.5,0.9091
GP010571_frame_000593_rain1,11,10,7,1,0.5882,0.9091
GP010571_frame_000593_rain2,11,9,3,2,0.75,0.8182
GP010571_frame_000593_rain3,11,3,0,8,1.0,0.2727
GP010571_frame_000593_blur1,11,10,6,1,0.625,0.9091
GP010571_frame_000593_blur2,11,10,2,1,0.8333,0.9091
GP010571_frame_000593_blur3,11,4,1,7,0.8,0.3636
GP010571_frame_000593_blur4,11,2,0,9,1.0,0.1818
GP010571_frame_000593_noise1,11,10,9,1,0.5263,0.9091
GP010571_frame_000593_noise2,11,8,1,3,0.8889,0.7273
GP010571_frame_000593_noise3,11,5,1,6,0.8333,0.4545
GP010571_frame_000593_dark1,11,10,9,1,0.5263,0.9091
GP010571_frame_000593_dark2,11,8,2,3,0.8,0.7273
GP010571_frame_000593_overexposure1,11,10,11,1,0.4762,0.9091
GP010571_frame_000593_overexposure2,11,8,2,3,0.8,0.7273
GP010571_frame_000599_ref,8,8,5,0,0.6154,1.0
GP010571_frame_000599_rain1,8,8,3,0,0.7273,1.0
GP010571_frame_000599_rain2,8,8,3,0,0.7273,1.0
GP010571_frame_000599_rain3,8,7,1,1,0.875,0.875
GP010571_frame_000599_blur1,8,8,4,0,0.6667,1.0
GP010571_frame_000599_blur2,8,8,3,0,0.7273,1.0
GP010571_frame_000599_blur3,8,8,2,0,0.8,1.0
GP010571_frame_000599_blur4,8,1,0,7,1.0,0.125
GP010571_frame_000599_noise1,8,8,3,0,0.7273,1.0
GP010571_frame_000599_noise2,8,8,1,0,0.8889,1.0
GP010571_frame_000599_noise3,8,7,1,1,0.875,0.875
GP010571_frame_000599_dark1,8,8,4,0,0.6667,1.0
GP010571_frame_000599_dark2,8,8,3,0,0.7273,1.0
GP010571_frame_000599_overexposure1,8,8,5,0,0.6154,1.0
GP010571_frame_000599_overexposure2,8,7,3,1,0.7,0.875
GP010571_frame_000607_ref,5,4,1,1,0.8,0.8
GP010571_frame_000607_rain1,5,4,2,1,0.6667,0.8
GP010571_frame_000607_rain2,5,4,1,1,0.8,0.8
GP010571_frame_000607_rain3,5,1,0,4,1.0,0.2
GP010571_frame_000607_blur1,5,4,0,1,1.0,0.8
GP010571_frame_000607_blur2,5,2,0,3,1.0,0.4
GP010571_frame_000607_blur3,5,1,0,4,1.0,0.2
GP010571_frame_000607_blur4,5,0,0,5,0.0,0.0
GP010571_frame_000607_noise1,5,4,1,1,0.8,0.8
GP010571_frame_000607_noise2,5,3,0,2,1.0,0.6
GP010571_frame_000607_noise3,5,1,1,4,0.5,0.2
GP010571_frame_000607_dark1,5,4,3,1,0.5714,0.8
GP010571_frame_000607_dark2,5,4,0,1,1.0,0.8
GP010571_frame_000607_overexposure1,5,4,1,1,0.8,0.8
GP010571_frame_000607_overexposure2,5,1,0,4,1.0,0.2
GP010571_frame_000756_ref,13,9,5,4,0.6429,0.6923
GP010571_frame_000756_rain1,13,9,4,4,0.6923,0.6923
GP010571_frame_000756_rain2,13,9,1,4,0.9,0.6923
GP010571_frame_000756_rain3,13,1,0,12,1.0,0.0769
GP010571_frame_000756_blur1,13,9,5,4,0.6429,0.6923
GP010571_frame_000756_blur2,13,9,4,4,0.6923,0.6923
GP010571_frame_000756_blur3,13,7,0,6,1.0,0.5385
GP010571_frame_000756_blur4,13,1,1,12,0.5,0.0769
GP010571_frame_000756_noise1,13,10,6,3,0.625,0.7692
GP010571_frame_000756_noise2,13,9,5,4,0.6429,0.6923
GP010571_frame_000756_noise3,13,2,2,11,0.5,0.1538
GP010571_frame_000756_dark1,13,9,9,4,0.5,0.6923
GP010571_frame_000756_dark2,13,8,3,5,0.7273,0.6154
GP010571_frame_000756_overexposure1,13,9,4,4,0.6923,0.6923
GP010571_frame_000756_overexposure2,13,8,6,5,0.5714,0.6154
GP010571_frame_000763_ref,10,9,11,1,0.45,0.9
GP010571_frame_000763_rain1,10,9,10,1,0.4737,0.9
GP010571_frame_000763_rain2,10,8,5,2,0.6154,0.8
GP010571_frame_000763_rain3,10,1,0,9,1.0,0.1
GP010571_frame_000763_blur1,10,9,7,1,0.5625,0.9
GP010571_frame_000763_blur2,10,7,6,3,0.5385,0.7
GP010571_frame_000763_blur3,10,5,0,5,1.0,0.5
GP010571_frame_000763_blur4,10,0,0,10,0.0,0.0
GP010571_frame_000763_noise1,10,9,5,1,0.6429,0.9
GP010571_frame_000763_noise2,10,4,1,6,0.8,0.4
GP010571_frame_000763_noise3,10,1,0,9,1.0,0.1
GP010571_frame_000763_dark1,10,9,5,1,0.6429,0.9
GP010571_frame_000763_dark2,10,5,3,5,0.625,0.5
GP010571_frame_000763_overexposure1,10,9,11,1,0.45,0.9
GP010571_frame_000763_overexposure2,10,9,14,1,0.3913,0.9
GP010571_frame_000771_ref,9,9,10,0,0.4737,1.0
GP010571_frame_000771_rain1,9,9,8,0,0.5294,1.0
GP010571_frame_000771_rain2,9,5,4,4,0.5556,0.5556
GP010571_frame_000771_rain3,9,0,0,9,0.0,0.0
GP010571_frame_000771_blur1,9,9,4,0,0.6923,1.0
GP010571_frame_000771_blur2,9,7,3,2,0.7,0.7778
GP010571_frame_000771_blur3,9,4,1,5,0.8,0.4444
GP010571_frame_000771_blur4,9,1,1,8,0.5,0.1111
GP010571_frame_000771_noise1,9,7,5,2,0.5833,0.7778
GP010571_frame_000771_noise2,9,5,3,4,0.625,0.5556
GP010571_frame_000771_noise3,9,1,0,8,1.0,0.1111
GP010571_frame_000771_dark1,9,8,4,1,0.6667,0.8889
GP010571_frame_000771_dark2,9,6,4,3,0.6,0.6667
GP010571_frame_000771_overexposure1,9,9,11,0,0.45,1.0
GP010571_frame_000771_overexposure2,9,8,9,1,0.4706,0.8889
GP010571_frame_000778_ref,7,6,9,1,0.4,0.8571
GP010571_frame_000778_rain1,7,6,10,1,0.375,0.8571
GP010571_frame_000778_rain2,7,6,8,1,0.4286,0.8571
GP010571_frame_000778_rain3,7,2,0,5,1.0,0.2857
GP010571_frame_000778_blur1,7,6,6,1,0.5,0.8571
GP010571_frame_000778_blur2,7,7,5,0,0.5833,1.0
GP010571_frame_000778_blur3,7,6,3,1,0.6667,0.8571
GP010571_frame_000778_blur4,7,4,0,3,1.0,0.5714
GP010571_frame_000778_noise1,7,6,6,1,0.5,0.8571
GP010571_frame_000778_noise2,7,6,3,1,0.6667,0.8571
GP010571_frame_000778_noise3,7,3,3,4,0.5,0.4286
GP010571_frame_000778_dark1,7,6,7,1,0.4615,0.8571
GP010571_frame_000778_dark2,7,6,3,1,0.6667,0.8571
GP010571_frame_000778_overexposure1,7,6,8,1,0.4286,0.8571
GP010571_frame_000778_overexposure2,7,7,8,0,0.4667,1.0
GP010571_frame_000784_ref,10,10,6,0,0.625,1.0
GP010571_frame_000784_rain1,10,10,5,0,0.6667,1.0
GP010571_frame_000784_rain2,10,9,2,1,0.8182,0.9
GP010571_frame_000784_rain3,10,2,0,8,1.0,0.2
GP010571_frame_000784_blur1,10,10,2,0,0.8333,1.0
GP010571_frame_000784_blur2,10,10,1,0,0.9091,1.0
GP010571_frame_000784_blur3,10,10,2,0,0.8333,1.0
GP010571_frame_000784_blur4,10,3,1,7,0.75,0.3
GP010571_frame_000784_noise1,10,9,5,1,0.6429,0.9
GP010571_frame_000784_noise2,10,8,2,2,0.8,0.8
GP010571_frame_000784_noise3,10,1,2,9,0.3333,0.1
GP010571_frame_000784_dark1,10,10,3,0,0.7692,1.0
GP010571_frame_000784_dark2,10,9,1,1,0.9,0.9
GP010571_frame_000784_overexposure1,10,10,4,0,0.7143,1.0
GP010571_frame_000784_overexposure2,10,10,7,0,0.5882,1.0
GP010571_frame_000790_ref,14,14,6,0,0.7,1.0
GP010571_frame_000790_rain1,14,14,4,0,0.7778,1.0
GP010571_frame_000790_rain2,14,11,1,3,0.9167,0.7857
GP010571_frame_000790_rain3,14,4,0,10,1.0,0.2857
GP010571_frame_000790_blur1,14,14,2,0,0.875,1.0
GP010571_frame_000790_blur2,14,10,0,4,1.0,0.7143
GP010571_frame_000790_blur3,14,8,1,6,0.8889,0.5714
GP010571_frame_000790_blur4,14,3,0,11,1.0,0.2143
GP010571_frame_000790_noise1,14,13,5,1,0.7222,0.9286
GP010571_frame_000790_noise2,14,9,4,5,0.6923,0.6429
GP010571_frame_000790_noise3,14,5,0,9,1.0,0.3571
GP010571_frame_000790_dark1,14,13,3,1,0.8125,0.9286
GP010571_frame_000790_dark2,14,10,3,4,0.7692,0.7143
GP010571_frame_000790_overexposure1,14,14,5,0,0.7368,1.0
GP010571_frame_000790_overexposure2,14,12,3,2,0.8,0.8571
GP010571_frame_000803_ref,12,12,2,0,0.8571,1.0
GP010571_frame_000803_rain1,12,11,1,1,0.9167,0.9167
GP010571_frame_000803_rain2,12,8,0,4,1.0,0.6667
GP010571_frame_000803_rain3,12,2,0,10,1.0,0.1667
GP010571_frame_000803_blur1,12,10,1,2,0.9091,0.8333
GP010571_frame_000803_blur2,12,9,1,3,0.9,0.75
GP010571_frame_000803_blur3,12,8,3,4,0.7273,0.6667
GP010571_frame_000803_blur4,12,4,0,8,1.0,0.3333
GP010571_frame_000803_noise1,12,11,2,1,0.8462,0.9167
GP010571_frame_000803_noise2,12,9,1,3,0.9,0.75
GP010571_frame_000803_noise3,12,2,1,10,0.6667,0.1667
GP010571_frame_000803_dark1,12,11,0,1,1.0,0.9167
GP010571_frame_000803_dark2,12,9,0,3,1.0,0.75
GP010571_frame_000803_overexposure1,12,11,2,1,0.8462,0.9167
GP010571_frame_000803_overexposure2,12,10,3,2,0.7692,0.8333
GP010571_frame_000862_ref,21,20,11,1,0.6452,0.9524
GP010571_frame_000862_rain1,21,20,7,1,0.7407,0.9524
GP010571_frame_000862_rain2,21,18,6,3,0.75,0.8571
GP010571_frame_000862_rain3,21,5,0,16,1.0,0.2381
GP010571_frame_000862_blur1,21,20,1,1,0.9524,0.9524
GP010571_frame_000862_blur2,21,17,1,4,0.9444,0.8095
GP010571_frame_000862_blur3,21,10,1,11,0.9091,0.4762
GP010571_frame_000862_blur4,21,5,1,16,0.8333,0.2381
GP010571_frame_000862_noise1,21,19,10,2,0.6552,0.9048
GP010571_frame_000862_noise2,21,17,5,4,0.7727,0.8095
GP010571_frame_000862_noise3,21,14,4,7,0.7778,0.6667
GP010571_frame_000862_dark1,21,20,9,1,0.6897,0.9524
GP010571_frame_000862_dark2,21,19,8,2,0.7037,0.9048
GP010571_frame_000862_overexposure1,21,20,9,1,0.6897,0.9524
GP010571_frame_000862_overexposure2,21,14,6,7,0.7,0.6667
GP010571_frame_000882_ref,21,20,11,1,0.6452,0.9524
GP010571_frame_000882_rain1,21,20,6,1,0.7692,0.9524
GP010571_frame_000882_rain2,21,17,6,4,0.7391,0.8095
GP010571_frame_000882_rain3,21,3,2,18,0.6,0.1429
GP010571_frame_000882_blur1,21,20,1,1,0.9524,0.9524
GP010571_frame_000882_blur2,21,17,2,4,0.8947,0.8095
GP010571_frame_000882_blur3,21,10,1,11,0.9091,0.4762
GP010571_frame_000882_blur4,21,5,1,16,0.8333,0.2381
GP010571_frame_000882_noise1,21,18,9,3,0.6667,0.8571
GP010571_frame_000882_noise2,21,18,5,3,0.7826,0.8571
GP010571_frame_000882_noise3,21,13,2,8,0.8667,0.619
GP010571_frame_000882_dark1,21,20,9,1,0.6897,0.9524
GP010571_frame_000882_dark2,21,19,9,2,0.6786,0.9048
GP010571_frame_000882_overexposure1,21,20,9,1,0.6897,0.9524
GP010571_frame_000882_overexposure2,21,14,6,7,0.7,0.6667
GP010571_frame_000895_ref,23,22,12,1,0.6471,0.9565
GP010571_frame_000895_rain1,23,21,9,2,0.7,0.913
GP010571_frame_000895_rain2,23,16,3,7,0.8421,0.6957
GP010571_frame_000895_rain3,23,0,0,23,0.0,0.0
GP010571_frame_000895_blur1,23,19,5,4,0.7917,0.8261
GP010571_frame_000895_blur2,23,17,2,6,0.8947,0.7391
GP010571_frame_000895_blur3,23,11,1,12,0.9167,0.4783
GP010571_frame_000895_blur4,23,2,1,21,0.6667,0.087
GP010571_frame_000895_noise1,23,21,6,2,0.7778,0.913
GP010571_frame_000895_noise2,23,14,3,9,0.8235,0.6087
GP010571_frame_000895_noise3,23,4,2,19,0.6667,0.1739
GP010571_frame_000895_dark1,23,20,7,3,0.7407,0.8696
GP010571_frame_000895_dark2,23,11,3,12,0.7857,0.4783
GP010571_frame_000895_overexposure1,23,22,10,1,0.6875,0.9565
GP010571_frame_000895_overexposure2,23,22,9,1,0.7097,0.9565
GP010571_frame_000909_ref,7,7,4,0,0.6364,1.0
GP010571_frame_000909_rain1,7,7,2,0,0.7778,1.0
GP010571_frame_000909_rain2,7,5,4,2,0.5556,0.7143
GP010571_frame_000909_rain3,7,5,0,2,1.0,0.7143
GP010571_frame_000909_blur1,7,7,3,0,0.7,1.0
GP010571_frame_000909_blur2,7,7,3,0,0.7,1.0
GP010571_frame_000909_blur3,7,6,1,1,0.8571,0.8571
GP010571_frame_000909_blur4,7,4,0,3,1.0,0.5714
GP010571_frame_000909_noise1,7,7,3,0,0.7,1.0
GP010571_frame_000909_noise2,7,7,0,0,1.0,1.0
GP010571_frame_000909_noise3,7,6,1,1,0.8571,0.8571
GP010571_frame_000909_dark1,7,7,3,0,0.7,1.0
GP010571_frame_000909_dark2,7,7,0,0,1.0,1.0
GP010571_frame_000909_overexposure1,7,7,2,0,0.7778,1.0
GP010571_frame_000909_overexposure2,7,7,4,0,0.6364,1.0
GP010571_frame_000923_ref,9,9,4,0,0.6923,1.0
GP010571_frame_000923_rain1,9,8,5,1,0.6154,0.8889
GP010571_frame_000923_rain2,9,8,3,1,0.7273,0.8889
GP010571_frame_000923_rain3,9,2,0,7,1.0,0.2222
GP010571_frame_000923_blur1,9,9,5,0,0.6429,1.0
GP010571_frame_000923_blur2,9,7,5,2,0.5833,0.7778
GP010571_frame_000923_blur3,9,7,2,2,0.7778,0.7778
GP010571_frame_000923_blur4,9,2,3,7,0.4,0.2222
GP010571_frame_000923_noise1,9,8,5,1,0.6154,0.8889
GP010571_frame_000923_noise2,9,8,4,1,0.6667,0.8889
GP010571_frame_000923_noise3,9,6,4,3,0.6,0.6667
GP010571_frame_000923_dark1,9,9,7,0,0.5625,1.0
GP010571_frame_000923_dark2,9,8,3,1,0.7273,0.8889
GP010571_frame_000923_overexposure1,9,9,6,0,0.6,1.0
GP010571_frame_000923_overexposure2,9,9,2,0,0.8182,1.0
GP010571_frame_000937_ref,8,8,5,0,0.6154,1.0
GP010571_frame_000937_rain1,8,7,4,1,0.6364,0.875
GP010571_frame_000937_rain2,8,6,1,2,0.8571,0.75
GP010571_frame_000937_rain3,8,1,0,7,1.0,0.125
GP010571_frame_000937_blur1,8,5,3,3,0.625,0.625
GP010571_frame_000937_blur2,8,5,1,3,0.8333,0.625
GP010571_frame_000937_blur3,8,4,0,4,1.0,0.5
GP010571_frame_000937_blur4,8,2,1,6,0.6667,0.25
GP010571_frame_000937_noise1,8,8,1,0,0.8889,1.0
GP010571_frame_000937_noise2,8,5,1,3,0.8333,0.625
GP010571_frame_000937_noise3,8,4,0,4,1.0,0.5
GP010571_frame_000937_dark1,8,8,3,0,0.7273,1.0
GP010571_frame_000937_dark2,8,7,1,1,0.875,0.875
GP010571_frame_000937_overexposure1,8,7,6,1,0.5385,0.875
GP010571_frame_000937_overexposure2,8,7,4,1,0.6364,0.875
GP010571_frame_000957_ref,8,7,9,1,0.4375,0.875
GP010571_frame_000957_rain1,8,7,7,1,0.5,0.875
GP010571_frame_000957_rain2,8,5,3,3,0.625,0.625
GP010571_frame_000957_rain3,8,4,1,4,0.8,0.5
GP010571_frame_000957_blur1,8,7,6,1,0.5385,0.875
GP010571_frame_000957_blur2,8,7,2,1,0.7778,0.875
GP010571_frame_000957_blur3,8,4,0,4,1.0,0.5
GP010571_frame_000957_blur4,8,2,0,6,1.0,0.25
GP010571_frame_000957_noise1,8,8,7,0,0.5333,1.0
GP010571_frame_000957_noise2,8,7,3,1,0.7,0.875
GP010571_frame_000957_noise3,8,4,2,4,0.6667,0.5
GP010571_frame_000957_dark1,8,8,6,0,0.5714,1.0
GP010571_frame_000957_dark2,8,8,6,0,0.5714,1.0
GP010571_frame_000957_overexposure1,8,7,10,1,0.4118,0.875
GP010571_frame_000957_overexposure2,8,7,13,1,0.35,0.875
GP010571_frame_000977_ref,8,7,9,1,0.4375,0.875
GP010571_frame_000977_rain1,8,7,6,1,0.5385,0.875
GP010571_frame_000977_rain2,8,6,5,2,0.5455,0.75
GP010571_frame_000977_rain3,8,4,0,4,1.0,0.5
GP010571_frame_000977_blur1,8,7,6,1,0.5385,0.875
GP010571_frame_000977_blur2,8,7,2,1,0.7778,0.875
GP010571_frame_000977_blur3,8,4,0,4,1.0,0.5
GP010571_frame_000977_blur4,8,2,0,6,1.0,0.25
GP010571_frame_000977_noise1,8,7,6,1,0.5385,0.875
GP010571_frame_000977_noise2,8,8,5,0,0.6154,1.0
GP010571_frame_000977_noise3,8,4,3,4,0.5714,0.5
GP010571_frame_000977_dark1,8,8,6,0,0.5714,1.0
GP010571_frame_000977_dark2,8,8,6,0,0.5714,1.0
GP010571_frame_000977_overexposure1,8,7,10,1,0.4118,0.875
GP010571_frame_000977_overexposure2,8,7,14,1,0.3333,0.875
GP010571_frame_000997_ref,9,9,8,0,0.5294,1.0
GP010571_frame_000997_rain1,9,9,3,0,0.75,1.0
GP010571_frame_000997_rain2,9,9,2,0,0.8182,1.0
GP010571_frame_000997_rain3,9,3,0,6,1.0,0.3333
GP010571_frame_000997_blur1,9,9,4,0,0.6923,1.0
GP010571_frame_000997_blur2,9,9,0,0,1.0,1.0
GP010571_frame_000997_blur3,9,9,0,0,1.0,1.0
GP010571_frame_000997_blur4,9,3,0,6,1.0,0.3333
GP010571_frame_000997_noise1,9,9,11,0,0.45,1.0
GP010571_frame_000997_noise2,9,9,3,0,0.75,1.0
GP010571_frame_000997_noise3,9,5,1,4,0.8333,0.5556
GP010571_frame_000997_dark1,9,9,6,0,0.6,1.0
GP010571_frame_000997_dark2,9,9,6,0,0.6,1.0
GP010571_frame_000997_overexposure1,9,9,6,0,0.6,1.0
GP010571_frame_000997_overexposure2,9,9,3,0,0.75,1.0
GP010571_frame_001030_ref,7,5,12,2,0.2941,0.7143
GP010571_frame_001030_rain1,7,6,10,1,0.375,0.8571
GP010571_frame_001030_rain2,7,3,0,4,1.0,0.4286
GP010571_frame_001030_rain3,7,0,0,7,0.0,0.0
GP010571_frame_001030_blur1,7,5,8,2,0.3846,0.7143
GP010571_frame_001030_blur2,7,4,0,3,1.0,0.5714
GP010571_frame_001030_blur3,7,1,0,6,1.0,0.1429
GP010571_frame_001030_blur4,7,0,0,7,0.0,0.0
GP010571_frame_001030_noise1,7,3,2,4,0.6,0.4286
GP010571_frame_001030_noise2,7,1,0,6,1.0,0.1429
GP010571_frame_001030_noise3,7,0,0,7,0.0,0.0
GP010571_frame_001030_dark1,7,5,2,2,0.7143,0.7143
GP010571_frame_001030_dark2,7,2,0,5,1.0,0.2857
GP010571_frame_001030_overexposure1,7,7,11,0,0.3889,1.0
GP010571_frame_001030_overexposure2,7,5,12,2,0.2941,0.7143
GP010571_frame_001050_ref,10,5,8,5,0.3846,0.5
GP010571_frame_001050_rain1,10,6,5,4,0.5455,0.6
GP010571_frame_001050_rain2,10,2,1,8,0.6667,0.2
GP010571_frame_001050_rain3,10,0,0,10,0.0,0.0
GP010571_frame_001050_blur1,10,6,2,4,0.75,0.6
GP010571_frame_001050_blur2,10,4,1,6,0.8,0.4
GP010571_frame_001050_blur3,10,1,0,9,1.0,0.1
GP010571_frame_001050_blur4,10,0,0,10,0.0,0.0
GP010571_frame_001050_noise1,10,3,3,7,0.5,0.3
GP010571_frame_001050_noise2,10,1,0,9,1.0,0.1
GP010571_frame_001050_noise3,10,0,0,10,0.0,0.0
GP010571_frame_001050_dark1,10,6,4,4,0.6,0.6
GP010571_frame_001050_dark2,10,1,0,9,1.0,0.1
GP010571_frame_001050_overexposure1,10,6,8,4,0.4286,0.6
GP010571_frame_001050_overexposure2,10,6,9,4,0.4,0.6
GP010572_frame_000027_ref,12,9,1,3,0.9,0.75
GP010572_frame_000027_rain1,12,10,3,2,0.7692,0.8333
GP010572_frame_000027_rain2,12,1,0,11,1.0,0.0833
GP010572_frame_000027_rain3,12,0,0,12,0.0,0.0
GP010572_frame_000027_blur1,12,8,1,4,0.8889,0.6667
GP010572_frame_000027_blur2,12,5,2,7,0.7143,0.4167
GP010572_frame_000027_blur3,12,4,2,8,0.6667,0.3333
GP010572_frame_000027_blur4,12,0,0,12,0.0,0.0
GP010572_frame_000027_noise1,12,8,2,4,0.8,0.6667
GP010572_frame_000027_noise2,12,4,1,8,0.8,0.3333
GP010572_frame_000027_noise3,12,0,0,12,0.0,0.0
GP010572_frame_000027_dark1,12,8,1,4,0.8889,0.6667
GP010572_frame_000027_dark2,12,7,1,5,0.875,0.5833
GP010572_frame_000027_overexposure1,12,9,1,3,0.9,0.75
GP010572_frame_000027_overexposure2,12,7,1,5,0.875,0.5833
GP010572_frame_000047_ref,8,7,5,1,0.5833,0.875
GP010572_frame_000047_rain1,8,7,4,1,0.6364,0.875
GP010572_frame_000047_rain2,8,2,0,6,1.0,0.25
GP010572_frame_000047_rain3,8,0,0,8,0.0,0.0
GP010572_frame_000047_blur1,8,6,1,2,0.8571,0.75
GP010572_frame_000047_blur2,8,4,0,4,1.0,0.5
GP010572_frame_000047_blur3,8,2,0,6,1.0,0.25
GP010572_frame_000047_blur4,8,0,0,8,0.0,0.0
GP010572_frame_000047_noise1,8,6,3,2,0.6667,0.75
GP010572_frame_000047_noise2,8,2,2,6,0.5,0.25
GP010572_frame_000047_noise3,8,0,0,8,0.0,0.0
GP010572_frame_000047_dark1,8,7,2,1,0.7778,0.875
GP010572_frame_000047_dark2,8,3,0,5,1.0,0.375
GP010572_frame_000047_overexposure1,8,7,6,1,0.5385,0.875
GP010572_frame_000047_overexposure2,8,6,4,2,0.6,0.75
GP010572_frame_000054_ref,2,2,2,0,0.5,1.0
GP010572_frame_000054_rain1,2,2,2,0,0.5,1.0
GP010572_frame_000054_rain2,2,2,3,0,0.4,1.0
GP010572_frame_000054_rain3,2,2,0,0,1.0,1.0
GP010572_frame_000054_blur1,2,2,2,0,0.5,1.0
GP010572_frame_000054_blur2,2,2,2,0,0.5,1.0
GP010572_frame_000054_blur3,2,2,2,0,0.5,1.0
GP010572_frame_000054_blur4,2,2,0,0,1.0,1.0
GP010572_frame_000054_noise1,2,2,4,0,0.3333,1.0
GP010572_frame_000054_noise2,2,2,3,0,0.4,1.0
GP010572_frame_000054_noise3,2,2,1,0,0.6667,1.0
GP010572_frame_000054_dark1,2,2,3,0,0.4,1.0
GP010572_frame_000054_dark2,2,2,2,0,0.5,1.0
GP010572_frame_000054_overexposure1,2,2,2,0,0.5,1.0
GP010572_frame_000054_overexposure2,2,2,1,0,0.6667,1.0
GP010572_frame_000060_ref,3,3,4,0,0.4286,1.0
GP010572_frame_000060_rain1,3,3,3,0,0.5,1.0
GP010572_frame_000060_rain2,3,3,4,0,0.4286,1.0
GP010572_frame_000060_rain3,3,2,0,1,1.0,0.6667
GP010572_frame_000060_blur1,3,3,3,0,0.5,1.0
GP010572_frame_000060_blur2,3,3,3,0,0.5,1.0
GP010572_frame_000060_blur3,3,3,0,0,1.0,1.0
GP010572_frame_000060_blur4,3,2,0,1,1.0,0.6667
GP010572_frame_000060_noise1,3,3,5,0,0.375,1.0
GP010572_frame_000060_noise2,3,3,3,0,0.5,1.0
GP010572_frame_000060_noise3,3,3,0,0,1.0,1.0
GP010572_frame_000060_dark1,3,3,5,0,0.375,1.0
GP010572_frame_000060_dark2,3,3,2,0,0.6,1.0
GP010572_frame_000060_overexposure1,3,3,3,0,0.5,1.0
GP010572_frame_000060_overexposure2,3,3,1,0,0.75,1.0
GP010572_frame_000066_ref,4,4,7,0,0.3636,1.0
GP010572_frame_000066_rain1,4,4,4,0,0.5,1.0
GP010572_frame_000066_rain2,4,3,3,1,0.5,0.75
GP010572_frame_000066_rain3,4,3,0,1,1.0,0.75
GP010572_frame_000066_blur1,4,4,5,0,0.4444,1.0
GP010572_frame_000066_blur2,4,4,3,0,0.5714,1.0
GP010572_frame_000066_blur3,4,4,1,0,0.8,1.0
GP010572_frame_000066_blur4,4,2,0,2,1.0,0.5
GP010572_frame_000066_noise1,4,4,4,0,0.5,1.0
GP010572_frame_000066_noise2,4,4,4,0,0.5,1.0
GP010572_frame_000066_noise3,4,3,0,1,1.0,0.75
GP010572_frame_000066_dark1,4,4,5,0,0.4444,1.0
GP010572_frame_000066_dark2,4,4,4,0,0.5,1.0
GP010572_frame_000066_overexposure1,4,4,6,0,0.4,1.0
GP010572_frame_000066_overexposure2,4,4,2,0,0.6667,1.0
GP010572_frame_000072_ref,7,7,4,0,0.6364,1.0
GP010572_frame_000072_rain1,7,6,6,1,0.5,0.8571
GP010572_frame_000072_rain2,7,5,2,2,0.7143,0.7143
GP010572_frame_000072_rain3,7,2,3,5,0.4,0.2857
GP010572_frame_000072_blur1,7,6,2,1,0.75,0.8571
GP010572_frame_000072_blur2,7,6,1,1,0.8571,0.8571
GP010572_frame_000072_blur3,7,6,0,1,1.0,0.8571
GP010572_frame_000072_blur4,7,3,1,4,0.75,0.4286
GP010572_frame_000072_noise1,7,7,3,0,0.7,1.0
GP010572_frame_000072_noise2,7,6,2,1,0.75,0.8571
GP010572_frame_000072_noise3,7,3,2,4,0.6,0.4286
GP010572_frame_000072_dark1,7,7,3,0,0.7,1.0
GP010572_frame_000072_dark2,7,6,2,1,0.75,0.8571
GP010572_frame_000072_overexposure1,7,7,4,0,0.6364,1.0
GP010572_frame_000072_overexposure2,7,5,2,2,0.7143,0.7143
GP010572_frame_000077_ref,7,7,5,0,0.5833,1.0
GP010572_frame_000077_rain1,7,7,6,0,0.5385,1.0
GP010572_frame_000077_rain2,7,7,7,0,0.5,1.0
GP010572_frame_000077_rain3,7,3,1,4,0.75,0.4286
GP010572_frame_000077_blur1,7,7,5,0,0.5833,1.0
GP010572_frame_000077_blur2,7,7,4,0,0.6364,1.0
GP010572_frame_000077_blur3,7,7,3,0,0.7,1.0
GP010572_frame_000077_blur4,7,3,0,4,1.0,0.4286
GP010572_frame_000077_noise1,7,7,7,0,0.5,1.0
GP010572_frame_000077_noise2,7,7,7,0,0.5,1.0
GP010572_frame_000077_noise3,7,1,0,6,1.0,0.1429
GP010572_frame_000077_dark1,7,7,11,0,0.3889,1.0
GP010572_frame_000077_dark2,7,7,5,0,0.5833,1.0
GP010572_frame_000077_overexposure1,7,7,9,0,0.4375,1.0
GP010572_frame_000077_overexposure2,7,4,9,3,0.3077,0.5714
GP010572_frame_000082_ref,2,2,9,0,0.1818,1.0
GP010572_frame_000082_rain1,2,2,6,0,0.25,1.0
GP010572_frame_000082_rain2,2,1,2,1,0.3333,0.5
GP010572_frame_000082_rain3,2,0,0,2,0.0,0.0
GP010572_frame_000082_blur1,2,2,6,0,0.25,1.0
GP010572_frame_000082_blur2,2,2,2,0,0.5,1.0
GP010572_frame_000082_blur3,2,1,1,1,0.5,0.5
GP010572_frame_000082_blur4,2,0,0,2,0.0,0.0
GP010572_frame_000082_noise1,2,2,10,0,0.1667,1.0
GP010572_frame_000082_noise2,2,0,0,2,0.0,0.0
GP010572_frame_000082_noise3,2,0,0,2,0.0,0.0
GP010572_frame_000082_dark1,2,2,7,0,0.2222,1.0
GP010572_frame_000082_dark2,2,1,2,1,0.3333,0.5
GP010572_frame_000082_overexposure1,2,2,10,0,0.1667,1.0
GP010572_frame_000082_overexposure2,2,2,8,0,0.2,1.0
GP010572_frame_000088_ref,4,4,4,0,0.5,1.0
GP010572_frame_000088_rain1,4,3,4,1,0.4286,0.75
GP010572_frame_000088_rain2,4,2,2,2,0.5,0.5
GP010572_frame_000088_rain3,4,0,0,4,0.0,0.0
GP010572_frame_000088_blur1,4,3,3,1,0.5,0.75
GP010572_frame_000088_blur2,4,3,4,1,0.4286,0.75
GP010572_frame_000088_blur3,4,2,3,2,0.4,0.5
GP010572_frame_000088_blur4,4,0,0,4,0.0,0.0
GP010572_frame_000088_noise1,4,4,5,0,0.4444,1.0
GP010572_frame_000088_noise2,4,1,4,3,0.2,0.25
GP010572_frame_000088_noise3,4,0,0,4,0.0,0.0
GP010572_frame_000088_dark1,4,4,4,0,0.5,1.0
GP010572_frame_000088_dark2,4,3,3,1,0.5,0.75
GP010572_frame_000088_overexposure1,4,4,3,0,0.5714,1.0
GP010572_frame_000088_overexposure2,4,3,6,1,0.3333,0.75
GP010572_frame_000093_ref,9,8,7,1,0.5333,0.8889
GP010572_frame_000093_rain1,9,8,6,1,0.5714,0.8889
GP010572_frame_000093_rain2,9,6,3,3,0.6667,0.6667
GP010572_frame_000093_rain3,9,3,1,6,0.75,0.3333
GP010572_frame_000093_blur1,9,8,6,1,0.5714,0.8889
GP010572_frame_000093_blur2,9,8,4,1,0.6667,0.8889
GP010572_frame_000093_blur3,9,5,3,4,0.625,0.5556
GP010572_frame_000093_blur4,9,2,0,7,1.0,0.2222
GP010572_frame_000093_noise1,9,9,7,0,0.5625,1.0
GP010572_frame_000093_noise2,9,6,2,3,0.75,0.6667
GP010572_frame_000093_noise3,9,3,1,6,0.75,0.3333
GP010572_frame_000093_dark1,9,8,6,1,0.5714,0.8889
GP010572_frame_000093_dark2,9,6,4,3,0.6,0.6667
GP010572_frame_000093_overexposure1,9,8,7,1,0.5333,0.8889
GP010572_frame_000093_overexposure2,9,8,6,1,0.5714,0.8889
GP010572_frame_000098_ref,17,16,9,1,0.64,0.9412
GP010572_frame_000098_rain1,17,14,7,3,0.6667,0.8235
GP010572_frame_000098_rain2,17,10,2,7,0.8333,0.5882
GP010572_frame_000098_rain3,17,4,1,13,0.8,0.2353
GP010572_frame_000098_blur1,17,15,6,2,0.7143,0.8824
GP010572_frame_000098_blur2,17,11,5,6,0.6875,0.6471
GP010572_frame_000098_blur3,17,8,1,9,0.8889,0.4706
GP010572_frame_000098_blur4,17,4,0,13,1.0,0.2353
GP010572_frame_000098_noise1,17,15,7,2,0.6818,0.8824
GP010572_frame_000098_noise2,17,7,1,10,0.875,0.4118
GP010572_frame_000098_noise3,17,4,1,13,0.8,0.2353
GP010572_frame_000098_dark1,17,16,7,1,0.6957,0.9412
GP010572_frame_000098_dark2,17,10,1,7,0.9091,0.5882
GP010572_frame_000098_overexposure1,17,16,8,1,0.6667,0.9412
GP010572_frame_000098_overexposure2,17,14,12,3,0.5385,0.8235
GP010572_frame_000118_ref,16,16,11,0,0.5926,1.0
GP010572_frame_000118_rain1,16,16,10,0,0.6154,1.0
GP010572_frame_000118_rain2,16,13,9,3,0.5909,0.8125
GP010572_frame_000118_rain3,16,5,1,11,0.8333,0.3125
GP010572_frame_000118_blur1,16,14,6,2,0.7,0.875
GP010572_frame_000118_blur2,16,14,3,2,0.8235,0.875
GP010572_frame_000118_blur3,16,14,2,2,0.875,0.875
GP010572_frame_000118_blur4,16,7,1,9,0.875,0.4375
GP010572_frame_000118_noise1,16,13,6,3,0.6842,0.8125
GP010572_frame_000118_noise2,16,12,6,4,0.6667,0.75
GP010572_frame_000118_noise3,16,7,2,9,0.7778,0.4375
GP010572_frame_000118_dark1,16,16,8,0,0.6667,1.0
GP010572_frame_000118_dark2,16,12,4,4,0.75,0.75
GP010572_frame_000118_overexposure1,16,16,12,0,0.5714,1.0
GP010572_frame_000118_overexposure2,16,15,12,1,0.5556,0.9375
GP010572_frame_000130_ref,13,12,8,1,0.6,0.9231
GP010572_frame_000130_rain1,13,12,4,1,0.75,0.9231
GP010572_frame_000130_rain2,13,10,3,3,0.7692,0.7692
GP010572_frame_000130_rain3,13,3,0,10,1.0,0.2308
GP010572_frame_000130_blur1,13,12,6,1,0.6667,0.9231
GP010572_frame_000130_blur2,13,10,9,3,0.5263,0.7692
GP010572_frame_000130_blur3,13,5,5,8,0.5,0.3846
GP010572_frame_000130_blur4,13,2,1,11,0.6667,0.1538
GP010572_frame_000130_noise1,13,11,8,2,0.5789,0.8462
GP010572_frame_000130_noise2,13,11,3,2,0.7857,0.8462
GP010572_frame_000130_noise3,13,3,1,10,0.75,0.2308
GP010572_frame_000130_dark1,13,12,3,1,0.8,0.9231
GP010572_frame_000130_dark2,13,9,2,4,0.8182,0.6923
GP010572_frame_000130_overexposure1,13,12,6,1,0.6667,0.9231
GP010572_frame_000130_overexposure2,13,12,6,1,0.6667,0.9231
GP010572_frame_000136_ref,13,13,15,0,0.4643,1.0
GP010572_frame_000136_rain1,13,12,15,1,0.4444,0.9231
GP010572_frame_000136_rain2,13,9,7,4,0.5625,0.6923
GP010572_frame_000136_rain3,13,3,1,10,0.75,0.2308
GP010572_frame_000136_blur1,13,12,15,1,0.4444,0.9231
GP010572_frame_000136_blur2,13,12,5,1,0.7059,0.9231
GP010572_frame_000136_blur3,13,7,0,6,1.0,0.5385
GP010572_frame_000136_blur4,13,5,3,8,0.625,0.3846
GP010572_frame_000136_noise1,13,13,14,0,0.4815,1.0
GP010572_frame_000136_noise2,13,7,3,6,0.7,0.5385
GP010572_frame_000136_noise3,13,6,1,7,0.8571,0.4615
GP010572_frame_000136_dark1,13,13,11,0,0.5417,1.0
GP010572_frame_000136_dark2,13,7,2,6,0.7778,0.5385
GP010572_frame_000136_overexposure1,13,13,15,0,0.4643,1.0
GP010572_frame_000136_overexposure2,13,13,17,0,0.4333,1.0
GP010572_frame_000142_ref,9,9,6,0,0.6,1.0
GP010572_frame_000142_rain1,9,9,4,0,0.6923,1.0
GP010572_frame_000142_rain2,9,8,3,1,0.7273,0.8889
GP010572_frame_000142_rain3,9,4,1,5,0.8,0.4444
GP010572_frame_000142_blur1,9,9,5,0,0.6429,1.0
GP010572_frame_000142_blur2,9,8,4,1,0.6667,0.8889
GP010572_frame_000142_blur3,9,6,2,3,0.75,0.6667
GP010572_frame_000142_blur4,9,4,0,5,1.0,0.4444
GP010572_frame_000142_noise1,9,8,3,1,0.7273,0.8889
GP010572_frame_000142_noise2,9,6,1,3,0.8571,0.6667
GP010572_frame_000142_noise3,9,2,0,7,1.0,0.2222
GP010572_frame_000142_dark1,9,9,3,0,0.75,1.0
GP010572_frame_000142_dark2,9,7,1,2,0.875,0.7778
GP010572_frame_000142_overexposure1,9,9,6,0,0.6,1.0
GP010572_frame_000142_overexposure2,9,9,3,0,0.75,1.0
GP010572_frame_000147_ref,20,19,5,1,0.7917,0.95
GP010572_frame_000147_rain1,20,18,1,2,0.9474,0.9
GP010572_frame_000147_rain2,20,16,3,4,0.8421,0.8
GP010572_frame_000147_rain3,20,3,0,17,1.0,0.15
GP010572_frame_000147_blur1,20,19,2,1,0.9048,0.95
GP010572_frame_000147_blur2,20,18,3,2,0.8571,0.9
GP010572_frame_000147_blur3,20,13,1,7,0.9286,0.65
GP010572_frame_000147_blur4,20,4,0,16,1.0,0.2
GP010572_frame_000147_noise1,20,18,3,2,0.8571,0.9
GP010572_frame_000147_noise2,20,13,0,7,1.0,0.65
GP010572_frame_000147_noise3,20,4,1,16,0.8,0.2
GP010572_frame_000147_dark1,20,17,2,3,0.8947,0.85
GP010572_frame_000147_dark2,20,12,0,8,1.0,0.6
GP010572_frame_000147_overexposure1,20,20,6,0,0.7692,1.0
GP010572_frame_000147_overexposure2,20,19,4,1,0.8261,0.95
GP010572_frame_000167_ref,18,16,9,2,0.64,0.8889
GP010572_frame_000167_rain1,18,16,11,2,0.5926,0.8889
GP010572_frame_000167_rain2,18,15,4,3,0.7895,0.8333
GP010572_frame_000167_rain3,18,3,2,15,0.6,0.1667
GP010572_frame_000167_blur1,18,16,7,2,0.6957,0.8889
GP010572_frame_000167_blur2,18,17,5,1,0.7727,0.9444
GP010572_frame_000167_blur3,18,16,4,2,0.8,0.8889
GP010572_frame_000167_blur4,18,5,1,13,0.8333,0.2778
GP010572_frame_000167_noise1,18,16,9,2,0.64,0.8889
GP010572_frame_000167_noise2,18,12,4,6,0.75,0.6667
GP010572_frame_000167_noise3,18,5,0,13,1.0,0.2778
GP010572_frame_000167_dark1,18,17,7,1,0.7083,0.9444
GP010572_frame_000167_dark2,18,13,2,5,0.8667,0.7222
GP010572_frame_000167_overexposure1,18,16,11,2,0.5926,0.8889
GP010572_frame_000167_overexposure2,18,17,11,1,0.6071,0.9444
GP010572_frame_000178_ref,18,18,16,0,0.5294,1.0
GP010572_frame_000178_rain1,18,18,13,0,0.5806,1.0
GP010572_frame_000178_rain2,18,11,7,7,0.6111,0.6111
GP010572_frame_000178_rain3,18,3,1,15,0.75,0.1667
GP010572_frame_000178_blur1,18,17,13,1,0.5667,0.9444
GP010572_frame_000178_blur2,18,11,8,7,0.5789,0.6111
GP010572_frame_000178_blur3,18,8,1,10,0.8889,0.4444
GP010572_frame_000178_blur4,18,3,1,15,0.75,0.1667
GP010572_frame_000178_noise1,18,17,12,1,0.5862,0.9444
GP010572_frame_000178_noise2,18,14,1,4,0.9333,0.7778
GP010572_frame_000178_noise3,18,3,0,15,1.0,0.1667
GP010572_frame_000178_dark1,18,17,14,1,0.5484,0.9444
GP010572_frame_000178_dark2,18,13,3,5,0.8125,0.7222
GP010572_frame_000178_overexposure1,18,18,19,0,0.4865,1.0
GP010572_frame_000178_overexposure2,18,16,16,2,0.5,0.8889
GP010572_frame_000186_ref,13,13,11,0,0.5417,1.0
GP010572_frame_000186_rain1,13,13,9,0,0.5909,1.0
GP010572_frame_000186_rain2,13,8,2,5,0.8,0.6154
GP010572_frame_000186_rain3,13,3,3,10,0.5,0.2308
GP010572_frame_000186_blur1,13,13,8,0,0.619,1.0
GP010572_frame_000186_blur2,13,10,4,3,0.7143,0.7692
GP010572_frame_000186_blur3,13,7,3,6,0.7,0.5385
GP010572_frame_000186_blur4,13,5,1,8,0.8333,0.3846
GP010572_frame_000186_noise1,13,12,8,1,0.6,0.9231
GP010572_frame_000186_noise2,13,10,5,3,0.6667,0.7692
GP010572_frame_000186_noise3,13,6,1,7,0.8571,0.4615
GP010572_frame_000186_dark1,13,13,9,0,0.5909,1.0
GP010572_frame_000186_dark2,13,9,5,4,0.6429,0.6923
GP010572_frame_000186_overexposure1,13,13,12,0,0.52,1.0
GP010572_frame_000186_overexposure2,13,12,10,1,0.5455,0.9231
GP010572_frame_000737_ref,9,9,12,0,0.4286,1.0
GP010572_frame_000737_rain1,9,8,12,1,0.4,0.8889
GP010572_frame_000737_rain2,9,7,3,2,0.7,0.7778
GP010572_frame_000737_rain3,9,2,1,7,0.6667,0.2222
GP010572_frame_000737_blur1,9,9,8,0,0.5294,1.0
GP010572_frame_000737_blur2,9,8,2,1,0.8,0.8889
GP010572_frame_000737_blur3,9,6,2,3,0.75,0.6667
GP010572_frame_000737_blur4,9,1,1,8,0.5,0.1111
GP010572_frame_000737_noise1,9,9,10,0,0.4737,1.0
GP010572_frame_000737_noise2,9,7,2,2,0.7778,0.7778
GP010572_frame_000737_noise3,9,2,1,7,0.6667,0.2222
GP010572_frame_000737_dark1,9,9,11,0,0.45,1.0
GP010572_frame_000737_dark2,9,8,2,1,0.8,0.8889
GP010572_frame_000737_overexposure1,9,9,13,0,0.4091,1.0
GP010572_frame_000737_overexposure2,9,9,14,0,0.3913,1.0
GP010572_frame_000771_ref,14,13,8,1,0.619,0.9286
GP010572_frame_000771_rain1,14,12,6,2,0.6667,0.8571
GP010572_frame_000771_rain2,14,8,7,6,0.5333,0.5714
GP010572_frame_000771_rain3,14,0,1,14,0.0,0.0
GP010572_frame_000771_blur1,14,13,7,1,0.65,0.9286
GP010572_frame_000771_blur2,14,13,2,1,0.8667,0.9286
GP010572_frame_000771_blur3,14,9,2,5,0.8182,0.6429
GP010572_frame_000771_blur4,14,3,2,11,0.6,0.2143
GP010572_frame_000771_noise1,14,13,3,1,0.8125,0.9286
GP010572_frame_000771_noise2,14,11,5,3,0.6875,0.7857
GP010572_frame_000771_noise3,14,1,0,13,1.0,0.0714
GP010572_frame_000771_dark1,14,11,6,3,0.6471,0.7857
GP010572_frame_000771_dark2,14,8,1,6,0.8889,0.5714
GP010572_frame_000771_overexposure1,14,14,8,0,0.6364,1.0
GP010572_frame_000771_overexposure2,14,13,11,1,0.5417,0.9286
GP010572_frame_000779_ref,5,5,6,0,0.4545,1.0
GP010572_frame_000779_rain1,5,5,3,0,0.625,1.0
GP010572_frame_000779_rain2,5,4,0,1,1.0,0.8
GP010572_frame_000779_rain3,5,0,0,5,0.0,0.0
GP010572_frame_000779_blur1,5,5,3,0,0.625,1.0
GP010572_frame_000779_blur2,5,4,2,1,0.6667,0.8
GP010572_frame_000779_blur3,5,3,0,2,1.0,0.6
GP010572_frame_000779_blur4,5,1,0,4,1.0,0.2
GP010572_frame_000779_noise1,5,4,3,1,0.5714,0.8
GP010572_frame_000779_noise2,5,4,1,1,0.8,0.8
GP010572_frame_000779_noise3,5,0,0,5,0.0,0.0
GP010572_frame_000779_dark1,5,5,5,0,0.5,1.0
GP010572_frame_000779_dark2,5,2,0,3,1.0,0.4
GP010572_frame_000779_overexposure1,5,5,3,0,0.625,1.0
GP010572_frame_000779_overexposure2,5,5,7,0,0.4167,1.0
GP010572_frame_000785_ref,7,6,9,1,0.4,0.8571
GP010572_frame_000785_rain1,7,4,6,3,0.4,0.5714
GP010572_frame_000785_rain2,7,4,2,3,0.6667,0.5714
GP010572_frame_000785_rain3,7,1,0,6,1.0,0.1429
GP010572_frame_000785_blur1,7,6,7,1,0.4615,0.8571
GP010572_frame_000785_blur2,7,4,8,3,0.3333,0.5714
GP010572_frame_000785_blur3,7,4,4,3,0.5,0.5714
GP010572_frame_000785_blur4,7,2,0,5,1.0,0.2857
GP010572_frame_000785_noise1,7,4,8,3,0.3333,0.5714
GP010572_frame_000785_noise2,7,4,4,3,0.5,0.5714
GP010572_frame_000785_noise3,7,1,0,6,1.0,0.1429
GP010572_frame_000785_dark1,7,5,6,2,0.4545,0.7143
GP010572_frame_000785_dark2,7,3,1,4,0.75,0.4286
GP010572_frame_000785_overexposure1,7,6,12,1,0.3333,0.8571
GP010572_frame_000785_overexposure2,7,6,10,1,0.375,0.8571
GP010572_frame_000790_ref,1,1,6,0,0.1429,1.0
GP010572_frame_000790_rain1,1,0,3,1,0.0,0.0
GP010572_frame_000790_rain2,1,0,0,1,0.0,0.0
GP010572_frame_000790_rain3,1,0,0,1,0.0,0.0
GP010572_frame_000790_blur1,1,1,2,0,0.3333,1.0
GP010572_frame_000790_blur2,1,1,2,0,0.3333,1.0
GP010572_frame_000790_blur3,1,0,1,1,0.0,0.0
GP010572_frame_000790_blur4,1,0,0,1,0.0,0.0
GP010572_frame_000790_noise1,1,0,5,1,0.0,0.0
GP010572_frame_000790_noise2,1,0,1,1,0.0,0.0
GP010572_frame_000790_noise3,1,0,0,1,0.0,0.0
GP010572_frame_000790_dark1,1,0,3,1,0.0,0.0
GP010572_frame_000790_dark2,1,0,0,1,0.0,0.0
GP010572_frame_000790_overexposure1,1,1,4,0,0.2,1.0
GP010572_frame_000790_overexposure2,1,1,3,0,0.25,1.0
GP010572_frame_000795_ref,2,2,3,0,0.4,1.0
GP010572_frame_000795_rain1,2,1,0,1,1.0,0.5
GP010572_frame_000795_rain2,2,0,0,2,0.0,0.0
GP010572_frame_000795_rain3,2,0,0,2,0.0,0.0
GP010572_frame_000795_blur1,2,2,2,0,0.5,1.0
GP010572_frame_000795_blur2,2,1,1,1,0.5,0.5
GP010572_frame_000795_blur3,2,1,0,1,1.0,0.5
GP010572_frame_000795_blur4,2,0,0,2,0.0,0.0
GP010572_frame_000795_noise1,2,1,1,1,0.5,0.5
GP010572_frame_000795_noise2,2,0,1,2,0.0,0.0
GP010572_frame_000795_noise3,2,0,0,2,0.0,0.0
GP010572_frame_000795_dark1,2,0,0,2,0.0,0.0
GP010572_frame_000795_dark2,2,0,0,2,0.0,0.0
GP010572_frame_000795_overexposure1,2,2,3,0,0.4,1.0
GP010572_frame_000795_overexposure2,2,2,5,0,0.2857,1.0
GP010572_frame_000800_ref,1,1,4,0,0.2,1.0
GP010572_frame_000800_rain1,1,1,2,0,0.3333,1.0
GP010572_frame_000800_rain2,1,1,0,0,1.0,1.0
GP010572_frame_000800_rain3,1,0,0,1,0.0,0.0
GP010572_frame_000800_blur1,1,1,4,0,0.2,1.0
GP010572_frame_000800_blur2,1,1,1,0,0.5,1.0
GP010572_frame_000800_blur3,1,0,0,1,0.0,0.0
GP010572_frame_000800_blur4,1,0,0,1,0.0,0.0
GP010572_frame_000800_noise1,1,1,4,0,0.2,1.0
GP010572_frame_000800_noise2,1,1,1,0,0.5,1.0
GP010572_frame_000800_noise3,1,0,0,1,0.0,0.0
GP010572_frame_000800_dark1,1,1,6,0,0.1429,1.0
GP010572_frame_000800_dark2,1,1,1,0,0.5,1.0
GP010572_frame_000800_overexposure1,1,1,3,0,0.25,1.0
GP010572_frame_000800_overexposure2,1,1,3,0,0.25,1.0
GP010572_frame_000806_ref,7,5,7,2,0.4167,0.7143
GP010572_frame_000806_rain1,7,4,5,3,0.4444,0.5714
GP010572_frame_000806_rain2,7,2,2,5,0.5,0.2857
GP010572_frame_000806_rain3,7,1,1,6,0.5,0.1429
GP010572_frame_000806_blur1,7,5,3,2,0.625,0.7143
GP010572_frame_000806_blur2,7,5,1,2,0.8333,0.7143
GP010572_frame_000806_blur3,7,3,1,4,0.75,0.4286
GP010572_frame_000806_blur4,7,2,0,5,1.0,0.2857
GP010572_frame_000806_noise1,7,4,2,3,0.6667,0.5714
GP010572_frame_000806_noise2,7,4,1,3,0.8,0.5714
GP010572_frame_000806_noise3,7,1,0,6,1.0,0.1429
GP010572_frame_000806_dark1,7,3,4,4,0.4286,0.4286
GP010572_frame_000806_dark2,7,4,2,3,0.6667,0.5714
GP010572_frame_000806_overexposure1,7,5,8,2,0.3846,0.7143
GP010572_frame_000806_overexposure2,7,5,6,2,0.4545,0.7143
GP010572_frame_000826_ref,3,3,3,0,0.5,1.0
GP010572_frame_000826_rain1,3,3,3,0,0.5,1.0
GP010572_frame_000826_rain2,3,3,0,0,1.0,1.0
GP010572_frame_000826_rain3,3,3,0,0,1.0,1.0
GP010572_frame_000826_blur1,3,3,2,0,0.6,1.0
GP010572_frame_000826_blur2,3,3,1,0,0.75,1.0
GP010572_frame_000826_blur3,3,3,0,0,1.0,1.0
GP010572_frame_000826_blur4,3,2,1,1,0.6667,0.6667
GP010572_frame_000826_noise1,3,3,4,0,0.4286,1.0
GP010572_frame_000826_noise2,3,3,0,0,1.0,1.0
GP010572_frame_000826_noise3,3,3,2,0,0.6,1.0
GP010572_frame_000826_dark1,3,3,3,0,0.5,1.0
GP010572_frame_000826_dark2,3,3,2,0,0.6,1.0
GP010572_frame_000826_overexposure1,3,3,2,0,0.6,1.0
GP010572_frame_000826_overexposure2,3,3,1,0,0.75,1.0
GP010572_frame_000833_ref,5,5,1,0,0.8333,1.0
GP010572_frame_000833_rain1,5,4,1,1,0.8,0.8
GP010572_frame_000833_rain2,5,3,0,2,1.0,0.6
GP010572_frame_000833_rain3,5,1,0,4,1.0,0.2
GP010572_frame_000833_blur1,5,4,0,1,1.0,0.8
GP010572_frame_000833_blur2,5,3,0,2,1.0,0.6
GP010572_frame_000833_blur3,5,3,0,2,1.0,0.6
GP010572_frame_000833_blur4,5,1,0,4,1.0,0.2
GP010572_frame_000833_noise1,5,4,2,1,0.6667,0.8
GP010572_frame_000833_noise2,5,3,1,2,0.75,0.6
GP010572_frame_000833_noise3,5,1,0,4,1.0,0.2
GP010572_frame_000833_dark1,5,5,2,0,0.7143,1.0
GP010572_frame_000833_dark2,5,3,0,2,1.0,0.6
GP010572_frame_000833_overexposure1,5,4,1,1,0.8,0.8
GP010572_frame_000833_overexposure2,5,3,2,2,0.6,0.6
GP010572_frame_000868_ref,5,4,6,1,0.4,0.8
GP010572_frame_000868_rain1,5,4,8,1,0.3333,0.8
GP010572_frame_000868_rain2,5,3,4,2,0.4286,0.6
GP010572_frame_000868_rain3,5,1,0,4,1.0,0.2
GP010572_frame_000868_blur1,5,4,9,1,0.3077,0.8
GP010572_frame_000868_blur2,5,4,5,1,0.4444,0.8
GP010572_frame_000868_blur3,5,2,0,3,1.0,0.4
GP010572_frame_000868_blur4,5,0,1,5,0.0,0.0
GP010572_frame_000868_noise1,5,4,6,1,0.4,0.8
GP010572_frame_000868_noise2,5,3,3,2,0.5,0.6
GP010572_frame_000868_noise3,5,1,0,4,1.0,0.2
GP010572_frame_000868_dark1,5,3,5,2,0.375,0.6
GP010572_frame_000868_dark2,5,2,1,3,0.6667,0.4
GP010572_frame_000868_overexposure1,5,4,8,1,0.3333,0.8
GP010572_frame_000868_overexposure2,5,4,6,1,0.4,0.8
GP010572_frame_000874_ref,7,6,1,1,0.8571,0.8571
GP010572_frame_000874_rain1,7,7,0,0,1.0,1.0
GP010572_frame_000874_rain2,7,4,3,3,0.5714,0.5714
GP010572_frame_000874_rain3,7,3,1,4,0.75,0.4286
GP010572_frame_000874_blur1,7,7,1,0,0.875,1.0
GP010572_frame_000874_blur2,7,7,0,0,1.0,1.0
GP010572_frame_000874_blur3,7,5,1,2,0.8333,0.7143
GP010572_frame_000874_blur4,7,3,0,4,1.0,0.4286
GP010572_frame_000874_noise1,7,7,2,0,0.7778,1.0
GP010572_frame_000874_noise2,7,4,0,3,1.0,0.5714
GP010572_frame_000874_noise3,7,1,0,6,1.0,0.1429
GP010572_frame_000874_dark1,7,6,1,1,0.8571,0.8571
GP010572_frame_000874_dark2,7,6,0,1,1.0,0.8571
GP010572_frame_000874_overexposure1,7,6,1,1,0.8571,0.8571
GP010572_frame_000874_overexposure2,7,7,2,0,0.7778,1.0
GP010572_frame_000880_ref,1,1,3,0,0.25,1.0
GP010572_frame_000880_rain1,1,1,2,0,0.3333,1.0
GP010572_frame_000880_rain2,1,1,0,0,1.0,1.0
GP010572_frame_000880_rain3,1,0,0,1,0.0,0.0
GP010572_frame_000880_blur1,1,1,2,0,0.3333,1.0
GP010572_frame_000880_blur2,1,1,0,0,1.0,1.0
GP010572_frame_000880_blur3,1,1,0,0,1.0,1.0
GP010572_frame_000880_blur4,1,0,0,1,0.0,0.0
GP010572_frame_000880_noise1,1,1,1,0,0.5,1.0
GP010572_frame_000880_noise2,1,1,0,0,1.0,1.0
GP010572_frame_000880_noise3,1,0,0,1,0.0,0.0
GP010572_frame_000880_dark1,1,1,2,0,0.3333,1.0
GP010572_frame_000880_dark2,1,1,0,0,1.0,1.0
GP010572_frame_000880_overexposure1,1,1,4,0,0.2,1.0
GP010572_frame_000880_overexposure2,1,1,3,0,0.25,1.0
GP010572_frame_000885_ref,2,2,1,0,0.6667,1.0
GP010572_frame_000885_rain1,2,2,1,0,0.6667,1.0
GP010572_frame_000885_rain2,2,2,1,0,0.6667,1.0
GP010572_frame_000885_rain3,2,0,0,2,0.0,0.0
GP010572_frame_000885_blur1,2,2,1,0,0.6667,1.0
GP010572_frame_000885_blur2,2,2,1,0,0.6667,1.0
GP010572_frame_000885_blur3,2,2,1,0,0.6667,1.0
GP010572_frame_000885_blur4,2,0,0,2,0.0,0.0
GP010572_frame_000885_noise1,2,2,1,0,0.6667,1.0
GP010572_frame_000885_noise2,2,2,2,0,0.5,1.0
GP010572_frame_000885_noise3,2,0,0,2,0.0,0.0
GP010572_frame_000885_dark1,2,2,1,0,0.6667,1.0
GP010572_frame_000885_dark2,2,2,1,0,0.6667,1.0
GP010572_frame_000885_overexposure1,2,2,1,0,0.6667,1.0
GP010572_frame_000885_overexposure2,2,2,2,0,0.5,1.0
GP010572_frame_000890_ref,3,3,5,0,0.375,1.0
GP010572_frame_000890_rain1,3,3,4,0,0.4286,1.0
GP010572_frame_000890_rain2,3,3,1,0,0.75,1.0
GP010572_frame_000890_rain3,3,3,0,0,1.0,1.0
GP010572_frame_000890_blur1,3,3,4,0,0.4286,1.0
GP010572_frame_000890_blur2,3,3,1,0,0.75,1.0
GP010572_frame_000890_blur3,3,3,0,0,1.0,1.0
GP010572_frame_000890_blur4,3,2,0,1,1.0,0.6667
GP010572_frame_000890_noise1,3,3,3,0,0.5,1.0
GP010572_frame_000890_noise2,3,3,2,0,0.6,1.0
GP010572_frame_000890_noise3,3,3,0,0,1.0,1.0
GP010572_frame_000890_dark1,3,3,4,0,0.4286,1.0
GP010572_frame_000890_dark2,3,3,2,0,0.6,1.0
GP010572_frame_000890_overexposure1,3,3,3,0,0.5,1.0
GP010572_frame_000890_overexposure2,3,3,5,0,0.375,1.0
GP010572_frame_000895_ref,4,3,1,1,0.75,0.75
GP010572_frame_000895_rain1,4,3,0,1,1.0,0.75
GP010572_frame_000895_rain2,4,2,2,2,0.5,0.5
GP010572_frame_000895_rain3,4,1,0,3,1.0,0.25
GP010572_frame_000895_blur1,4,3,0,1,1.0,0.75
GP010572_frame_000895_blur2,4,2,0,2,1.0,0.5
GP010572_frame_000895_blur3,4,2,0,2,1.0,0.5
GP010572_frame_000895_blur4,4,1,0,3,1.0,0.25
GP010572_frame_000895_noise1,4,3,2,1,0.6,0.75
GP010572_frame_000895_noise2,4,2,0,2,1.0,0.5
GP010572_frame_000895_noise3,4,1,1,3,0.5,0.25
GP010572_frame_000895_dark1,4,3,0,1,1.0,0.75
GP010572_frame_000895_dark2,4,1,0,3,1.0,0.25
GP010572_frame_000895_overexposure1,4,3,2,1,0.6,0.75
GP010572_frame_000895_overexposure2,4,3,0,1,1.0,0.75
GP010572_frame_000901_ref,5,5,2,0,0.7143,1.0
GP010572_frame_000901_rain1,5,4,2,1,0.6667,0.8
GP010572_frame_000901_rain2,5,2,2,3,0.5,0.4
GP010572_frame_000901_rain3,5,0,0,5,0.0,0.0
GP010572_frame_000901_blur1,5,5,2,0,0.7143,1.0
GP010572_frame_000901_blur2,5,4,3,1,0.5714,0.8
GP010572_frame_000901_blur3,5,4,2,1,0.6667,0.8
GP010572_frame_000901_blur4,5,2,0,3,1.0,0.4
GP010572_frame_000901_noise1,5,4,4,1,0.5,0.8
GP010572_frame_000901_noise2,5,4,0,1,1.0,0.8
GP010572_frame_000901_noise3,5,1,0,4,1.0,0.2
GP010572_frame_000901_dark1,5,4,2,1,0.6667,0.8
GP010572_frame_000901_dark2,5,3,3,2,0.5,0.6
GP010572_frame_000901_overexposure1,5,5,3,0,0.625,1.0
GP010572_frame_000901_overexposure2,5,5,3,0,0.625,1.0
GP010572_frame_000906_ref,7,6,5,1,0.5455,0.8571
GP010572_frame_000906_rain1,7,6,4,1,0.6,0.8571
GP010572_frame_000906_rain2,7,4,1,3,0.8,0.5714
GP010572_frame_000906_rain3,7,1,0,6,1.0,0.1429
GP010572_frame_000906_blur1,7,5,4,2,0.5556,0.7143
GP010572_frame_000906_blur2,7,5,4,2,0.5556,0.7143
GP010572_frame_000906_blur3,7,3,2,4,0.6,0.4286
GP010572_frame_000906_blur4,7,0,0,7,0.0,0.0
GP010572_frame_000906_noise1,7,4,4,3,0.5,0.5714
GP010572_frame_000906_noise2,7,2,2,5,0.5,0.2857
GP010572_frame_000906_noise3,7,1,0,6,1.0,0.1429
GP010572_frame_000906_dark1,7,3,3,4,0.5,0.4286
GP010572_frame_000906_dark2,7,2,2,5,0.5,0.2857
GP010572_frame_000906_overexposure1,7,6,3,1,0.6667,0.8571
GP010572_frame_000906_overexposure2,7,6,3,1,0.6667,0.8571
GP010572_frame_000911_ref,5,4,2,1,0.6667,0.8
GP010572_frame_000911_rain1,5,4,3,1,0.5714,0.8
GP010572_frame_000911_rain2,5,2,3,3,0.4,0.4
GP010572_frame_000911_rain3,5,1,0,4,1.0,0.2
GP010572_frame_000911_blur1,5,4,1,1,0.8,0.8
GP010572_frame_000911_blur2,5,4,1,1,0.8,0.8
GP010572_frame_000911_blur3,5,4,0,1,1.0,0.8
GP010572_frame_000911_blur4,5,3,0,2,1.0,0.6
GP010572_frame_000911_noise1,5,4,2,1,0.6667,0.8
GP010572_frame_000911_noise2,5,4,2,1,0.6667,0.8
GP010572_frame_000911_noise3,5,1,0,4,1.0,0.2
GP010572_frame_000911_dark1,5,4,2,1,0.6667,0.8
GP010572_frame_000911_dark2,5,4,1,1,0.8,0.8
GP010572_frame_000911_overexposure1,5,4,1,1,0.8,0.8
GP010572_frame_000911_overexposure2,5,4,2,1,0.6667,0.8
GP010572_frame_000916_ref,2,2,0,0,1.0,1.0
GP010572_frame_000916_rain1,2,2,2,0,0.5,1.0
GP010572_frame_000916_rain2,2,0,3,2,0.0,0.0
GP010572_frame_000916_rain3,2,1,0,1,1.0,0.5
GP010572_frame_000916_blur1,2,2,1,0,0.6667,1.0
GP010572_frame_000916_blur2,2,2,2,0,0.5,1.0
GP010572_frame_000916_blur3,2,2,4,0,0.3333,1.0
GP010572_frame_000916_blur4,2,2,1,0,0.6667,1.0
GP010572_frame_000916_noise1,2,2,2,0,0.5,1.0
GP010572_frame_000916_noise2,2,2,1,0,0.6667,1.0
GP010572_frame_000916_noise3,2,1,1,1,0.5,0.5
GP010572_frame_000916_dark1,2,2,1,0,0.6667,1.0
GP010572_frame_000916_dark2,2,1,0,1,1.0,0.5
GP010572_frame_000916_overexposure1,2,2,2,0,0.5,1.0
GP010572_frame_000916_overexposure2,2,2,3,0,0.4,1.0
GP010573_frame_000001_ref,6,5,5,1,0.5,0.8333
GP010573_frame_000001_rain1,6,4,4,2,0.5,0.6667
GP010573_frame_000001_rain2,6,3,0,3,1.0,0.5
GP010573_frame_000001_rain3,6,0,0,6,0.0,0.0
GP010573_frame_000001_blur1,6,4,3,2,0.5714,0.6667
GP010573_frame_000001_blur2,6,4,1,2,0.8,0.6667
GP010573_frame_000001_blur3,6,3,0,3,1.0,0.5
GP010573_frame_000001_blur4,6,0,0,6,0.0,0.0
GP010573_frame_000001_noise1,6,4,2,2,0.6667,0.6667
GP010573_frame_000001_noise2,6,3,0,3,1.0,0.5
GP010573_frame_000001_noise3,6,0,0,6,0.0,0.0
GP010573_frame_000001_dark1,6,5,3,1,0.625,0.8333
GP010573_frame_000001_dark2,6,4,1,2,0.8,0.6667
GP010573_frame_000001_overexposure1,6,5,7,1,0.4167,0.8333
GP010573_frame_000001_overexposure2,6,5,5,1,0.5,0.8333
GP010573_frame_000025_ref,10,9,10,1,0.4737,0.9
GP010573_frame_000025_rain1,10,8,11,2,0.4211,0.8
GP010573_frame_000025_rain2,10,6,9,4,0.4,0.6
GP010573_frame_000025_rain3,10,2,1,8,0.6667,0.2
GP010573_frame_000025_blur1,10,8,7,2,0.5333,0.8
GP010573_frame_000025_blur2,10,8,5,2,0.6154,0.8
GP010573_frame_000025_blur3,10,7,3,3,0.7,0.7
GP010573_frame_000025_blur4,10,4,0,6,1.0,0.4
GP010573_frame_000025_noise1,10,8,10,2,0.4444,0.8
GP010573_frame_000025_noise2,10,7,6,3,0.5385,0.7
GP010573_frame_000025_noise3,10,4,1,6,0.8,0.4
GP010573_frame_000025_dark1,10,9,11,1,0.45,0.9
GP010573_frame_000025_dark2,10,6,6,4,0.5,0.6
GP010573_frame_000025_overexposure1,10,9,12,1,0.4286,0.9
GP010573_frame_000025_overexposure2,10,9,17,1,0.3462,0.9
GP010573_frame_000039_ref,7,7,2,0,0.7778,1.0
GP010573_frame_000039_rain1,7,7,3,0,0.7,1.0
GP010573_frame_000039_rain2,7,6,1,1,0.8571,0.8571
GP010573_frame_000039_rain3,7,1,1,6,0.5,0.1429
GP010573_frame_000039_blur1,7,7,2,0,0.7778,1.0
GP010573_frame_000039_blur2,7,7,1,0,0.875,1.0
GP010573_frame_000039_blur3,7,6,1,1,0.8571,0.8571
GP010573_frame_000039_blur4,7,4,2,3,0.6667,0.5714
GP010573_frame_000039_noise1,7,7,4,0,0.6364,1.0
GP010573_frame_000039_noise2,7,7,4,0,0.6364,1.0
GP010573_frame_000039_noise3,7,3,1,4,0.75,0.4286
GP010573_frame_000039_dark1,7,7,3,0,0.7,1.0
GP010573_frame_000039_dark2,7,7,2,0,0.7778,1.0
GP010573_frame_000039_overexposure1,7,7,1,0,0.875,1.0
GP010573_frame_000039_overexposure2,7,7,6,0,0.5385,1.0
GP010573_frame_000088_ref,7,6,8,1,0.4286,0.8571
GP010573_frame_000088_rain1,7,6,9,1,0.4,0.8571
GP010573_frame_000088_rain2,7,4,2,3,0.6667,0.5714
GP010573_frame_000088_rain3,7,2,1,5,0.6667,0.2857
GP010573_frame_000088_blur1,7,6,3,1,0.6667,0.8571
GP010573_frame_000088_blur2,7,6,1,1,0.8571,0.8571
GP010573_frame_000088_blur3,7,5,5,2,0.5,0.7143
GP010573_frame_000088_blur4,7,1,0,6,1.0,0.1429
GP010573_frame_000088_noise1,7,6,10,1,0.375,0.8571
GP010573_frame_000088_noise2,7,6,5,1,0.5455,0.8571
GP010573_frame_000088_noise3,7,2,0,5,1.0,0.2857
GP010573_frame_000088_dark1,7,6,11,1,0.3529,0.8571
GP010573_frame_000088_dark2,7,6,4,1,0.6,0.8571
GP010573_frame_000088_overexposure1,7,6,11,1,0.3529,0.8571
GP010573_frame_000088_overexposure2,7,6,9,1,0.4,0.8571
GP010573_frame_000102_ref,8,8,11,0,0.4211,1.0
GP010573_frame_000102_rain1,8,8,11,0,0.4211,1.0
GP010573_frame_000102_rain2,8,6,1,2,0.8571,0.75
GP010573_frame_000102_rain3,8,0,0,8,0.0,0.0
GP010573_frame_000102_blur1,8,8,8,0,0.5,1.0
GP010573_frame_000102_blur2,8,8,2,0,0.8,1.0
GP010573_frame_000102_blur3,8,4,1,4,0.8,0.5
GP010573_frame_000102_blur4,8,1,1,7,0.5,0.125
GP010573_frame_000102_noise1,8,7,4,1,0.6364,0.875
GP010573_frame_000102_noise2,8,6,5,2,0.5455,0.75
GP010573_frame_000102_noise3,8,1,0,7,1.0,0.125
GP010573_frame_000102_dark1,8,8,9,0,0.4706,1.0
GP010573_frame_000102_dark2,8,5,3,3,0.625,0.625
GP010573_frame_000102_overexposure1,8,8,10,0,0.4444,1.0
GP010573_frame_000102_overexposure2,8,8,8,0,0.5,1.0
GP010573_frame_000142_ref,16,15,9,1,0.625,0.9375
GP010573_frame_000142_rain1,16,14,5,2,0.7368,0.875
GP010573_frame_000142_rain2,16,8,4,8,0.6667,0.5
GP010573_frame_000142_rain3,16,3,1,13,0.75,0.1875
GP010573_frame_000142_blur1,16,15,5,1,0.75,0.9375
GP010573_frame_000142_blur2,16,14,5,2,0.7368,0.875
GP010573_frame_000142_blur3,16,11,5,5,0.6875,0.6875
GP010573_frame_000142_blur4,16,6,3,10,0.6667,0.375
GP010573_frame_000142_noise1,16,15,9,1,0.625,0.9375
GP010573_frame_000142_noise2,16,13,4,3,0.7647,0.8125
GP010573_frame_000142_noise3,16,9,0,7,1.0,0.5625
GP010573_frame_000142_dark1,16,15,5,1,0.75,0.9375
GP010573_frame_000142_dark2,16,13,4,3,0.7647,0.8125
GP010573_frame_000142_overexposure1,16,14,8,2,0.6364,0.875
GP010573_frame_000142_overexposure2,16,14,9,2,0.6087,0.875
GP010573_frame_000152_ref,14,11,8,3,0.5789,0.7857
GP010573_frame_000152_rain1,14,9,6,5,0.6,0.6429
GP010573_frame_000152_rain2,14,7,5,7,0.5833,0.5
GP010573_frame_000152_rain3,14,3,4,11,0.4286,0.2143
GP010573_frame_000152_blur1,14,9,4,5,0.6923,0.6429
GP010573_frame_000152_blur2,14,7,4,7,0.6364,0.5
GP010573_frame_000152_blur3,14,6,0,8,1.0,0.4286
GP010573_frame_000152_blur4,14,4,1,10,0.8,0.2857
GP010573_frame_000152_noise1,14,11,5,3,0.6875,0.7857
GP010573_frame_000152_noise2,14,7,4,7,0.6364,0.5
GP010573_frame_000152_noise3,14,6,2,8,0.75,0.4286
GP010573_frame_000152_dark1,14,11,6,3,0.6471,0.7857
GP010573_frame_000152_dark2,14,10,4,4,0.7143,0.7143
GP010573_frame_000152_overexposure1,14,12,6,2,0.6667,0.8571
GP010573_frame_000152_overexposure2,14,7,5,7,0.5833,0.5
GP010573_frame_000168_ref,11,10,3,1,0.7692,0.9091
GP010573_frame_000168_rain1,11,10,5,1,0.6667,0.9091
GP010573_frame_000168_rain2,11,8,4,3,0.6667,0.7273
GP010573_frame_000168_rain3,11,2,4,9,0.3333,0.1818
GP010573_frame_000168_blur1,11,10,2,1,0.8333,0.9091
GP010573_frame_000168_blur2,11,10,4,1,0.7143,0.9091
GP010573_frame_000168_blur3,11,7,3,4,0.7,0.6364
GP010573_frame_000168_blur4,11,5,2,6,0.7143,0.4545
GP010573_frame_000168_noise1,11,11,2,0,0.8462,1.0
GP010573_frame_000168_noise2,11,7,5,4,0.5833,0.6364
GP010573_frame_000168_noise3,11,5,2,6,0.7143,0.4545
GP010573_frame_000168_dark1,11,10,4,1,0.7143,0.9091
GP010573_frame_000168_dark2,11,9,3,2,0.75,0.8182
GP010573_frame_000168_overexposure1,11,10,3,1,0.7692,0.9091
GP010573_frame_000168_overexposure2,11,10,4,1,0.7143,0.9091
GP010573_frame_000178_ref,13,12,7,1,0.6316,0.9231
GP010573_frame_000178_rain1,13,12,9,1,0.5714,0.9231
GP010573_frame_000178_rain2,13,8,6,5,0.5714,0.6154
GP010573_frame_000178_rain3,13,5,2,8,0.7143,0.3846
GP010573_frame_000178_blur1,13,12,7,1,0.6316,0.9231
GP010573_frame_000178_blur2,13,12,5,1,0.7059,0.9231
GP010573_frame_000178_blur3,13,11,1,2,0.9167,0.8462
GP010573_frame_000178_blur4,13,6,1,7,0.8571,0.4615
GP010573_frame_000178_noise1,13,11,9,2,0.55,0.8462
GP010573_frame_000178_noise2,13,9,6,4,0.6,0.6923
GP010573_frame_000178_noise3,13,10,1,3,0.9091,0.7692
GP010573_frame_000178_dark1,13,12,9,1,0.5714,0.9231
GP010573_frame_000178_dark2,13,9,9,4,0.5,0.6923
GP010573_frame_000178_overexposure1,13,12,10,1,0.5455,0.9231
GP010573_frame_000178_overexposure2,13,11,6,2,0.6471,0.8462
GP010573_frame_000185_ref,16,12,4,4,0.75,0.75
GP010573_frame_000185_rain1,16,11,6,5,0.6471,0.6875
GP010573_frame_000185_rain2,16,7,4,9,0.6364,0.4375
GP010573_frame_000185_rain3,16,0,0,16,0.0,0.0
GP010573_frame_000185_blur1,16,12,4,4,0.75,0.75
GP010573_frame_000185_blur2,16,9,2,7,0.8182,0.5625
GP010573_frame_000185_blur3,16,9,2,7,0.8182,0.5625
GP010573_frame_000185_blur4,16,4,1,12,0.8,0.25
GP010573_frame_000185_noise1,16,12,7,4,0.6316,0.75
GP010573_frame_000185_noise2,16,11,5,5,0.6875,0.6875
GP010573_frame_000185_noise3,16,4,6,12,0.4,0.25
GP010573_frame_000185_dark1,16,12,6,4,0.6667,0.75
GP010573_frame_000185_dark2,16,12,6,4,0.6667,0.75
GP010573_frame_000185_overexposure1,16,12,6,4,0.6667,0.75
GP010573_frame_000185_overexposure2,16,12,6,4,0.6667,0.75
GP010573_frame_000192_ref,8,8,4,0,0.6667,1.0
GP010573_frame_000192_rain1,8,7,3,1,0.7,0.875
GP010573_frame_000192_rain2,8,2,2,6,0.5,0.25
GP010573_frame_000192_rain3,8,0,0,8,0.0,0.0
GP010573_frame_000192_blur1,8,8,1,0,0.8889,1.0
GP010573_frame_000192_blur2,8,7,2,1,0.7778,0.875
GP010573_frame_000192_blur3,8,3,0,5,1.0,0.375
GP010573_frame_000192_blur4,8,1,0,7,1.0,0.125
GP010573_frame_000192_noise1,8,6,4,2,0.6,0.75
GP010573_frame_000192_noise2,8,3,2,5,0.6,0.375
GP010573_frame_000192_noise3,8,0,0,8,0.0,0.0
GP010573_frame_000192_dark1,8,8,4,0,0.6667,1.0
GP010573_frame_000192_dark2,8,7,3,1,0.7,0.875
GP010573_frame_000192_overexposure1,8,7,4,1,0.6364,0.875
GP010573_frame_000192_overexposure2,8,7,2,1,0.7778,0.875
GP010573_frame_000199_ref,10,9,12,1,0.4286,0.9
GP010573_frame_000199_rain1,10,9,7,1,0.5625,0.9
GP010573_frame_000199_rain2,10,5,4,5,0.5556,0.5
GP010573_frame_000199_rain3,10,0,0,10,0.0,0.0
GP010573_frame_000199_blur1,10,9,6,1,0.6,0.9
GP010573_frame_000199_blur2,10,6,3,4,0.6667,0.6
GP010573_frame_000199_blur3,10,6,1,4,0.8571,0.6
GP010573_frame_000199_blur4,10,1,0,9,1.0,0.1
GP010573_frame_000199_noise1,10,8,8,2,0.5,0.8
GP010573_frame_000199_noise2,10,5,3,5,0.625,0.5
GP010573_frame_000199_noise3,10,0,0,10,0.0,0.0
GP010573_frame_000199_dark1,10,9,11,1,0.45,0.9
GP010573_frame_000199_dark2,10,6,3,4,0.6667,0.6
GP010573_frame_000199_overexposure1,10,9,10,1,0.4737,0.9
GP010573_frame_000199_overexposure2,10,9,9,1,0.5,0.9
GP010573_frame_000208_ref,10,10,1,0,0.9091,1.0
GP010573_frame_000208_rain1,10,10,1,0,0.9091,1.0
GP010573_frame_000208_rain2,10,6,1,4,0.8571,0.6
GP010573_frame_000208_rain3,10,0,0,10,0.0,0.0
GP010573_frame_000208_blur1,10,10,1,0,0.9091,1.0
GP010573_frame_000208_blur2,10,9,2,1,0.8182,0.9
GP010573_frame_000208_blur3,10,5,0,5,1.0,0.5
GP010573_frame_000208_blur4,10,1,0,9,1.0,0.1
GP010573_frame_000208_noise1,10,9,2,1,0.8182,0.9
GP010573_frame_000208_noise2,10,6,0,4,1.0,0.6
GP010573_frame_000208_noise3,10,0,0,10,0.0,0.0
GP010573_frame_000208_dark1,10,10,2,0,0.8333,1.0
GP010573_frame_000208_dark2,10,7,0,3,1.0,0.7
GP010573_frame_000208_overexposure1,10,9,0,1,1.0,0.9
GP010573_frame_000208_overexposure2,10,9,0,1,1.0,0.9
GP010573_frame_000228_ref,8,7,1,1,0.875,0.875
GP010573_frame_000228_rain1,8,7,2,1,0.7778,0.875
GP010573_frame_000228_rain2,8,2,0,6,1.0,0.25
GP010573_frame_000228_rain3,8,0,0,8,0.0,0.0
GP010573_frame_000228_blur1,8,7,1,1,0.875,0.875
GP010573_frame_000228_blur2,8,8,3,0,0.7273,1.0
GP010573_frame_000228_blur3,8,4,0,4,1.0,0.5
GP010573_frame_000228_blur4,8,3,0,5,1.0,0.375
GP010573_frame_000228_noise1,8,7,2,1,0.7778,0.875
GP010573_frame_000228_noise2,8,5,0,3,1.0,0.625
GP010573_frame_000228_noise3,8,0,0,8,0.0,0.0
GP010573_frame_000228_dark1,8,7,1,1,0.875,0.875
GP010573_frame_000228_dark2,8,6,1,2,0.8571,0.75
GP010573_frame_000228_overexposure1,8,7,1,1,0.875,0.875
GP010573_frame_000228_overexposure2,8,6,0,2,1.0,0.75
GP010573_frame_000248_ref,9,9,2,0,0.8182,1.0
GP010573_frame_000248_rain1,9,9,2,0,0.8182,1.0
GP010573_frame_000248_rain2,9,7,2,2,0.7778,0.7778
GP010573_frame_000248_rain3,9,2,0,7,1.0,0.2222
GP010573_frame_000248_blur1,9,9,3,0,0.75,1.0
GP010573_frame_000248_blur2,9,7,4,2,0.6364,0.7778
GP010573_frame_000248_blur3,9,5,2,4,0.7143,0.5556
GP010573_frame_000248_blur4,9,2,1,7,0.6667,0.2222
GP010573_frame_000248_noise1,9,9,5,0,0.6429,1.0
GP010573_frame_000248_noise2,9,6,0,3,1.0,0.6667
GP010573_frame_000248_noise3,9,3,0,6,1.0,0.3333
GP010573_frame_000248_dark1,9,9,2,0,0.8182,1.0
GP010573_frame_000248_dark2,9,7,1,2,0.875,0.7778
GP010573_frame_000248_overexposure1,9,9,2,0,0.8182,1.0
GP010573_frame_000248_overexposure2,9,9,4,0,0.6923,1.0
GP010573_frame_000268_ref,6,6,2,0,0.75,1.0
GP010573_frame_000268_rain1,6,6,2,0,0.75,1.0
GP010573_frame_000268_rain2,6,3,1,3,0.75,0.5
GP010573_frame_000268_rain3,6,1,0,5,1.0,0.1667
GP010573_frame_000268_blur1,6,6,2,0,0.75,1.0
GP010573_frame_000268_blur2,6,5,1,1,0.8333,0.8333
GP010573_frame_000268_blur3,6,3,0,3,1.0,0.5
GP010573_frame_000268_blur4,6,2,1,4,0.6667,0.3333
GP010573_frame_000268_noise1,6,5,2,1,0.7143,0.8333
GP010573_frame_000268_noise2,6,5,3,1,0.625,0.8333
GP010573_frame_000268_noise3,6,2,1,4,0.6667,0.3333
GP010573_frame_000268_dark1,6,6,1,0,0.8571,1.0
GP010573_frame_000268_dark2,6,4,3,2,0.5714,0.6667
GP010573_frame_000268_overexposure1,6,6,2,0,0.75,1.0
GP010573_frame_000268_overexposure2,6,6,3,0,0.6667,1.0
GP010573_frame_000276_ref,2,2,2,0,0.5,1.0
GP010573_frame_000276_rain1,2,2,2,0,0.5,1.0
GP010573_frame_000276_rain2,2,2,1,0,0.6667,1.0
GP010573_frame_000276_rain3,2,0,0,2,0.0,0.0
GP010573_frame_000276_blur1,2,2,1,0,0.6667,1.0
GP010573_frame_000276_blur2,2,2,0,0,1.0,1.0
GP010573_frame_000276_blur3,2,1,0,1,1.0,0.5
GP010573_frame_000276_blur4,2,0,0,2,0.0,0.0
GP010573_frame_000276_noise1,2,2,2,0,0.5,1.0
GP010573_frame_000276_noise2,2,2,1,0,0.6667,1.0
GP010573_frame_000276_noise3,2,0,0,2,0.0,0.0
GP010573_frame_000276_dark1,2,2,1,0,0.6667,1.0
GP010573_frame_000276_dark2,2,2,0,0,1.0,1.0
GP010573_frame_000276_overexposure1,2,2,3,0,0.4,1.0
GP010573_frame_000276_overexposure2,2,2,3,0,0.4,1.0
GP010573_frame_000289_ref,3,3,4,0,0.4286,1.0
GP010573_frame_000289_rain1,3,3,2,0,0.6,1.0
GP010573_frame_000289_rain2,3,3,1,0,0.75,1.0
GP010573_frame_000289_rain3,3,3,0,0,1.0,1.0
GP010573_frame_000289_blur1,3,3,2,0,0.6,1.0
GP010573_frame_000289_blur2,3,3,1,0,0.75,1.0
GP010573_frame_000289_blur3,3,3,0,0,1.0,1.0
GP010573_frame_000289_blur4,3,1,0,2,1.0,0.3333
GP010573_frame_000289_noise1,3,3,2,0,0.6,1.0
GP010573_frame_000289_noise2,3,3,0,0,1.0,1.0
GP010573_frame_000289_noise3,3,2,0,1,1.0,0.6667
GP010573_frame_000289_dark1,3,3,2,0,0.6,1.0
GP010573_frame_000289_dark2,3,3,1,0,0.75,1.0
GP010573_frame_000289_overexposure1,3,3,4,0,0.4286,1.0
GP010573_frame_000289_overexposure2,3,3,3,0,0.5,1.0
GP010573_frame_000309_ref,3,3,4,0,0.4286,1.0
GP010573_frame_000309_rain1,3,3,2,0,0.6,1.0
GP010573_frame_000309_rain2,3,3,1,0,0.75,1.0
GP010573_frame_000309_rain3,3,3,0,0,1.0,1.0
GP010573_frame_000309_blur1,3,3,2,0,0.6,1.0
GP010573_frame_000309_blur2,3,3,1,0,0.75,1.0
GP010573_frame_000309_blur3,3,3,0,0,1.0,1.0
GP010573_frame_000309_blur4,3,1,0,2,1.0,0.3333
GP010573_frame_000309_noise1,3,3,2,0,0.6,1.0
GP010573_frame_000309_noise2,3,3,0,0,1.0,1.0
GP010573_frame_000309_noise3,3,2,0,1,1.0,0.6667
GP010573_frame_000309_dark1,3,3,2,0,0.6,1.0
GP010573_frame_000309_dark2,3,3,1,0,0.75,1.0
GP010573_frame_000309_overexposure1,3,3,4,0,0.4286,1.0
GP010573_frame_000309_overexposure2,3,3,3,0,0.5,1.0
GP010573_frame_000369_ref,6,6,5,0,0.5455,1.0
GP010573_frame_000369_rain1,6,6,3,0,0.6667,1.0
GP010573_frame_000369_rain2,6,6,1,0,0.8571,1.0
GP010573_frame_000369_rain3,6,0,0,6,0.0,0.0
GP010573_frame_000369_blur1,6,6,2,0,0.75,1.0
GP010573_frame_000369_blur2,6,6,0,0,1.0,1.0
GP010573_frame_000369_blur3,6,5,0,1,1.0,0.8333
GP010573_frame_000369_blur4,6,1,0,5,1.0,0.1667
GP010573_frame_000369_noise1,6,6,3,0,0.6667,1.0
GP010573_frame_000369_noise2,6,6,1,0,0.8571,1.0
GP010573_frame_000369_noise3,6,1,0,5,1.0,0.1667
GP010573_frame_000369_dark1,6,6,3,0,0.6667,1.0
GP010573_frame_000369_dark2,6,6,1,0,0.8571,1.0
GP010573_frame_000369_overexposure1,6,6,7,0,0.4615,1.0
GP010573_frame_000369_overexposure2,6,6,3,0,0.6667,1.0
GP010573_frame_000378_ref,12,11,6,1,0.6471,0.9167
GP010573_frame_000378_rain1,12,11,4,1,0.7333,0.9167
GP010573_frame_000378_rain2,12,10,4,2,0.7143,0.8333
GP010573_frame_000378_rain3,12,2,1,10,0.6667,0.1667
GP010573_frame_000378_blur1,12,11,4,1,0.7333,0.9167
GP010573_frame_000378_blur2,12,10,2,2,0.8333,0.8333
GP010573_frame_000378_blur3,12,9,2,3,0.8182,0.75
GP010573_frame_000378_blur4,12,5,1,7,0.8333,0.4167
GP010573_frame_000378_noise1,12,11,4,1,0.7333,0.9167
GP010573_frame_000378_noise2,12,8,2,4,0.8,0.6667
GP010573_frame_000378_noise3,12,6,0,6,1.0,0.5
GP010573_frame_000378_dark1,12,11,2,1,0.8462,0.9167
GP010573_frame_000378_dark2,12,9,2,3,0.8182,0.75
GP010573_frame_000378_overexposure1,12,11,9,1,0.55,0.9167
GP010573_frame_000378_overexposure2,12,11,8,1,0.5789,0.9167
GP010573_frame_000385_ref,4,4,4,0,0.5,1.0
GP010573_frame_000385_rain1,4,4,5,0,0.4444,1.0
GP010573_frame_000385_rain2,4,3,5,1,0.375,0.75
GP010573_frame_000385_rain3,4,0,0,4,0.0,0.0
GP010573_frame_000385_blur1,4,4,5,0,0.4444,1.0
GP010573_frame_000385_blur2,4,3,5,1,0.375,0.75
GP010573_frame_000385_blur3,4,3,0,1,1.0,0.75
GP010573_frame_000385_blur4,4,3,0,1,1.0,0.75
GP010573_frame_000385_noise1,4,4,6,0,0.4,1.0
GP010573_frame_000385_noise2,4,4,5,0,0.4444,1.0
GP010573_frame_000385_noise3,4,2,0,2,1.0,0.5
GP010573_frame_000385_dark1,4,4,4,0,0.5,1.0
GP010573_frame_000385_dark2,4,4,4,0,0.5,1.0
GP010573_frame_000385_overexposure1,4,4,4,0,0.5,1.0
GP010573_frame_000385_overexposure2,4,4,5,0,0.4444,1.0
GP010573_frame_000403_ref,6,6,6,0,0.5,1.0
GP010573_frame_000403_rain1,6,6,6,0,0.5,1.0
GP010573_frame_000403_rain2,6,5,0,1,1.0,0.8333
GP010573_frame_000403_rain3,6,2,0,4,1.0,0.3333
GP010573_frame_000403_blur1,6,6,6,0,0.5,1.0
GP010573_frame_000403_blur2,6,6,2,0,0.75,1.0
GP010573_frame_000403_blur3,6,5,0,1,1.0,0.8333
GP010573_frame_000403_blur4,6,0,0,6,0.0,0.0
GP010573_frame_000403_noise1,6,6,6,0,0.5,1.0
GP010573_frame_000403_noise2,6,4,2,2,0.6667,0.6667
GP010573_frame_000403_noise3,6,1,1,5,0.5,0.1667
GP010573_frame_000403_dark1,6,6,7,0,0.4615,1.0
GP010573_frame_000403_dark2,6,6,3,0,0.6667,1.0
GP010573_frame_000403_overexposure1,6,6,8,0,0.4286,1.0
GP010573_frame_000403_overexposure2,6,6,5,0,0.5455,1.0
GP010573_frame_000411_ref,7,7,6,0,0.5385,1.0
GP010573_frame_000411_rain1,7,7,6,0,0.5385,1.0
GP010573_frame_000411_rain2,7,7,4,0,0.6364,1.0
GP010573_frame_000411_rain3,7,2,0,5,1.0,0.2857
GP010573_frame_000411_blur1,7,7,4,0,0.6364,1.0
GP010573_frame_000411_blur2,7,7,2,0,0.7778,1.0
GP010573_frame_000411_blur3,7,4,2,3,0.6667,0.5714
GP010573_frame_000411_blur4,7,3,1,4,0.75,0.4286
GP010573_frame_000411_noise1,7,7,6,0,0.5385,1.0
GP010573_frame_000411_noise2,7,7,3,0,0.7,1.0
GP010573_frame_000411_noise3,7,3,2,4,0.6,0.4286
GP010573_frame_000411_dark1,7,7,6,0,0.5385,1.0
GP010573_frame_000411_dark2,7,7,4,0,0.6364,1.0
GP010573_frame_000411_overexposure1,7,7,5,0,0.5833,1.0
GP010573_frame_000411_overexposure2,7,7,8,0,0.4667,1.0
GP010573_frame_000421_ref,4,4,12,0,0.25,1.0
GP010573_frame_000421_rain1,4,4,10,0,0.2857,1.0
GP010573_frame_000421_rain2,4,3,5,1,0.375,0.75
GP010573_frame_000421_rain3,4,2,0,2,1.0,0.5
GP010573_frame_000421_blur1,4,4,7,0,0.3636,1.0
GP010573_frame_000421_blur2,4,4,5,0,0.4444,1.0
GP010573_frame_000421_blur3,4,4,0,0,1.0,1.0
GP010573_frame_000421_blur4,4,3,0,1,1.0,0.75
GP010573_frame_000421_noise1,4,4,6,0,0.4,1.0
GP010573_frame_000421_noise2,4,4,3,0,0.5714,1.0
GP010573_frame_000421_noise3,4,4,2,0,0.6667,1.0
GP010573_frame_000421_dark1,4,4,8,0,0.3333,1.0
GP010573_frame_000421_dark2,4,3,6,1,0.3333,0.75
GP010573_frame_000421_overexposure1,4,4,7,0,0.3636,1.0
GP010573_frame_000421_overexposure2,4,4,5,0,0.4444,1.0
GP010573_frame_000485_ref,7,7,4,0,0.6364,1.0
GP010573_frame_000485_rain1,7,7,5,0,0.5833,1.0
GP010573_frame_000485_rain2,7,7,1,0,0.875,1.0
GP010573_frame_000485_rain3,7,6,1,1,0.8571,0.8571
GP010573_frame_000485_blur1,7,7,2,0,0.7778,1.0
GP010573_frame_000485_blur2,7,7,0,0,1.0,1.0
GP010573_frame_000485_blur3,7,7,0,0,1.0,1.0
GP010573_frame_000485_blur4,7,4,0,3,1.0,0.5714
GP010573_frame_000485_noise1,7,7,4,0,0.6364,1.0
GP010573_frame_000485_noise2,7,6,1,1,0.8571,0.8571
GP010573_frame_000485_noise3,7,6,1,1,0.8571,0.8571
GP010573_frame_000485_dark1,7,7,4,0,0.6364,1.0
GP010573_frame_000485_dark2,7,6,0,1,1.0,0.8571
GP010573_frame_000485_overexposure1,7,7,4,0,0.6364,1.0
GP010573_frame_000485_overexposure2,7,7,3,0,0.7,1.0
GP010573_frame_000505_ref,6,5,6,1,0.4545,0.8333
GP010573_frame_000505_rain1,6,5,3,1,0.625,0.8333
GP010573_frame_000505_rain2,6,4,1,2,0.8,0.6667
GP010573_frame_000505_rain3,6,0,0,6,0.0,0.0
GP010573_frame_000505_blur1,6,5,3,1,0.625,0.8333
GP010573_frame_000505_blur2,6,4,1,2,0.8,0.6667
GP010573_frame_000505_blur3,6,4,0,2,1.0,0.6667
GP010573_frame_000505_blur4,6,3,0,3,1.0,0.5
GP010573_frame_000505_noise1,6,5,5,1,0.5,0.8333
GP010573_frame_000505_noise2,6,4,1,2,0.8,0.6667
GP010573_frame_000505_noise3,6,3,2,3,0.6,0.5
GP010573_frame_000505_dark1,6,5,6,1,0.4545,0.8333
GP010573_frame_000505_dark2,6,3,1,3,0.75,0.5
GP010573_frame_000505_overexposure1,6,5,5,1,0.5,0.8333
GP010573_frame_000505_overexposure2,6,5,2,1,0.7143,0.8333
GP010573_frame_000525_ref,6,6,7,0,0.4615,1.0
GP010573_frame_000525_rain1,6,4,9,2,0.3077,0.6667
GP010573_frame_000525_rain2,6,4,3,2,0.5714,0.6667
GP010573_frame_000525_rain3,6,1,0,5,1.0,0.1667
GP010573_frame_000525_blur1,6,5,5,1,0.5,0.8333
GP010573_frame_000525_blur2,6,5,3,1,0.625,0.8333
GP010573_frame_000525_blur3,6,1,0,5,1.0,0.1667
GP010573_frame_000525_blur4,6,1,0,5,1.0,0.1667
GP010573_frame_000525_noise1,6,6,7,0,0.4615,1.0
GP010573_frame_000525_noise2,6,4,5,2,0.4444,0.6667
GP010573_frame_000525_noise3,6,2,0,4,1.0,0.3333
GP010573_frame_000525_dark1,6,5,6,1,0.4545,0.8333
GP010573_frame_000525_dark2,6,4,4,2,0.5,0.6667
GP010573_frame_000525_overexposure1,6,6,6,0,0.5,1.0
GP010573_frame_000525_overexposure2,6,3,7,3,0.3,0.5
GP010573_frame_000545_ref,6,5,7,1,0.4167,0.8333
GP010573_frame_000545_rain1,6,6,4,0,0.6,1.0
GP010573_frame_000545_rain2,6,6,1,0,0.8571,1.0
GP010573_frame_000545_rain3,6,2,0,4,1.0,0.3333
GP010573_frame_000545_blur1,6,6,2,0,0.75,1.0
GP010573_frame_000545_blur2,6,5,3,1,0.625,0.8333
GP010573_frame_000545_blur3,6,1,1,5,0.5,0.1667
GP010573_frame_000545_blur4,6,0,0,6,0.0,0.0
GP010573_frame_000545_noise1,6,5,4,1,0.5556,0.8333
GP010573_frame_000545_noise2,6,5,1,1,0.8333,0.8333
GP010573_frame_000545_noise3,6,4,0,2,1.0,0.6667
GP010573_frame_000545_dark1,6,6,3,0,0.6667,1.0
GP010573_frame_000545_dark2,6,6,3,0,0.6667,1.0
GP010573_frame_000545_overexposure1,6,5,8,1,0.3846,0.8333
GP010573_frame_000545_overexposure2,6,5,7,1,0.4167,0.8333
GP010573_frame_000555_ref,11,9,8,2,0.5294,0.8182
GP010573_frame_000555_rain1,11,9,6,2,0.6,0.8182
GP010573_frame_000555_rain2,11,5,0,6,1.0,0.4545
GP010573_frame_000555_rain3,11,0,0,11,0.0,0.0
GP010573_frame_000555_blur1,11,8,3,3,0.7273,0.7273
GP010573_frame_000555_blur2,11,6,2,5,0.75,0.5455
GP010573_frame_000555_blur3,11,6,2,5,0.75,0.5455
GP010573_frame_000555_blur4,11,0,1,11,0.0,0.0
GP010573_frame_000555_noise1,11,6,2,5,0.75,0.5455
GP010573_frame_000555_noise2,11,6,2,5,0.75,0.5455
GP010573_frame_000555_noise3,11,0,2,11,0.0,0.0
GP010573_frame_000555_dark1,11,7,5,4,0.5833,0.6364
GP010573_frame_000555_dark2,11,6,0,5,1.0,0.5455
GP010573_frame_000555_overexposure1,11,9,5,2,0.6429,0.8182
GP010573_frame_000555_overexposure2,11,8,12,3,0.4,0.7273
GP010573_frame_000567_ref,7,6,2,1,0.75,0.8571
GP010573_frame_000567_rain1,7,5,4,2,0.5556,0.7143
GP010573_frame_000567_rain2,7,4,0,3,1.0,0.5714
GP010573_frame_000567_rain3,7,0,0,7,0.0,0.0
GP010573_frame_000567_blur1,7,7,3,0,0.7,1.0
GP010573_frame_000567_blur2,7,4,2,3,0.6667,0.5714
GP010573_frame_000567_blur3,7,4,3,3,0.5714,0.5714
GP010573_frame_000567_blur4,7,0,0,7,0.0,0.0
GP010573_frame_000567_noise1,7,6,3,1,0.6667,0.8571
GP010573_frame_000567_noise2,7,4,4,3,0.5,0.5714
GP010573_frame_000567_noise3,7,3,0,4,1.0,0.4286
GP010573_frame_000567_dark1,7,6,2,1,0.75,0.8571
GP010573_frame_000567_dark2,7,4,1,3,0.8,0.5714
GP010573_frame_000567_overexposure1,7,6,2,1,0.75,0.8571
GP010573_frame_000567_overexposure2,7,6,5,1,0.5455,0.8571
GP010573_frame_000575_ref,4,4,4,0,0.5,1.0
GP010573_frame_000575_rain1,4,4,4,0,0.5,1.0
GP010573_frame_000575_rain2,4,4,3,0,0.5714,1.0
GP010573_frame_000575_rain3,4,1,1,3,0.5,0.25
GP010573_frame_000575_blur1,4,4,4,0,0.5,1.0
GP010573_frame_000575_blur2,4,4,4,0,0.5,1.0
GP010573_frame_000575_blur3,4,4,2,0,0.6667,1.0
GP010573_frame_000575_blur4,4,0,0,4,0.0,0.0
GP010573_frame_000575_noise1,4,4,3,0,0.5714,1.0
GP010573_frame_000575_noise2,4,4,4,0,0.5,1.0
GP010573_frame_000575_noise3,4,2,0,2,1.0,0.5
GP010573_frame_000575_dark1,4,4,4,0,0.5,1.0
GP010573_frame_000575_dark2,4,4,3,0,0.5714,1.0
GP010573_frame_000575_overexposure1,4,4,5,0,0.4444,1.0
GP010573_frame_000575_overexposure2,4,3,3,1,0.5,0.75
GP010573_frame_000602_ref,11,10,4,1,0.7143,0.9091
GP010573_frame_000602_rain1,11,9,3,2,0.75,0.8182
GP010573_frame_000602_rain2,11,5,2,6,0.7143,0.4545
GP010573_frame_000602_rain3,11,0,0,11,0.0,0.0
GP010573_frame_000602_blur1,11,7,2,4,0.7778,0.6364
GP010573_frame_000602_blur2,11,5,3,6,0.625,0.4545
GP010573_frame_000602_blur3,11,3,2,8,0.6,0.2727
GP010573_frame_000602_blur4,11,1,3,10,0.25,0.0909
GP010573_frame_000602_noise1,11,7,4,4,0.6364,0.6364
GP010573_frame_000602_noise2,11,4,3,7,0.5714,0.3636
GP010573_frame_000602_noise3,11,2,0,9,1.0,0.1818
GP010573_frame_000602_dark1,11,9,5,2,0.6429,0.8182
GP010573_frame_000602_dark2,11,4,2,7,0.6667,0.3636
GP010573_frame_000602_overexposure1,11,10,1,1,0.9091,0.9091
GP010573_frame_000602_overexposure2,11,8,0,3,1.0,0.7273
GP010573_frame_000622_ref,5,5,2,0,0.7143,1.0
GP010573_frame_000622_rain1,5,5,2,0,0.7143,1.0
GP010573_frame_000622_rain2,5,4,1,1,0.8,0.8
GP010573_frame_000622_rain3,5,0,0,5,0.0,0.0
GP010573_frame_000622_blur1,5,4,1,1,0.8,0.8
GP010573_frame_000622_blur2,5,4,2,1,0.6667,0.8
GP010573_frame_000622_blur3,5,3,0,2,1.0,0.6
GP010573_frame_000622_blur4,5,0,0,5,0.0,0.0
GP010573_frame_000622_noise1,5,4,1,1,0.8,0.8
GP010573_frame_000622_noise2,5,4,3,1,0.5714,0.8
GP010573_frame_000622_noise3,5,0,0,5,0.0,0.0
GP010573_frame_000622_dark1,5,5,1,0,0.8333,1.0
GP010573_frame_000622_dark2,5,4,0,1,1.0,0.8
GP010573_frame_000622_overexposure1,5,5,2,0,0.7143,1.0
GP010573_frame_000622_overexposure2,5,4,1,1,0.8,0.8
GP010573_frame_000632_ref,4,4,10,0,0.2857,1.0
GP010573_frame_000632_rain1,4,4,10,0,0.2857,1.0
GP010573_frame_000632_rain2,4,4,7,0,0.3636,1.0
GP010573_frame_000632_rain3,4,3,0,1,1.0,0.75
GP010573_frame_000632_blur1,4,4,8,0,0.3333,1.0
GP010573_frame_000632_blur2,4,3,3,1,0.5,0.75
GP010573_frame_000632_blur3,4,3,1,1,0.75,0.75
GP010573_frame_000632_blur4,4,0,0,4,0.0,0.0
GP010573_frame_000632_noise1,4,4,9,0,0.3077,1.0
GP010573_frame_000632_noise2,4,3,5,1,0.375,0.75
GP010573_frame_000632_noise3,4,3,3,1,0.5,0.75
GP010573_frame_000632_dark1,4,4,9,0,0.3077,1.0
GP010573_frame_000632_dark2,4,4,9,0,0.3077,1.0
GP010573_frame_000632_overexposure1,4,4,13,0,0.2353,1.0
GP010573_frame_000632_overexposure2,4,3,7,1,0.3,0.75
GP010573_frame_000645_ref,16,13,14,3,0.4815,0.8125
GP010573_frame_000645_rain1,16,14,13,2,0.5185,0.875
GP010573_frame_000645_rain2,16,9,7,7,0.5625,0.5625
GP010573_frame_000645_rain3,16,0,0,16,0.0,0.0
GP010573_frame_000645_blur1,16,13,13,3,0.5,0.8125
GP010573_frame_000645_blur2,16,11,6,5,0.6471,0.6875
GP010573_frame_000645_blur3,16,6,1,10,0.8571,0.375
GP010573_frame_000645_blur4,16,4,0,12,1.0,0.25
GP010573_frame_000645_noise1,16,13,15,3,0.4643,0.8125
GP010573_frame_000645_noise2,16,9,3,7,0.75,0.5625
GP010573_frame_000645_noise3,16,3,1,13,0.75,0.1875
GP010573_frame_000645_dark1,16,12,13,4,0.48,0.75
GP010573_frame_000645_dark2,16,10,3,6,0.7692,0.625
GP010573_frame_000645_overexposure1,16,13,17,3,0.4333,0.8125
GP010573_frame_000645_overexposure2,16,11,17,5,0.3929,0.6875
GP010573_frame_000656_ref,6,6,3,0,0.6667,1.0
GP010573_frame_000656_rain1,6,6,3,0,0.6667,1.0
GP010573_frame_000656_rain2,6,5,3,1,0.625,0.8333
GP010573_frame_000656_rain3,6,3,2,3,0.6,0.5
GP010573_frame_000656_blur1,6,6,3,0,0.6667,1.0
GP010573_frame_000656_blur2,6,5,4,1,0.5556,0.8333
GP010573_frame_000656_blur3,6,5,2,1,0.7143,0.8333
GP010573_frame_000656_blur4,6,3,0,3,1.0,0.5
GP010573_frame_000656_noise1,6,5,2,1,0.7143,0.8333
GP010573_frame_000656_noise2,6,5,1,1,0.8333,0.8333
GP010573_frame_000656_noise3,6,5,2,1,0.7143,0.8333
GP010573_frame_000656_dark1,6,6,3,0,0.6667,1.0
GP010573_frame_000656_dark2,6,5,1,1,0.8333,0.8333
GP010573_frame_000656_overexposure1,6,5,5,1,0.5,0.8333
GP010573_frame_000656_overexposure2,6,5,6,1,0.4545,0.8333
GP010573_frame_000676_ref,16,15,2,1,0.8824,0.9375
GP010573_frame_000676_rain1,16,14,3,2,0.8235,0.875
GP010573_frame_000676_rain2,16,12,6,4,0.6667,0.75
GP010573_frame_000676_rain3,16,6,3,10,0.6667,0.375
GP010573_frame_000676_blur1,16,15,5,1,0.75,0.9375
GP010573_frame_000676_blur2,16,13,5,3,0.7222,0.8125
GP010573_frame_000676_blur3,16,12,4,4,0.75,0.75
GP010573_frame_000676_blur4,16,6,2,10,0.75,0.375
GP010573_frame_000676_noise1,16,15,6,1,0.7143,0.9375
GP010573_frame_000676_noise2,16,14,4,2,0.7778,0.875
GP010573_frame_000676_noise3,16,11,2,5,0.8462,0.6875
GP010573_frame_000676_dark1,16,14,2,2,0.875,0.875
GP010573_frame_000676_dark2,16,13,1,3,0.9286,0.8125
GP010573_frame_000676_overexposure1,16,14,2,2,0.875,0.875
GP010573_frame_000676_overexposure2,16,15,4,1,0.7895,0.9375
GP010573_frame_000696_ref,16,16,3,0,0.8421,1.0
GP010573_frame_000696_rain1,16,16,5,0,0.7619,1.0
GP010573_frame_000696_rain2,16,15,9,1,0.625,0.9375
GP010573_frame_000696_rain3,16,5,1,11,0.8333,0.3125
GP010573_frame_000696_blur1,16,15,5,1,0.75,0.9375
GP010573_frame_000696_blur2,16,14,6,2,0.7,0.875
GP010573_frame_000696_blur3,16,13,2,3,0.8667,0.8125
GP010573_frame_000696_blur4,16,4,1,12,0.8,0.25
GP010573_frame_000696_noise1,16,15,5,1,0.75,0.9375
GP010573_frame_000696_noise2,16,14,5,2,0.7368,0.875
GP010573_frame_000696_noise3,16,11,1,5,0.9167,0.6875
GP010573_frame_000696_dark1,16,16,7,0,0.6957,1.0
GP010573_frame_000696_dark2,16,13,4,3,0.7647,0.8125
GP010573_frame_000696_overexposure1,16,16,6,0,0.7273,1.0
GP010573_frame_000696_overexposure2,16,15,5,1,0.75,0.9375
GP010573_frame_000714_ref,13,13,16,0,0.4483,1.0
GP010573_frame_000714_rain1,13,13,11,0,0.5417,1.0
GP010573_frame_000714_rain2,13,9,5,4,0.6429,0.6923
GP010573_frame_000714_rain3,13,1,2,12,0.3333,0.0769
GP010573_frame_000714_blur1,13,13,8,0,0.619,1.0
GP010573_frame_000714_blur2,13,9,6,4,0.6,0.6923
GP010573_frame_000714_blur3,13,7,6,6,0.5385,0.5385
GP010573_frame_000714_blur4,13,6,3,7,0.6667,0.4615
GP010573_frame_000714_noise1,13,13,10,0,0.5652,1.0
GP010573_frame_000714_noise2,13,9,5,4,0.6429,0.6923
GP010573_frame_000714_noise3,13,2,1,11,0.6667,0.1538
GP010573_frame_000714_dark1,13,13,9,0,0.5909,1.0
GP010573_frame_000714_dark2,13,5,3,8,0.625,0.3846
GP010573_frame_000714_overexposure1,13,13,17,0,0.4333,1.0
GP010573_frame_000714_overexposure2,13,11,15,2,0.4231,0.8462
GP010573_frame_000728_ref,13,11,7,2,0.6111,0.8462
GP010573_frame_000728_rain1,13,11,4,2,0.7333,0.8462
GP010573_frame_000728_rain2,13,11,2,2,0.8462,0.8462
GP010573_frame_000728_rain3,13,7,1,6,0.875,0.5385
GP010573_frame_000728_blur1,13,11,3,2,0.7857,0.8462
GP010573_frame_000728_blur2,13,10,3,3,0.7692,0.7692
GP010573_frame_000728_blur3,13,8,0,5,1.0,0.6154
GP010573_frame_000728_blur4,13,3,1,10,0.75,0.2308
GP010573_frame_000728_noise1,13,10,4,3,0.7143,0.7692
GP010573_frame_000728_noise2,13,10,1,3,0.9091,0.7692
GP010573_frame_000728_noise3,13,10,2,3,0.8333,0.7692
GP010573_frame_000728_dark1,13,11,5,2,0.6875,0.8462
GP010573_frame_000728_dark2,13,10,2,3,0.8333,0.7692
GP010573_frame_000728_overexposure1,13,11,5,2,0.6875,0.8462
GP010573_frame_000728_overexposure2,13,9,5,4,0.6429,0.6923
GP010573_frame_000748_ref,9,7,9,2,0.4375,0.7778
GP010573_frame_000748_rain1,9,6,6,3,0.5,0.6667
GP010573_frame_000748_rain2,9,6,6,3,0.5,0.6667
GP010573_frame_000748_rain3,9,4,4,5,0.5,0.4444
GP010573_frame_000748_blur1,9,7,6,2,0.5385,0.7778
GP010573_frame_000748_blur2,9,6,4,3,0.6,0.6667
GP010573_frame_000748_blur3,9,4,1,5,0.8,0.4444
GP010573_frame_000748_blur4,9,4,1,5,0.8,0.4444
GP010573_frame_000748_noise1,9,7,7,2,0.5,0.7778
GP010573_frame_000748_noise2,9,6,5,3,0.5455,0.6667
GP010573_frame_000748_noise3,9,4,1,5,0.8,0.4444
GP010573_frame_000748_dark1,9,6,7,3,0.4615,0.6667
GP010573_frame_000748_dark2,9,5,5,4,0.5,0.5556
GP010573_frame_000748_overexposure1,9,7,8,2,0.4667,0.7778
GP010573_frame_000748_overexposure2,9,6,7,3,0.4615,0.6667
GP010573_frame_000768_ref,12,11,4,1,0.7333,0.9167
GP010573_frame_000768_rain1,12,11,7,1,0.6111,0.9167
GP010573_frame_000768_rain2,12,8,2,4,0.8,0.6667
GP010573_frame_000768_rain3,12,0,0,12,0.0,0.0
GP010573_frame_000768_blur1,12,11,5,1,0.6875,0.9167
GP010573_frame_000768_blur2,12,11,6,1,0.6471,0.9167
GP010573_frame_000768_blur3,12,10,2,2,0.8333,0.8333
GP010573_frame_000768_blur4,12,2,0,10,1.0,0.1667
GP010573_frame_000768_noise1,12,11,8,1,0.5789,0.9167
GP010573_frame_000768_noise2,12,8,3,4,0.7273,0.6667
GP010573_frame_000768_noise3,12,2,1,10,0.6667,0.1667
GP010573_frame_000768_dark1,12,11,7,1,0.6111,0.9167
GP010573_frame_000768_dark2,12,6,4,6,0.6,0.5
GP010573_frame_000768_overexposure1,12,11,7,1,0.6111,0.9167
GP010573_frame_000768_overexposure2,12,11,7,1,0.6111,0.9167
GP010573_frame_000788_ref,4,4,2,0,0.6667,1.0
GP010573_frame_000788_rain1,4,4,1,0,0.8,1.0
GP010573_frame_000788_rain2,4,4,0,0,1.0,1.0
GP010573_frame_000788_rain3,4,2,0,2,1.0,0.5
GP010573_frame_000788_blur1,4,4,0,0,1.0,1.0
GP010573_frame_000788_blur2,4,4,1,0,0.8,1.0
GP010573_frame_000788_blur3,4,4,0,0,1.0,1.0
GP010573_frame_000788_blur4,4,2,0,2,1.0,0.5
GP010573_frame_000788_noise1,4,4,1,0,0.8,1.0
GP010573_frame_000788_noise2,4,4,1,0,0.8,1.0
GP010573_frame_000788_noise3,4,4,0,0,1.0,1.0
GP010573_frame_000788_dark1,4,4,1,0,0.8,1.0
GP010573_frame_000788_dark2,4,4,0,0,1.0,1.0
GP010573_frame_000788_overexposure1,4,4,2,0,0.6667,1.0
GP010573_frame_000788_overexposure2,4,4,0,0,1.0,1.0
GP010573_frame_000794_ref,3,3,5,0,0.375,1.0
GP010573_frame_000794_rain1,3,3,5,0,0.375,1.0
GP010573_frame_000794_rain2,3,3,3,0,0.5,1.0
GP010573_frame_000794_rain3,3,0,0,3,0.0,0.0
GP010573_frame_000794_blur1,3,3,4,0,0.4286,1.0
GP010573_frame_000794_blur2,3,3,1,0,0.75,1.0
GP010573_frame_000794_blur3,3,2,1,1,0.6667,0.6667
GP010573_frame_000794_blur4,3,1,0,2,1.0,0.3333
GP010573_frame_000794_noise1,3,3,7,0,0.3,1.0
GP010573_frame_000794_noise2,3,3,1,0,0.75,1.0
GP010573_frame_000794_noise3,3,1,0,2,1.0,0.3333
GP010573_frame_000794_dark1,3,3,5,0,0.375,1.0
GP010573_frame_000794_dark2,3,3,4,0,0.4286,1.0
GP010573_frame_000794_overexposure1,3,3,3,0,0.5,1.0
GP010573_frame_000794_overexposure2,3,3,4,0,0.4286,1.0
GP010573_frame_000799_ref,11,11,10,0,0.5238,1.0
GP010573_frame_000799_rain1,11,9,10,2,0.4737,0.8182
GP010573_frame_000799_rain2,11,9,7,2,0.5625,0.8182
GP010573_frame_000799_rain3,11,3,0,8,1.0,0.2727
GP010573_frame_000799_blur1,11,11,6,0,0.6471,1.0
GP010573_frame_000799_blur2,11,9,6,2,0.6,0.8182
GP010573_frame_000799_blur3,11,8,3,3,0.7273,0.7273
GP010573_frame_000799_blur4,11,4,2,7,0.6667,0.3636
GP010573_frame_000799_noise1,11,9,9,2,0.5,0.8182
GP010573_frame_000799_noise2,11,9,7,2,0.5625,0.8182
GP010573_frame_000799_noise3,11,5,2,6,0.7143,0.4545
GP010573_frame_000799_dark1,11,10,8,1,0.5556,0.9091
GP010573_frame_000799_dark2,11,8,5,3,0.6154,0.7273
GP010573_frame_000799_overexposure1,11,10,9,1,0.5263,0.9091
GP010573_frame_000799_overexposure2,11,8,12,3,0.4,0.7273
GP010573_frame_000804_ref,10,10,4,0,0.7143,1.0
GP010573_frame_000804_rain1,10,10,4,0,0.7143,1.0
GP010573_frame_000804_rain2,10,6,3,4,0.6667,0.6
GP010573_frame_000804_rain3,10,4,2,6,0.6667,0.4
GP010573_frame_000804_blur1,10,9,3,1,0.75,0.9
GP010573_frame_000804_blur2,10,8,2,2,0.8,0.8
GP010573_frame_000804_blur3,10,9,1,1,0.9,0.9
GP010573_frame_000804_blur4,10,4,3,6,0.5714,0.4
GP010573_frame_000804_noise1,10,9,4,1,0.6923,0.9
GP010573_frame_000804_noise2,10,10,1,0,0.9091,1.0
GP010573_frame_000804_noise3,10,6,2,4,0.75,0.6
GP010573_frame_000804_dark1,10,10,4,0,0.7143,1.0
GP010573_frame_000804_dark2,10,9,2,1,0.8182,0.9
GP010573_frame_000804_overexposure1,10,9,7,1,0.5625,0.9
GP010573_frame_000804_overexposure2,10,8,2,2,0.8,0.8
GP010573_frame_000837_ref,3,3,9,0,0.25,1.0
GP010573_frame_000837_rain1,3,3,9,0,0.25,1.0
GP010573_frame_000837_rain2,3,1,6,2,0.1429,0.3333
GP010573_frame_000837_rain3,3,1,0,2,1.0,0.3333
GP010573_frame_000837_blur1,3,3,5,0,0.375,1.0
GP010573_frame_000837_blur2,3,1,4,2,0.2,0.3333
GP010573_frame_000837_blur3,3,1,4,2,0.2,0.3333
GP010573_frame_000837_blur4,3,0,1,3,0.0,0.0
GP010573_frame_000837_noise1,3,1,9,2,0.1,0.3333
GP010573_frame_000837_noise2,3,1,2,2,0.3333,0.3333
GP010573_frame_000837_noise3,3,0,1,3,0.0,0.0
GP010573_frame_000837_dark1,3,2,9,1,0.1818,0.6667
GP010573_frame_000837_dark2,3,1,4,2,0.2,0.3333
GP010573_frame_000837_overexposure1,3,3,9,0,0.25,1.0
GP010573_frame_000837_overexposure2,3,3,6,0,0.3333,1.0
GP010573_frame_000850_ref,10,9,3,1,0.75,0.9
GP010573_frame_000850_rain1,10,8,2,2,0.8,0.8
GP010573_frame_000850_rain2,10,8,1,2,0.8889,0.8
GP010573_frame_000850_rain3,10,0,0,10,0.0,0.0
GP010573_frame_000850_blur1,10,8,3,2,0.7273,0.8
GP010573_frame_000850_blur2,10,8,2,2,0.8,0.8
GP010573_frame_000850_blur3,10,6,2,4,0.75,0.6
GP010573_frame_000850_blur4,10,2,0,8,1.0,0.2
GP010573_frame_000850_noise1,10,8,3,2,0.7273,0.8
GP010573_frame_000850_noise2,10,8,2,2,0.8,0.8
GP010573_frame_000850_noise3,10,3,0,7,1.0,0.3
GP010573_frame_000850_dark1,10,8,3,2,0.7273,0.8
GP010573_frame_000850_dark2,10,8,1,2,0.8889,0.8
GP010573_frame_000850_overexposure1,10,9,3,1,0.75,0.9
GP010573_frame_000850_overexposure2,10,8,3,2,0.7273,0.8
GP010573_frame_000870_ref,10,10,3,0,0.7692,1.0
GP010573_frame_000870_rain1,10,10,0,0,1.0,1.0
GP010573_frame_000870_rain2,10,8,2,2,0.8,0.8
GP010573_frame_000870_rain3,10,2,0,8,1.0,0.2
GP010573_frame_000870_blur1,10,10,1,0,0.9091,1.0
GP010573_frame_000870_blur2,10,10,2,0,0.8333,1.0
GP010573_frame_000870_blur3,10,8,2,2,0.8,0.8
GP010573_frame_000870_blur4,10,6,0,4,1.0,0.6
GP010573_frame_000870_noise1,10,10,1,0,0.9091,1.0
GP010573_frame_000870_noise2,10,9,1,1,0.9,0.9
GP010573_frame_000870_noise3,10,6,3,4,0.6667,0.6
GP010573_frame_000870_dark1,10,10,2,0,0.8333,1.0
GP010573_frame_000870_dark2,10,10,0,0,1.0,1.0
GP010573_frame_000870_overexposure1,10,10,2,0,0.8333,1.0
GP010573_frame_000870_overexposure2,10,9,3,1,0.75,0.9
GP010573_frame_000890_ref,3,2,7,1,0.2222,0.6667
GP010573_frame_000890_rain1,3,3,5,0,0.375,1.0
GP010573_frame_000890_rain2,3,1,0,2,1.0,0.3333
GP010573_frame_000890_rain3,3,0,0,3,0.0,0.0
GP010573_frame_000890_blur1,3,2,4,1,0.3333,0.6667
GP010573_frame_000890_blur2,3,2,1,1,0.6667,0.6667
GP010573_frame_000890_blur3,3,1,3,2,0.25,0.3333
GP010573_frame_000890_blur4,3,0,3,3,0.0,0.0
GP010573_frame_000890_noise1,3,3,2,0,0.6,1.0
GP010573_frame_000890_noise2,3,1,2,2,0.3333,0.3333
GP010573_frame_000890_noise3,3,0,3,3,0.0,0.0
GP010573_frame_000890_dark1,3,2,3,1,0.4,0.6667
GP010573_frame_000890_dark2,3,1,1,2,0.5,0.3333
GP010573_frame_000890_overexposure1,3,3,8,0,0.2727,1.0
GP010573_frame_000890_overexposure2,3,3,6,0,0.3333,1.0
GP010573_frame_000896_ref,7,7,5,0,0.5833,1.0
GP010573_frame_000896_rain1,7,6,3,1,0.6667,0.8571
GP010573_frame_000896_rain2,7,5,3,2,0.625,0.7143
GP010573_frame_000896_rain3,7,0,0,7,0.0,0.0
GP010573_frame_000896_blur1,7,7,4,0,0.6364,1.0
GP010573_frame_000896_blur2,7,7,0,0,1.0,1.0
GP010573_frame_000896_blur3,7,7,1,0,0.875,1.0
GP010573_frame_000896_blur4,7,3,0,4,1.0,0.4286
GP010573_frame_000896_noise1,7,7,6,0,0.5385,1.0
GP010573_frame_000896_noise2,7,7,1,0,0.875,1.0
GP010573_frame_000896_noise3,7,4,0,3,1.0,0.5714
GP010573_frame_000896_dark1,7,7,3,0,0.7,1.0
GP010573_frame_000896_dark2,7,7,0,0,1.0,1.0
GP010573_frame_000896_overexposure1,7,7,5,0,0.5833,1.0
GP010573_frame_000896_overexposure2,7,7,3,0,0.7,1.0
GP010573_frame_000901_ref,5,5,7,0,0.4167,1.0
GP010573_frame_000901_rain1,5,5,7,0,0.4167,1.0
GP010573_frame_000901_rain2,5,1,2,4,0.3333,0.2
GP010573_frame_000901_rain3,5,0,0,5,0.0,0.0
GP010573_frame_000901_blur1,5,5,8,0,0.3846,1.0
GP010573_frame_000901_blur2,5,5,4,0,0.5556,1.0
GP010573_frame_000901_blur3,5,2,1,3,0.6667,0.4
GP010573_frame_000901_blur4,5,0,0,5,0.0,0.0
GP010573_frame_000901_noise1,5,3,4,2,0.4286,0.6
GP010573_frame_000901_noise2,5,1,1,4,0.5,0.2
GP010573_frame_000901_noise3,5,0,0,5,0.0,0.0
GP010573_frame_000901_dark1,5,4,5,1,0.4444,0.8
GP010573_frame_000901_dark2,5,1,1,4,0.5,0.2
GP010573_frame_000901_overexposure1,5,5,8,0,0.3846,1.0
GP010573_frame_000901_overexposure2,5,5,3,0,0.625,1.0
GP010573_frame_000911_ref,10,7,4,3,0.6364,0.7
GP010573_frame_000911_rain1,10,8,4,2,0.6667,0.8
GP010573_frame_000911_rain2,10,7,4,3,0.6364,0.7
GP010573_frame_000911_rain3,10,0,0,10,0.0,0.0
GP010573_frame_000911_blur1,10,8,5,2,0.6154,0.8
GP010573_frame_000911_blur2,10,3,2,7,0.6,0.3
GP010573_frame_000911_blur3,10,2,2,8,0.5,0.2
GP010573_frame_000911_blur4,10,0,0,10,0.0,0.0
GP010573_frame_000911_noise1,10,6,8,4,0.4286,0.6
GP010573_frame_000911_noise2,10,3,3,7,0.5,0.3
GP010573_frame_000911_noise3,10,0,0,10,0.0,0.0
GP010573_frame_000911_dark1,10,5,2,5,0.7143,0.5
GP010573_frame_000911_dark2,10,3,1,7,0.75,0.3
GP010573_frame_000911_overexposure1,10,7,5,3,0.5833,0.7
GP010573_frame_000911_overexposure2,10,7,3,3,0.7,0.7
GP010573_frame_000917_ref,8,8,2,0,0.8,1.0
GP010573_frame_000917_rain1,8,7,2,1,0.7778,0.875
GP010573_frame_000917_rain2,8,5,0,3,1.0,0.625
GP010573_frame_000917_rain3,8,1,0,7,1.0,0.125
GP010573_frame_000917_blur1,8,7,2,1,0.7778,0.875
GP010573_frame_000917_blur2,8,6,1,2,0.8571,0.75
GP010573_frame_000917_blur3,8,4,1,4,0.8,0.5
GP010573_frame_000917_blur4,8,2,0,6,1.0,0.25
GP010573_frame_000917_noise1,8,6,2,2,0.75,0.75
GP010573_frame_000917_noise2,8,5,2,3,0.7143,0.625
GP010573_frame_000917_noise3,8,0,0,8,0.0,0.0
GP010573_frame_000917_dark1,8,7,3,1,0.7,0.875
GP010573_frame_000917_dark2,8,4,1,4,0.8,0.5
GP010573_frame_000917_overexposure1,8,8,4,0,0.6667,1.0
GP010573_frame_000917_overexposure2,8,8,2,0,0.8,1.0
GP010573_frame_000937_ref,9,9,3,0,0.75,1.0
GP010573_frame_000937_rain1,9,8,3,1,0.7273,0.8889
GP010573_frame_000937_rain2,9,5,2,4,0.7143,0.5556
GP010573_frame_000937_rain3,9,3,2,6,0.6,0.3333
GP010573_frame_000937_blur1,9,8,2,1,0.8,0.8889
GP010573_frame_000937_blur2,9,7,2,2,0.7778,0.7778
GP010573_frame_000937_blur3,9,6,2,3,0.75,0.6667
GP010573_frame_000937_blur4,9,5,3,4,0.625,0.5556
GP010573_frame_000937_noise1,9,7,3,2,0.7,0.7778
GP010573_frame_000937_noise2,9,6,1,3,0.8571,0.6667
GP010573_frame_000937_noise3,9,5,0,4,1.0,0.5556
GP010573_frame_000937_dark1,9,8,2,1,0.8,0.8889
GP010573_frame_000937_dark2,9,6,3,3,0.6667,0.6667
GP010573_frame_000937_overexposure1,9,8,3,1,0.7273,0.8889
GP010573_frame_000937_overexposure2,9,9,3,0,0.75,1.0
GP010573_frame_000944_ref,7,6,3,1,0.6667,0.8571
GP010573_frame_000944_rain1,7,5,4,2,0.5556,0.7143
GP010573_frame_000944_rain2,7,1,1,6,0.5,0.1429
GP010573_frame_000944_rain3,7,0,0,7,0.0,0.0
GP010573_frame_000944_blur1,7,5,2,2,0.7143,0.7143
GP010573_frame_000944_blur2,7,4,1,3,0.8,0.5714
GP010573_frame_000944_blur3,7,0,0,7,0.0,0.0
GP010573_frame_000944_blur4,7,0,0,7,0.0,0.0
GP010573_frame_000944_noise1,7,5,3,2,0.625,0.7143
GP010573_frame_000944_noise2,7,1,3,6,0.25,0.1429
GP010573_frame_000944_noise3,7,0,1,7,0.0,0.0
GP010573_frame_000944_dark1,7,5,4,2,0.5556,0.7143
GP010573_frame_000944_dark2,7,1,2,6,0.3333,0.1429
GP010573_frame_000944_overexposure1,7,6,4,1,0.6,0.8571
GP010573_frame_000944_overexposure2,7,5,3,2,0.625,0.7143
GP010573_frame_000950_ref,3,3,2,0,0.6,1.0
GP010573_frame_000950_rain1,3,3,1,0,0.75,1.0
GP010573_frame_000950_rain2,3,3,3,0,0.5,1.0
GP010573_frame_000950_rain3,3,2,1,1,0.6667,0.6667
GP010573_frame_000950_blur1,3,3,1,0,0.75,1.0
GP010573_frame_000950_blur2,3,3,1,0,0.75,1.0
GP010573_frame_000950_blur3,3,2,1,1,0.6667,0.6667
GP010573_frame_000950_blur4,3,2,0,1,1.0,0.6667
GP010573_frame_000950_noise1,3,3,1,0,0.75,1.0
GP010573_frame_000950_noise2,3,2,2,1,0.5,0.6667
GP010573_frame_000950_noise3,3,2,0,1,1.0,0.6667
GP010573_frame_000950_dark1,3,3,1,0,0.75,1.0
GP010573_frame_000950_dark2,3,3,1,0,0.75,1.0
GP010573_frame_000950_overexposure1,3,3,2,0,0.6,1.0
GP010573_frame_000950_overexposure2,3,3,2,0,0.6,1.0
GP010573_frame_000964_ref,4,4,6,0,0.4,1.0
GP010573_frame_000964_rain1,4,4,6,0,0.4,1.0
GP010573_frame_000964_rain2,4,0,1,4,0.0,0.0
GP010573_frame_000964_rain3,4,0,0,4,0.0,0.0
GP010573_frame_000964_blur1,4,3,2,1,0.6,0.75
GP010573_frame_000964_blur2,4,3,2,1,0.6,0.75
GP010573_frame_000964_blur3,4,2,1,2,0.6667,0.5
GP010573_frame_000964_blur4,4,1,0,3,1.0,0.25
GP010573_frame_000964_noise1,4,4,3,0,0.5714,1.0
GP010573_frame_000964_noise2,4,3,2,1,0.6,0.75
GP010573_frame_000964_noise3,4,0,0,4,0.0,0.0
GP010573_frame_000964_dark1,4,4,3,0,0.5714,1.0
GP010573_frame_000964_dark2,4,3,1,1,0.75,0.75
GP010573_frame_000964_overexposure1,4,4,6,0,0.4,1.0
GP010573_frame_000964_overexposure2,4,3,5,1,0.375,0.75
GP010573_frame_000984_ref,0,0,1,0,0.0,
GP010573_frame_000984_rain1,0,0,0,0,0.0,
GP010573_frame_000984_rain2,0,0,0,0,0.0,
GP010573_frame_000984_rain3,0,0,0,0,0.0,
GP010573_frame_000984_blur1,0,0,0,0,0.0,
GP010573_frame_000984_blur2,0,0,0,0,0.0,
GP010573_frame_000984_blur3,0,0,0,0,0.0,
GP010573_frame_000984_blur4,0,0,0,0,0.0,
GP010573_frame_000984_noise1,0,0,1,0,0.0,
GP010573_frame_000984_noise2,0,0,0,0,0.0,
GP010573_frame_000984_noise3,0,0,0,0,0.0,
GP010573_frame_000984_dark1,0,0,1,0,0.0,
GP010573_frame_000984_dark2,0,0,0,0,0.0,
GP010573_frame_000984_overexposure1,0,0,1,0,0.0,
GP010573_frame_000984_overexposure2,0,0,0,0,0.0,
GP010573_frame_000990_ref,6,6,4,0,0.6,1.0
GP010573_frame_000990_rain1,6,6,2,0,0.75,1.0
GP010573_frame_000990_rain2,6,2,0,4,1.0,0.3333
GP010573_frame_000990_rain3,6,1,0,5,1.0,0.1667
GP010573_frame_000990_blur1,6,6,0,0,1.0,1.0
GP010573_frame_000990_blur2,6,6,1,0,0.8571,1.0
GP010573_frame_000990_blur3,6,5,1,1,0.8333,0.8333
GP010573_frame_000990_blur4,6,2,1,4,0.6667,0.3333
GP010573_frame_000990_noise1,6,6,3,0,0.6667,1.0
GP010573_frame_000990_noise2,6,3,1,3,0.75,0.5
GP010573_frame_000990_noise3,6,1,0,5,1.0,0.1667
GP010573_frame_000990_dark1,6,6,3,0,0.6667,1.0
GP010573_frame_000990_dark2,6,2,1,4,0.6667,0.3333
GP010573_frame_000990_overexposure1,6,6,3,0,0.6667,1.0
GP010573_frame_000990_overexposure2,6,6,3,0,0.6667,1.0
GP010573_frame_000999_ref,6,6,4,0,0.6,1.0
GP010573_frame_000999_rain1,6,4,0,2,1.0,0.6667
GP010573_frame_000999_rain2,6,3,0,3,1.0,0.5
GP010573_frame_000999_rain3,6,0,0,6,0.0,0.0
GP010573_frame_000999_blur1,6,5,1,1,0.8333,0.8333
GP010573_frame_000999_blur2,6,4,1,2,0.8,0.6667
GP010573_frame_000999_blur3,6,4,0,2,1.0,0.6667
GP010573_frame_000999_blur4,6,2,0,4,1.0,0.3333
GP010573_frame_000999_noise1,6,4,0,2,1.0,0.6667
GP010573_frame_000999_noise2,6,3,1,3,0.75,0.5
GP010573_frame_000999_noise3,6,0,0,6,0.0,0.0
GP010573_frame_000999_dark1,6,5,1,1,0.8333,0.8333
GP010573_frame_000999_dark2,6,4,0,2,1.0,0.6667
GP010573_frame_000999_overexposure1,6,6,4,0,0.6,1.0
GP010573_frame_000999_overexposure2,6,5,2,1,0.7143,0.8333
GP010573_frame_001013_ref,14,10,10,4,0.5,0.7143
GP010573_frame_001013_rain1,14,6,7,8,0.4615,0.4286
GP010573_frame_001013_rain2,14,0,1,14,0.0,0.0
GP010573_frame_001013_rain3,14,0,0,14,0.0,0.0
GP010573_frame_001013_blur1,14,7,7,7,0.5,0.5
GP010573_frame_001013_blur2,14,7,0,7,1.0,0.5
GP010573_frame_001013_blur3,14,2,2,12,0.5,0.1429
GP010573_frame_001013_blur4,14,0,0,14,0.0,0.0
GP010573_frame_001013_noise1,14,7,9,7,0.4375,0.5
GP010573_frame_001013_noise2,14,0,0,14,0.0,0.0
GP010573_frame_001013_noise3,14,0,0,14,0.0,0.0
GP010573_frame_001013_dark1,14,6,8,8,0.4286,0.4286
GP010573_frame_001013_dark2,14,0,1,14,0.0,0.0
GP010573_frame_001013_overexposure1,14,12,10,2,0.5455,0.8571
GP010573_frame_001013_overexposure2,14,12,11,2,0.5217,0.8571
GP010573_frame_001020_ref,2,2,8,0,0.2,1.0
GP010573_frame_001020_rain1,2,1,6,1,0.1429,0.5
GP010573_frame_001020_rain2,2,0,1,2,0.0,0.0
GP010573_frame_001020_rain3,2,0,0,2,0.0,0.0
GP010573_frame_001020_blur1,2,2,4,0,0.3333,1.0
GP010573_frame_001020_blur2,2,1,4,1,0.2,0.5
GP010573_frame_001020_blur3,2,0,2,2,0.0,0.0
GP010573_frame_001020_blur4,2,0,0,2,0.0,0.0
GP010573_frame_001020_noise1,2,2,4,0,0.3333,1.0
GP010573_frame_001020_noise2,2,0,4,2,0.0,0.0
GP010573_frame_001020_noise3,2,0,0,2,0.0,0.0
GP010573_frame_001020_dark1,2,1,6,1,0.1429,0.5
GP010573_frame_001020_dark2,2,0,1,2,0.0,0.0
GP010573_frame_001020_overexposure1,2,1,8,1,0.1111,0.5
GP010573_frame_001020_overexposure2,2,2,4,0,0.3333,1.0
GP010573_frame_001026_ref,7,7,9,0,0.4375,1.0
GP010573_frame_001026_rain1,7,6,7,1,0.4615,0.8571
GP010573_frame_001026_rain2,7,2,4,5,0.3333,0.2857
GP010573_frame_001026_rain3,7,0,0,7,0.0,0.0
GP010573_frame_001026_blur1,7,6,8,1,0.4286,0.8571
GP010573_frame_001026_blur2,7,6,5,1,0.5455,0.8571
GP010573_frame_001026_blur3,7,4,2,3,0.6667,0.5714
GP010573_frame_001026_blur4,7,1,0,6,1.0,0.1429
GP010573_frame_001026_noise1,7,6,6,1,0.5,0.8571
GP010573_frame_001026_noise2,7,1,5,6,0.1667,0.1429
GP010573_frame_001026_noise3,7,0,0,7,0.0,0.0
GP010573_frame_001026_dark1,7,7,7,0,0.5,1.0
GP010573_frame_001026_dark2,7,3,6,4,0.3333,0.4286
GP010573_frame_001026_overexposure1,7,6,8,1,0.4286,0.8571
GP010573_frame_001026_overexposure2,7,6,9,1,0.4,0.8571
GP010573_frame_001032_ref,7,5,10,2,0.3333,0.7143
GP010573_frame_001032_rain1,7,5,9,2,0.3571,0.7143
GP010573_frame_001032_rain2,7,4,4,3,0.5,0.5714
GP010573_frame_001032_rain3,7,2,1,5,0.6667,0.2857
GP010573_frame_001032_blur1,7,5,7,2,0.4167,0.7143
GP010573_frame_001032_blur2,7,4,6,3,0.4,0.5714
GP010573_frame_001032_blur3,7,2,2,5,0.5,0.2857
GP010573_frame_001032_blur4,7,1,0,6,1.0,0.1429
GP010573_frame_001032_noise1,7,4,8,3,0.3333,0.5714
GP010573_frame_001032_noise2,7,4,6,3,0.4,0.5714
GP010573_frame_001032_noise3,7,2,1,5,0.6667,0.2857
GP010573_frame_001032_dark1,7,6,7,1,0.4615,0.8571
GP010573_frame_001032_dark2,7,4,4,3,0.5,0.5714
GP010573_frame_001032_overexposure1,7,4,9,3,0.3077,0.5714
GP010573_frame_001032_overexposure2,7,3,2,4,0.6,0.4286
GP010573_frame_001038_ref,11,10,9,1,0.5263,0.9091
GP010573_frame_001038_rain1,11,9,8,2,0.5294,0.8182
GP010573_frame_001038_rain2,11,9,5,2,0.6429,0.8182
GP010573_frame_001038_rain3,11,2,1,9,0.6667,0.1818
GP010573_frame_001038_blur1,11,11,9,0,0.55,1.0
GP010573_frame_001038_blur2,11,8,8,3,0.5,0.7273
GP010573_frame_001038_blur3,11,7,7,4,0.5,0.6364
GP010573_frame_001038_blur4,11,4,1,7,0.8,0.3636
GP010573_frame_001038_noise1,11,10,11,1,0.4762,0.9091
GP010573_frame_001038_noise2,11,8,5,3,0.6154,0.7273
GP010573_frame_001038_noise3,11,6,1,5,0.8571,0.5455
GP010573_frame_001038_dark1,11,8,8,3,0.5,0.7273
GP010573_frame_001038_dark2,11,9,4,2,0.6923,0.8182
GP010573_frame_001038_overexposure1,11,11,9,0,0.55,1.0
GP010573_frame_001038_overexposure2,11,8,11,3,0.4211,0.7273
GP010573_frame_001056_ref,8,7,7,1,0.5,0.875
GP010573_frame_001056_rain1,8,7,3,1,0.7,0.875
GP010573_frame_001056_rain2,8,2,3,6,0.4,0.25
GP010573_frame_001056_rain3,8,1,0,7,1.0,0.125
GP010573_frame_001056_blur1,8,7,3,1,0.7,0.875
GP010573_frame_001056_blur2,8,4,1,4,0.8,0.5
GP010573_frame_001056_blur3,8,3,2,5,0.6,0.375
GP010573_frame_001056_blur4,8,0,0,8,0.0,0.0
GP010573_frame_001056_noise1,8,5,4,3,0.5556,0.625
GP010573_frame_001056_noise2,8,3,1,5,0.75,0.375
GP010573_frame_001056_noise3,8,1,0,7,1.0,0.125
GP010573_frame_001056_dark1,8,5,4,3,0.5556,0.625
GP010573_frame_001056_dark2,8,2,1,6,0.6667,0.25
GP010573_frame_001056_overexposure1,8,7,6,1,0.5385,0.875
GP010573_frame_001056_overexposure2,8,7,8,1,0.4667,0.875
GP020400_frame_000001_ref,12,12,3,0,0.8,1.0
GP020400_frame_000001_rain1,12,11,5,1,0.6875,0.9167
GP020400_frame_000001_rain2,12,9,0,3,1.0,0.75
GP020400_frame_000001_rain3,12,1,0,11,1.0,0.0833
GP020400_frame_000001_blur1,12,11,2,1,0.8462,0.9167
GP020400_frame_000001_blur2,12,11,1,1,0.9167,0.9167
GP020400_frame_000001_blur3,12,5,3,7,0.625,0.4167
GP020400_frame_000001_blur4,12,1,0,11,1.0,0.0833
GP020400_frame_000001_noise1,12,11,4,1,0.7333,0.9167
GP020400_frame_000001_noise2,12,9,0,3,1.0,0.75
GP020400_frame_000001_noise3,12,0,0,12,0.0,0.0
GP020400_frame_000001_dark1,12,11,4,1,0.7333,0.9167
GP020400_frame_000001_dark2,12,9,2,3,0.8182,0.75
GP020400_frame_000001_overexposure1,12,11,3,1,0.7857,0.9167
GP020400_frame_000001_overexposure2,12,7,5,5,0.5833,0.5833
GP020400_frame_000021_ref,5,5,4,0,0.5556,1.0
GP020400_frame_000021_rain1,5,4,3,1,0.5714,0.8
GP020400_frame_000021_rain2,5,2,0,3,1.0,0.4
GP020400_frame_000021_rain3,5,0,0,5,0.0,0.0
GP020400_frame_000021_blur1,5,4,3,1,0.5714,0.8
GP020400_frame_000021_blur2,5,4,5,1,0.4444,0.8
GP020400_frame_000021_blur3,5,1,0,4,1.0,0.2
GP020400_frame_000021_blur4,5,0,0,5,0.0,0.0
GP020400_frame_000021_noise1,5,3,3,2,0.5,0.6
GP020400_frame_000021_noise2,5,1,2,4,0.3333,0.2
GP020400_frame_000021_noise3,5,0,0,5,0.0,0.0
GP020400_frame_000021_dark1,5,4,2,1,0.6667,0.8
GP020400_frame_000021_dark2,5,2,2,3,0.5,0.4
GP020400_frame_000021_overexposure1,5,5,4,0,0.5556,1.0
GP020400_frame_000021_overexposure2,5,5,4,0,0.5556,1.0
GP020400_frame_000041_ref,2,2,5,0,0.2857,1.0
GP020400_frame_000041_rain1,2,2,5,0,0.2857,1.0
GP020400_frame_000041_rain2,2,2,1,0,0.6667,1.0
GP020400_frame_000041_rain3,2,0,0,2,0.0,0.0
GP020400_frame_000041_blur1,2,2,4,0,0.3333,1.0
GP020400_frame_000041_blur2,2,2,2,0,0.5,1.0
GP020400_frame_000041_blur3,2,1,1,1,0.5,0.5
GP020400_frame_000041_blur4,2,0,0,2,0.0,0.0
GP020400_frame_000041_noise1,2,2,2,0,0.5,1.0
GP020400_frame_000041_noise2,2,1,0,1,1.0,0.5
GP020400_frame_000041_noise3,2,0,0,2,0.0,0.0
GP020400_frame_000041_dark1,2,2,2,0,0.5,1.0
GP020400_frame_000041_dark2,2,2,1,0,0.6667,1.0
GP020400_frame_000041_overexposure1,2,2,5,0,0.2857,1.0
GP020400_frame_000041_overexposure2,2,2,6,0,0.25,1.0
GP020400_frame_000048_ref,3,2,6,1,0.25,0.6667
GP020400_frame_000048_rain1,3,2,4,1,0.3333,0.6667
GP020400_frame_000048_rain2,3,0,2,3,0.0,0.0
GP020400_frame_000048_rain3,3,0,0,3,0.0,0.0
GP020400_frame_000048_blur1,3,0,4,3,0.0,0.0
GP020400_frame_000048_blur2,3,0,3,3,0.0,0.0
GP020400_frame_000048_blur3,3,0,1,3,0.0,0.0
GP020400_frame_000048_blur4,3,0,0,3,0.0,0.0
GP020400_frame_000048_noise1,3,0,4,3,0.0,0.0
GP020400_frame_000048_noise2,3,0,2,3,0.0,0.0
GP020400_frame_000048_noise3,3,0,0,3,0.0,0.0
GP020400_frame_000048_dark1,3,0,2,3,0.0,0.0
GP020400_frame_000048_dark2,3,0,1,3,0.0,0.0
GP020400_frame_000048_overexposure1,3,2,6,1,0.25,0.6667
GP020400_frame_000048_overexposure2,3,3,8,0,0.2727,1.0
GP020400_frame_000054_ref,4,4,2,0,0.6667,1.0
GP020400_frame_000054_rain1,4,4,1,0,0.8,1.0
GP020400_frame_000054_rain2,4,0,0,4,0.0,0.0
GP020400_frame_000054_rain3,4,0,0,4,0.0,0.0
GP020400_frame_000054_blur1,4,4,2,0,0.6667,1.0
GP020400_frame_000054_blur2,4,3,4,1,0.4286,0.75
GP020400_frame_000054_blur3,4,3,1,1,0.75,0.75
GP020400_frame_000054_blur4,4,0,0,4,0.0,0.0
GP020400_frame_000054_noise1,4,4,4,0,0.5,1.0
GP020400_frame_000054_noise2,4,3,0,1,1.0,0.75
GP020400_frame_000054_noise3,4,0,0,4,0.0,0.0
GP020400_frame_000054_dark1,4,4,1,0,0.8,1.0
GP020400_frame_000054_dark2,4,2,1,2,0.6667,0.5
GP020400_frame_000054_overexposure1,4,4,3,0,0.5714,1.0
GP020400_frame_000054_overexposure2,4,4,2,0,0.6667,1.0
GP020400_frame_000061_ref,2,1,5,1,0.1667,0.5
GP020400_frame_000061_rain1,2,1,3,1,0.25,0.5
GP020400_frame_000061_rain2,2,1,0,1,1.0,0.5
GP020400_frame_000061_rain3,2,0,0,2,0.0,0.0
GP020400_frame_000061_blur1,2,1,1,1,0.5,0.5
GP020400_frame_000061_blur2,2,1,2,1,0.3333,0.5
GP020400_frame_000061_blur3,2,1,2,1,0.3333,0.5
GP020400_frame_000061_blur4,2,0,1,2,0.0,0.0
GP020400_frame_000061_noise1,2,2,2,0,0.5,1.0
GP020400_frame_000061_noise2,2,1,1,1,0.5,0.5
GP020400_frame_000061_noise3,2,0,0,2,0.0,0.0
GP020400_frame_000061_dark1,2,1,2,1,0.3333,0.5
GP020400_frame_000061_dark2,2,1,2,1,0.3333,0.5
GP020400_frame_000061_overexposure1,2,1,4,1,0.2,0.5
GP020400_frame_000061_overexposure2,2,1,5,1,0.1667,0.5
GP020400_frame_000069_ref,13,12,7,1,0.6316,0.9231
GP020400_frame_000069_rain1,13,12,6,1,0.6667,0.9231
GP020400_frame_000069_rain2,13,11,8,2,0.5789,0.8462
GP020400_frame_000069_rain3,13,0,0,13,0.0,0.0
GP020400_frame_000069_blur1,13,12,8,1,0.6,0.9231
GP020400_frame_000069_blur2,13,12,3,1,0.8,0.9231
GP020400_frame_000069_blur3,13,7,5,6,0.5833,0.5385
GP020400_frame_000069_blur4,13,1,0,12,1.0,0.0769
GP020400_frame_000069_noise1,13,13,8,0,0.619,1.0
GP020400_frame_000069_noise2,13,10,4,3,0.7143,0.7692
GP020400_frame_000069_noise3,13,5,0,8,1.0,0.3846
GP020400_frame_000069_dark1,13,12,5,1,0.7059,0.9231
GP020400_frame_000069_dark2,13,10,4,3,0.7143,0.7692
GP020400_frame_000069_overexposure1,13,12,6,1,0.6667,0.9231
GP020400_frame_000069_overexposure2,13,12,6,1,0.6667,0.9231
GP020400_frame_000075_ref,10,8,5,2,0.6154,0.8
GP020400_frame_000075_rain1,10,8,6,2,0.5714,0.8
GP020400_frame_000075_rain2,10,6,6,4,0.5,0.6
GP020400_frame_000075_rain3,10,1,3,9,0.25,0.1
GP020400_frame_000075_blur1,10,8,5,2,0.6154,0.8
GP020400_frame_000075_blur2,10,8,5,2,0.6154,0.8
GP020400_frame_000075_blur3,10,6,2,4,0.75,0.6
GP020400_frame_000075_blur4,10,2,2,8,0.5,0.2
GP020400_frame_000075_noise1,10,7,4,3,0.6364,0.7
GP020400_frame_000075_noise2,10,6,3,4,0.6667,0.6
GP020400_frame_000075_noise3,10,4,0,6,1.0,0.4
GP020400_frame_000075_dark1,10,8,6,2,0.5714,0.8
GP020400_frame_000075_dark2,10,6,3,4,0.6667,0.6
GP020400_frame_000075_overexposure1,10,8,6,2,0.5714,0.8
GP020400_frame_000075_overexposure2,10,6,8,4,0.4286,0.6
GP020400_frame_000084_ref,11,9,5,2,0.6429,0.8182
GP020400_frame_000084_rain1,11,6,6,5,0.5,0.5455
GP020400_frame_000084_rain2,11,4,5,7,0.4444,0.3636
GP020400_frame_000084_rain3,11,0,0,11,0.0,0.0
GP020400_frame_000084_blur1,11,7,4,4,0.6364,0.6364
GP020400_frame_000084_blur2,11,5,2,6,0.7143,0.4545
GP020400_frame_000084_blur3,11,1,0,10,1.0,0.0909
GP020400_frame_000084_blur4,11,0,0,11,0.0,0.0
GP020400_frame_000084_noise1,11,5,2,6,0.7143,0.4545
GP020400_frame_000084_noise2,11,4,0,7,1.0,0.3636
GP020400_frame_000084_noise3,11,1,0,10,1.0,0.0909
GP020400_frame_000084_dark1,11,4,2,7,0.6667,0.3636
GP020400_frame_000084_dark2,11,5,0,6,1.0,0.4545
GP020400_frame_000084_overexposure1,11,8,5,3,0.6154,0.7273
GP020400_frame_000084_overexposure2,11,6,4,5,0.6,0.5455
GP020400_frame_000110_ref,2,2,3,0,0.4,1.0
GP020400_frame_000110_rain1,2,2,0,0,1.0,1.0
GP020400_frame_000110_rain2,2,2,1,0,0.6667,1.0
GP020400_frame_000110_rain3,2,0,0,2,0.0,0.0
GP020400_frame_000110_blur1,2,2,2,0,0.5,1.0
GP020400_frame_000110_blur2,2,2,0,0,1.0,1.0
GP020400_frame_000110_blur3,2,0,0,2,0.0,0.0
GP020400_frame_000110_blur4,2,0,0,2,0.0,0.0
GP020400_frame_000110_noise1,2,2,0,0,1.0,1.0
GP020400_frame_000110_noise2,2,1,0,1,1.0,0.5
GP020400_frame_000110_noise3,2,0,0,2,0.0,0.0
GP020400_frame_000110_dark1,2,2,2,0,0.5,1.0
GP020400_frame_000110_dark2,2,1,0,1,1.0,0.5
GP020400_frame_000110_overexposure1,2,2,2,0,0.5,1.0
GP020400_frame_000110_overexposure2,2,2,2,0,0.5,1.0
GP020400_frame_000122_ref,6,6,3,0,0.6667,1.0
GP020400_frame_000122_rain1,6,5,5,1,0.5,0.8333
GP020400_frame_000122_rain2,6,5,0,1,1.0,0.8333
GP020400_frame_000122_rain3,6,1,0,5,1.0,0.1667
GP020400_frame_000122_blur1,6,5,3,1,0.625,0.8333
GP020400_frame_000122_blur2,6,4,1,2,0.8,0.6667
GP020400_frame_000122_blur3,6,3,2,3,0.6,0.5
GP020400_frame_000122_blur4,6,1,0,5,1.0,0.1667
GP020400_frame_000122_noise1,6,5,3,1,0.625,0.8333
GP020400_frame_000122_noise2,6,3,4,3,0.4286,0.5
GP020400_frame_000122_noise3,6,0,0,6,0.0,0.0
GP020400_frame_000122_dark1,6,5,4,1,0.5556,0.8333
GP020400_frame_000122_dark2,6,4,1,2,0.8,0.6667
GP020400_frame_000122_overexposure1,6,5,4,1,0.5556,0.8333
GP020400_frame_000122_overexposure2,6,4,2,2,0.6667,0.6667
GP020400_frame_000138_ref,6,6,4,0,0.6,1.0
GP020400_frame_000138_rain1,6,6,4,0,0.6,1.0
GP020400_frame_000138_rain2,6,5,1,1,0.8333,0.8333
GP020400_frame_000138_rain3,6,2,1,4,0.6667,0.3333
GP020400_frame_000138_blur1,6,6,4,0,0.6,1.0
GP020400_frame_000138_blur2,6,6,1,0,0.8571,1.0
GP020400_frame_000138_blur3,6,6,1,0,0.8571,1.0
GP020400_frame_000138_blur4,6,1,0,5,1.0,0.1667
GP020400_frame_000138_noise1,6,6,2,0,0.75,1.0
GP020400_frame_000138_noise2,6,5,2,1,0.7143,0.8333
GP020400_frame_000138_noise3,6,0,0,6,0.0,0.0
GP020400_frame_000138_dark1,6,6,3,0,0.6667,1.0
GP020400_frame_000138_dark2,6,5,1,1,0.8333,0.8333
GP020400_frame_000138_overexposure1,6,6,5,0,0.5455,1.0
GP020400_frame_000138_overexposure2,6,5,3,1,0.625,0.8333
GP020400_frame_000142_ref,2,2,4,0,0.3333,1.0
GP020400_frame_000142_rain1,2,2,1,0,0.6667,1.0
GP020400_frame_000142_rain2,2,1,0,1,1.0,0.5
GP020400_frame_000142_rain3,2,0,0,2,0.0,0.0
GP020400_frame_000142_blur1,2,2,2,0,0.5,1.0
GP020400_frame_000142_blur2,2,2,0,0,1.0,1.0
GP020400_frame_000142_blur3,2,2,0,0,1.0,1.0
GP020400_frame_000142_blur4,2,0,0,2,0.0,0.0
GP020400_frame_000142_noise1,2,2,1,0,0.6667,1.0
GP020400_frame_000142_noise2,2,2,0,0,1.0,1.0
GP020400_frame_000142_noise3,2,0,0,2,0.0,0.0
GP020400_frame_000142_dark1,2,2,1,0,0.6667,1.0
GP020400_frame_000142_dark2,2,1,0,1,1.0,0.5
GP020400_frame_000142_overexposure1,2,2,3,0,0.4,1.0
GP020400_frame_000142_overexposure2,2,2,2,0,0.5,1.0
GP020571_frame_000001_ref,7,7,7,0,0.5,1.0
GP020571_frame_000001_rain1,7,7,5,0,0.5833,1.0
GP020571_frame_000001_rain2,7,5,2,2,0.7143,0.7143
GP020571_frame_000001_rain3,7,1,1,6,0.5,0.1429
GP020571_frame_000001_blur1,7,6,4,1,0.6,0.8571
GP020571_frame_000001_blur2,7,5,2,2,0.7143,0.7143
GP020571_frame_000001_blur3,7,3,1,4,0.75,0.4286
GP020571_frame_000001_blur4,7,1,2,6,0.3333,0.1429
GP020571_frame_000001_noise1,7,7,6,0,0.5385,1.0
GP020571_frame_000001_noise2,7,4,1,3,0.8,0.5714
GP020571_frame_000001_noise3,7,0,0,7,0.0,0.0
GP020571_frame_000001_dark1,7,7,6,0,0.5385,1.0
GP020571_frame_000001_dark2,7,5,1,2,0.8333,0.7143
GP020571_frame_000001_overexposure1,7,7,8,0,0.4667,1.0
GP020571_frame_000001_overexposure2,7,7,7,0,0.5,1.0
GP020571_frame_000010_ref,12,11,4,1,0.7333,0.9167
GP020571_frame_000010_rain1,12,10,4,2,0.7143,0.8333
GP020571_frame_000010_rain2,12,9,2,3,0.8182,0.75
GP020571_frame_000010_rain3,12,1,1,11,0.5,0.0833
GP020571_frame_000010_blur1,12,10,3,2,0.7692,0.8333
GP020571_frame_000010_blur2,12,10,3,2,0.7692,0.8333
GP020571_frame_000010_blur3,12,7,2,5,0.7778,0.5833
GP020571_frame_000010_blur4,12,3,0,9,1.0,0.25
GP020571_frame_000010_noise1,12,11,3,1,0.7857,0.9167
GP020571_frame_000010_noise2,12,9,3,3,0.75,0.75
GP020571_frame_000010_noise3,12,4,5,8,0.4444,0.3333
GP020571_frame_000010_dark1,12,10,3,2,0.7692,0.8333
GP020571_frame_000010_dark2,12,9,1,3,0.9,0.75
GP020571_frame_000010_overexposure1,12,11,5,1,0.6875,0.9167
GP020571_frame_000010_overexposure2,12,12,6,0,0.6667,1.0
GP020571_frame_000019_ref,14,13,13,1,0.5,0.9286
GP020571_frame_000019_rain1,14,12,9,2,0.5714,0.8571
GP020571_frame_000019_rain2,14,5,0,9,1.0,0.3571
GP020571_frame_000019_rain3,14,0,0,14,0.0,0.0
GP020571_frame_000019_blur1,14,12,7,2,0.6316,0.8571
GP020571_frame_000019_blur2,14,9,4,5,0.6923,0.6429
GP020571_frame_000019_blur3,14,7,3,7,0.7,0.5
GP020571_frame_000019_blur4,14,2,1,12,0.6667,0.1429
GP020571_frame_000019_noise1,14,10,8,4,0.5556,0.7143
GP020571_frame_000019_noise2,14,6,2,8,0.75,0.4286
GP020571_frame_000019_noise3,14,0,0,14,0.0,0.0
GP020571_frame_000019_dark1,14,10,7,4,0.5882,0.7143
GP020571_frame_000019_dark2,14,8,3,6,0.7273,0.5714
GP020571_frame_000019_overexposure1,14,13,16,1,0.4483,0.9286
GP020571_frame_000019_overexposure2,14,13,9,1,0.5909,0.9286
GP020571_frame_000029_ref,3,3,1,0,0.75,1.0
GP020571_frame_000029_rain1,3,2,2,1,0.5,0.6667
GP020571_frame_000029_rain2,3,2,3,1,0.4,0.6667
GP020571_frame_000029_rain3,3,0,1,3,0.0,0.0
GP020571_frame_000029_blur1,3,3,1,0,0.75,1.0
GP020571_frame_000029_blur2,3,3,2,0,0.6,1.0
GP020571_frame_000029_blur3,3,3,2,0,0.6,1.0
GP020571_frame_000029_blur4,3,2,0,1,1.0,0.6667
GP020571_frame_000029_noise1,3,3,2,0,0.6,1.0
GP020571_frame_000029_noise2,3,3,2,0,0.6,1.0
GP020571_frame_000029_noise3,3,2,1,1,0.6667,0.6667
GP020571_frame_000029_dark1,3,3,1,0,0.75,1.0
GP020571_frame_000029_dark2,3,2,2,1,0.5,0.6667
GP020571_frame_000029_overexposure1,3,3,1,0,0.75,1.0
GP020571_frame_000029_overexposure2,3,3,2,0,0.6,1.0
GP020571_frame_000037_ref,3,3,0,0,1.0,1.0
GP020571_frame_000037_rain1,3,2,0,1,1.0,0.6667
GP020571_frame_000037_rain2,3,2,0,1,1.0,0.6667
GP020571_frame_000037_rain3,3,0,0,3,0.0,0.0
GP020571_frame_000037_blur1,3,3,0,0,1.0,1.0
GP020571_frame_000037_blur2,3,3,1,0,0.75,1.0
GP020571_frame_000037_blur3,3,3,1,0,0.75,1.0
GP020571_frame_000037_blur4,3,3,0,0,1.0,1.0
GP020571_frame_000037_noise1,3,3,0,0,1.0,1.0
GP020571_frame_000037_noise2,3,3,0,0,1.0,1.0
GP020571_frame_000037_noise3,3,0,2,3,0.0,0.0
GP020571_frame_000037_dark1,3,3,0,0,1.0,1.0
GP020571_frame_000037_dark2,3,2,0,1,1.0,0.6667
GP020571_frame_000037_overexposure1,3,3,0,0,1.0,1.0
GP020571_frame_000037_overexposure2,3,3,0,0,1.0,1.0
GP020571_frame_000050_ref,2,2,2,0,0.5,1.0
GP020571_frame_000050_rain1,2,2,2,0,0.5,1.0
GP020571_frame_000050_rain2,2,2,1,0,0.6667,1.0
GP020571_frame_000050_rain3,2,1,0,1,1.0,0.5
GP020571_frame_000050_blur1,2,2,1,0,0.6667,1.0
GP020571_frame_000050_blur2,2,2,1,0,0.6667,1.0
GP020571_frame_000050_blur3,2,2,0,0,1.0,1.0
GP020571_frame_000050_blur4,2,1,0,1,1.0,0.5
GP020571_frame_000050_noise1,2,2,2,0,0.5,1.0
GP020571_frame_000050_noise2,2,2,1,0,0.6667,1.0
GP020571_frame_000050_noise3,2,1,0,1,1.0,0.5
GP020571_frame_000050_dark1,2,2,2,0,0.5,1.0
GP020571_frame_000050_dark2,2,2,1,0,0.6667,1.0
GP020571_frame_000050_overexposure1,2,2,2,0,0.5,1.0
GP020571_frame_000050_overexposure2,2,2,2,0,0.5,1.0
GP020571_frame_000055_ref,3,3,2,0,0.6,1.0
GP020571_frame_000055_rain1,3,3,1,0,0.75,1.0
GP020571_frame_000055_rain2,3,2,0,1,1.0,0.6667
GP020571_frame_000055_rain3,3,0,0,3,0.0,0.0
GP020571_frame_000055_blur1,3,3,1,0,0.75,1.0
GP020571_frame_000055_blur2,3,3,0,0,1.0,1.0
GP020571_frame_000055_blur3,3,3,0,0,1.0,1.0
GP020571_frame_000055_blur4,3,1,0,2,1.0,0.3333
GP020571_frame_000055_noise1,3,3,2,0,0.6,1.0
GP020571_frame_000055_noise2,3,3,0,0,1.0,1.0
GP020571_frame_000055_noise3,3,1,0,2,1.0,0.3333
GP020571_frame_000055_dark1,3,3,1,0,0.75,1.0
GP020571_frame_000055_dark2,3,3,0,0,1.0,1.0
GP020571_frame_000055_overexposure1,3,3,2,0,0.6,1.0
GP020571_frame_000055_overexposure2,3,3,1,0,0.75,1.0
GP020571_frame_000065_ref,3,3,3,0,0.5,1.0
GP020571_frame_000065_rain1,3,3,3,0,0.5,1.0
GP020571_frame_000065_rain2,3,1,1,2,0.5,0.3333
GP020571_frame_000065_rain3,3,0,0,3,0.0,0.0
GP020571_frame_000065_blur1,3,3,2,0,0.6,1.0
GP020571_frame_000065_blur2,3,0,4,3,0.0,0.0
GP020571_frame_000065_blur3,3,0,0,3,0.0,0.0
GP020571_frame_000065_blur4,3,0,0,3,0.0,0.0
GP020571_frame_000065_noise1,3,2,3,1,0.4,0.6667
GP020571_frame_000065_noise2,3,2,2,1,0.5,0.6667
GP020571_frame_000065_noise3,3,0,0,3,0.0,0.0
GP020571_frame_000065_dark1,3,2,3,1,0.4,0.6667
GP020571_frame_000065_dark2,3,2,2,1,0.5,0.6667
GP020571_frame_000065_overexposure1,3,3,3,0,0.5,1.0
GP020571_frame_000065_overexposure2,3,2,4,1,0.3333,0.6667
GP020571_frame_000084_ref,6,5,6,1,0.4545,0.8333
GP020571_frame_000084_rain1,6,5,5,1,0.5,0.8333
GP020571_frame_000084_rain2,6,4,2,2,0.6667,0.6667
GP020571_frame_000084_rain3,6,1,0,5,1.0,0.1667
GP020571_frame_000084_blur1,6,6,5,0,0.5455,1.0
GP020571_frame_000084_blur2,6,4,1,2,0.8,0.6667
GP020571_frame_000084_blur3,6,4,6,2,0.4,0.6667
GP020571_frame_000084_blur4,6,2,1,4,0.6667,0.3333
GP020571_frame_000084_noise1,6,5,5,1,0.5,0.8333
GP020571_frame_000084_noise2,6,4,2,2,0.6667,0.6667
GP020571_frame_000084_noise3,6,1,0,5,1.0,0.1667
GP020571_frame_000084_dark1,6,5,4,1,0.5556,0.8333
GP020571_frame_000084_dark2,6,5,0,1,1.0,0.8333
GP020571_frame_000084_overexposure1,6,5,7,1,0.4167,0.8333
GP020571_frame_000084_overexposure2,6,4,7,2,0.3636,0.6667
GP020571_frame_000099_ref,6,5,8,1,0.3846,0.8333
GP020571_frame_000099_rain1,6,5,1,1,0.8333,0.8333
GP020571_frame_000099_rain2,6,5,3,1,0.625,0.8333
GP020571_frame_000099_rain3,6,2,1,4,0.6667,0.3333
GP020571_frame_000099_blur1,6,5,7,1,0.4167,0.8333
GP020571_frame_000099_blur2,6,5,12,1,0.2941,0.8333
GP020571_frame_000099_blur3,6,3,4,3,0.4286,0.5
GP020571_frame_000099_blur4,6,2,2,4,0.5,0.3333
GP020571_frame_000099_noise1,6,5,8,1,0.3846,0.8333
GP020571_frame_000099_noise2,6,4,3,2,0.5714,0.6667
GP020571_frame_000099_noise3,6,2,0,4,1.0,0.3333
GP020571_frame_000099_dark1,6,6,3,0,0.6667,1.0
GP020571_frame_000099_dark2,6,5,2,1,0.7143,0.8333
GP020571_frame_000099_overexposure1,6,5,9,1,0.3571,0.8333
GP020571_frame_000099_overexposure2,6,5,7,1,0.4167,0.8333
GP020571_frame_000105_ref,11,11,8,0,0.5789,1.0
GP020571_frame_000105_rain1,11,10,7,1,0.5882,0.9091
GP020571_frame_000105_rain2,11,7,9,4,0.4375,0.6364
GP020571_frame_000105_rain3,11,4,2,7,0.6667,0.3636
GP020571_frame_000105_blur1,11,11,5,0,0.6875,1.0
GP020571_frame_000105_blur2,11,11,4,0,0.7333,1.0
GP020571_frame_000105_blur3,11,9,3,2,0.75,0.8182
GP020571_frame_000105_blur4,11,6,2,5,0.75,0.5455
GP020571_frame_000105_noise1,11,11,9,0,0.55,1.0
GP020571_frame_000105_noise2,11,10,4,1,0.7143,0.9091
GP020571_frame_000105_noise3,11,3,4,8,0.4286,0.2727
GP020571_frame_000105_dark1,11,11,7,0,0.6111,1.0
GP020571_frame_000105_dark2,11,8,4,3,0.6667,0.7273
GP020571_frame_000105_overexposure1,11,11,9,0,0.55,1.0
GP020571_frame_000105_overexposure2,11,10,3,1,0.7692,0.9091
GP020571_frame_000111_ref,8,8,3,0,0.7273,1.0
GP020571_frame_000111_rain1,8,8,3,0,0.7273,1.0
GP020571_frame_000111_rain2,8,4,3,4,0.5714,0.5
GP020571_frame_000111_rain3,8,3,0,5,1.0,0.375
GP020571_frame_000111_blur1,8,8,2,0,0.8,1.0
GP020571_frame_000111_blur2,8,8,3,0,0.7273,1.0
GP020571_frame_000111_blur3,8,6,3,2,0.6667,0.75
GP020571_frame_000111_blur4,8,4,1,4,0.8,0.5
GP020571_frame_000111_noise1,8,8,1,0,0.8889,1.0
GP020571_frame_000111_noise2,8,5,1,3,0.8333,0.625
GP020571_frame_000111_noise3,8,1,1,7,0.5,0.125
GP020571_frame_000111_dark1,8,8,2,0,0.8,1.0
GP020571_frame_000111_dark2,8,5,1,3,0.8333,0.625
GP020571_frame_000111_overexposure1,8,8,4,0,0.6667,1.0
GP020571_frame_000111_overexposure2,8,8,6,0,0.5714,1.0
GP020571_frame_000117_ref,5,5,1,0,0.8333,1.0
GP020571_frame_000117_rain1,5,5,1,0,0.8333,1.0
GP020571_frame_000117_rain2,5,5,1,0,0.8333,1.0
GP020571_frame_000117_rain3,5,3,2,2,0.6,0.6
GP020571_frame_000117_blur1,5,5,1,0,0.8333,1.0
GP020571_frame_000117_blur2,5,5,1,0,0.8333,1.0
GP020571_frame_000117_blur3,5,4,0,1,1.0,0.8
GP020571_frame_000117_blur4,5,0,2,5,0.0,0.0
GP020571_frame_000117_noise1,5,5,1,0,0.8333,1.0
GP020571_frame_000117_noise2,5,4,2,1,0.6667,0.8
GP020571_frame_000117_noise3,5,1,0,4,1.0,0.2
GP020571_frame_000117_dark1,5,5,1,0,0.8333,1.0
GP020571_frame_000117_dark2,5,5,1,0,0.8333,1.0
GP020571_frame_000117_overexposure1,5,5,1,0,0.8333,1.0
GP020571_frame_000117_overexposure2,5,5,0,0,1.0,1.0
GP020571_frame_000124_ref,1,1,0,0,1.0,1.0
GP020571_frame_000124_rain1,1,1,1,0,0.5,1.0
GP020571_frame_000124_rain2,1,0,0,1,0.0,0.0
GP020571_frame_000124_rain3,1,0,0,1,0.0,0.0
GP020571_frame_000124_blur1,1,1,0,0,1.0,1.0
GP020571_frame_000124_blur2,1,1,2,0,0.3333,1.0
GP020571_frame_000124_blur3,1,1,1,0,0.5,1.0
GP020571_frame_000124_blur4,1,1,0,0,1.0,1.0
GP020571_frame_000124_noise1,1,1,0,0,1.0,1.0
GP020571_frame_000124_noise2,1,1,1,0,0.5,1.0
GP020571_frame_000124_noise3,1,0,0,1,0.0,0.0
GP020571_frame_000124_dark1,1,1,0,0,1.0,1.0
GP020571_frame_000124_dark2,1,1,1,0,0.5,1.0
GP020571_frame_000124_overexposure1,1,1,0,0,1.0,1.0
GP020571_frame_000124_overexposure2,1,1,0,0,1.0,1.0
GP020571_frame_000146_ref,0,0,0,0,0.0,
GP020571_frame_000146_rain1,0,0,0,0,0.0,
GP020571_frame_000146_rain2,0,0,0,0,0.0,
GP020571_frame_000146_rain3,0,0,0,0,0.0,
GP020571_frame_000146_blur1,0,0,1,0,0.0,
GP020571_frame_000146_blur2,0,0,1,0,0.0,
GP020571_frame_000146_blur3,0,0,1,0,0.0,
GP020571_frame_000146_blur4,0,0,0,0,0.0,
GP020571_frame_000146_noise1,0,0,1,0,0.0,
GP020571_frame_000146_noise2,0,0,0,0,0.0,
GP020571_frame_000146_noise3,0,0,0,0,0.0,
GP020571_frame_000146_dark1,0,0,0,0,0.0,
GP020571_frame_000146_dark2,0,0,0,0,0.0,
GP020571_frame_000146_overexposure1,0,0,0,0,0.0,
GP020571_frame_000146_overexposure2,0,0,0,0,0.0,
GP020571_frame_000153_ref,2,2,0,0,1.0,1.0
GP020571_frame_000153_rain1,2,2,0,0,1.0,1.0
GP020571_frame_000153_rain2,2,1,0,1,1.0,0.5
GP020571_frame_000153_rain3,2,1,0,1,1.0,0.5
GP020571_frame_000153_blur1,2,2,0,0,1.0,1.0
GP020571_frame_000153_blur2,2,2,0,0,1.0,1.0
GP020571_frame_000153_blur3,2,1,1,1,0.5,0.5
GP020571_frame_000153_blur4,2,0,0,2,0.0,0.0
GP020571_frame_000153_noise1,2,2,0,0,1.0,1.0
GP020571_frame_000153_noise2,2,1,1,1,0.5,0.5
GP020571_frame_000153_noise3,2,0,0,2,0.0,0.0
GP020571_frame_000153_dark1,2,2,0,0,1.0,1.0
GP020571_frame_000153_dark2,2,2,0,0,1.0,1.0
GP020571_frame_000153_overexposure1,2,2,0,0,1.0,1.0
GP020571_frame_000153_overexposure2,2,1,0,1,1.0,0.5
GP020571_frame_000173_ref,5,5,3,0,0.625,1.0
GP020571_frame_000173_rain1,5,5,2,0,0.7143,1.0
GP020571_frame_000173_rain2,5,4,0,1,1.0,0.8
GP020571_frame_000173_rain3,5,0,0,5,0.0,0.0
GP020571_frame_000173_blur1,5,5,2,0,0.7143,1.0
GP020571_frame_000173_blur2,5,4,1,1,0.8,0.8
GP020571_frame_000173_blur3,5,4,1,1,0.8,0.8
GP020571_frame_000173_blur4,5,1,0,4,1.0,0.2
GP020571_frame_000173_noise1,5,4,2,1,0.6667,0.8
GP020571_frame_000173_noise2,5,4,2,1,0.6667,0.8
GP020571_frame_000173_noise3,5,1,0,4,1.0,0.2
GP020571_frame_000173_dark1,5,5,4,0,0.5556,1.0
GP020571_frame_000173_dark2,5,4,0,1,1.0,0.8
GP020571_frame_000173_overexposure1,5,5,2,0,0.7143,1.0
GP020571_frame_000173_overexposure2,5,5,1,0,0.8333,1.0
GP020571_frame_000193_ref,4,4,2,0,0.6667,1.0
GP020571_frame_000193_rain1,4,4,1,0,0.8,1.0
GP020571_frame_000193_rain2,4,3,1,1,0.75,0.75
GP020571_frame_000193_rain3,4,1,1,3,0.5,0.25
GP020571_frame_000193_blur1,4,4,2,0,0.6667,1.0
GP020571_frame_000193_blur2,4,3,1,1,0.75,0.75
GP020571_frame_000193_blur3,4,2,0,2,1.0,0.5
GP020571_frame_000193_blur4,4,1,0,3,1.0,0.25
GP020571_frame_000193_noise1,4,4,0,0,1.0,1.0
GP020571_frame_000193_noise2,4,2,1,2,0.6667,0.5
GP020571_frame_000193_noise3,4,2,1,2,0.6667,0.5
GP020571_frame_000193_dark1,4,4,0,0,1.0,1.0
GP020571_frame_000193_dark2,4,2,0,2,1.0,0.5
GP020571_frame_000193_overexposure1,4,4,2,0,0.6667,1.0
GP020571_frame_000193_overexposure2,4,3,1,1,0.75,0.75
GP020571_frame_000213_ref,5,5,2,0,0.7143,1.0
GP020571_frame_000213_rain1,5,4,0,1,1.0,0.8
GP020571_frame_000213_rain2,5,3,1,2,0.75,0.6
GP020571_frame_000213_rain3,5,0,0,5,0.0,0.0
GP020571_frame_000213_blur1,5,4,2,1,0.6667,0.8
GP020571_frame_000213_blur2,5,3,1,2,0.75,0.6
GP020571_frame_000213_blur3,5,2,0,3,1.0,0.4
GP020571_frame_000213_blur4,5,1,0,4,1.0,0.2
GP020571_frame_000213_noise1,5,3,1,2,0.75,0.6
GP020571_frame_000213_noise2,5,2,1,3,0.6667,0.4
GP020571_frame_000213_noise3,5,1,0,4,1.0,0.2
GP020571_frame_000213_dark1,5,4,1,1,0.8,0.8
GP020571_frame_000213_dark2,5,3,0,2,1.0,0.6
GP020571_frame_000213_overexposure1,5,5,2,0,0.7143,1.0
GP020571_frame_000213_overexposure2,5,3,0,2,1.0,0.6
GP020571_frame_000233_ref,0,0,4,0,0.0,
GP020571_frame_000233_rain1,0,0,3,0,0.0,
GP020571_frame_000233_rain2,0,0,0,0,0.0,
GP020571_frame_000233_rain3,0,0,0,0,0.0,
GP020571_frame_000233_blur1,0,0,3,0,0.0,
GP020571_frame_000233_blur2,0,0,0,0,0.0,
GP020571_frame_000233_blur3,0,0,0,0,0.0,
GP020571_frame_000233_blur4,0,0,0,0,0.0,
GP020571_frame_000233_noise1,0,0,3,0,0.0,
GP020571_frame_000233_noise2,0,0,0,0,0.0,
GP020571_frame_000233_noise3,0,0,0,0,0.0,
GP020571_frame_000233_dark1,0,0,4,0,0.0,
GP020571_frame_000233_dark2,0,0,1,0,0.0,
GP020571_frame_000233_overexposure1,0,0,4,0,0.0,
GP020571_frame_000233_overexposure2,0,0,1,0,0.0,
GP020571_frame_000242_ref,2,2,3,0,0.4,1.0
GP020571_frame_000242_rain1,2,2,1,0,0.6667,1.0
GP020571_frame_000242_rain2,2,1,0,1,1.0,0.5
GP020571_frame_000242_rain3,2,0,0,2,0.0,0.0
GP020571_frame_000242_blur1,2,2,2,0,0.5,1.0
GP020571_frame_000242_blur2,2,2,2,0,0.5,1.0
GP020571_frame_000242_blur3,2,1,2,1,0.3333,0.5
GP020571_frame_000242_blur4,2,1,0,1,1.0,0.5
GP020571_frame_000242_noise1,2,2,3,0,0.4,1.0
GP020571_frame_000242_noise2,2,2,0,0,1.0,1.0
GP020571_frame_000242_noise3,2,0,0,2,0.0,0.0
GP020571_frame_000242_dark1,2,2,2,0,0.5,1.0
GP020571_frame_000242_dark2,2,2,0,0,1.0,1.0
GP020571_frame_000242_overexposure1,2,2,3,0,0.4,1.0
GP020571_frame_000242_overexposure2,2,2,3,0,0.4,1.0
GP020571_frame_000248_ref,3,3,5,0,0.375,1.0
GP020571_frame_000248_rain1,3,2,4,1,0.3333,0.6667
GP020571_frame_000248_rain2,3,0,0,3,0.0,0.0
GP020571_frame_000248_rain3,3,0,0,3,0.0,0.0
GP020571_frame_000248_blur1,3,3,5,0,0.375,1.0
GP020571_frame_000248_blur2,3,3,3,0,0.5,1.0
GP020571_frame_000248_blur3,3,3,2,0,0.6,1.0
GP020571_frame_000248_blur4,3,2,0,1,1.0,0.6667
GP020571_frame_000248_noise1,3,3,4,0,0.4286,1.0
GP020571_frame_000248_noise2,3,1,0,2,1.0,0.3333
GP020571_frame_000248_noise3,3,0,0,3,0.0,0.0
GP020571_frame_000248_dark1,3,2,5,1,0.2857,0.6667
GP020571_frame_000248_dark2,3,1,1,2,0.5,0.3333
GP020571_frame_000248_overexposure1,3,3,4,0,0.4286,1.0
GP020571_frame_000248_overexposure2,3,3,3,0,0.5,1.0
GP020573_frame_000001_ref,6,6,5,0,0.5455,1.0
GP020573_frame_000001_rain1,6,6,1,0,0.8571,1.0
GP020573_frame_000001_rain2,6,6,4,0,0.6,1.0
GP020573_frame_000001_rain3,6,2,0,4,1.0,0.3333
GP020573_frame_000001_blur1,6,6,2,0,0.75,1.0
GP020573_frame_000001_blur2,6,6,0,0,1.0,1.0
GP020573_frame_000001_blur3,6,6,2,0,0.75,1.0
GP020573_frame_000001_blur4,6,4,1,2,0.8,0.6667
GP020573_frame_000001_noise1,6,6,2,0,0.75,1.0
GP020573_frame_000001_noise2,6,6,1,0,0.8571,1.0
GP020573_frame_000001_noise3,6,4,0,2,1.0,0.6667
GP020573_frame_000001_dark1,6,6,2,0,0.75,1.0
GP020573_frame_000001_dark2,6,5,1,1,0.8333,0.8333
GP020573_frame_000001_overexposure1,6,6,3,0,0.6667,1.0
GP020573_frame_000001_overexposure2,6,6,4,0,0.6,1.0
GP020573_frame_000021_ref,0,0,1,0,0.0,
GP020573_frame_000021_rain1,0,0,2,0,0.0,
GP020573_frame_000021_rain2,0,0,0,0,0.0,
GP020573_frame_000021_rain3,0,0,0,0,0.0,
GP020573_frame_000021_blur1,0,0,1,0,0.0,
GP020573_frame_000021_blur2,0,0,1,0,0.0,
GP020573_frame_000021_blur3,0,0,0,0,0.0,
GP020573_frame_000021_blur4,0,0,0,0,0.0,
GP020573_frame_000021_noise1,0,0,0,0,0.0,
GP020573_frame_000021_noise2,0,0,0,0,0.0,
GP020573_frame_000021_noise3,0,0,0,0,0.0,
GP020573_frame_000021_dark1,0,0,1,0,0.0,
GP020573_frame_000021_dark2,0,0,0,0,0.0,
GP020573_frame_000021_overexposure1,0,0,1,0,0.0,
GP020573_frame_000021_overexposure2,0,0,1,0,0.0,
GP020573_frame_000027_ref,2,2,1,0,0.6667,1.0
GP020573_frame_000027_rain1,2,2,2,0,0.5,1.0
GP020573_frame_000027_rain2,2,1,0,1,1.0,0.5
GP020573_frame_000027_rain3,2,0,0,2,0.0,0.0
GP020573_frame_000027_blur1,2,2,0,0,1.0,1.0
GP020573_frame_000027_blur2,2,1,0,1,1.0,0.5
GP020573_frame_000027_blur3,2,0,0,2,0.0,0.0
GP020573_frame_000027_blur4,2,0,0,2,0.0,0.0
GP020573_frame_000027_noise1,2,1,0,1,1.0,0.5
GP020573_frame_000027_noise2,2,1,1,1,0.5,0.5
GP020573_frame_000027_noise3,2,0,0,2,0.0,0.0
GP020573_frame_000027_dark1,2,1,0,1,1.0,0.5
GP020573_frame_000027_dark2,2,1,0,1,1.0,0.5
GP020573_frame_000027_overexposure1,2,2,2,0,0.5,1.0
GP020573_frame_000027_overexposure2,2,2,2,0,0.5,1.0
GP020573_frame_000032_ref,3,2,4,1,0.3333,0.6667
GP020573_frame_000032_rain1,3,3,4,0,0.4286,1.0
GP020573_frame_000032_rain2,3,2,2,1,0.5,0.6667
GP020573_frame_000032_rain3,3,0,0,3,0.0,0.0
GP020573_frame_000032_blur1,3,2,4,1,0.3333,0.6667
GP020573_frame_000032_blur2,3,2,2,1,0.5,0.6667
GP020573_frame_000032_blur3,3,0,1,3,0.0,0.0
GP020573_frame_000032_blur4,3,0,0,3,0.0,0.0
GP020573_frame_000032_noise1,3,3,2,0,0.6,1.0
GP020573_frame_000032_noise2,3,1,3,2,0.25,0.3333
GP020573_frame_000032_noise3,3,0,0,3,0.0,0.0
GP020573_frame_000032_dark1,3,2,5,1,0.2857,0.6667
GP020573_frame_000032_dark2,3,2,2,1,0.5,0.6667
GP020573_frame_000032_overexposure1,3,3,4,0,0.4286,1.0
GP020573_frame_000032_overexposure2,3,1,1,2,0.5,0.3333
GP020573_frame_000038_ref,7,7,3,0,0.7,1.0
GP020573_frame_000038_rain1,7,6,4,1,0.6,0.8571
GP020573_frame_000038_rain2,7,3,2,4,0.6,0.4286
GP020573_frame_000038_rain3,7,3,0,4,1.0,0.4286
GP020573_frame_000038_blur1,7,6,3,1,0.6667,0.8571
GP020573_frame_000038_blur2,7,6,3,1,0.6667,0.8571
GP020573_frame_000038_blur3,7,3,0,4,1.0,0.4286
GP020573_frame_000038_blur4,7,1,0,6,1.0,0.1429
GP020573_frame_000038_noise1,7,7,4,0,0.6364,1.0
GP020573_frame_000038_noise2,7,4,2,3,0.6667,0.5714
GP020573_frame_000038_noise3,7,3,0,4,1.0,0.4286
GP020573_frame_000038_dark1,7,6,2,1,0.75,0.8571
GP020573_frame_000038_dark2,7,4,1,3,0.8,0.5714
GP020573_frame_000038_overexposure1,7,7,3,0,0.7,1.0
GP020573_frame_000038_overexposure2,7,7,7,0,0.5,1.0
GP020573_frame_000045_ref,7,6,2,1,0.75,0.8571
GP020573_frame_000045_rain1,7,5,2,2,0.7143,0.7143
GP020573_frame_000045_rain2,7,2,0,5,1.0,0.2857
GP020573_frame_000045_rain3,7,0,0,7,0.0,0.0
GP020573_frame_000045_blur1,7,6,2,1,0.75,0.8571
GP020573_frame_000045_blur2,7,2,0,5,1.0,0.2857
GP020573_frame_000045_blur3,7,0,0,7,0.0,0.0
GP020573_frame_000045_blur4,7,0,0,7,0.0,0.0
GP020573_frame_000045_noise1,7,4,4,3,0.5,0.5714
GP020573_frame_000045_noise2,7,1,0,6,1.0,0.1429
GP020573_frame_000045_noise3,7,0,0,7,0.0,0.0
GP020573_frame_000045_dark1,7,5,3,2,0.625,0.7143
GP020573_frame_000045_dark2,7,1,0,6,1.0,0.1429
GP020573_frame_000045_overexposure1,7,6,3,1,0.6667,0.8571
GP020573_frame_000045_overexposure2,7,5,2,2,0.7143,0.7143
GP020573_frame_000065_ref,6,6,4,0,0.6,1.0
GP020573_frame_000065_rain1,6,5,1,1,0.8333,0.8333
GP020573_frame_000065_rain2,6,1,0,5,1.0,0.1667
GP020573_frame_000065_rain3,6,0,0,6,0.0,0.0
GP020573_frame_000065_blur1,6,6,2,0,0.75,1.0
GP020573_frame_000065_blur2,6,4,0,2,1.0,0.6667
GP020573_frame_000065_blur3,6,0,0,6,0.0,0.0
GP020573_frame_000065_blur4,6,0,0,6,0.0,0.0
GP020573_frame_000065_noise1,6,5,4,1,0.5556,0.8333
GP020573_frame_000065_noise2,6,0,0,6,0.0,0.0
GP020573_frame_000065_noise3,6,0,0,6,0.0,0.0
GP020573_frame_000065_dark1,6,6,3,0,0.6667,1.0
GP020573_frame_000065_dark2,6,5,0,1,1.0,0.8333
GP020573_frame_000065_overexposure1,6,6,2,0,0.75,1.0
GP020573_frame_000065_overexposure2,6,6,3,0,0.6667,1.0
GP020573_frame_000117_ref,8,6,6,2,0.5,0.75
GP020573_frame_000117_rain1,8,6,4,2,0.6,0.75
GP020573_frame_000117_rain2,8,6,6,2,0.5,0.75
GP020573_frame_000117_rain3,8,2,0,6,1.0,0.25
GP020573_frame_000117_blur1,8,7,4,1,0.6364,0.875
GP020573_frame_000117_blur2,8,6,3,2,0.6667,0.75
GP020573_frame_000117_blur3,8,6,1,2,0.8571,0.75
GP020573_frame_000117_blur4,8,2,0,6,1.0,0.25
GP020573_frame_000117_noise1,8,6,5,2,0.5455,0.75
GP020573_frame_000117_noise2,8,6,4,2,0.6,0.75
GP020573_frame_000117_noise3,8,1,2,7,0.3333,0.125
GP020573_frame_000117_dark1,8,6,4,2,0.6,0.75
GP020573_frame_000117_dark2,8,6,3,2,0.6667,0.75
GP020573_frame_000117_overexposure1,8,6,6,2,0.5,0.75
GP020573_frame_000117_overexposure2,8,7,2,1,0.7778,0.875
GP020573_frame_000125_ref,9,7,10,2,0.4118,0.7778
GP020573_frame_000125_rain1,9,7,10,2,0.4118,0.7778
GP020573_frame_000125_rain2,9,4,6,5,0.4,0.4444
GP020573_frame_000125_rain3,9,2,0,7,1.0,0.2222
GP020573_frame_000125_blur1,9,6,6,3,0.5,0.6667
GP020573_frame_000125_blur2,9,4,3,5,0.5714,0.4444
GP020573_frame_000125_blur3,9,4,1,5,0.8,0.4444
GP020573_frame_000125_blur4,9,3,1,6,0.75,0.3333
GP020573_frame_000125_noise1,9,7,8,2,0.4667,0.7778
GP020573_frame_000125_noise2,9,6,5,3,0.5455,0.6667
GP020573_frame_000125_noise3,9,0,1,9,0.0,0.0
GP020573_frame_000125_dark1,9,6,8,3,0.4286,0.6667
GP020573_frame_000125_dark2,9,5,3,4,0.625,0.5556
GP020573_frame_000125_overexposure1,9,7,7,2,0.5,0.7778
GP020573_frame_000125_overexposure2,9,6,5,3,0.5455,0.6667
GP020573_frame_000133_ref,7,7,12,0,0.3684,1.0
GP020573_frame_000133_rain1,7,6,8,1,0.4286,0.8571
GP020573_frame_000133_rain2,7,4,4,3,0.5,0.5714
GP020573_frame_000133_rain3,7,2,1,5,0.6667,0.2857
GP020573_frame_000133_blur1,7,6,6,1,0.5,0.8571
GP020573_frame_000133_blur2,7,4,2,3,0.6667,0.5714
GP020573_frame_000133_blur3,7,3,0,4,1.0,0.4286
GP020573_frame_000133_blur4,7,1,0,6,1.0,0.1429
GP020573_frame_000133_noise1,7,7,15,0,0.3182,1.0
GP020573_frame_000133_noise2,7,7,5,0,0.5833,1.0
GP020573_frame_000133_noise3,7,1,0,6,1.0,0.1429
GP020573_frame_000133_dark1,7,7,11,0,0.3889,1.0
GP020573_frame_000133_dark2,7,5,5,2,0.5,0.7143
GP020573_frame_000133_overexposure1,7,7,9,0,0.4375,1.0
GP020573_frame_000133_overexposure2,7,7,13,0,0.35,1.0
GP020573_frame_000142_ref,9,9,6,0,0.6,1.0
GP020573_frame_000142_rain1,9,9,4,0,0.6923,1.0
GP020573_frame_000142_rain2,9,8,2,1,0.8,0.8889
GP020573_frame_000142_rain3,9,3,0,6,1.0,0.3333
GP020573_frame_000142_blur1,9,9,3,0,0.75,1.0
GP020573_frame_000142_blur2,9,8,1,1,0.8889,0.8889
GP020573_frame_000142_blur3,9,7,1,2,0.875,0.7778
GP020573_frame_000142_blur4,9,4,2,5,0.6667,0.4444
GP020573_frame_000142_noise1,9,8,5,1,0.6154,0.8889
GP020573_frame_000142_noise2,9,7,4,2,0.6364,0.7778
GP020573_frame_000142_noise3,9,5,1,4,0.8333,0.5556
GP020573_frame_000142_dark1,9,9,3,0,0.75,1.0
GP020573_frame_000142_dark2,9,8,2,1,0.8,0.8889
GP020573_frame_000142_overexposure1,9,9,5,0,0.6429,1.0
GP020573_frame_000142_overexposure2,9,9,7,0,0.5625,1.0
GP020573_frame_000149_ref,8,6,2,2,0.75,0.75
GP020573_frame_000149_rain1,8,5,1,3,0.8333,0.625
GP020573_frame_000149_rain2,8,2,2,6,0.5,0.25
GP020573_frame_000149_rain3,8,2,1,6,0.6667,0.25
GP020573_frame_000149_blur1,8,6,2,2,0.75,0.75
GP020573_frame_000149_blur2,8,5,2,3,0.7143,0.625
GP020573_frame_000149_blur3,8,5,2,3,0.7143,0.625
GP020573_frame_000149_blur4,8,2,0,6,1.0,0.25
GP020573_frame_000149_noise1,8,6,2,2,0.75,0.75
GP020573_frame_000149_noise2,8,6,3,2,0.6667,0.75
GP020573_frame_000149_noise3,8,3,1,5,0.75,0.375
GP020573_frame_000149_dark1,8,8,1,0,0.8889,1.0
GP020573_frame_000149_dark2,8,5,2,3,0.7143,0.625
GP020573_frame_000149_overexposure1,8,6,3,2,0.6667,0.75
GP020573_frame_000149_overexposure2,8,6,7,2,0.4615,0.75
GP020573_frame_000156_ref,4,4,4,0,0.5,1.0
GP020573_frame_000156_rain1,4,4,6,0,0.4,1.0
GP020573_frame_000156_rain2,4,3,2,1,0.6,0.75
GP020573_frame_000156_rain3,4,0,0,4,0.0,0.0
GP020573_frame_000156_blur1,4,4,4,0,0.5,1.0
GP020573_frame_000156_blur2,4,4,3,0,0.5714,1.0
GP020573_frame_000156_blur3,4,3,0,1,1.0,0.75
GP020573_frame_000156_blur4,4,2,0,2,1.0,0.5
GP020573_frame_000156_noise1,4,4,5,0,0.4444,1.0
GP020573_frame_000156_noise2,4,4,4,0,0.5,1.0
GP020573_frame_000156_noise3,4,1,0,3,1.0,0.25
GP020573_frame_000156_dark1,4,4,4,0,0.5,1.0
GP020573_frame_000156_dark2,4,4,2,0,0.6667,1.0
GP020573_frame_000156_overexposure1,4,4,4,0,0.5,1.0
GP020573_frame_000156_overexposure2,4,4,4,0,0.5,1.0
GP020573_frame_000171_ref,11,11,7,0,0.6111,1.0
GP020573_frame_000171_rain1,11,11,8,0,0.5789,1.0
GP020573_frame_000171_rain2,11,10,6,1,0.625,0.9091
GP020573_frame_000171_rain3,11,3,1,8,0.75,0.2727
GP020573_frame_000171_blur1,11,10,6,1,0.625,0.9091
GP020573_frame_000171_blur2,11,10,4,1,0.7143,0.9091
GP020573_frame_000171_blur3,11,10,1,1,0.9091,0.9091
GP020573_frame_000171_blur4,11,4,0,7,1.0,0.3636
GP020573_frame_000171_noise1,11,11,8,0,0.5789,1.0
GP020573_frame_000171_noise2,11,10,7,1,0.5882,0.9091
GP020573_frame_000171_noise3,11,6,2,5,0.75,0.5455
GP020573_frame_000171_dark1,11,11,8,0,0.5789,1.0
GP020573_frame_000171_dark2,11,10,7,1,0.5882,0.9091
GP020573_frame_000171_overexposure1,11,11,5,0,0.6875,1.0
GP020573_frame_000171_overexposure2,11,11,8,0,0.5789,1.0
GP020573_frame_000182_ref,15,15,3,0,0.8333,1.0
GP020573_frame_000182_rain1,15,14,3,1,0.8235,0.9333
GP020573_frame_000182_rain2,15,10,2,5,0.8333,0.6667
GP020573_frame_000182_rain3,15,4,3,11,0.5714,0.2667
GP020573_frame_000182_blur1,15,14,3,1,0.8235,0.9333
GP020573_frame_000182_blur2,15,10,5,5,0.6667,0.6667
GP020573_frame_000182_blur3,15,7,2,8,0.7778,0.4667
GP020573_frame_000182_blur4,15,3,2,12,0.6,0.2
GP020573_frame_000182_noise1,15,13,5,2,0.7222,0.8667
GP020573_frame_000182_noise2,15,11,2,4,0.8462,0.7333
GP020573_frame_000182_noise3,15,8,1,7,0.8889,0.5333
GP020573_frame_000182_dark1,15,13,7,2,0.65,0.8667
GP020573_frame_000182_dark2,15,12,6,3,0.6667,0.8
GP020573_frame_000182_overexposure1,15,13,4,2,0.7647,0.8667
GP020573_frame_000182_overexposure2,15,13,4,2,0.7647,0.8667
GP020573_frame_000202_ref,13,11,3,2,0.7857,0.8462
GP020573_frame_000202_rain1,13,10,0,3,1.0,0.7692
GP020573_frame_000202_rain2,13,9,3,4,0.75,0.6923
GP020573_frame_000202_rain3,13,6,4,7,0.6,0.4615
GP020573_frame_000202_blur1,13,10,1,3,0.9091,0.7692
GP020573_frame_000202_blur2,13,11,1,2,0.9167,0.8462
GP020573_frame_000202_blur3,13,9,3,4,0.75,0.6923
GP020573_frame_000202_blur4,13,4,1,9,0.8,0.3077
GP020573_frame_000202_noise1,13,10,6,3,0.625,0.7692
GP020573_frame_000202_noise2,13,8,3,5,0.7273,0.6154
GP020573_frame_000202_noise3,13,9,1,4,0.9,0.6923
GP020573_frame_000202_dark1,13,11,1,2,0.9167,0.8462
GP020573_frame_000202_dark2,13,10,5,3,0.6667,0.7692
GP020573_frame_000202_overexposure1,13,12,2,1,0.8571,0.9231
GP020573_frame_000202_overexposure2,13,10,1,3,0.9091,0.7692
GP020573_frame_000214_ref,15,12,9,3,0.5714,0.8
GP020573_frame_000214_rain1,15,10,8,5,0.5556,0.6667
GP020573_frame_000214_rain2,15,5,7,10,0.4167,0.3333
GP020573_frame_000214_rain3,15,2,2,13,0.5,0.1333
GP020573_frame_000214_blur1,15,12,12,3,0.5,0.8
GP020573_frame_000214_blur2,15,10,8,5,0.5556,0.6667
GP020573_frame_000214_blur3,15,6,3,9,0.6667,0.4
GP020573_frame_000214_blur4,15,3,2,12,0.6,0.2
GP020573_frame_000214_noise1,15,13,8,2,0.619,0.8667
GP020573_frame_000214_noise2,15,10,2,5,0.8333,0.6667
GP020573_frame_000214_noise3,15,4,0,11,1.0,0.2667
GP020573_frame_000214_dark1,15,11,8,4,0.5789,0.7333
GP020573_frame_000214_dark2,15,11,4,4,0.7333,0.7333
GP020573_frame_000214_overexposure1,15,12,8,3,0.6,0.8
GP020573_frame_000214_overexposure2,15,13,9,2,0.5909,0.8667
GP020573_frame_000222_ref,13,11,5,2,0.6875,0.8462
GP020573_frame_000222_rain1,13,12,4,1,0.75,0.9231
GP020573_frame_000222_rain2,13,8,3,5,0.7273,0.6154
GP020573_frame_000222_rain3,13,1,0,12,1.0,0.0769
GP020573_frame_000222_blur1,13,11,3,2,0.7857,0.8462
GP020573_frame_000222_blur2,13,11,2,2,0.8462,0.8462
GP020573_frame_000222_blur3,13,9,1,4,0.9,0.6923
GP020573_frame_000222_blur4,13,4,2,9,0.6667,0.3077
GP020573_frame_000222_noise1,13,12,5,1,0.7059,0.9231
GP020573_frame_000222_noise2,13,11,5,2,0.6875,0.8462
GP020573_frame_000222_noise3,13,7,2,6,0.7778,0.5385
GP020573_frame_000222_dark1,13,11,2,2,0.8462,0.8462
GP020573_frame_000222_dark2,13,10,4,3,0.7143,0.7692
GP020573_frame_000222_overexposure1,13,11,3,2,0.7857,0.8462
GP020573_frame_000222_overexposure2,13,11,1,2,0.9167,0.8462
GP020573_frame_000233_ref,16,14,5,2,0.7368,0.875
GP020573_frame_000233_rain1,16,14,5,2,0.7368,0.875
GP020573_frame_000233_rain2,16,7,2,9,0.7778,0.4375
GP020573_frame_000233_rain3,16,2,1,14,0.6667,0.125
GP020573_frame_000233_blur1,16,15,3,1,0.8333,0.9375
GP020573_frame_000233_blur2,16,12,2,4,0.8571,0.75
GP020573_frame_000233_blur3,16,9,0,7,1.0,0.5625
GP020573_frame_000233_blur4,16,6,0,10,1.0,0.375
GP020573_frame_000233_noise1,16,15,5,1,0.75,0.9375
GP020573_frame_000233_noise2,16,11,6,5,0.6471,0.6875
GP020573_frame_000233_noise3,16,4,0,12,1.0,0.25
GP020573_frame_000233_dark1,16,15,5,1,0.75,0.9375
GP020573_frame_000233_dark2,16,12,2,4,0.8571,0.75
GP020573_frame_000233_overexposure1,16,15,4,1,0.7895,0.9375
GP020573_frame_000233_overexposure2,16,11,7,5,0.6111,0.6875
GP020573_frame_000241_ref,13,12,5,1,0.7059,0.9231
GP020573_frame_000241_rain1,13,11,1,2,0.9167,0.8462
GP020573_frame_000241_rain2,13,10,0,3,1.0,0.7692
GP020573_frame_000241_rain3,13,2,0,11,1.0,0.1538
GP020573_frame_000241_blur1,13,11,2,2,0.8462,0.8462
GP020573_frame_000241_blur2,13,9,4,4,0.6923,0.6923
GP020573_frame_000241_blur3,13,5,3,8,0.625,0.3846
GP020573_frame_000241_blur4,13,3,1,10,0.75,0.2308
GP020573_frame_000241_noise1,13,11,1,2,0.9167,0.8462
GP020573_frame_000241_noise2,13,8,2,5,0.8,0.6154
GP020573_frame_000241_noise3,13,3,0,10,1.0,0.2308
GP020573_frame_000241_dark1,13,11,1,2,0.9167,0.8462
GP020573_frame_000241_dark2,13,6,2,7,0.75,0.4615
GP020573_frame_000241_overexposure1,13,12,5,1,0.7059,0.9231
GP020573_frame_000241_overexposure2,13,8,4,5,0.6667,0.6154
GP020573_frame_000252_ref,6,5,2,1,0.7143,0.8333
GP020573_frame_000252_rain1,6,4,1,2,0.8,0.6667
GP020573_frame_000252_rain2,6,2,4,4,0.3333,0.3333
GP020573_frame_000252_rain3,6,2,0,4,1.0,0.3333
GP020573_frame_000252_blur1,6,4,1,2,0.8,0.6667
GP020573_frame_000252_blur2,6,5,1,1,0.8333,0.8333
GP020573_frame_000252_blur3,6,5,0,1,1.0,0.8333
GP020573_frame_000252_blur4,6,4,2,2,0.6667,0.6667
GP020573_frame_000252_noise1,6,6,2,0,0.75,1.0
GP020573_frame_000252_noise2,6,6,1,0,0.8571,1.0
GP020573_frame_000252_noise3,6,3,1,3,0.75,0.5
GP020573_frame_000252_dark1,6,4,1,2,0.8,0.6667
GP020573_frame_000252_dark2,6,5,1,1,0.8333,0.8333
GP020573_frame_000252_overexposure1,6,5,2,1,0.7143,0.8333
GP020573_frame_000252_overexposure2,6,4,1,2,0.8,0.6667
GP020573_frame_000272_ref,12,12,18,0,0.4,1.0
GP020573_frame_000272_rain1,12,11,14,1,0.44,0.9167
GP020573_frame_000272_rain2,12,8,6,4,0.5714,0.6667
GP020573_frame_000272_rain3,12,0,0,12,0.0,0.0
GP020573_frame_000272_blur1,12,11,8,1,0.5789,0.9167
GP020573_frame_000272_blur2,12,9,4,3,0.6923,0.75
GP020573_frame_000272_blur3,12,5,0,7,1.0,0.4167
GP020573_frame_000272_blur4,12,0,0,12,0.0,0.0
GP020573_frame_000272_noise1,12,9,10,3,0.4737,0.75
GP020573_frame_000272_noise2,12,6,7,6,0.4615,0.5
GP020573_frame_000272_noise3,12,0,1,12,0.0,0.0
GP020573_frame_000272_dark1,12,11,10,1,0.5238,0.9167
GP020573_frame_000272_dark2,12,6,5,6,0.5455,0.5
GP020573_frame_000272_overexposure1,12,12,17,0,0.4138,1.0
GP020573_frame_000272_overexposure2,12,11,16,1,0.4074,0.9167
GP020573_frame_000280_ref,4,4,0,0,1.0,1.0
GP020573_frame_000280_rain1,4,4,0,0,1.0,1.0
GP020573_frame_000280_rain2,4,4,0,0,1.0,1.0
GP020573_frame_000280_rain3,4,1,0,3,1.0,0.25
GP020573_frame_000280_blur1,4,4,0,0,1.0,1.0
GP020573_frame_000280_blur2,4,4,1,0,0.8,1.0
GP020573_frame_000280_blur3,4,3,1,1,0.75,0.75
GP020573_frame_000280_blur4,4,1,1,3,0.5,0.25
GP020573_frame_000280_noise1,4,4,0,0,1.0,1.0
GP020573_frame_000280_noise2,4,4,0,0,1.0,1.0
GP020573_frame_000280_noise3,4,3,0,1,1.0,0.75
GP020573_frame_000280_dark1,4,4,0,0,1.0,1.0
GP020573_frame_000280_dark2,4,4,0,0,1.0,1.0
GP020573_frame_000280_overexposure1,4,4,0,0,1.0,1.0
GP020573_frame_000280_overexposure2,4,4,0,0,1.0,1.0
GP020573_frame_000348_ref,12,12,9,0,0.5714,1.0
GP020573_frame_000348_rain1,12,12,11,0,0.5217,1.0
GP020573_frame_000348_rain2,12,12,8,0,0.6,1.0
GP020573_frame_000348_rain3,12,5,0,7,1.0,0.4167
GP020573_frame_000348_blur1,12,12,11,0,0.5217,1.0
GP020573_frame_000348_blur2,12,12,4,0,0.75,1.0
GP020573_frame_000348_blur3,12,12,4,0,0.75,1.0
GP020573_frame_000348_blur4,12,5,2,7,0.7143,0.4167
GP020573_frame_000348_noise1,12,12,10,0,0.5455,1.0
GP020573_frame_000348_noise2,12,11,11,1,0.5,0.9167
GP020573_frame_000348_noise3,12,9,3,3,0.75,0.75
GP020573_frame_000348_dark1,12,12,10,0,0.5455,1.0
GP020573_frame_000348_dark2,12,12,9,0,0.5714,1.0
GP020573_frame_000348_overexposure1,12,12,9,0,0.5714,1.0
GP020573_frame_000348_overexposure2,12,12,10,0,0.5455,1.0
GP020573_frame_000353_ref,10,9,18,1,0.3333,0.9
GP020573_frame_000353_rain1,10,8,16,2,0.3333,0.8
GP020573_frame_000353_rain2,10,3,5,7,0.375,0.3
GP020573_frame_000353_rain3,10,1,0,9,1.0,0.1
GP020573_frame_000353_blur1,10,7,11,3,0.3889,0.7
GP020573_frame_000353_blur2,10,5,7,5,0.4167,0.5
GP020573_frame_000353_blur3,10,3,1,7,0.75,0.3
GP020573_frame_000353_blur4,10,2,3,8,0.4,0.2
GP020573_frame_000353_noise1,10,9,16,1,0.36,0.9
GP020573_frame_000353_noise2,10,3,1,7,0.75,0.3
GP020573_frame_000353_noise3,10,1,0,9,1.0,0.1
GP020573_frame_000353_dark1,10,9,15,1,0.375,0.9
GP020573_frame_000353_dark2,10,4,5,6,0.4444,0.4
GP020573_frame_000353_overexposure1,10,9,13,1,0.4091,0.9
GP020573_frame_000353_overexposure2,10,7,16,3,0.3043,0.7
GP020573_frame_000359_ref,16,15,13,1,0.5357,0.9375
GP020573_frame_000359_rain1,16,15,8,1,0.6522,0.9375
GP020573_frame_000359_rain2,16,12,4,4,0.75,0.75
GP020573_frame_000359_rain3,16,6,2,10,0.75,0.375
GP020573_frame_000359_blur1,16,15,9,1,0.625,0.9375
GP020573_frame_000359_blur2,16,15,6,1,0.7143,0.9375
GP020573_frame_000359_blur3,16,12,3,4,0.8,0.75
GP020573_frame_000359_blur4,16,6,0,10,1.0,0.375
GP020573_frame_000359_noise1,16,16,10,0,0.6154,1.0
GP020573_frame_000359_noise2,16,13,4,3,0.7647,0.8125
GP020573_frame_000359_noise3,16,6,2,10,0.75,0.375
GP020573_frame_000359_dark1,16,15,11,1,0.5769,0.9375
GP020573_frame_000359_dark2,16,13,5,3,0.7222,0.8125
GP020573_frame_000359_overexposure1,16,15,11,1,0.5769,0.9375
GP020573_frame_000359_overexposure2,16,16,10,0,0.6154,1.0
GP020573_frame_000367_ref,8,7,7,1,0.5,0.875
GP020573_frame_000367_rain1,8,6,5,2,0.5455,0.75
GP020573_frame_000367_rain2,8,3,1,5,0.75,0.375
GP020573_frame_000367_rain3,8,0,0,8,0.0,0.0
GP020573_frame_000367_blur1,8,6,5,2,0.5455,0.75
GP020573_frame_000367_blur2,8,6,3,2,0.6667,0.75
GP020573_frame_000367_blur3,8,3,1,5,0.75,0.375
GP020573_frame_000367_blur4,8,2,1,6,0.6667,0.25
GP020573_frame_000367_noise1,8,6,5,2,0.5455,0.75
GP020573_frame_000367_noise2,8,5,1,3,0.8333,0.625
GP020573_frame_000367_noise3,8,2,2,6,0.5,0.25
GP020573_frame_000367_dark1,8,6,6,2,0.5,0.75
GP020573_frame_000367_dark2,8,4,1,4,0.8,0.5
GP020573_frame_000367_overexposure1,8,8,7,0,0.5333,1.0
GP020573_frame_000367_overexposure2,8,7,8,1,0.4667,0.875
GP020573_frame_000375_ref,11,10,8,1,0.5556,0.9091
GP020573_frame_000375_rain1,11,9,5,2,0.6429,0.8182
GP020573_frame_000375_rain2,11,7,4,4,0.6364,0.6364
GP020573_frame_000375_rain3,11,1,1,10,0.5,0.0909
GP020573_frame_000375_blur1,11,9,2,2,0.8182,0.8182
GP020573_frame_000375_blur2,11,6,2,5,0.75,0.5455
GP020573_frame_000375_blur3,11,4,0,7,1.0,0.3636
GP020573_frame_000375_blur4,11,2,0,9,1.0,0.1818
GP020573_frame_000375_noise1,11,11,5,0,0.6875,1.0
GP020573_frame_000375_noise2,11,7,2,4,0.7778,0.6364
GP020573_frame_000375_noise3,11,4,0,7,1.0,0.3636
GP020573_frame_000375_dark1,11,10,4,1,0.7143,0.9091
GP020573_frame_000375_dark2,11,7,3,4,0.7,0.6364
GP020573_frame_000375_overexposure1,11,10,9,1,0.5263,0.9091
GP020573_frame_000375_overexposure2,11,10,9,1,0.5263,0.9091
GP020573_frame_000381_ref,9,9,19,0,0.3214,1.0
GP020573_frame_000381_rain1,9,9,15,0,0.375,1.0
GP020573_frame_000381_rain2,9,8,5,1,0.6154,0.8889
GP020573_frame_000381_rain3,9,1,0,8,1.0,0.1111
GP020573_frame_000381_blur1,9,8,11,1,0.4211,0.8889
GP020573_frame_000381_blur2,9,8,4,1,0.6667,0.8889
GP020573_frame_000381_blur3,9,4,3,5,0.5714,0.4444
GP020573_frame_000381_blur4,9,2,1,7,0.6667,0.2222
GP020573_frame_000381_noise1,9,9,11,0,0.45,1.0
GP020573_frame_000381_noise2,9,5,2,4,0.7143,0.5556
GP020573_frame_000381_noise3,9,3,0,6,1.0,0.3333
GP020573_frame_000381_dark1,9,9,11,0,0.45,1.0
GP020573_frame_000381_dark2,9,6,3,3,0.6667,0.6667
GP020573_frame_000381_overexposure1,9,9,17,0,0.3462,1.0
GP020573_frame_000381_overexposure2,9,9,15,0,0.375,1.0
GP020573_frame_000387_ref,18,18,3,0,0.8571,1.0
GP020573_frame_000387_rain1,18,18,6,0,0.75,1.0
GP020573_frame_000387_rain2,18,13,2,5,0.8667,0.7222
GP020573_frame_000387_rain3,18,7,2,11,0.7778,0.3889
GP020573_frame_000387_blur1,18,18,2,0,0.9,1.0
GP020573_frame_000387_blur2,18,16,1,2,0.9412,0.8889
GP020573_frame_000387_blur3,18,11,3,7,0.7857,0.6111
GP020573_frame_000387_blur4,18,3,4,15,0.4286,0.1667
GP020573_frame_000387_noise1,18,17,4,1,0.8095,0.9444
GP020573_frame_000387_noise2,18,12,4,6,0.75,0.6667
GP020573_frame_000387_noise3,18,9,2,9,0.8182,0.5
GP020573_frame_000387_dark1,18,16,3,2,0.8421,0.8889
GP020573_frame_000387_dark2,18,13,3,5,0.8125,0.7222
GP020573_frame_000387_overexposure1,18,18,4,0,0.8182,1.0
GP020573_frame_000387_overexposure2,18,17,6,1,0.7391,0.9444
GP020573_frame_000393_ref,10,8,11,2,0.4211,0.8
GP020573_frame_000393_rain1,10,8,9,2,0.4706,0.8
GP020573_frame_000393_rain2,10,2,2,8,0.5,0.2
GP020573_frame_000393_rain3,10,1,0,9,1.0,0.1
GP020573_frame_000393_blur1,10,8,7,2,0.5333,0.8
GP020573_frame_000393_blur2,10,4,3,6,0.5714,0.4
GP020573_frame_000393_blur3,10,2,0,8,1.0,0.2
GP020573_frame_000393_blur4,10,1,1,9,0.5,0.1
GP020573_frame_000393_noise1,10,9,7,1,0.5625,0.9
GP020573_frame_000393_noise2,10,3,1,7,0.75,0.3
GP020573_frame_000393_noise3,10,1,0,9,1.0,0.1
GP020573_frame_000393_dark1,10,7,12,3,0.3684,0.7
GP020573_frame_000393_dark2,10,4,3,6,0.5714,0.4
GP020573_frame_000393_overexposure1,10,8,11,2,0.4211,0.8
GP020573_frame_000393_overexposure2,10,8,11,2,0.4211,0.8
GP020573_frame_000399_ref,14,13,12,1,0.52,0.9286
GP020573_frame_000399_rain1,14,12,11,2,0.5217,0.8571
GP020573_frame_000399_rain2,14,5,4,9,0.5556,0.3571
GP020573_frame_000399_rain3,14,3,1,11,0.75,0.2143
GP020573_frame_000399_blur1,14,11,9,3,0.55,0.7857
GP020573_frame_000399_blur2,14,10,6,4,0.625,0.7143
GP020573_frame_000399_blur3,14,6,4,8,0.6,0.4286
GP020573_frame_000399_blur4,14,2,0,12,1.0,0.1429
GP020573_frame_000399_noise1,14,13,5,1,0.7222,0.9286
GP020573_frame_000399_noise2,14,8,1,6,0.8889,0.5714
GP020573_frame_000399_noise3,14,3,0,11,1.0,0.2143
GP020573_frame_000399_dark1,14,13,10,1,0.5652,0.9286
GP020573_frame_000399_dark2,14,8,3,6,0.7273,0.5714
GP020573_frame_000399_overexposure1,14,13,11,1,0.5417,0.9286
GP020573_frame_000399_overexposure2,14,13,12,1,0.52,0.9286
GP020573_frame_000404_ref,10,8,8,2,0.5,0.8
GP020573_frame_000404_rain1,10,6,4,4,0.6,0.6
GP020573_frame_000404_rain2,10,4,1,6,0.8,0.4
GP020573_frame_000404_rain3,10,1,2,9,0.3333,0.1
GP020573_frame_000404_blur1,10,7,4,3,0.6364,0.7
GP020573_frame_000404_blur2,10,7,3,3,0.7,0.7
GP020573_frame_000404_blur3,10,4,1,6,0.8,0.4
GP020573_frame_000404_blur4,10,2,0,8,1.0,0.2
GP020573_frame_000404_noise1,10,7,5,3,0.5833,0.7
GP020573_frame_000404_noise2,10,4,1,6,0.8,0.4
GP020573_frame_000404_noise3,10,2,0,8,1.0,0.2
GP020573_frame_000404_dark1,10,7,5,3,0.5833,0.7
GP020573_frame_000404_dark2,10,4,3,6,0.5714,0.4
GP020573_frame_000404_overexposure1,10,8,7,2,0.5333,0.8
GP020573_frame_000404_overexposure2,10,7,6,3,0.5385,0.7
GP020573_frame_000424_ref,12,9,2,3,0.8182,0.75
GP020573_frame_000424_rain1,12,9,2,3,0.8182,0.75
GP020573_frame_000424_rain2,12,7,2,5,0.7778,0.5833
GP020573_frame_000424_rain3,12,0,0,12,0.0,0.0
GP020573_frame_000424_blur1,12,9,3,3,0.75,0.75
GP020573_frame_000424_blur2,12,8,4,4,0.6667,0.6667
GP020573_frame_000424_blur3,12,7,1,5,0.875,0.5833
GP020573_frame_000424_blur4,12,4,0,8,1.0,0.3333
GP020573_frame_000424_noise1,12,9,4,3,0.6923,0.75
GP020573_frame_000424_noise2,12,6,0,6,1.0,0.5
GP020573_frame_000424_noise3,12,1,1,11,0.5,0.0833
GP020573_frame_000424_dark1,12,9,3,3,0.75,0.75
GP020573_frame_000424_dark2,12,4,1,8,0.8,0.3333
GP020573_frame_000424_overexposure1,12,10,4,2,0.7143,0.8333
GP020573_frame_000424_overexposure2,12,10,4,2,0.7143,0.8333
GP020573_frame_000444_ref,9,8,7,1,0.5333,0.8889
GP020573_frame_000444_rain1,9,8,4,1,0.6667,0.8889
GP020573_frame_000444_rain2,9,7,3,2,0.7,0.7778
GP020573_frame_000444_rain3,9,0,1,9,0.0,0.0
GP020573_frame_000444_blur1,9,8,7,1,0.5333,0.8889
GP020573_frame_000444_blur2,9,9,3,0,0.75,1.0
GP020573_frame_000444_blur3,9,7,1,2,0.875,0.7778
GP020573_frame_000444_blur4,9,3,0,6,1.0,0.3333
GP020573_frame_000444_noise1,9,8,3,1,0.7273,0.8889
GP020573_frame_000444_noise2,9,6,2,3,0.75,0.6667
GP020573_frame_000444_noise3,9,1,0,8,1.0,0.1111
GP020573_frame_000444_dark1,9,7,8,2,0.4667,0.7778
GP020573_frame_000444_dark2,9,6,1,3,0.8571,0.6667
GP020573_frame_000444_overexposure1,9,8,7,1,0.5333,0.8889
GP020573_frame_000444_overexposure2,9,8,6,1,0.5714,0.8889
GP020573_frame_000464_ref,9,8,7,1,0.5333,0.8889
GP020573_frame_000464_rain1,9,8,7,1,0.5333,0.8889
GP020573_frame_000464_rain2,9,6,1,3,0.8571,0.6667
GP020573_frame_000464_rain3,9,0,0,9,0.0,0.0
GP020573_frame_000464_blur1,9,8,7,1,0.5333,0.8889
GP020573_frame_000464_blur2,9,9,3,0,0.75,1.0
GP020573_frame_000464_blur3,9,7,1,2,0.875,0.7778
GP020573_frame_000464_blur4,9,3,0,6,1.0,0.3333
GP020573_frame_000464_noise1,9,7,5,2,0.5833,0.7778
GP020573_frame_000464_noise2,9,6,1,3,0.8571,0.6667
GP020573_frame_000464_noise3,9,1,1,8,0.5,0.1111
GP020573_frame_000464_dark1,9,8,8,1,0.5,0.8889
GP020573_frame_000464_dark2,9,6,1,3,0.8571,0.6667
GP020573_frame_000464_overexposure1,9,8,7,1,0.5333,0.8889
GP020573_frame_000464_overexposure2,9,8,6,1,0.5714,0.8889
GP020573_frame_000497_ref,8,8,2,0,0.8,1.0
GP020573_frame_000497_rain1,8,8,2,0,0.8,1.0
GP020573_frame_000497_rain2,8,7,2,1,0.7778,0.875
GP020573_frame_000497_rain3,8,0,0,8,0.0,0.0
GP020573_frame_000497_blur1,8,8,1,0,0.8889,1.0
GP020573_frame_000497_blur2,8,8,1,0,0.8889,1.0
GP020573_frame_000497_blur3,8,8,1,0,0.8889,1.0
GP020573_frame_000497_blur4,8,4,0,4,1.0,0.5
GP020573_frame_000497_noise1,8,8,1,0,0.8889,1.0
GP020573_frame_000497_noise2,8,7,3,1,0.7,0.875
GP020573_frame_000497_noise3,8,2,0,6,1.0,0.25
GP020573_frame_000497_dark1,8,8,1,0,0.8889,1.0
GP020573_frame_000497_dark2,8,4,2,4,0.6667,0.5
GP020573_frame_000497_overexposure1,8,8,3,0,0.7273,1.0
GP020573_frame_000497_overexposure2,8,8,3,0,0.7273,1.0
GP020573_frame_000505_ref,12,12,9,0,0.5714,1.0
GP020573_frame_000505_rain1,12,12,11,0,0.5217,1.0
GP020573_frame_000505_rain2,12,6,2,6,0.75,0.5
GP020573_frame_000505_rain3,12,0,0,12,0.0,0.0
GP020573_frame_000505_blur1,12,11,7,1,0.6111,0.9167
GP020573_frame_000505_blur2,12,9,7,3,0.5625,0.75
GP020573_frame_000505_blur3,12,4,5,8,0.4444,0.3333
GP020573_frame_000505_blur4,12,0,0,12,0.0,0.0
GP020573_frame_000505_noise1,12,10,7,2,0.5882,0.8333
GP020573_frame_000505_noise2,12,4,1,8,0.8,0.3333
GP020573_frame_000505_noise3,12,0,0,12,0.0,0.0
GP020573_frame_000505_dark1,12,10,9,2,0.5263,0.8333
GP020573_frame_000505_dark2,12,2,1,10,0.6667,0.1667
GP020573_frame_000505_overexposure1,12,12,10,0,0.5455,1.0
GP020573_frame_000505_overexposure2,12,12,10,0,0.5455,1.0
GP020573_frame_000511_ref,3,2,9,1,0.1818,0.6667
GP020573_frame_000511_rain1,3,2,6,1,0.25,0.6667
GP020573_frame_000511_rain2,3,2,5,1,0.2857,0.6667
GP020573_frame_000511_rain3,3,0,0,3,0.0,0.0
GP020573_frame_000511_blur1,3,1,4,2,0.2,0.3333
GP020573_frame_000511_blur2,3,1,4,2,0.2,0.3333
GP020573_frame_000511_blur3,3,0,0,3,0.0,0.0
GP020573_frame_000511_blur4,3,0,0,3,0.0,0.0
GP020573_frame_000511_noise1,3,2,6,1,0.25,0.6667
GP020573_frame_000511_noise2,3,2,2,1,0.5,0.6667
GP020573_frame_000511_noise3,3,0,0,3,0.0,0.0
GP020573_frame_000511_dark1,3,2,6,1,0.25,0.6667
GP020573_frame_000511_dark2,3,3,4,0,0.4286,1.0
GP020573_frame_000511_overexposure1,3,2,7,1,0.2222,0.6667
GP020573_frame_000511_overexposure2,3,2,5,1,0.2857,0.6667
GP020573_frame_000529_ref,14,14,13,0,0.5185,1.0
GP020573_frame_000529_rain1,14,13,12,1,0.52,0.9286
GP020573_frame_000529_rain2,14,10,9,4,0.5263,0.7143
GP020573_frame_000529_rain3,14,0,0,14,0.0,0.0
GP020573_frame_000529_blur1,14,14,8,0,0.6364,1.0
GP020573_frame_000529_blur2,14,13,6,1,0.6842,0.9286
GP020573_frame_000529_blur3,14,11,3,3,0.7857,0.7857
GP020573_frame_000529_blur4,14,2,1,12,0.6667,0.1429
GP020573_frame_000529_noise1,14,14,8,0,0.6364,1.0
GP020573_frame_000529_noise2,14,9,3,5,0.75,0.6429
GP020573_frame_000529_noise3,14,3,1,11,0.75,0.2143
GP020573_frame_000529_dark1,14,14,11,0,0.56,1.0
GP020573_frame_000529_dark2,14,11,2,3,0.8462,0.7857
GP020573_frame_000529_overexposure1,14,14,12,0,0.5385,1.0
GP020573_frame_000529_overexposure2,14,14,11,0,0.56,1.0
GP020573_frame_000549_ref,12,11,11,1,0.5,0.9167
GP020573_frame_000549_rain1,12,10,7,2,0.5882,0.8333
GP020573_frame_000549_rain2,12,7,1,5,0.875,0.5833
GP020573_frame_000549_rain3,12,1,0,11,1.0,0.0833
GP020573_frame_000549_blur1,12,9,7,3,0.5625,0.75
GP020573_frame_000549_blur2,12,8,5,4,0.6154,0.6667
GP020573_frame_000549_blur3,12,8,2,4,0.8,0.6667
GP020573_frame_000549_blur4,12,3,0,9,1.0,0.25
GP020573_frame_000549_noise1,12,9,6,3,0.6,0.75
GP020573_frame_000549_noise2,12,7,2,5,0.7778,0.5833
GP020573_frame_000549_noise3,12,2,1,10,0.6667,0.1667
GP020573_frame_000549_dark1,12,9,4,3,0.6923,0.75
GP020573_frame_000549_dark2,12,4,1,8,0.8,0.3333
GP020573_frame_000549_overexposure1,12,11,12,1,0.4783,0.9167
GP020573_frame_000549_overexposure2,12,10,13,2,0.4348,0.8333
GP020573_frame_000561_ref,12,12,12,0,0.5,1.0
GP020573_frame_000561_rain1,12,12,7,0,0.6316,1.0
GP020573_frame_000561_rain2,12,9,5,3,0.6429,0.75
GP020573_frame_000561_rain3,12,6,2,6,0.75,0.5
GP020573_frame_000561_blur1,12,12,8,0,0.6,1.0
GP020573_frame_000561_blur2,12,11,6,1,0.6471,0.9167
GP020573_frame_000561_blur3,12,4,1,8,0.8,0.3333
GP020573_frame_000561_blur4,12,1,0,11,1.0,0.0833
GP020573_frame_000561_noise1,12,11,13,1,0.4583,0.9167
GP020573_frame_000561_noise2,12,7,5,5,0.5833,0.5833
GP020573_frame_000561_noise3,12,5,1,7,0.8333,0.4167
GP020573_frame_000561_dark1,12,12,9,0,0.5714,1.0
GP020573_frame_000561_dark2,12,8,5,4,0.6154,0.6667
GP020573_frame_000561_overexposure1,12,11,11,1,0.5,0.9167
GP020573_frame_000561_overexposure2,12,11,12,1,0.4783,0.9167
GP020573_frame_000568_ref,6,6,8,0,0.4286,1.0
GP020573_frame_000568_rain1,6,6,8,0,0.4286,1.0
GP020573_frame_000568_rain2,6,4,1,2,0.8,0.6667
GP020573_frame_000568_rain3,6,1,0,5,1.0,0.1667
GP020573_frame_000568_blur1,6,6,5,0,0.5455,1.0
GP020573_frame_000568_blur2,6,6,2,0,0.75,1.0
GP020573_frame_000568_blur3,6,2,1,4,0.6667,0.3333
GP020573_frame_000568_blur4,6,1,1,5,0.5,0.1667
GP020573_frame_000568_noise1,6,5,4,1,0.5556,0.8333
GP020573_frame_000568_noise2,6,4,1,2,0.8,0.6667
GP020573_frame_000568_noise3,6,1,0,5,1.0,0.1667
GP020573_frame_000568_dark1,6,5,5,1,0.5,0.8333
GP020573_frame_000568_dark2,6,5,0,1,1.0,0.8333
GP020573_frame_000568_overexposure1,6,5,6,1,0.4545,0.8333
GP020573_frame_000568_overexposure2,6,4,4,2,0.5,0.6667
GP020573_frame_000576_ref,13,8,4,5,0.6667,0.6154
GP020573_frame_000576_rain1,13,9,1,4,0.9,0.6923
GP020573_frame_000576_rain2,13,6,1,7,0.8571,0.4615
GP020573_frame_000576_rain3,13,3,1,10,0.75,0.2308
GP020573_frame_000576_blur1,13,8,2,5,0.8,0.6154
GP020573_frame_000576_blur2,13,6,2,7,0.75,0.4615
GP020573_frame_000576_blur3,13,5,2,8,0.7143,0.3846
GP020573_frame_000576_blur4,13,3,0,10,1.0,0.2308
GP020573_frame_000576_noise1,13,10,1,3,0.9091,0.7692
GP020573_frame_000576_noise2,13,6,2,7,0.75,0.4615
GP020573_frame_000576_noise3,13,2,4,11,0.3333,0.1538
GP020573_frame_000576_dark1,13,9,1,4,0.9,0.6923
GP020573_frame_000576_dark2,13,5,2,8,0.7143,0.3846
GP020573_frame_000576_overexposure1,13,9,1,4,0.9,0.6923
GP020573_frame_000576_overexposure2,13,7,3,6,0.7,0.5385
GP020573_frame_000596_ref,4,3,2,1,0.6,0.75
GP020573_frame_000596_rain1,4,4,0,0,1.0,1.0
GP020573_frame_000596_rain2,4,3,0,1,1.0,0.75
GP020573_frame_000596_rain3,4,2,0,2,1.0,0.5
GP020573_frame_000596_blur1,4,4,1,0,0.8,1.0
GP020573_frame_000596_blur2,4,3,1,1,0.75,0.75
GP020573_frame_000596_blur3,4,3,0,1,1.0,0.75
GP020573_frame_000596_blur4,4,2,1,2,0.6667,0.5
GP020573_frame_000596_noise1,4,3,1,1,0.75,0.75
GP020573_frame_000596_noise2,4,3,0,1,1.0,0.75
GP020573_frame_000596_noise3,4,2,0,2,1.0,0.5
GP020573_frame_000596_dark1,4,3,0,1,1.0,0.75
GP020573_frame_000596_dark2,4,3,0,1,1.0,0.75
GP020573_frame_000596_overexposure1,4,4,2,0,0.6667,1.0
GP020573_frame_000596_overexposure2,4,3,2,1,0.6,0.75
GP020573_frame_000613_ref,7,6,4,1,0.6,0.8571
GP020573_frame_000613_rain1,7,6,3,1,0.6667,0.8571
GP020573_frame_000613_rain2,7,5,2,2,0.7143,0.7143
GP020573_frame_000613_rain3,7,2,0,5,1.0,0.2857
GP020573_frame_000613_blur1,7,6,2,1,0.75,0.8571
GP020573_frame_000613_blur2,7,6,2,1,0.75,0.8571
GP020573_frame_000613_blur3,7,5,2,2,0.7143,0.7143
GP020573_frame_000613_blur4,7,4,0,3,1.0,0.5714
GP020573_frame_000613_noise1,7,6,3,1,0.6667,0.8571
GP020573_frame_000613_noise2,7,5,2,2,0.7143,0.7143
GP020573_frame_000613_noise3,7,4,0,3,1.0,0.5714
GP020573_frame_000613_dark1,7,6,4,1,0.6,0.8571
GP020573_frame_000613_dark2,7,5,2,2,0.7143,0.7143
GP020573_frame_000613_overexposure1,7,6,2,1,0.75,0.8571
GP020573_frame_000613_overexposure2,7,6,4,1,0.6,0.8571
GP020573_frame_000620_ref,6,6,12,0,0.3333,1.0
GP020573_frame_000620_rain1,6,3,6,3,0.3333,0.5
GP020573_frame_000620_rain2,6,0,1,6,0.0,0.0
GP020573_frame_000620_rain3,6,0,0,6,0.0,0.0
GP020573_frame_000620_blur1,6,4,8,2,0.3333,0.6667
GP020573_frame_000620_blur2,6,1,0,5,1.0,0.1667
GP020573_frame_000620_blur3,6,0,0,6,0.0,0.0
GP020573_frame_000620_blur4,6,0,0,6,0.0,0.0
GP020573_frame_000620_noise1,6,2,8,4,0.2,0.3333
GP020573_frame_000620_noise2,6,0,0,6,0.0,0.0
GP020573_frame_000620_noise3,6,0,0,6,0.0,0.0
GP020573_frame_000620_dark1,6,2,8,4,0.2,0.3333
GP020573_frame_000620_dark2,6,0,0,6,0.0,0.0
GP020573_frame_000620_overexposure1,6,5,11,1,0.3125,0.8333
GP020573_frame_000620_overexposure2,6,5,11,1,0.3125,0.8333
GP020573_frame_000627_ref,5,4,13,1,0.2353,0.8
GP020573_frame_000627_rain1,5,4,8,1,0.3333,0.8
GP020573_frame_000627_rain2,5,4,5,1,0.4444,0.8
GP020573_frame_000627_rain3,5,1,0,4,1.0,0.2
GP020573_frame_000627_blur1,5,3,5,2,0.375,0.6
GP020573_frame_000627_blur2,5,4,4,1,0.5,0.8
GP020573_frame_000627_blur3,5,1,2,4,0.3333,0.2
GP020573_frame_000627_blur4,5,0,0,5,0.0,0.0
GP020573_frame_000627_noise1,5,4,11,1,0.2667,0.8
GP020573_frame_000627_noise2,5,4,5,1,0.4444,0.8
GP020573_frame_000627_noise3,5,1,0,4,1.0,0.2
GP020573_frame_000627_dark1,5,4,9,1,0.3077,0.8
GP020573_frame_000627_dark2,5,4,3,1,0.5714,0.8
GP020573_frame_000627_overexposure1,5,4,9,1,0.3077,0.8
GP020573_frame_000627_overexposure2,5,3,8,2,0.2727,0.6
GP020573_frame_000635_ref,8,7,2,1,0.7778,0.875
GP020573_frame_000635_rain1,8,7,2,1,0.7778,0.875
GP020573_frame_000635_rain2,8,7,1,1,0.875,0.875
GP020573_frame_000635_rain3,8,5,2,3,0.7143,0.625
GP020573_frame_000635_blur1,8,7,1,1,0.875,0.875
GP020573_frame_000635_blur2,8,6,4,2,0.6,0.75
GP020573_frame_000635_blur3,8,6,1,2,0.8571,0.75
GP020573_frame_000635_blur4,8,3,2,5,0.6,0.375
GP020573_frame_000635_noise1,8,7,2,1,0.7778,0.875
GP020573_frame_000635_noise2,8,7,0,1,1.0,0.875
GP020573_frame_000635_noise3,8,7,1,1,0.875,0.875
GP020573_frame_000635_dark1,8,7,3,1,0.7,0.875
GP020573_frame_000635_dark2,8,7,3,1,0.7,0.875
GP020573_frame_000635_overexposure1,8,7,3,1,0.7,0.875
GP020573_frame_000635_overexposure2,8,6,3,2,0.6667,0.75
GP020573_frame_000655_ref,5,5,11,0,0.3125,1.0
GP020573_frame_000655_rain1,5,5,7,0,0.4167,1.0
GP020573_frame_000655_rain2,5,5,4,0,0.5556,1.0
GP020573_frame_000655_rain3,5,2,0,3,1.0,0.4
GP020573_frame_000655_blur1,5,5,6,0,0.4545,1.0
GP020573_frame_000655_blur2,5,5,6,0,0.4545,1.0
GP020573_frame_000655_blur3,5,2,1,3,0.6667,0.4
GP020573_frame_000655_blur4,5,2,1,3,0.6667,0.4
GP020573_frame_000655_noise1,5,4,10,1,0.2857,0.8
GP020573_frame_000655_noise2,5,3,2,2,0.6,0.6
GP020573_frame_000655_noise3,5,4,0,1,1.0,0.8
GP020573_frame_000655_dark1,5,4,9,1,0.3077,0.8
GP020573_frame_000655_dark2,5,4,3,1,0.5714,0.8
GP020573_frame_000655_overexposure1,5,5,13,0,0.2778,1.0
GP020573_frame_000655_overexposure2,5,3,13,2,0.1875,0.6
GP020573_frame_000666_ref,8,8,9,0,0.4706,1.0
GP020573_frame_000666_rain1,8,8,7,0,0.5333,1.0
GP020573_frame_000666_rain2,8,7,3,1,0.7,0.875
GP020573_frame_000666_rain3,8,0,0,8,0.0,0.0
GP020573_frame_000666_blur1,8,8,5,0,0.6154,1.0
GP020573_frame_000666_blur2,8,7,3,1,0.7,0.875
GP020573_frame_000666_blur3,8,2,1,6,0.6667,0.25
GP020573_frame_000666_blur4,8,0,0,8,0.0,0.0
GP020573_frame_000666_noise1,8,8,5,0,0.6154,1.0
GP020573_frame_000666_noise2,8,7,3,1,0.7,0.875
GP020573_frame_000666_noise3,8,2,0,6,1.0,0.25
GP020573_frame_000666_dark1,8,8,10,0,0.4444,1.0
GP020573_frame_000666_dark2,8,5,6,3,0.4545,0.625
GP020573_frame_000666_overexposure1,8,8,8,0,0.5,1.0
GP020573_frame_000666_overexposure2,8,7,8,1,0.4667,0.875
GP020573_frame_000681_ref,7,6,4,1,0.6,0.8571
GP020573_frame_000681_rain1,7,6,4,1,0.6,0.8571
GP020573_frame_000681_rain2,7,6,0,1,1.0,0.8571
GP020573_frame_000681_rain3,7,0,1,7,0.0,0.0
GP020573_frame_000681_blur1,7,6,2,1,0.75,0.8571
GP020573_frame_000681_blur2,7,6,2,1,0.75,0.8571
GP020573_frame_000681_blur3,7,4,1,3,0.8,0.5714
GP020573_frame_000681_blur4,7,0,1,7,0.0,0.0
GP020573_frame_000681_noise1,7,7,4,0,0.6364,1.0
GP020573_frame_000681_noise2,7,5,3,2,0.625,0.7143
GP020573_frame_000681_noise3,7,0,1,7,0.0,0.0
GP020573_frame_000681_dark1,7,6,3,1,0.6667,0.8571
GP020573_frame_000681_dark2,7,6,0,1,1.0,0.8571
GP020573_frame_000681_overexposure1,7,6,4,1,0.6,0.8571
GP020573_frame_000681_overexposure2,7,6,4,1,0.6,0.8571
GP020573_frame_000692_ref,5,4,4,1,0.5,0.8
GP020573_frame_000692_rain1,5,3,1,2,0.75,0.6
GP020573_frame_000692_rain2,5,3,2,2,0.6,0.6
GP020573_frame_000692_rain3,5,0,0,5,0.0,0.0
GP020573_frame_000692_blur1,5,3,1,2,0.75,0.6
GP020573_frame_000692_blur2,5,2,4,3,0.3333,0.4
GP020573_frame_000692_blur3,5,3,0,2,1.0,0.6
GP020573_frame_000692_blur4,5,0,0,5,0.0,0.0
GP020573_frame_000692_noise1,5,3,9,2,0.25,0.6
GP020573_frame_000692_noise2,5,3,3,2,0.5,0.6
GP020573_frame_000692_noise3,5,0,0,5,0.0,0.0
GP020573_frame_000692_dark1,5,3,4,2,0.4286,0.6
GP020573_frame_000692_dark2,5,3,3,2,0.5,0.6
GP020573_frame_000692_overexposure1,5,4,8,1,0.3333,0.8
GP020573_frame_000692_overexposure2,5,3,3,2,0.5,0.6
GP020573_frame_000699_ref,2,2,6,0,0.25,1.0
GP020573_frame_000699_rain1,2,2,5,0,0.2857,1.0
GP020573_frame_000699_rain2,2,1,4,1,0.2,0.5
GP020573_frame_000699_rain3,2,0,0,2,0.0,0.0
GP020573_frame_000699_blur1,2,1,3,1,0.25,0.5
GP020573_frame_000699_blur2,2,1,1,1,0.5,0.5
GP020573_frame_000699_blur3,2,0,1,2,0.0,0.0
GP020573_frame_000699_blur4,2,0,0,2,0.0,0.0
GP020573_frame_000699_noise1,2,2,3,0,0.4,1.0
GP020573_frame_000699_noise2,2,2,1,0,0.6667,1.0
GP020573_frame_000699_noise3,2,0,0,2,0.0,0.0
GP020573_frame_000699_dark1,2,2,3,0,0.4,1.0
GP020573_frame_000699_dark2,2,0,3,2,0.0,0.0
GP020573_frame_000699_overexposure1,2,2,5,0,0.2857,1.0
GP020573_frame_000699_overexposure2,2,2,9,0,0.1818,1.0
GP020573_frame_000705_ref,5,5,4,0,0.5556,1.0
GP020573_frame_000705_rain1,5,4,4,1,0.5,0.8
GP020573_frame_000705_rain2,5,3,2,2,0.6,0.6
GP020573_frame_000705_rain3,5,1,1,4,0.5,0.2
GP020573_frame_000705_blur1,5,4,6,1,0.4,0.8
GP020573_frame_000705_blur2,5,3,4,2,0.4286,0.6
GP020573_frame_000705_blur3,5,4,1,1,0.8,0.8
GP020573_frame_000705_blur4,5,2,0,3,1.0,0.4
GP020573_frame_000705_noise1,5,4,4,1,0.5,0.8
GP020573_frame_000705_noise2,5,3,2,2,0.6,0.6
GP020573_frame_000705_noise3,5,2,1,3,0.6667,0.4
GP020573_frame_000705_dark1,5,4,5,1,0.4444,0.8
GP020573_frame_000705_dark2,5,4,2,1,0.6667,0.8
GP020573_frame_000705_overexposure1,5,5,4,0,0.5556,1.0
GP020573_frame_000705_overexposure2,5,4,5,1,0.4444,0.8
GP020573_frame_000712_ref,6,6,4,0,0.6,1.0
GP020573_frame_000712_rain1,6,5,4,1,0.5556,0.8333
GP020573_frame_000712_rain2,6,0,0,6,0.0,0.0
GP020573_frame_000712_rain3,6,0,0,6,0.0,0.0
GP020573_frame_000712_blur1,6,4,2,2,0.6667,0.6667
GP020573_frame_000712_blur2,6,3,2,3,0.6,0.5
GP020573_frame_000712_blur3,6,1,1,5,0.5,0.1667
GP020573_frame_000712_blur4,6,0,0,6,0.0,0.0
GP020573_frame_000712_noise1,6,3,2,3,0.6,0.5
GP020573_frame_000712_noise2,6,0,0,6,0.0,0.0
GP020573_frame_000712_noise3,6,0,0,6,0.0,0.0
GP020573_frame_000712_dark1,6,3,2,3,0.6,0.5
GP020573_frame_000712_dark2,6,1,1,5,0.5,0.1667
GP020573_frame_000712_overexposure1,6,6,6,0,0.5,1.0
GP020573_frame_000712_overexposure2,6,4,3,2,0.5714,0.6667
GP020573_frame_000721_ref,6,6,10,0,0.375,1.0
GP020573_frame_000721_rain1,6,6,11,0,0.3529,1.0
GP020573_frame_000721_rain2,6,3,2,3,0.6,0.5
GP020573_frame_000721_rain3,6,0,0,6,0.0,0.0
GP020573_frame_000721_blur1,6,6,7,0,0.4615,1.0
GP020573_frame_000721_blur2,6,5,2,1,0.7143,0.8333
GP020573_frame_000721_blur3,6,4,1,2,0.8,0.6667
GP020573_frame_000721_blur4,6,0,0,6,0.0,0.0
GP020573_frame_000721_noise1,6,6,11,0,0.3529,1.0
GP020573_frame_000721_noise2,6,2,0,4,1.0,0.3333
GP020573_frame_000721_noise3,6,0,0,6,0.0,0.0
GP020573_frame_000721_dark1,6,6,8,0,0.4286,1.0
GP020573_frame_000721_dark2,6,2,1,4,0.6667,0.3333
GP020573_frame_000721_overexposure1,6,6,10,0,0.375,1.0
GP020573_frame_000721_overexposure2,6,6,9,0,0.4,1.0
GP020573_frame_000728_ref,10,10,10,0,0.5,1.0
GP020573_frame_000728_rain1,10,10,4,0,0.7143,1.0
GP020573_frame_000728_rain2,10,9,4,1,0.6923,0.9
GP020573_frame_000728_rain3,10,1,3,9,0.25,0.1
GP020573_frame_000728_blur1,10,10,4,0,0.7143,1.0
GP020573_frame_000728_blur2,10,10,5,0,0.6667,1.0
GP020573_frame_000728_blur3,10,6,3,4,0.6667,0.6
GP020573_frame_000728_blur4,10,2,2,8,0.5,0.2
GP020573_frame_000728_noise1,10,9,7,1,0.5625,0.9
GP020573_frame_000728_noise2,10,8,6,2,0.5714,0.8
GP020573_frame_000728_noise3,10,4,2,6,0.6667,0.4
GP020573_frame_000728_dark1,10,9,7,1,0.5625,0.9
GP020573_frame_000728_dark2,10,7,2,3,0.7778,0.7
GP020573_frame_000728_overexposure1,10,9,11,1,0.45,0.9
GP020573_frame_000728_overexposure2,10,9,11,1,0.45,0.9
GP020573_frame_000748_ref,6,6,3,0,0.6667,1.0
GP020573_frame_000748_rain1,6,6,2,0,0.75,1.0
GP020573_frame_000748_rain2,6,6,2,0,0.75,1.0
GP020573_frame_000748_rain3,6,4,1,2,0.8,0.6667
GP020573_frame_000748_blur1,6,6,2,0,0.75,1.0
GP020573_frame_000748_blur2,6,6,1,0,0.8571,1.0
GP020573_frame_000748_blur3,6,5,1,1,0.8333,0.8333
GP020573_frame_000748_blur4,6,4,0,2,1.0,0.6667
GP020573_frame_000748_noise1,6,6,2,0,0.75,1.0
GP020573_frame_000748_noise2,6,6,1,0,0.8571,1.0
GP020573_frame_000748_noise3,6,5,0,1,1.0,0.8333
GP020573_frame_000748_dark1,6,6,2,0,0.75,1.0
GP020573_frame_000748_dark2,6,6,1,0,0.8571,1.0
GP020573_frame_000748_overexposure1,6,6,3,0,0.6667,1.0
GP020573_frame_000748_overexposure2,6,5,0,1,1.0,0.8333
GP020573_frame_000758_ref,0,0,3,0,0.0,
GP020573_frame_000758_rain1,0,0,2,0,0.0,
GP020573_frame_000758_rain2,0,0,0,0,0.0,
GP020573_frame_000758_rain3,0,0,0,0,0.0,
GP020573_frame_000758_blur1,0,0,3,0,0.0,
GP020573_frame_000758_blur2,0,0,2,0,0.0,
GP020573_frame_000758_blur3,0,0,0,0,0.0,
GP020573_frame_000758_blur4,0,0,0,0,0.0,
GP020573_frame_000758_noise1,0,0,2,0,0.0,
GP020573_frame_000758_noise2,0,0,1,0,0.0,
GP020573_frame_000758_noise3,0,0,0,0,0.0,
GP020573_frame_000758_dark1,0,0,4,0,0.0,
GP020573_frame_000758_dark2,0,0,2,0,0.0,
GP020573_frame_000758_overexposure1,0,0,1,0,0.0,
GP020573_frame_000758_overexposure2,0,0,1,0,0.0,
GP020573_frame_000764_ref,5,5,9,0,0.3571,1.0
GP020573_frame_000764_rain1,5,5,8,0,0.3846,1.0
GP020573_frame_000764_rain2,5,4,2,1,0.6667,0.8
GP020573_frame_000764_rain3,5,0,0,5,0.0,0.0
GP020573_frame_000764_blur1,5,4,6,1,0.4,0.8
GP020573_frame_000764_blur2,5,5,7,0,0.4167,1.0
GP020573_frame_000764_blur3,5,2,4,3,0.3333,0.4
GP020573_frame_000764_blur4,5,0,1,5,0.0,0.0
GP020573_frame_000764_noise1,5,4,10,1,0.2857,0.8
GP020573_frame_000764_noise2,5,4,7,1,0.3636,0.8
GP020573_frame_000764_noise3,5,2,0,3,1.0,0.4
GP020573_frame_000764_dark1,5,5,9,0,0.3571,1.0
GP020573_frame_000764_dark2,5,4,6,1,0.4,0.8
GP020573_frame_000764_overexposure1,5,5,9,0,0.3571,1.0
GP020573_frame_000764_overexposure2,5,4,6,1,0.4,0.8
GP020573_frame_000770_ref,6,5,4,1,0.5556,0.8333
GP020573_frame_000770_rain1,6,5,5,1,0.5,0.8333
GP020573_frame_000770_rain2,6,4,1,2,0.8,0.6667
GP020573_frame_000770_rain3,6,3,0,3,1.0,0.5
GP020573_frame_000770_blur1,6,6,7,0,0.4615,1.0
GP020573_frame_000770_blur2,6,5,7,1,0.4167,0.8333
GP020573_frame_000770_blur3,6,1,0,5,1.0,0.1667
GP020573_frame_000770_blur4,6,0,0,6,0.0,0.0
GP020573_frame_000770_noise1,6,6,3,0,0.6667,1.0
GP020573_frame_000770_noise2,6,6,1,0,0.8571,1.0
GP020573_frame_000770_noise3,6,0,0,6,0.0,0.0
GP020573_frame_000770_dark1,6,5,4,1,0.5556,0.8333
GP020573_frame_000770_dark2,6,5,4,1,0.5556,0.8333
GP020573_frame_000770_overexposure1,6,5,6,1,0.4545,0.8333
GP020573_frame_000770_overexposure2,6,3,2,3,0.6,0.5
GP020573_frame_000815_ref,5,5,10,0,0.3333,1.0
GP020573_frame_000815_rain1,5,5,7,0,0.4167,1.0
GP020573_frame_000815_rain2,5,4,3,1,0.5714,0.8
GP020573_frame_000815_rain3,5,1,0,4,1.0,0.2
GP020573_frame_000815_blur1,5,5,7,0,0.4167,1.0
GP020573_frame_000815_blur2,5,4,5,1,0.4444,0.8
GP020573_frame_000815_blur3,5,4,0,1,1.0,0.8
GP020573_frame_000815_blur4,5,2,0,3,1.0,0.4
GP020573_frame_000815_noise1,5,4,6,1,0.4,0.8
GP020573_frame_000815_noise2,5,4,4,1,0.5,0.8
GP020573_frame_000815_noise3,5,4,2,1,0.6667,0.8
GP020573_frame_000815_dark1,5,4,8,1,0.3333,0.8
GP020573_frame_000815_dark2,5,4,4,1,0.5,0.8
GP020573_frame_000815_overexposure1,5,4,7,1,0.3636,0.8
GP020573_frame_000815_overexposure2,5,4,7,1,0.3636,0.8
GP020573_frame_000825_ref,5,5,5,0,0.5,1.0
GP020573_frame_000825_rain1,5,5,5,0,0.5,1.0
GP020573_frame_000825_rain2,5,4,2,1,0.6667,0.8
GP020573_frame_000825_rain3,5,4,2,1,0.6667,0.8
GP020573_frame_000825_blur1,5,5,6,0,0.4545,1.0
GP020573_frame_000825_blur2,5,5,4,0,0.5556,1.0
GP020573_frame_000825_blur3,5,5,0,0,1.0,1.0
GP020573_frame_000825_blur4,5,3,0,2,1.0,0.6
GP020573_frame_000825_noise1,5,5,4,0,0.5556,1.0
GP020573_frame_000825_noise2,5,5,2,0,0.7143,1.0
GP020573_frame_000825_noise3,5,4,0,1,1.0,0.8
GP020573_frame_000825_dark1,5,5,5,0,0.5,1.0
GP020573_frame_000825_dark2,5,5,3,0,0.625,1.0
GP020573_frame_000825_overexposure1,5,5,4,0,0.5556,1.0
GP020573_frame_000825_overexposure2,5,5,5,0,0.5,1.0
GP020573_frame_000845_ref,9,9,2,0,0.8182,1.0
GP020573_frame_000845_rain1,9,9,2,0,0.8182,1.0
GP020573_frame_000845_rain2,9,8,1,1,0.8889,0.8889
GP020573_frame_000845_rain3,9,5,1,4,0.8333,0.5556
GP020573_frame_000845_blur1,9,9,3,0,0.75,1.0
GP020573_frame_000845_blur2,9,9,1,0,0.9,1.0
GP020573_frame_000845_blur3,9,7,2,2,0.7778,0.7778
GP020573_frame_000845_blur4,9,2,1,7,0.6667,0.2222
GP020573_frame_000845_noise1,9,9,2,0,0.8182,1.0
GP020573_frame_000845_noise2,9,8,1,1,0.8889,0.8889
GP020573_frame_000845_noise3,9,5,0,4,1.0,0.5556
GP020573_frame_000845_dark1,9,9,2,0,0.8182,1.0
GP020573_frame_000845_dark2,9,9,3,0,0.75,1.0
GP020573_frame_000845_overexposure1,9,9,3,0,0.75,1.0
GP020573_frame_000845_overexposure2,9,8,2,1,0.8,0.8889
GP020573_frame_000864_ref,8,7,7,1,0.5,0.875
GP020573_frame_000864_rain1,8,7,1,1,0.875,0.875
GP020573_frame_000864_rain2,8,5,1,3,0.8333,0.625
GP020573_frame_000864_rain3,8,3,0,5,1.0,0.375
GP020573_frame_000864_blur1,8,5,0,3,1.0,0.625
GP020573_frame_000864_blur2,8,5,1,3,0.8333,0.625
GP020573_frame_000864_blur3,8,4,0,4,1.0,0.5
GP020573_frame_000864_blur4,8,1,0,7,1.0,0.125
GP020573_frame_000864_noise1,8,5,0,3,1.0,0.625
GP020573_frame_000864_noise2,8,4,1,4,0.8,0.5
GP020573_frame_000864_noise3,8,3,1,5,0.75,0.375
GP020573_frame_000864_dark1,8,5,4,3,0.5556,0.625
GP020573_frame_000864_dark2,8,5,1,3,0.8333,0.625
GP020573_frame_000864_overexposure1,8,7,8,1,0.4667,0.875
GP020573_frame_000864_overexposure2,8,7,7,1,0.5,0.875
GP020573_frame_000874_ref,2,2,4,0,0.3333,1.0
GP020573_frame_000874_rain1,2,2,4,0,0.3333,1.0
GP020573_frame_000874_rain2,2,1,2,1,0.3333,0.5
GP020573_frame_000874_rain3,2,1,0,1,1.0,0.5
GP020573_frame_000874_blur1,2,2,4,0,0.3333,1.0
GP020573_frame_000874_blur2,2,1,6,1,0.1429,0.5
GP020573_frame_000874_blur3,2,1,1,1,0.5,0.5
GP020573_frame_000874_blur4,2,0,1,2,0.0,0.0
GP020573_frame_000874_noise1,2,2,3,0,0.4,1.0
GP020573_frame_000874_noise2,2,1,3,1,0.25,0.5
GP020573_frame_000874_noise3,2,1,1,1,0.5,0.5
GP020573_frame_000874_dark1,2,2,3,0,0.4,1.0
GP020573_frame_000874_dark2,2,1,2,1,0.3333,0.5
GP020573_frame_000874_overexposure1,2,2,5,0,0.2857,1.0
GP020573_frame_000874_overexposure2,2,1,0,1,1.0,0.5
GP020573_frame_000880_ref,3,3,6,0,0.3333,1.0
GP020573_frame_000880_rain1,3,3,3,0,0.5,1.0
GP020573_frame_000880_rain2,3,3,2,0,0.6,1.0
GP020573_frame_000880_rain3,3,2,2,1,0.5,0.6667
GP020573_frame_000880_blur1,3,3,3,0,0.5,1.0
GP020573_frame_000880_blur2,3,3,3,0,0.5,1.0
GP020573_frame_000880_blur3,3,3,2,0,0.6,1.0
GP020573_frame_000880_blur4,3,2,0,1,1.0,0.6667
GP020573_frame_000880_noise1,3,3,2,0,0.6,1.0
GP020573_frame_000880_noise2,3,3,3,0,0.5,1.0
GP020573_frame_000880_noise3,3,2,2,1,0.5,0.6667
GP020573_frame_000880_dark1,3,3,2,0,0.6,1.0
GP020573_frame_000880_dark2,3,3,2,0,0.6,1.0
GP020573_frame_000880_overexposure1,3,3,6,0,0.3333,1.0
GP020573_frame_000880_overexposure2,3,3,6,0,0.3333,1.0
GP020573_frame_000887_ref,8,6,5,2,0.5455,0.75
GP020573_frame_000887_rain1,8,6,4,2,0.6,0.75
GP020573_frame_000887_rain2,8,4,1,4,0.8,0.5
GP020573_frame_000887_rain3,8,1,2,7,0.3333,0.125
GP020573_frame_000887_blur1,8,6,3,2,0.6667,0.75
GP020573_frame_000887_blur2,8,5,2,3,0.7143,0.625
GP020573_frame_000887_blur3,8,6,1,2,0.8571,0.75
GP020573_frame_000887_blur4,8,0,0,8,0.0,0.0
GP020573_frame_000887_noise1,8,5,1,3,0.8333,0.625
GP020573_frame_000887_noise2,8,5,3,3,0.625,0.625
GP020573_frame_000887_noise3,8,1,0,7,1.0,0.125
GP020573_frame_000887_dark1,8,6,4,2,0.6,0.75
GP020573_frame_000887_dark2,8,5,2,3,0.7143,0.625
GP020573_frame_000887_overexposure1,8,6,2,2,0.75,0.75
GP020573_frame_000887_overexposure2,8,6,3,2,0.6667,0.75
GP030573_frame_000073_ref,5,5,9,0,0.3571,1.0
GP030573_frame_000073_rain1,5,5,7,0,0.4167,1.0
GP030573_frame_000073_rain2,5,4,7,1,0.3636,0.8
GP030573_frame_000073_rain3,5,1,0,4,1.0,0.2
GP030573_frame_000073_blur1,5,5,4,0,0.5556,1.0
GP030573_frame_000073_blur2,5,5,3,0,0.625,1.0
GP030573_frame_000073_blur3,5,2,0,3,1.0,0.4
GP030573_frame_000073_blur4,5,1,0,4,1.0,0.2
GP030573_frame_000073_noise1,5,5,9,0,0.3571,1.0
GP030573_frame_000073_noise2,5,3,5,2,0.375,0.6
GP030573_frame_000073_noise3,5,1,0,4,1.0,0.2
GP030573_frame_000073_dark1,5,5,8,0,0.3846,1.0
GP030573_frame_000073_dark2,5,3,3,2,0.5,0.6
GP030573_frame_000073_overexposure1,5,5,11,0,0.3125,1.0
GP030573_frame_000073_overexposure2,5,5,12,0,0.2941,1.0
GP030573_frame_000104_ref,11,10,5,1,0.6667,0.9091
GP030573_frame_000104_rain1,11,7,5,4,0.5833,0.6364
GP030573_frame_000104_rain2,11,4,0,7,1.0,0.3636
GP030573_frame_000104_rain3,11,3,1,8,0.75,0.2727
GP030573_frame_000104_blur1,11,8,4,3,0.6667,0.7273
GP030573_frame_000104_blur2,11,5,1,6,0.8333,0.4545
GP030573_frame_000104_blur3,11,3,3,8,0.5,0.2727
GP030573_frame_000104_blur4,11,3,2,8,0.6,0.2727
GP030573_frame_000104_noise1,11,8,5,3,0.6154,0.7273
GP030573_frame_000104_noise2,11,5,0,6,1.0,0.4545
GP030573_frame_000104_noise3,11,3,0,8,1.0,0.2727
GP030573_frame_000104_dark1,11,8,3,3,0.7273,0.7273
GP030573_frame_000104_dark2,11,4,2,7,0.6667,0.3636
GP030573_frame_000104_overexposure1,11,9,9,2,0.5,0.8182
GP030573_frame_000104_overexposure2,11,8,2,3,0.8,0.7273
GP030573_frame_000124_ref,9,9,4,0,0.6923,1.0
GP030573_frame_000124_rain1,9,9,3,0,0.75,1.0
GP030573_frame_000124_rain2,9,6,1,3,0.8571,0.6667
GP030573_frame_000124_rain3,9,0,0,9,0.0,0.0
GP030573_frame_000124_blur1,9,9,2,0,0.8182,1.0
GP030573_frame_000124_blur2,9,8,4,1,0.6667,0.8889
GP030573_frame_000124_blur3,9,3,2,6,0.6,0.3333
GP030573_frame_000124_blur4,9,0,0,9,0.0,0.0
GP030573_frame_000124_noise1,9,9,4,0,0.6923,1.0
GP030573_frame_000124_noise2,9,6,1,3,0.8571,0.6667
GP030573_frame_000124_noise3,9,0,1,9,0.0,0.0
GP030573_frame_000124_dark1,9,9,2,0,0.8182,1.0
GP030573_frame_000124_dark2,9,5,1,4,0.8333,0.5556
GP030573_frame_000124_overexposure1,9,9,2,0,0.8182,1.0
GP030573_frame_000124_overexposure2,9,9,1,0,0.9,1.0
GP030573_frame_000134_ref,8,5,4,3,0.5556,0.625
GP030573_frame_000134_rain1,8,6,2,2,0.75,0.75
GP030573_frame_000134_rain2,8,0,1,8,0.0,0.0
GP030573_frame_000134_rain3,8,0,0,8,0.0,0.0
GP030573_frame_000134_blur1,8,6,4,2,0.6,0.75
GP030573_frame_000134_blur2,8,2,4,6,0.3333,0.25
GP030573_frame_000134_blur3,8,2,0,6,1.0,0.25
GP030573_frame_000134_blur4,8,0,0,8,0.0,0.0
GP030573_frame_000134_noise1,8,6,6,2,0.5,0.75
GP030573_frame_000134_noise2,8,0,0,8,0.0,0.0
GP030573_frame_000134_noise3,8,0,0,8,0.0,0.0
GP030573_frame_000134_dark1,8,5,3,3,0.625,0.625
GP030573_frame_000134_dark2,8,0,1,8,0.0,0.0
GP030573_frame_000134_overexposure1,8,5,7,3,0.4167,0.625
GP030573_frame_000134_overexposure2,8,5,2,3,0.7143,0.625
GP030573_frame_000141_ref,1,1,0,0,1.0,1.0
GP030573_frame_000141_rain1,1,1,0,0,1.0,1.0
GP030573_frame_000141_rain2,1,0,0,1,0.0,0.0
GP030573_frame_000141_rain3,1,0,0,1,0.0,0.0
GP030573_frame_000141_blur1,1,1,0,0,1.0,1.0
GP030573_frame_000141_blur2,1,1,0,0,1.0,1.0
GP030573_frame_000141_blur3,1,1,0,0,1.0,1.0
GP030573_frame_000141_blur4,1,1,0,0,1.0,1.0
GP030573_frame_000141_noise1,1,1,0,0,1.0,1.0
GP030573_frame_000141_noise2,1,1,0,0,1.0,1.0
GP030573_frame_000141_noise3,1,0,0,1,0.0,0.0
GP030573_frame_000141_dark1,1,1,0,0,1.0,1.0
GP030573_frame_000141_dark2,1,1,1,0,0.5,1.0
GP030573_frame_000141_overexposure1,1,1,0,0,1.0,1.0
GP030573_frame_000141_overexposure2,1,1,0,0,1.0,1.0
GP030573_frame_000151_ref,8,8,6,0,0.5714,1.0
GP030573_frame_000151_rain1,8,8,5,0,0.6154,1.0
GP030573_frame_000151_rain2,8,2,0,6,1.0,0.25
GP030573_frame_000151_rain3,8,0,0,8,0.0,0.0
GP030573_frame_000151_blur1,8,7,3,1,0.7,0.875
GP030573_frame_000151_blur2,8,4,0,4,1.0,0.5
GP030573_frame_000151_blur3,8,0,0,8,0.0,0.0
GP030573_frame_000151_blur4,8,0,0,8,0.0,0.0
GP030573_frame_000151_noise1,8,5,4,3,0.5556,0.625
GP030573_frame_000151_noise2,8,1,0,7,1.0,0.125
GP030573_frame_000151_noise3,8,0,0,8,0.0,0.0
GP030573_frame_000151_dark1,8,6,3,2,0.6667,0.75
GP030573_frame_000151_dark2,8,1,0,7,1.0,0.125
GP030573_frame_000151_overexposure1,8,8,6,0,0.5714,1.0
GP030573_frame_000151_overexposure2,8,8,5,0,0.6154,1.0
GP030573_frame_000171_ref,12,10,13,2,0.4348,0.8333
GP030573_frame_000171_rain1,12,8,7,4,0.5333,0.6667
GP030573_frame_000171_rain2,12,1,0,11,1.0,0.0833
GP030573_frame_000171_rain3,12,0,0,12,0.0,0.0
GP030573_frame_000171_blur1,12,7,14,5,0.3333,0.5833
GP030573_frame_000171_blur2,12,5,9,7,0.3571,0.4167
GP030573_frame_000171_blur3,12,3,3,9,0.5,0.25
GP030573_frame_000171_blur4,12,0,0,12,0.0,0.0
GP030573_frame_000171_noise1,12,7,11,5,0.3889,0.5833
GP030573_frame_000171_noise2,12,6,5,6,0.5455,0.5
GP030573_frame_000171_noise3,12,1,0,11,1.0,0.0833
GP030573_frame_000171_dark1,12,7,8,5,0.4667,0.5833
GP030573_frame_000171_dark2,12,3,0,9,1.0,0.25
GP030573_frame_000171_overexposure1,12,10,18,2,0.3571,0.8333
GP030573_frame_000171_overexposure2,12,9,14,3,0.3913,0.75
GP030573_frame_000181_ref,11,11,8,0,0.5789,1.0
GP030573_frame_000181_rain1,11,11,11,0,0.5,1.0
GP030573_frame_000181_rain2,11,11,6,0,0.6471,1.0
GP030573_frame_000181_rain3,11,3,0,8,1.0,0.2727
GP030573_frame_000181_blur1,11,11,8,0,0.5789,1.0
GP030573_frame_000181_blur2,11,11,7,0,0.6111,1.0
GP030573_frame_000181_blur3,11,6,1,5,0.8571,0.5455
GP030573_frame_000181_blur4,11,1,0,10,1.0,0.0909
GP030573_frame_000181_noise1,11,11,6,0,0.6471,1.0
GP030573_frame_000181_noise2,11,11,4,0,0.7333,1.0
GP030573_frame_000181_noise3,11,6,0,5,1.0,0.5455
GP030573_frame_000181_dark1,11,10,7,1,0.5882,0.9091
GP030573_frame_000181_dark2,11,11,3,0,0.7857,1.0
GP030573_frame_000181_overexposure1,11,10,8,1,0.5556,0.9091
GP030573_frame_000181_overexposure2,11,9,10,2,0.4737,0.8182
GP030573_frame_000201_ref,7,7,10,0,0.4118,1.0
GP030573_frame_000201_rain1,7,7,8,0,0.4667,1.0
GP030573_frame_000201_rain2,7,6,1,1,0.8571,0.8571
GP030573_frame_000201_rain3,7,3,0,4,1.0,0.4286
GP030573_frame_000201_blur1,7,6,4,1,0.6,0.8571
GP030573_frame_000201_blur2,7,6,1,1,0.8571,0.8571
GP030573_frame_000201_blur3,7,6,0,1,1.0,0.8571
GP030573_frame_000201_blur4,7,2,0,5,1.0,0.2857
GP030573_frame_000201_noise1,7,6,5,1,0.5455,0.8571
GP030573_frame_000201_noise2,7,6,3,1,0.6667,0.8571
GP030573_frame_000201_noise3,7,3,1,4,0.75,0.4286
GP030573_frame_000201_dark1,7,6,6,1,0.5,0.8571
GP030573_frame_000201_dark2,7,6,1,1,0.8571,0.8571
GP030573_frame_000201_overexposure1,7,7,10,0,0.4118,1.0
GP030573_frame_000201_overexposure2,7,7,8,0,0.4667,1.0
GP030573_frame_000215_ref,5,5,3,0,0.625,1.0
GP030573_frame_000215_rain1,5,5,3,0,0.625,1.0
GP030573_frame_000215_rain2,5,4,2,1,0.6667,0.8
GP030573_frame_000215_rain3,5,1,0,4,1.0,0.2
GP030573_frame_000215_blur1,5,5,4,0,0.5556,1.0
GP030573_frame_000215_blur2,5,5,3,0,0.625,1.0
GP030573_frame_000215_blur3,5,3,0,2,1.0,0.6
GP030573_frame_000215_blur4,5,0,1,5,0.0,0.0
GP030573_frame_000215_noise1,5,5,3,0,0.625,1.0
GP030573_frame_000215_noise2,5,2,2,3,0.5,0.4
GP030573_frame_000215_noise3,5,0,0,5,0.0,0.0
GP030573_frame_000215_dark1,5,4,3,1,0.5714,0.8
GP030573_frame_000215_dark2,5,4,3,1,0.5714,0.8
GP030573_frame_000215_overexposure1,5,5,3,0,0.625,1.0
GP030573_frame_000215_overexposure2,5,5,3,0,0.625,1.0
GP030573_frame_000222_ref,9,8,6,1,0.5714,0.8889
GP030573_frame_000222_rain1,9,8,3,1,0.7273,0.8889
GP030573_frame_000222_rain2,9,8,3,1,0.7273,0.8889
GP030573_frame_000222_rain3,9,1,0,8,1.0,0.1111
GP030573_frame_000222_blur1,9,8,4,1,0.6667,0.8889
GP030573_frame_000222_blur2,9,7,2,2,0.7778,0.7778
GP030573_frame_000222_blur3,9,6,1,3,0.8571,0.6667
GP030573_frame_000222_blur4,9,3,1,6,0.75,0.3333
GP030573_frame_000222_noise1,9,9,5,0,0.6429,1.0
GP030573_frame_000222_noise2,9,8,5,1,0.6154,0.8889
GP030573_frame_000222_noise3,9,6,2,3,0.75,0.6667
GP030573_frame_000222_dark1,9,9,6,0,0.6,1.0
GP030573_frame_000222_dark2,9,8,3,1,0.7273,0.8889
GP030573_frame_000222_overexposure1,9,8,5,1,0.6154,0.8889
GP030573_frame_000222_overexposure2,9,8,5,1,0.6154,0.8889
GP030573_frame_000237_ref,5,5,9,0,0.3571,1.0
GP030573_frame_000237_rain1,5,5,4,0,0.5556,1.0
GP030573_frame_000237_rain2,5,3,2,2,0.6,0.6
GP030573_frame_000237_rain3,5,0,0,5,0.0,0.0
GP030573_frame_000237_blur1,5,4,3,1,0.5714,0.8
GP030573_frame_000237_blur2,5,2,0,3,1.0,0.4
GP030573_frame_000237_blur3,5,1,1,4,0.5,0.2
GP030573_frame_000237_blur4,5,0,0,5,0.0,0.0
GP030573_frame_000237_noise1,5,4,1,1,0.8,0.8
GP030573_frame_000237_noise2,5,1,1,4,0.5,0.2
GP030573_frame_000237_noise3,5,0,0,5,0.0,0.0
GP030573_frame_000237_dark1,5,4,5,1,0.4444,0.8
GP030573_frame_000237_dark2,5,0,0,5,0.0,0.0
GP030573_frame_000237_overexposure1,5,5,8,0,0.3846,1.0
GP030573_frame_000237_overexposure2,5,5,10,0,0.3333,1.0
GP030573_frame_000244_ref,2,1,4,1,0.2,0.5
GP030573_frame_000244_rain1,2,1,2,1,0.3333,0.5
GP030573_frame_000244_rain2,2,1,2,1,0.3333,0.5
GP030573_frame_000244_rain3,2,0,0,2,0.0,0.0
GP030573_frame_000244_blur1,2,1,2,1,0.3333,0.5
GP030573_frame_000244_blur2,2,1,1,1,0.5,0.5
GP030573_frame_000244_blur3,2,2,1,0,0.6667,1.0
GP030573_frame_000244_blur4,2,0,0,2,0.0,0.0
GP030573_frame_000244_noise1,2,1,2,1,0.3333,0.5
GP030573_frame_000244_noise2,2,1,0,1,1.0,0.5
GP030573_frame_000244_noise3,2,0,0,2,0.0,0.0
GP030573_frame_000244_dark1,2,1,3,1,0.25,0.5
GP030573_frame_000244_dark2,2,1,0,1,1.0,0.5
GP030573_frame_000244_overexposure1,2,1,2,1,0.3333,0.5
GP030573_frame_000244_overexposure2,2,1,2,1,0.3333,0.5
GP030573_frame_000250_ref,5,5,3,0,0.625,1.0
GP030573_frame_000250_rain1,5,5,3,0,0.625,1.0
GP030573_frame_000250_rain2,5,4,0,1,1.0,0.8
GP030573_frame_000250_rain3,5,0,0,5,0.0,0.0
GP030573_frame_000250_blur1,5,5,3,0,0.625,1.0
GP030573_frame_000250_blur2,5,5,1,0,0.8333,1.0
GP030573_frame_000250_blur3,5,4,0,1,1.0,0.8
GP030573_frame_000250_blur4,5,1,0,4,1.0,0.2
GP030573_frame_000250_noise1,5,5,3,0,0.625,1.0
GP030573_frame_000250_noise2,5,4,0,1,1.0,0.8
GP030573_frame_000250_noise3,5,2,0,3,1.0,0.4
GP030573_frame_000250_dark1,5,5,4,0,0.5556,1.0
GP030573_frame_000250_dark2,5,5,0,0,1.0,1.0
GP030573_frame_000250_overexposure1,5,5,3,0,0.625,1.0
GP030573_frame_000250_overexposure2,5,5,1,0,0.8333,1.0
GP030573_frame_000270_ref,7,5,5,2,0.5,0.7143
GP030573_frame_000270_rain1,7,5,4,2,0.5556,0.7143
GP030573_frame_000270_rain2,7,5,2,2,0.7143,0.7143
GP030573_frame_000270_rain3,7,5,0,2,1.0,0.7143
GP030573_frame_000270_blur1,7,5,5,2,0.5,0.7143
GP030573_frame_000270_blur2,7,6,4,1,0.6,0.8571
GP030573_frame_000270_blur3,7,5,4,2,0.5556,0.7143
GP030573_frame_000270_blur4,7,4,1,3,0.8,0.5714
GP030573_frame_000270_noise1,7,6,5,1,0.5455,0.8571
GP030573_frame_000270_noise2,7,5,1,2,0.8333,0.7143
GP030573_frame_000270_noise3,7,5,0,2,1.0,0.7143
GP030573_frame_000270_dark1,7,6,4,1,0.6,0.8571
GP030573_frame_000270_dark2,7,5,3,2,0.625,0.7143
GP030573_frame_000270_overexposure1,7,6,8,1,0.4286,0.8571
GP030573_frame_000270_overexposure2,7,6,9,1,0.4,0.8571
GP030573_frame_000290_ref,5,5,16,0,0.2381,1.0
GP030573_frame_000290_rain1,5,5,13,0,0.2778,1.0
GP030573_frame_000290_rain2,5,5,4,0,0.5556,1.0
GP030573_frame_000290_rain3,5,3,0,2,1.0,0.6
GP030573_frame_000290_blur1,5,5,9,0,0.3571,1.0
GP030573_frame_000290_blur2,5,5,6,0,0.4545,1.0
GP030573_frame_000290_blur3,5,5,0,0,1.0,1.0
GP030573_frame_000290_blur4,5,3,0,2,1.0,0.6
GP030573_frame_000290_noise1,5,5,12,0,0.2941,1.0
GP030573_frame_000290_noise2,5,5,1,0,0.8333,1.0
GP030573_frame_000290_noise3,5,4,2,1,0.6667,0.8
GP030573_frame_000290_dark1,5,5,12,0,0.2941,1.0
GP030573_frame_000290_dark2,5,5,1,0,0.8333,1.0
GP030573_frame_000290_overexposure1,5,5,17,0,0.2273,1.0
GP030573_frame_000290_overexposure2,5,5,16,0,0.2381,1.0
GP030573_frame_000330_ref,11,11,19,0,0.3667,1.0
GP030573_frame_000330_rain1,11,10,11,1,0.4762,0.9091
GP030573_frame_000330_rain2,11,7,1,4,0.875,0.6364
GP030573_frame_000330_rain3,11,4,0,7,1.0,0.3636
GP030573_frame_000330_blur1,11,10,8,1,0.5556,0.9091
GP030573_frame_000330_blur2,11,8,6,3,0.5714,0.7273
GP030573_frame_000330_blur3,11,5,1,6,0.8333,0.4545
GP030573_frame_000330_blur4,11,3,1,8,0.75,0.2727
GP030573_frame_000330_noise1,11,10,10,1,0.5,0.9091
GP030573_frame_000330_noise2,11,8,2,3,0.8,0.7273
GP030573_frame_000330_noise3,11,5,1,6,0.8333,0.4545
GP030573_frame_000330_dark1,11,11,11,0,0.5,1.0
GP030573_frame_000330_dark2,11,8,2,3,0.8,0.7273
GP030573_frame_000330_overexposure1,11,11,19,0,0.3667,1.0
GP030573_frame_000330_overexposure2,11,11,18,0,0.3793,1.0
GP030573_frame_000370_ref,16,15,9,1,0.625,0.9375
GP030573_frame_000370_rain1,16,11,11,5,0.5,0.6875
GP030573_frame_000370_rain2,16,4,7,12,0.3636,0.25
GP030573_frame_000370_rain3,16,0,0,16,0.0,0.0
GP030573_frame_000370_blur1,16,13,8,3,0.619,0.8125
GP030573_frame_000370_blur2,16,10,3,6,0.7692,0.625
GP030573_frame_000370_blur3,16,8,3,8,0.7273,0.5
GP030573_frame_000370_blur4,16,2,0,14,1.0,0.125
GP030573_frame_000370_noise1,16,12,3,4,0.8,0.75
GP030573_frame_000370_noise2,16,9,5,7,0.6429,0.5625
GP030573_frame_000370_noise3,16,2,1,14,0.6667,0.125
GP030573_frame_000370_dark1,16,12,9,4,0.5714,0.75
GP030573_frame_000370_dark2,16,9,1,7,0.9,0.5625
GP030573_frame_000370_overexposure1,16,15,9,1,0.625,0.9375
GP030573_frame_000370_overexposure2,16,16,8,0,0.6667,1.0
GP030573_frame_000390_ref,13,10,10,3,0.5,0.7692
GP030573_frame_000390_rain1,13,9,9,4,0.5,0.6923
GP030573_frame_000390_rain2,13,7,4,6,0.6364,0.5385
GP030573_frame_000390_rain3,13,1,0,12,1.0,0.0769
GP030573_frame_000390_blur1,13,9,8,4,0.5294,0.6923
GP030573_frame_000390_blur2,13,9,5,4,0.6429,0.6923
GP030573_frame_000390_blur3,13,5,0,8,1.0,0.3846
GP030573_frame_000390_blur4,13,2,1,11,0.6667,0.1538
GP030573_frame_000390_noise1,13,8,11,5,0.4211,0.6154
GP030573_frame_000390_noise2,13,5,4,8,0.5556,0.3846
GP030573_frame_000390_noise3,13,2,0,11,1.0,0.1538
GP030573_frame_000390_dark1,13,9,12,4,0.4286,0.6923
GP030573_frame_000390_dark2,13,6,1,7,0.8571,0.4615
GP030573_frame_000390_overexposure1,13,11,12,2,0.4783,0.8462
GP030573_frame_000390_overexposure2,13,11,9,2,0.55,0.8462
GP030573_frame_000399_ref,5,5,7,0,0.4167,1.0
GP030573_frame_000399_rain1,5,5,8,0,0.3846,1.0
GP030573_frame_000399_rain2,5,4,7,1,0.3636,0.8
GP030573_frame_000399_rain3,5,1,2,4,0.3333,0.2
GP030573_frame_000399_blur1,5,5,6,0,0.4545,1.0
GP030573_frame_000399_blur2,5,4,8,1,0.3333,0.8
GP030573_frame_000399_blur3,5,2,3,3,0.4,0.4
GP030573_frame_000399_blur4,5,0,0,5,0.0,0.0
GP030573_frame_000399_noise1,5,5,4,0,0.5556,1.0
GP030573_frame_000399_noise2,5,3,2,2,0.6,0.6
GP030573_frame_000399_noise3,5,0,1,5,0.0,0.0
GP030573_frame_000399_dark1,5,5,6,0,0.4545,1.0
GP030573_frame_000399_dark2,5,3,2,2,0.6,0.6
GP030573_frame_000399_overexposure1,5,5,8,0,0.3846,1.0
GP030573_frame_000399_overexposure2,5,5,9,0,0.3571,1.0
GP030573_frame_000519_ref,12,10,9,2,0.5263,0.8333
GP030573_frame_000519_rain1,12,10,8,2,0.5556,0.8333
GP030573_frame_000519_rain2,12,8,7,4,0.5333,0.6667
GP030573_frame_000519_rain3,12,2,1,10,0.6667,0.1667
GP030573_frame_000519_blur1,12,10,10,2,0.5,0.8333
GP030573_frame_000519_blur2,12,7,5,5,0.5833,0.5833
GP030573_frame_000519_blur3,12,6,1,6,0.8571,0.5
GP030573_frame_000519_blur4,12,3,0,9,1.0,0.25
GP030573_frame_000519_noise1,12,8,7,4,0.5333,0.6667
GP030573_frame_000519_noise2,12,6,3,6,0.6667,0.5
GP030573_frame_000519_noise3,12,3,0,9,1.0,0.25
GP030573_frame_000519_dark1,12,10,8,2,0.5556,0.8333
GP030573_frame_000519_dark2,12,7,5,5,0.5833,0.5833
GP030573_frame_000519_overexposure1,12,10,9,2,0.5263,0.8333
GP030573_frame_000519_overexposure2,12,9,10,3,0.4737,0.75
GP030573_frame_000539_ref,16,15,17,1,0.4688,0.9375
GP030573_frame_000539_rain1,16,15,19,1,0.4412,0.9375
GP030573_frame_000539_rain2,16,7,9,9,0.4375,0.4375
GP030573_frame_000539_rain3,16,2,2,14,0.5,0.125
GP030573_frame_000539_blur1,16,14,15,2,0.4828,0.875
GP030573_frame_000539_blur2,16,11,6,5,0.6471,0.6875
GP030573_frame_000539_blur3,16,6,5,10,0.5455,0.375
GP030573_frame_000539_blur4,16,1,1,15,0.5,0.0625
GP030573_frame_000539_noise1,16,12,9,4,0.5714,0.75
GP030573_frame_000539_noise2,16,6,6,10,0.5,0.375
GP030573_frame_000539_noise3,16,3,1,13,0.75,0.1875
GP030573_frame_000539_dark1,16,16,15,0,0.5161,1.0
GP030573_frame_000539_dark2,16,9,6,7,0.6,0.5625
GP030573_frame_000539_overexposure1,16,13,18,3,0.4194,0.8125
GP030573_frame_000539_overexposure2,16,11,11,5,0.5,0.6875
GP030573_frame_000559_ref,5,3,4,2,0.4286,0.6
GP030573_frame_000559_rain1,5,3,2,2,0.6,0.6
GP030573_frame_000559_rain2,5,1,0,4,1.0,0.2
GP030573_frame_000559_rain3,5,0,0,5,0.0,0.0
GP030573_frame_000559_blur1,5,3,3,2,0.5,0.6
GP030573_frame_000559_blur2,5,3,4,2,0.4286,0.6
GP030573_frame_000559_blur3,5,2,0,3,1.0,0.4
GP030573_frame_000559_blur4,5,0,0,5,0.0,0.0
GP030573_frame_000559_noise1,5,3,5,2,0.375,0.6
GP030573_frame_000559_noise2,5,2,0,3,1.0,0.4
GP030573_frame_000559_noise3,5,0,0,5,0.0,0.0
GP030573_frame_000559_dark1,5,3,2,2,0.6,0.6
GP030573_frame_000559_dark2,5,1,1,4,0.5,0.2
GP030573_frame_000559_overexposure1,5,4,4,1,0.5,0.8
GP030573_frame_000559_overexposure2,5,4,7,1,0.3636,0.8
GP030573_frame_000579_ref,5,5,16,0,0.2381,1.0
GP030573_frame_000579_rain1,5,5,15,0,0.25,1.0
GP030573_frame_000579_rain2,5,3,5,2,0.375,0.6
GP030573_frame_000579_rain3,5,1,4,4,0.2,0.2
GP030573_frame_000579_blur1,5,5,6,0,0.4545,1.0
GP030573_frame_000579_blur2,5,5,9,0,0.3571,1.0
GP030573_frame_000579_blur3,5,4,5,1,0.4444,0.8
GP030573_frame_000579_blur4,5,1,0,4,1.0,0.2
GP030573_frame_000579_noise1,5,5,13,0,0.2778,1.0
GP030573_frame_000579_noise2,5,3,7,2,0.3,0.6
GP030573_frame_000579_noise3,5,0,0,5,0.0,0.0
GP030573_frame_000579_dark1,5,5,12,0,0.2941,1.0
GP030573_frame_000579_dark2,5,4,6,1,0.4,0.8
GP030573_frame_000579_overexposure1,5,5,9,0,0.3571,1.0
GP030573_frame_000579_overexposure2,5,5,6,0,0.4545,1.0
GP030573_frame_000599_ref,5,5,9,0,0.3571,1.0
GP030573_frame_000599_rain1,5,5,10,0,0.3333,1.0
GP030573_frame_000599_rain2,5,4,9,1,0.3077,0.8
GP030573_frame_000599_rain3,5,2,3,3,0.4,0.4
GP030573_frame_000599_blur1,5,5,10,0,0.3333,1.0
GP030573_frame_000599_blur2,5,5,8,0,0.3846,1.0
GP030573_frame_000599_blur3,5,2,3,3,0.4,0.4
GP030573_frame_000599_blur4,5,1,1,4,0.5,0.2
GP030573_frame_000599_noise1,5,5,9,0,0.3571,1.0
GP030573_frame_000599_noise2,5,3,8,2,0.2727,0.6
GP030573_frame_000599_noise3,5,2,1,3,0.6667,0.4
GP030573_frame_000599_dark1,5,4,8,1,0.3333,0.8
GP030573_frame_000599_dark2,5,3,7,2,0.3,0.6
GP030573_frame_000599_overexposure1,5,5,9,0,0.3571,1.0
GP030573_frame_000599_overexposure2,5,5,7,0,0.4167,1.0
GP030573_frame_000606_ref,10,8,11,2,0.4211,0.8
GP030573_frame_000606_rain1,10,9,8,1,0.5294,0.9
GP030573_frame_000606_rain2,10,7,6,3,0.5385,0.7
GP030573_frame_000606_rain3,10,3,0,7,1.0,0.3
GP030573_frame_000606_blur1,10,8,9,2,0.4706,0.8
GP030573_frame_000606_blur2,10,6,5,4,0.5455,0.6
GP030573_frame_000606_blur3,10,5,1,5,0.8333,0.5
GP030573_frame_000606_blur4,10,2,2,8,0.5,0.2
GP030573_frame_000606_noise1,10,7,8,3,0.4667,0.7
GP030573_frame_000606_noise2,10,6,4,4,0.6,0.6
GP030573_frame_000606_noise3,10,2,1,8,0.6667,0.2
GP030573_frame_000606_dark1,10,7,8,3,0.4667,0.7
GP030573_frame_000606_dark2,10,8,4,2,0.6667,0.8
GP030573_frame_000606_overexposure1,10,9,12,1,0.4286,0.9
GP030573_frame_000606_overexposure2,10,8,10,2,0.4444,0.8
GP030573_frame_000626_ref,7,7,2,0,0.7778,1.0
GP030573_frame_000626_rain1,7,7,1,0,0.875,1.0
GP030573_frame_000626_rain2,7,4,3,3,0.5714,0.5714
GP030573_frame_000626_rain3,7,0,0,7,0.0,0.0
GP030573_frame_000626_blur1,7,7,1,0,0.875,1.0
GP030573_frame_000626_blur2,7,5,4,2,0.5556,0.7143
GP030573_frame_000626_blur3,7,3,1,4,0.75,0.4286
GP030573_frame_000626_blur4,7,1,2,6,0.3333,0.1429
GP030573_frame_000626_noise1,7,6,4,1,0.6,0.8571
GP030573_frame_000626_noise2,7,4,0,3,1.0,0.5714
GP030573_frame_000626_noise3,7,0,0,7,0.0,0.0
GP030573_frame_000626_dark1,7,6,2,1,0.75,0.8571
GP030573_frame_000626_dark2,7,4,0,3,1.0,0.5714
GP030573_frame_000626_overexposure1,7,7,1,0,0.875,1.0
GP030573_frame_000626_overexposure2,7,7,2,0,0.7778,1.0
GP030573_frame_000638_ref,0,0,7,0,0.0,
GP030573_frame_000638_rain1,0,0,6,0,0.0,
GP030573_frame_000638_rain2,0,0,1,0,0.0,
GP030573_frame_000638_rain3,0,0,0,0,0.0,
GP030573_frame_000638_blur1,0,0,6,0,0.0,
GP030573_frame_000638_blur2,0,0,4,0,0.0,
GP030573_frame_000638_blur3,0,0,0,0,0.0,
GP030573_frame_000638_blur4,0,0,0,0,0.0,
GP030573_frame_000638_noise1,0,0,4,0,0.0,
GP030573_frame_000638_noise2,0,0,2,0,0.0,
GP030573_frame_000638_noise3,0,0,0,0,0.0,
GP030573_frame_000638_dark1,0,0,7,0,0.0,
GP030573_frame_000638_dark2,0,0,1,0,0.0,
GP030573_frame_000638_overexposure1,0,0,7,0,0.0,
GP030573_frame_000638_overexposure2,0,0,6,0,0.0,
GP030573_frame_000658_ref,5,5,6,0,0.4545,1.0
GP030573_frame_000658_rain1,5,5,4,0,0.5556,1.0
GP030573_frame_000658_rain2,5,2,2,3,0.5,0.4
GP030573_frame_000658_rain3,5,0,0,5,0.0,0.0
GP030573_frame_000658_blur1,5,3,2,2,0.6,0.6
GP030573_frame_000658_blur2,5,1,2,4,0.3333,0.2
GP030573_frame_000658_blur3,5,1,1,4,0.5,0.2
GP030573_frame_000658_blur4,5,0,0,5,0.0,0.0
GP030573_frame_000658_noise1,5,4,2,1,0.6667,0.8
GP030573_frame_000658_noise2,5,1,2,4,0.3333,0.2
GP030573_frame_000658_noise3,5,0,0,5,0.0,0.0
GP030573_frame_000658_dark1,5,4,6,1,0.4,0.8
GP030573_frame_000658_dark2,5,1,0,4,1.0,0.2
GP030573_frame_000658_overexposure1,5,5,7,0,0.4167,1.0
GP030573_frame_000658_overexposure2,5,5,2,0,0.7143,1.0
GP030573_frame_000678_ref,11,7,11,4,0.3889,0.6364
GP030573_frame_000678_rain1,11,7,9,4,0.4375,0.6364
GP030573_frame_000678_rain2,11,1,1,10,0.5,0.0909
GP030573_frame_000678_rain3,11,0,0,11,0.0,0.0
GP030573_frame_000678_blur1,11,8,6,3,0.5714,0.7273
GP030573_frame_000678_blur2,11,5,4,6,0.5556,0.4545
GP030573_frame_000678_blur3,11,1,2,10,0.3333,0.0909
GP030573_frame_000678_blur4,11,0,0,11,0.0,0.0
GP030573_frame_000678_noise1,11,7,9,4,0.4375,0.6364
GP030573_frame_000678_noise2,11,3,2,8,0.6,0.2727
GP030573_frame_000678_noise3,11,0,0,11,0.0,0.0
GP030573_frame_000678_dark1,11,8,8,3,0.5,0.7273
GP030573_frame_000678_dark2,11,4,4,7,0.5,0.3636
GP030573_frame_000678_overexposure1,11,7,12,4,0.3684,0.6364
GP030573_frame_000678_overexposure2,11,9,9,2,0.5,0.8182
GP030573_frame_000698_ref,8,8,7,0,0.5333,1.0
GP030573_frame_000698_rain1,8,8,6,0,0.5714,1.0
GP030573_frame_000698_rain2,8,6,4,2,0.6,0.75
GP030573_frame_000698_rain3,8,4,1,4,0.8,0.5
GP030573_frame_000698_blur1,8,7,3,1,0.7,0.875
GP030573_frame_000698_blur2,8,6,2,2,0.75,0.75
GP030573_frame_000698_blur3,8,5,0,3,1.0,0.625
GP030573_frame_000698_blur4,8,2,1,6,0.6667,0.25
GP030573_frame_000698_noise1,8,7,5,1,0.5833,0.875
GP030573_frame_000698_noise2,8,6,4,2,0.6,0.75
GP030573_frame_000698_noise3,8,3,1,5,0.75,0.375
GP030573_frame_000698_dark1,8,7,4,1,0.6364,0.875
GP030573_frame_000698_dark2,8,6,4,2,0.6,0.75
GP030573_frame_000698_overexposure1,8,8,9,0,0.4706,1.0
GP030573_frame_000698_overexposure2,8,8,7,0,0.5333,1.0
GP030573_frame_000718_ref,12,11,10,1,0.5238,0.9167
GP030573_frame_000718_rain1,12,11,10,1,0.5238,0.9167
GP030573_frame_000718_rain2,12,10,7,2,0.5882,0.8333
GP030573_frame_000718_rain3,12,1,0,11,1.0,0.0833
GP030573_frame_000718_blur1,12,11,9,1,0.55,0.9167
GP030573_frame_000718_blur2,12,10,4,2,0.7143,0.8333
GP030573_frame_000718_blur3,12,8,3,4,0.7273,0.6667
GP030573_frame_000718_blur4,12,1,0,11,1.0,0.0833
GP030573_frame_000718_noise1,12,11,6,1,0.6471,0.9167
GP030573_frame_000718_noise2,12,11,2,1,0.8462,0.9167
GP030573_frame_000718_noise3,12,6,0,6,1.0,0.5
GP030573_frame_000718_dark1,12,11,9,1,0.55,0.9167
GP030573_frame_000718_dark2,12,11,1,1,0.9167,0.9167
GP030573_frame_000718_overexposure1,12,11,6,1,0.6471,0.9167
GP030573_frame_000718_overexposure2,12,10,8,2,0.5556,0.8333
GP030573_frame_000731_ref,1,1,1,0,0.5,1.0
GP030573_frame_000731_rain1,1,1,0,0,1.0,1.0
GP030573_frame_000731_rain2,1,1,0,0,1.0,1.0
GP030573_frame_000731_rain3,1,0,0,1,0.0,0.0
GP030573_frame_000731_blur1,1,1,0,0,1.0,1.0
GP030573_frame_000731_blur2,1,1,0,0,1.0,1.0
GP030573_frame_000731_blur3,1,1,0,0,1.0,1.0
GP030573_frame_000731_blur4,1,0,0,1,0.0,0.0
GP030573_frame_000731_noise1,1,1,0,0,1.0,1.0
GP030573_frame_000731_noise2,1,1,0,0,1.0,1.0
GP030573_frame_000731_noise3,1,0,0,1,0.0,0.0
GP030573_frame_000731_dark1,1,1,0,0,1.0,1.0
GP030573_frame_000731_dark2,1,1,0,0,1.0,1.0
GP030573_frame_000731_overexposure1,1,1,1,0,0.5,1.0
GP030573_frame_000731_overexposure2,1,1,0,0,1.0,1.0
GP030573_frame_000741_ref,2,2,7,0,0.2222,1.0
GP030573_frame_000741_rain1,2,1,8,1,0.1111,0.5
GP030573_frame_000741_rain2,2,1,8,1,0.1111,0.5
GP030573_frame_000741_rain3,2,1,0,1,1.0,0.5
GP030573_frame_000741_blur1,2,2,6,0,0.25,1.0
GP030573_frame_000741_blur2,2,2,6,0,0.25,1.0
GP030573_frame_000741_blur3,2,1,2,1,0.3333,0.5
GP030573_frame_000741_blur4,2,1,1,1,0.5,0.5
GP030573_frame_000741_noise1,2,2,7,0,0.2222,1.0
GP030573_frame_000741_noise2,2,2,4,0,0.3333,1.0
GP030573_frame_000741_noise3,2,0,0,2,0.0,0.0
GP030573_frame_000741_dark1,2,2,6,0,0.25,1.0
GP030573_frame_000741_dark2,2,2,6,0,0.25,1.0
GP030573_frame_000741_overexposure1,2,2,6,0,0.25,1.0
GP030573_frame_000741_overexposure2,2,2,5,0,0.2857,1.0
GP030573_frame_000746_ref,2,2,7,0,0.2222,1.0
GP030573_frame_000746_rain1,2,2,5,0,0.2857,1.0
GP030573_frame_000746_rain2,2,1,2,1,0.3333,0.5
GP030573_frame_000746_rain3,2,1,0,1,1.0,0.5
GP030573_frame_000746_blur1,2,2,6,0,0.25,1.0
GP030573_frame_000746_blur2,2,1,5,1,0.1667,0.5
GP030573_frame_000746_blur3,2,1,2,1,0.3333,0.5
GP030573_frame_000746_blur4,2,0,1,2,0.0,0.0
GP030573_frame_000746_noise1,2,2,6,0,0.25,1.0
GP030573_frame_000746_noise2,2,1,4,1,0.2,0.5
GP030573_frame_000746_noise3,2,1,0,1,1.0,0.5
GP030573_frame_000746_dark1,2,2,4,0,0.3333,1.0
GP030573_frame_000746_dark2,2,2,3,0,0.4,1.0
GP030573_frame_000746_overexposure1,2,2,8,0,0.2,1.0
GP030573_frame_000746_overexposure2,2,2,6,0,0.25,1.0
GP030573_frame_000766_ref,4,3,11,1,0.2143,0.75
GP030573_frame_000766_rain1,4,3,8,1,0.2727,0.75
GP030573_frame_000766_rain2,4,3,3,1,0.5,0.75
GP030573_frame_000766_rain3,4,0,0,4,0.0,0.0
GP030573_frame_000766_blur1,4,3,9,1,0.25,0.75
GP030573_frame_000766_blur2,4,3,7,1,0.3,0.75
GP030573_frame_000766_blur3,4,3,3,1,0.5,0.75
GP030573_frame_000766_blur4,4,0,1,4,0.0,0.0
GP030573_frame_000766_noise1,4,4,10,0,0.2857,1.0
GP030573_frame_000766_noise2,4,3,1,1,0.75,0.75
GP030573_frame_000766_noise3,4,1,0,3,1.0,0.25
GP030573_frame_000766_dark1,4,3,9,1,0.25,0.75
GP030573_frame_000766_dark2,4,3,4,1,0.4286,0.75
GP030573_frame_000766_overexposure1,4,3,9,1,0.25,0.75
GP030573_frame_000766_overexposure2,4,4,9,0,0.3077,1.0
GP030573_frame_000777_ref,3,3,3,0,0.5,1.0
GP030573_frame_000777_rain1,3,3,5,0,0.375,1.0
GP030573_frame_000777_rain2,3,3,3,0,0.5,1.0
GP030573_frame_000777_rain3,3,0,0,3,0.0,0.0
GP030573_frame_000777_blur1,3,3,4,0,0.4286,1.0
GP030573_frame_000777_blur2,3,3,3,0,0.5,1.0
GP030573_frame_000777_blur3,3,2,2,1,0.5,0.6667
GP030573_frame_000777_blur4,3,1,2,2,0.3333,0.3333
GP030573_frame_000777_noise1,3,3,6,0,0.3333,1.0
GP030573_frame_000777_noise2,3,1,5,2,0.1667,0.3333
GP030573_frame_000777_noise3,3,1,1,2,0.5,0.3333
GP030573_frame_000777_dark1,3,3,4,0,0.4286,1.0
GP030573_frame_000777_dark2,3,2,5,1,0.2857,0.6667
GP030573_frame_000777_overexposure1,3,3,3,0,0.5,1.0
GP030573_frame_000777_overexposure2,3,3,2,0,0.6,1.0
GP030573_frame_000782_ref,0,0,7,0,0.0,
GP030573_frame_000782_rain1,0,0,5,0,0.0,
GP030573_frame_000782_rain2,0,0,2,0,0.0,
GP030573_frame_000782_rain3,0,0,0,0,0.0,
GP030573_frame_000782_blur1,0,0,4,0,0.0,
GP030573_frame_000782_blur2,0,0,4,0,0.0,
GP030573_frame_000782_blur3,0,0,1,0,0.0,
GP030573_frame_000782_blur4,0,0,0,0,0.0,
GP030573_frame_000782_noise1,0,0,6,0,0.0,
GP030573_frame_000782_noise2,0,0,2,0,0.0,
GP030573_frame_000782_noise3,0,0,0,0,0.0,
GP030573_frame_000782_dark1,0,0,7,0,0.0,
GP030573_frame_000782_dark2,0,0,5,0,0.0,
GP030573_frame_000782_overexposure1,0,0,6,0,0.0,
GP030573_frame_000782_overexposure2,0,0,4,0,0.0,
GP030573_frame_000787_ref,11,9,10,2,0.4737,0.8182
GP030573_frame_000787_rain1,11,8,6,3,0.5714,0.7273
GP030573_frame_000787_rain2,11,6,4,5,0.6,0.5455
GP030573_frame_000787_rain3,11,3,3,8,0.5,0.2727
GP030573_frame_000787_blur1,11,9,5,2,0.6429,0.8182
GP030573_frame_000787_blur2,11,7,7,4,0.5,0.6364
GP030573_frame_000787_blur3,11,5,5,6,0.5,0.4545
GP030573_frame_000787_blur4,11,2,1,9,0.6667,0.1818
GP030573_frame_000787_noise1,11,8,8,3,0.5,0.7273
GP030573_frame_000787_noise2,11,6,6,5,0.5,0.5455
GP030573_frame_000787_noise3,11,5,0,6,1.0,0.4545
GP030573_frame_000787_dark1,11,7,4,4,0.6364,0.6364
GP030573_frame_000787_dark2,11,6,4,5,0.6,0.5455
GP030573_frame_000787_overexposure1,11,9,10,2,0.4737,0.8182
GP030573_frame_000787_overexposure2,11,8,4,3,0.6667,0.7273
GP030573_frame_000792_ref,11,11,3,0,0.7857,1.0
GP030573_frame_000792_rain1,11,11,5,0,0.6875,1.0
GP030573_frame_000792_rain2,11,8,3,3,0.7273,0.7273
GP030573_frame_000792_rain3,11,1,0,10,1.0,0.0909
GP030573_frame_000792_blur1,11,10,4,1,0.7143,0.9091
GP030573_frame_000792_blur2,11,9,3,2,0.75,0.8182
GP030573_frame_000792_blur3,11,4,0,7,1.0,0.3636
GP030573_frame_000792_blur4,11,1,2,10,0.3333,0.0909
GP030573_frame_000792_noise1,11,9,4,2,0.6923,0.8182
GP030573_frame_000792_noise2,11,5,0,6,1.0,0.4545
GP030573_frame_000792_noise3,11,1,2,10,0.3333,0.0909
GP030573_frame_000792_dark1,11,9,3,2,0.75,0.8182
GP030573_frame_000792_dark2,11,6,1,5,0.8571,0.5455
GP030573_frame_000792_overexposure1,11,11,5,0,0.6875,1.0
GP030573_frame_000792_overexposure2,11,11,4,0,0.7333,1.0
GP030573_frame_000797_ref,10,8,5,2,0.6154,0.8
GP030573_frame_000797_rain1,10,9,7,1,0.5625,0.9
GP030573_frame_000797_rain2,10,7,1,3,0.875,0.7
GP030573_frame_000797_rain3,10,3,1,7,0.75,0.3
GP030573_frame_000797_blur1,10,8,2,2,0.8,0.8
GP030573_frame_000797_blur2,10,8,3,2,0.7273,0.8
GP030573_frame_000797_blur3,10,7,0,3,1.0,0.7
GP030573_frame_000797_blur4,10,3,1,7,0.75,0.3
GP030573_frame_000797_noise1,10,8,5,2,0.6154,0.8
GP030573_frame_000797_noise2,10,7,0,3,1.0,0.7
GP030573_frame_000797_noise3,10,4,0,6,1.0,0.4
GP030573_frame_000797_dark1,10,8,5,2,0.6154,0.8
GP030573_frame_000797_dark2,10,7,1,3,0.875,0.7
GP030573_frame_000797_overexposure1,10,8,8,2,0.5,0.8
GP030573_frame_000797_overexposure2,10,8,5,2,0.6154,0.8
GP030573_frame_000801_ref,12,11,7,1,0.6111,0.9167
GP030573_frame_000801_rain1,12,10,6,2,0.625,0.8333
GP030573_frame_000801_rain2,12,6,7,6,0.4615,0.5
GP030573_frame_000801_rain3,12,0,0,12,0.0,0.0
GP030573_frame_000801_blur1,12,9,7,3,0.5625,0.75
GP030573_frame_000801_blur2,12,9,5,3,0.6429,0.75
GP030573_frame_000801_blur3,12,7,5,5,0.5833,0.5833
GP030573_frame_000801_blur4,12,1,0,11,1.0,0.0833
GP030573_frame_000801_noise1,12,9,8,3,0.5294,0.75
GP030573_frame_000801_noise2,12,6,7,6,0.4615,0.5
GP030573_frame_000801_noise3,12,4,1,8,0.8,0.3333
GP030573_frame_000801_dark1,12,11,7,1,0.6111,0.9167
GP030573_frame_000801_dark2,12,5,5,7,0.5,0.4167
GP030573_frame_000801_overexposure1,12,10,7,2,0.5882,0.8333
GP030573_frame_000801_overexposure2,12,10,8,2,0.5556,0.8333
GP030573_frame_000808_ref,9,8,14,1,0.3636,0.8889
GP030573_frame_000808_rain1,9,8,11,1,0.4211,0.8889
GP030573_frame_000808_rain2,9,3,5,6,0.375,0.3333
GP030573_frame_000808_rain3,9,0,0,9,0.0,0.0
GP030573_frame_000808_blur1,9,8,8,1,0.5,0.8889
GP030573_frame_000808_blur2,9,6,6,3,0.5,0.6667
GP030573_frame_000808_blur3,9,4,3,5,0.5714,0.4444
GP030573_frame_000808_blur4,9,1,0,8,1.0,0.1111
GP030573_frame_000808_noise1,9,8,7,1,0.5333,0.8889
GP030573_frame_000808_noise2,9,5,5,4,0.5,0.5556
GP030573_frame_000808_noise3,9,0,0,9,0.0,0.0
GP030573_frame_000808_dark1,9,8,8,1,0.5,0.8889
GP030573_frame_000808_dark2,9,5,4,4,0.5556,0.5556
GP030573_frame_000808_overexposure1,9,8,20,1,0.2857,0.8889
GP030573_frame_000808_overexposure2,9,8,12,1,0.4,0.8889
GP030573_frame_000817_ref,2,2,8,0,0.2,1.0
GP030573_frame_000817_rain1,2,2,8,0,0.2,1.0
GP030573_frame_000817_rain2,2,1,0,1,1.0,0.5
GP030573_frame_000817_rain3,2,0,0,2,0.0,0.0
GP030573_frame_000817_blur1,2,2,3,0,0.4,1.0
GP030573_frame_000817_blur2,2,0,1,2,0.0,0.0
GP030573_frame_000817_blur3,2,0,0,2,0.0,0.0
GP030573_frame_000817_blur4,2,0,0,2,0.0,0.0
GP030573_frame_000817_noise1,2,2,7,0,0.2222,1.0
GP030573_frame_000817_noise2,2,0,1,2,0.0,0.0
GP030573_frame_000817_noise3,2,0,0,2,0.0,0.0
GP030573_frame_000817_dark1,2,2,7,0,0.2222,1.0
GP030573_frame_000817_dark2,2,1,1,1,0.5,0.5
GP030573_frame_000817_overexposure1,2,2,9,0,0.1818,1.0
GP030573_frame_000817_overexposure2,2,2,5,0,0.2857,1.0
GP030573_frame_000824_ref,7,7,5,0,0.5833,1.0
GP030573_frame_000824_rain1,7,5,6,2,0.4545,0.7143
GP030573_frame_000824_rain2,7,3,3,4,0.5,0.4286
GP030573_frame_000824_rain3,7,2,2,5,0.5,0.2857
GP030573_frame_000824_blur1,7,7,5,0,0.5833,1.0
GP030573_frame_000824_blur2,7,6,3,1,0.6667,0.8571
GP030573_frame_000824_blur3,7,4,4,3,0.5,0.5714
GP030573_frame_000824_blur4,7,2,0,5,1.0,0.2857
GP030573_frame_000824_noise1,7,6,6,1,0.5,0.8571
GP030573_frame_000824_noise2,7,4,3,3,0.5714,0.5714
GP030573_frame_000824_noise3,7,3,0,4,1.0,0.4286
GP030573_frame_000824_dark1,7,5,7,2,0.4167,0.7143
GP030573_frame_000824_dark2,7,3,2,4,0.6,0.4286
GP030573_frame_000824_overexposure1,7,7,5,0,0.5833,1.0
GP030573_frame_000824_overexposure2,7,7,5,0,0.5833,1.0
GP030573_frame_000839_ref,2,2,1,0,0.6667,1.0
GP030573_frame_000839_rain1,2,2,1,0,0.6667,1.0
GP030573_frame_000839_rain2,2,1,0,1,1.0,0.5
GP030573_frame_000839_rain3,2,1,0,1,1.0,0.5
GP030573_frame_000839_blur1,2,2,1,0,0.6667,1.0
GP030573_frame_000839_blur2,2,1,0,1,1.0,0.5
GP030573_frame_000839_blur3,2,1,0,1,1.0,0.5
GP030573_frame_000839_blur4,2,0,0,2,0.0,0.0
GP030573_frame_000839_noise1,2,2,0,0,1.0,1.0
GP030573_frame_000839_noise2,2,1,0,1,1.0,0.5
GP030573_frame_000839_noise3,2,1,0,1,1.0,0.5
GP030573_frame_000839_dark1,2,2,0,0,1.0,1.0
GP030573_frame_000839_dark2,2,1,0,1,1.0,0.5
GP030573_frame_000839_overexposure1,2,2,0,0,1.0,1.0
GP030573_frame_000839_overexposure2,2,2,0,0,1.0,1.0
GP030573_frame_000844_ref,0,0,1,0,0.0,
GP030573_frame_000844_rain1,0,0,0,0,0.0,
GP030573_frame_000844_rain2,0,0,0,0,0.0,
GP030573_frame_000844_rain3,0,0,0,0,0.0,
GP030573_frame_000844_blur1,0,0,0,0,0.0,
GP030573_frame_000844_blur2,0,0,0,0,0.0,
GP030573_frame_000844_blur3,0,0,0,0,0.0,
GP030573_frame_000844_blur4,0,0,0,0,0.0,
GP030573_frame_000844_noise1,0,0,0,0,0.0,
GP030573_frame_000844_noise2,0,0,0,0,0.0,
GP030573_frame_000844_noise3,0,0,0,0,0.0,
GP030573_frame_000844_dark1,0,0,2,0,0.0,
GP030573_frame_000844_dark2,0,0,0,0,0.0,
GP030573_frame_000844_overexposure1,0,0,1,0,0.0,
GP030573_frame_000844_overexposure2,0,0,1,0,0.0,
GP030573_frame_000849_ref,3,2,1,1,0.6667,0.6667
GP030573_frame_000849_rain1,3,2,1,1,0.6667,0.6667
GP030573_frame_000849_rain2,3,2,1,1,0.6667,0.6667
GP030573_frame_000849_rain3,3,2,0,1,1.0,0.6667
GP030573_frame_000849_blur1,3,2,0,1,1.0,0.6667
GP030573_frame_000849_blur2,3,2,0,1,1.0,0.6667
GP030573_frame_000849_blur3,3,2,0,1,1.0,0.6667
GP030573_frame_000849_blur4,3,2,0,1,1.0,0.6667
GP030573_frame_000849_noise1,3,2,0,1,1.0,0.6667
GP030573_frame_000849_noise2,3,2,0,1,1.0,0.6667
GP030573_frame_000849_noise3,3,2,0,1,1.0,0.6667
GP030573_frame_000849_dark1,3,2,1,1,0.6667,0.6667
GP030573_frame_000849_dark2,3,2,0,1,1.0,0.6667
GP030573_frame_000849_overexposure1,3,2,1,1,0.6667,0.6667
GP030573_frame_000849_overexposure2,3,2,1,1,0.6667,0.6667
GP030573_frame_000855_ref,0,0,6,0,0.0,
GP030573_frame_000855_rain1,0,0,5,0,0.0,
GP030573_frame_000855_rain2,0,0,5,0,0.0,
GP030573_frame_000855_rain3,0,0,0,0,0.0,
GP030573_frame_000855_blur1,0,0,7,0,0.0,
GP030573_frame_000855_blur2,0,0,3,0,0.0,
GP030573_frame_000855_blur3,0,0,0,0,0.0,
GP030573_frame_000855_blur4,0,0,0,0,0.0,
GP030573_frame_000855_noise1,0,0,6,0,0.0,
GP030573_frame_000855_noise2,0,0,4,0,0.0,
GP030573_frame_000855_noise3,0,0,0,0,0.0,
GP030573_frame_000855_dark1,0,0,5,0,0.0,
GP030573_frame_000855_dark2,0,0,4,0,0.0,
GP030573_frame_000855_overexposure1,0,0,5,0,0.0,
GP030573_frame_000855_overexposure2,0,0,3,0,0.0,
GP030573_frame_000875_ref,5,5,5,0,0.5,1.0
GP030573_frame_000875_rain1,5,5,5,0,0.5,1.0
GP030573_frame_000875_rain2,5,4,4,1,0.5,0.8
GP030573_frame_000875_rain3,5,2,0,3,1.0,0.4
GP030573_frame_000875_blur1,5,5,3,0,0.625,1.0
GP030573_frame_000875_blur2,5,4,2,1,0.6667,0.8
GP030573_frame_000875_blur3,5,3,1,2,0.75,0.6
GP030573_frame_000875_blur4,5,0,0,5,0.0,0.0
GP030573_frame_000875_noise1,5,5,3,0,0.625,1.0
GP030573_frame_000875_noise2,5,4,2,1,0.6667,0.8
GP030573_frame_000875_noise3,5,2,1,3,0.6667,0.4
GP030573_frame_000875_dark1,5,5,4,0,0.5556,1.0
GP030573_frame_000875_dark2,5,5,3,0,0.625,1.0
GP030573_frame_000875_overexposure1,5,5,5,0,0.5,1.0
GP030573_frame_000875_overexposure2,5,4,2,1,0.6667,0.8
GP030573_frame_000895_ref,3,3,12,0,0.2,1.0
GP030573_frame_000895_rain1,3,3,8,0,0.2727,1.0
GP030573_frame_000895_rain2,3,0,0,3,0.0,0.0
GP030573_frame_000895_rain3,3,0,0,3,0.0,0.0
GP030573_frame_000895_blur1,3,3,9,0,0.25,1.0
GP030573_frame_000895_blur2,3,3,2,0,0.6,1.0
GP030573_frame_000895_blur3,3,0,0,3,0.0,0.0
GP030573_frame_000895_blur4,3,0,0,3,0.0,0.0
GP030573_frame_000895_noise1,3,3,8,0,0.2727,1.0
GP030573_frame_000895_noise2,3,1,0,2,1.0,0.3333
GP030573_frame_000895_noise3,3,0,0,3,0.0,0.0
GP030573_frame_000895_dark1,3,3,9,0,0.25,1.0
GP030573_frame_000895_dark2,3,2,3,1,0.4,0.6667
GP030573_frame_000895_overexposure1,3,3,12,0,0.2,1.0
GP030573_frame_000895_overexposure2,3,3,7,0,0.3,1.0
GP030573_frame_000904_ref,1,1,0,0,1.0,1.0
GP030573_frame_000904_rain1,1,1,0,0,1.0,1.0
GP030573_frame_000904_rain2,1,1,0,0,1.0,1.0
GP030573_frame_000904_rain3,1,1,0,0,1.0,1.0
GP030573_frame_000904_blur1,1,1,0,0,1.0,1.0
GP030573_frame_000904_blur2,1,1,0,0,1.0,1.0
GP030573_frame_000904_blur3,1,1,0,0,1.0,1.0
GP030573_frame_000904_blur4,1,0,0,1,0.0,0.0
GP030573_frame_000904_noise1,1,1,0,0,1.0,1.0
GP030573_frame_000904_noise2,1,1,0,0,1.0,1.0
GP030573_frame_000904_noise3,1,0,0,1,0.0,0.0
GP030573_frame_000904_dark1,1,1,0,0,1.0,1.0
GP030573_frame_000904_dark2,1,1,0,0,1.0,1.0
GP030573_frame_000904_overexposure1,1,1,0,0,1.0,1.0
GP030573_frame_000904_overexposure2,1,1,0,0,1.0,1.0
GP030573_frame_000909_ref,9,9,6,0,0.6,1.0
GP030573_frame_000909_rain1,9,9,6,0,0.6,1.0
GP030573_frame_000909_rain2,9,8,3,1,0.7273,0.8889
GP030573_frame_000909_rain3,9,2,0,7,1.0,0.2222
GP030573_frame_000909_blur1,9,9,4,0,0.6923,1.0
GP030573_frame_000909_blur2,9,9,3,0,0.75,1.0
GP030573_frame_000909_blur3,9,4,1,5,0.8,0.4444
GP030573_frame_000909_blur4,9,0,0,9,0.0,0.0
GP030573_frame_000909_noise1,9,8,6,1,0.5714,0.8889
GP030573_frame_000909_noise2,9,6,2,3,0.75,0.6667
GP030573_frame_000909_noise3,9,2,0,7,1.0,0.2222
GP030573_frame_000909_dark1,9,9,7,0,0.5625,1.0
GP030573_frame_000909_dark2,9,8,0,1,1.0,0.8889
GP030573_frame_000909_overexposure1,9,9,4,0,0.6923,1.0
GP030573_frame_000909_overexposure2,9,9,7,0,0.5625,1.0
GP030573_frame_000914_ref,4,3,4,1,0.4286,0.75
GP030573_frame_000914_rain1,4,3,4,1,0.4286,0.75
GP030573_frame_000914_rain2,4,3,5,1,0.375,0.75
GP030573_frame_000914_rain3,4,2,0,2,1.0,0.5
GP030573_frame_000914_blur1,4,3,4,1,0.4286,0.75
GP030573_frame_000914_blur2,4,4,3,0,0.5714,1.0
GP030573_frame_000914_blur3,4,3,2,1,0.6,0.75
GP030573_frame_000914_blur4,4,3,2,1,0.6,0.75
GP030573_frame_000914_noise1,4,3,4,1,0.4286,0.75
GP030573_frame_000914_noise2,4,3,1,1,0.75,0.75
GP030573_frame_000914_noise3,4,3,2,1,0.6,0.75
GP030573_frame_000914_dark1,4,3,4,1,0.4286,0.75
GP030573_frame_000914_dark2,4,3,3,1,0.5,0.75
GP030573_frame_000914_overexposure1,4,4,4,0,0.5,1.0
GP030573_frame_000914_overexposure2,4,4,2,0,0.6667,1.0
